arm,run_id,variant,speed,phase,agent_steps,training_iteration,checkpoint_label,source,target,control,availability,r_squared,mse,target_variance,global_mse_ratio,branch_baseline_mse,fine_evaluation_mse,fine_mse_ratio,fine_mse_improvement,n_evaluated,mse_ci95_low,mse_ci95_high,n_fit,n_test,bootstrap_clusters,bootstrap_resamples,bootstrap_unit
variant_2,20260909T104731Z-c4aff136,2,half,initial,0,0,initial_checkpoint,experiments/gol_reward_state_action_symmetry_cycle_1/variant_2/results/20260909T104731Z-c4aff136/checkpoint_probes/steps_000000000/probe_initial_checkpoint.json,fine_belief,post_final_layer_norm,saved,0.2435545445977304,0.07954322098068477,0.10515394125592907,0.7564454554022696,0.07787630169164463,0.07954322098068477,1.0214047053189608,-0.0016669192890401419,10000,0.07666296766622889,0.08305825404806552,10000,10000,16,200,held_out_environment_trajectory_fixed_probe
variant_2,20260909T104731Z-c4aff136,2,half,initial,0,0,initial_checkpoint,experiments/gol_reward_state_action_symmetry_cycle_1/variant_2/results/20260909T104731Z-c4aff136/checkpoint_probes/steps_000000000/probe_initial_checkpoint.json,coarse_belief,post_final_layer_norm,saved,0.455097058928812,0.06532846726925573,0.1198900984840179,0.544902941071188,0.06807518779579168,0.06532846726925573,0.959651664351255,0.002746720526535948,10000,0.06281578003761339,0.06717122983176564,10000,10000,16,200,held_out_environment_trajectory_fixed_probe
variant_2,20260909T104731Z-c4aff136,2,half,initial,0,0,initial_checkpoint,experiments/gol_reward_state_action_symmetry_cycle_1/variant_2/results/20260909T104731Z-c4aff136/checkpoint_probes/steps_000000000/probe_initial_checkpoint.json,m1_minus_m2,post_final_layer_norm,saved,-0.05060562529349988,0.30658909887450236,0.29182129953744806,1.0506056252934999,0.282286178641823,0.30658909887450236,1.0860931992831147,-0.02430292023267938,10000,0.28049633378499933,0.33464360704943596,10000,10000,16,200,held_out_environment_trajectory_fixed_probe
variant_2,20260909T104731Z-c4aff136,2,half,initial,0,0,initial_checkpoint,experiments/gol_reward_state_action_symmetry_cycle_1/variant_2/results/20260909T104731Z-c4aff136/checkpoint_probes/steps_000000000/probe_initial_checkpoint.json,e_minus_s,post_final_layer_norm,saved,0.020143736177130944,0.20532839968185648,0.20954950972173833,0.979856263822869,0.20527045112450196,0.20532839968185648,1.00028230345399,-5.7948557354525754e-05,10000,0.19788828130731478,0.21202568474357686,10000,10000,16,200,held_out_environment_trajectory_fixed_probe
variant_2,20260909T104731Z-c4aff136,2,half,initial,0,0,initial_checkpoint,experiments/gol_reward_state_action_symmetry_cycle_1/variant_2/results/20260909T104731Z-c4aff136/checkpoint_probes/steps_000000000/probe_initial_checkpoint.json,fine_belief,categorical_plus_marginals,saved,0.43668128317342125,0.05923518325754741,0.10515394125592907,0.5633187168265789,0.07787630169164463,0.05923518325754741,0.7606316937351787,0.018641118434097215,10000,,,10000,10000,,,
variant_2,20260909T104731Z-c4aff136,2,half,initial,0,0,initial_checkpoint,experiments/gol_reward_state_action_symmetry_cycle_1/variant_2/results/20260909T104731Z-c4aff136/checkpoint_probes/steps_000000000/probe_initial_checkpoint.json,coarse_belief,categorical_plus_marginals,saved,0.7146617025382278,0.03420923658395387,0.1198900984840179,0.28533829746177225,0.06807518779579168,0.03420923658395387,0.5025213692626588,0.03386595121183781,10000,,,10000,10000,,,
variant_2,20260909T104731Z-c4aff136,2,half,initial,0,0,initial_checkpoint,experiments/gol_reward_state_action_symmetry_cycle_1/variant_2/results/20260909T104731Z-c4aff136/checkpoint_probes/steps_000000000/probe_initial_checkpoint.json,m1_minus_m2,categorical_plus_marginals,saved,0.0794844413946405,0.26862604655665595,0.29182129953744806,0.9205155586053595,0.282286178641823,0.26862604655665595,0.9516089234305035,0.013660132085167032,10000,,,10000,10000,,,
variant_2,20260909T104731Z-c4aff136,2,half,initial,0,0,initial_checkpoint,experiments/gol_reward_state_action_symmetry_cycle_1/variant_2/results/20260909T104731Z-c4aff136/checkpoint_probes/steps_000000000/probe_initial_checkpoint.json,e_minus_s,categorical_plus_marginals,saved,0.020492007944648782,0.20525541950372322,0.20954950972173833,0.9795079920553513,0.20527045112450196,0.20525541950372322,0.9999267716288615,1.5031620778732657e-05,10000,,,10000,10000,,,
variant_2,20260909T104731Z-c4aff136,2,half,initial,0,0,initial_checkpoint,experiments/gol_reward_state_action_symmetry_cycle_1/variant_2/results/20260909T104731Z-c4aff136/checkpoint_probes/steps_000000000/probe_initial_checkpoint.json,fine_belief,combined_marginals,saved,0.4250617612130948,0.060457021787185546,0.10515394125592907,0.5749382387869052,0.07787630169164463,0.060457021787185546,0.7763211718318154,0.01741927990445908,10000,,,10000,10000,,,
variant_2,20260909T104731Z-c4aff136,2,half,initial,0,0,initial_checkpoint,experiments/gol_reward_state_action_symmetry_cycle_1/variant_2/results/20260909T104731Z-c4aff136/checkpoint_probes/steps_000000000/probe_initial_checkpoint.json,coarse_belief,combined_marginals,saved,0.7085808610677523,0.034938269266714866,0.1198900984840179,0.2914191389322477,0.06807518779579168,0.034938269266714866,0.5132305969029543,0.03313691852907681,10000,,,10000,10000,,,
variant_2,20260909T104731Z-c4aff136,2,half,initial,0,0,initial_checkpoint,experiments/gol_reward_state_action_symmetry_cycle_1/variant_2/results/20260909T104731Z-c4aff136/checkpoint_probes/steps_000000000/probe_initial_checkpoint.json,m1_minus_m2,combined_marginals,saved,0.06097821121507785,0.27402655869719506,0.29182129953744806,0.9390217887849222,0.282286178641823,0.27402655869719506,0.970740260878631,0.008259619944627927,10000,,,10000,10000,,,
variant_2,20260909T104731Z-c4aff136,2,half,initial,0,0,initial_checkpoint,experiments/gol_reward_state_action_symmetry_cycle_1/variant_2/results/20260909T104731Z-c4aff136/checkpoint_probes/steps_000000000/probe_initial_checkpoint.json,e_minus_s,combined_marginals,saved,-0.00038227662120182693,0.20962961560028925,0.20954950972173833,1.0003822766212018,0.20527045112450196,0.20962961560028925,1.0212362005924727,-0.004359164475787297,10000,,,10000,10000,,,
variant_2,20260909T104731Z-c4aff136,2,half,initial,0,0,initial_checkpoint,experiments/gol_reward_state_action_symmetry_cycle_1/variant_2/results/20260909T104731Z-c4aff136/checkpoint_probes/steps_000000000/probe_initial_checkpoint.json,fine_belief,next_reward,saved,0.42506176119496164,0.060457021789092326,0.10515394125592907,0.5749382388050384,0.07787630169164463,0.060457021789092326,0.7763211718563001,0.0174192799025523,10000,,,10000,10000,,,
variant_2,20260909T104731Z-c4aff136,2,half,initial,0,0,initial_checkpoint,experiments/gol_reward_state_action_symmetry_cycle_1/variant_2/results/20260909T104731Z-c4aff136/checkpoint_probes/steps_000000000/probe_initial_checkpoint.json,coarse_belief,next_reward,saved,0.7085808610680323,0.0349382692666813,0.1198900984840179,0.2914191389319677,0.06807518779579168,0.0349382692666813,0.5132305969024612,0.033136918529110375,10000,,,10000,10000,,,
variant_2,20260909T104731Z-c4aff136,2,half,initial,0,0,initial_checkpoint,experiments/gol_reward_state_action_symmetry_cycle_1/variant_2/results/20260909T104731Z-c4aff136/checkpoint_probes/steps_000000000/probe_initial_checkpoint.json,m1_minus_m2,next_reward,saved,0.060978211162115215,0.2740265587126507,0.29182129953744806,0.9390217888378848,0.282286178641823,0.2740265587126507,0.9707402609333826,0.00825961992917229,10000,,,10000,10000,,,
variant_2,20260909T104731Z-c4aff136,2,half,initial,0,0,initial_checkpoint,experiments/gol_reward_state_action_symmetry_cycle_1/variant_2/results/20260909T104731Z-c4aff136/checkpoint_probes/steps_000000000/probe_initial_checkpoint.json,e_minus_s,next_reward,saved,-0.0003822766202403738,0.2096296156000878,0.20954950972173833,1.0003822766202404,0.20527045112450196,0.2096296156000878,1.0212362005914914,-0.004359164475585847,10000,,,10000,10000,,,
variant_2,20260909T104731Z-c4aff136,2,half,initial,0,0,initial_checkpoint,experiments/gol_reward_state_action_symmetry_cycle_1/variant_2/results/20260909T104731Z-c4aff136/checkpoint_probes/steps_000000000/probe_initial_checkpoint.json,fine_belief,next_token,saved,0.4250617612123997,0.06045702178725865,0.10515394125592907,0.5749382387876003,0.07787630169164463,0.06045702178725865,0.7763211718327541,0.01741927990438598,10000,,,10000,10000,,,
variant_2,20260909T104731Z-c4aff136,2,half,initial,0,0,initial_checkpoint,experiments/gol_reward_state_action_symmetry_cycle_1/variant_2/results/20260909T104731Z-c4aff136/checkpoint_probes/steps_000000000/probe_initial_checkpoint.json,coarse_belief,next_token,saved,0.7085808610677631,0.03493826926671358,0.1198900984840179,0.291419138932237,0.06807518779579168,0.03493826926671358,0.5132305969029354,0.033136918529078095,10000,,,10000,10000,,,
variant_2,20260909T104731Z-c4aff136,2,half,initial,0,0,initial_checkpoint,experiments/gol_reward_state_action_symmetry_cycle_1/variant_2/results/20260909T104731Z-c4aff136/checkpoint_probes/steps_000000000/probe_initial_checkpoint.json,m1_minus_m2,next_token,saved,0.06097821121304747,0.2740265586977875,0.29182129953744806,0.9390217887869524,0.282286178641823,0.2740265586977875,0.9707402608807297,0.008259619944035457,10000,,,10000,10000,,,
variant_2,20260909T104731Z-c4aff136,2,half,initial,0,0,initial_checkpoint,experiments/gol_reward_state_action_symmetry_cycle_1/variant_2/results/20260909T104731Z-c4aff136/checkpoint_probes/steps_000000000/probe_initial_checkpoint.json,e_minus_s,next_token,saved,-0.0003822766211649675,0.2096296156002815,0.20954950972173833,1.000382276621165,0.20527045112450196,0.2096296156002815,1.021236200592435,-0.004359164475779553,10000,,,10000,10000,,,
variant_2,20260909T104731Z-c4aff136,2,half,initial,0,0,initial_checkpoint,experiments/gol_reward_state_action_symmetry_cycle_1/variant_2/results/20260909T104731Z-c4aff136/checkpoint_probes/steps_000000000/probe_initial_checkpoint.json,fine_belief,previous_action_latest_token,saved,0.24788220496174052,0.07908815043699204,0.10515394125592907,0.7521177950382595,0.07787630169164463,0.07908815043699204,1.0155612005067445,-0.0012118487453474103,10000,,,10000,10000,,,
variant_2,20260909T104731Z-c4aff136,2,half,initial,0,0,initial_checkpoint,experiments/gol_reward_state_action_symmetry_cycle_1/variant_2/results/20260909T104731Z-c4aff136/checkpoint_probes/steps_000000000/probe_initial_checkpoint.json,coarse_belief,previous_action_latest_token,saved,0.4306428864758549,0.06826028041298592,0.1198900984840179,0.5693571135241451,0.06807518779579168,0.06826028041298592,1.0027189439087478,-0.00018509261719423797,10000,,,10000,10000,,,
variant_2,20260909T104731Z-c4aff136,2,half,initial,0,0,initial_checkpoint,experiments/gol_reward_state_action_symmetry_cycle_1/variant_2/results/20260909T104731Z-c4aff136/checkpoint_probes/steps_000000000/probe_initial_checkpoint.json,m1_minus_m2,previous_action_latest_token,saved,0.0028048671461912145,0.2910027795618167,0.29182129953744806,0.9971951328538089,0.282286178641823,0.2910027795618167,1.0308785961889184,-0.008716600919993711,10000,,,10000,10000,,,
variant_2,20260909T104731Z-c4aff136,2,half,initial,0,0,initial_checkpoint,experiments/gol_reward_state_action_symmetry_cycle_1/variant_2/results/20260909T104731Z-c4aff136/checkpoint_probes/steps_000000000/probe_initial_checkpoint.json,e_minus_s,previous_action_latest_token,saved,0.017015562956674724,0.20598390684652776,0.20954950972173833,0.9829844370433253,0.20527045112450196,0.20598390684652776,1.0034756864327885,-0.000713455722025802,10000,,,10000,10000,,,
variant_2,20260909T104731Z-c4aff136,2,half,initial,0,0,initial_checkpoint,experiments/gol_reward_state_action_symmetry_cycle_1/variant_2/results/20260909T104731Z-c4aff136/checkpoint_probes/steps_000000000/probe_initial_checkpoint.json,fine_belief,shuffled_history_broken_alignment,saved,-0.04150417212576274,0.1095182685335175,0.10515394125592907,1.0415041721257627,0.07787630169164463,0.1095182685335175,1.4063105996887337,-0.03164196684187287,10000,,,10000,10000,,,
variant_2,20260909T104731Z-c4aff136,2,half,initial,0,0,initial_checkpoint,experiments/gol_reward_state_action_symmetry_cycle_1/variant_2/results/20260909T104731Z-c4aff136/checkpoint_probes/steps_000000000/probe_initial_checkpoint.json,coarse_belief,shuffled_history_broken_alignment,saved,-0.02598525705062693,0.12300547351095009,0.1198900984840179,1.025985257050627,0.06807518779579168,0.12300547351095009,1.8069061209193482,-0.054930285715158414,10000,,,10000,10000,,,
variant_2,20260909T104731Z-c4aff136,2,half,initial,0,0,initial_checkpoint,experiments/gol_reward_state_action_symmetry_cycle_1/variant_2/results/20260909T104731Z-c4aff136/checkpoint_probes/steps_000000000/probe_initial_checkpoint.json,m1_minus_m2,shuffled_history_broken_alignment,saved,-0.0752922210316398,0.31379317332396195,0.29182129953744806,1.0752922210316398,0.282286178641823,0.31379317332396195,1.111613663955246,-0.03150699468213897,10000,,,10000,10000,,,
variant_2,20260909T104731Z-c4aff136,2,half,initial,0,0,initial_checkpoint,experiments/gol_reward_state_action_symmetry_cycle_1/variant_2/results/20260909T104731Z-c4aff136/checkpoint_probes/steps_000000000/probe_initial_checkpoint.json,e_minus_s,shuffled_history_broken_alignment,saved,-0.006889698674605205,0.21099324270113237,0.20954950972173833,1.0068896986746052,0.20527045112450196,0.21099324270113237,1.027879276073493,-0.005722791576630415,10000,,,10000,10000,,,
variant_2,20260909T104731Z-c4aff136,2,half,initial,0,0,initial_checkpoint,experiments/gol_reward_state_action_symmetry_cycle_1/variant_2/results/20260909T104731Z-c4aff136/checkpoint_probes/steps_000000000/probe_initial_checkpoint.json,fine_belief,single_permuted_training_labels,saved,-0.006033052588031662,0.10578834051336487,0.10515394125592907,1.0060330525880317,0.07787630169164463,0.10578834051336487,1.3584150533013168,-0.027912038821720248,10000,,,10000,10000,,,
variant_2,20260909T104731Z-c4aff136,2,half,initial,0,0,initial_checkpoint,experiments/gol_reward_state_action_symmetry_cycle_1/variant_2/results/20260909T104731Z-c4aff136/checkpoint_probes/steps_000000000/probe_initial_checkpoint.json,coarse_belief,single_permuted_training_labels,saved,0.010988555905667274,0.11857267943429031,0.1198900984840179,0.9890114440943327,0.06807518779579168,0.11857267943429031,1.7417899718466927,-0.050497491638498634,10000,,,10000,10000,,,
variant_2,20260909T104731Z-c4aff136,2,half,initial,0,0,initial_checkpoint,experiments/gol_reward_state_action_symmetry_cycle_1/variant_2/results/20260909T104731Z-c4aff136/checkpoint_probes/steps_000000000/probe_initial_checkpoint.json,m1_minus_m2,single_permuted_training_labels,saved,-0.0348608922789817,0.3019944504253355,0.29182129953744806,1.0348608922789817,0.282286178641823,0.3019944504253355,1.069816637422122,-0.019708271783512532,10000,,,10000,10000,,,
variant_2,20260909T104731Z-c4aff136,2,half,initial,0,0,initial_checkpoint,experiments/gol_reward_state_action_symmetry_cycle_1/variant_2/results/20260909T104731Z-c4aff136/checkpoint_probes/steps_000000000/probe_initial_checkpoint.json,e_minus_s,single_permuted_training_labels,saved,-0.0024584076203066907,0.21006466783326977,0.20954950972173833,1.0024584076203067,0.20527045112450196,0.21006466783326977,1.0233556105250627,-0.004794216708767812,10000,,,10000,10000,,,
variant_2,20260909T104731Z-c4aff136,2,half,initial,0,0,initial_checkpoint,experiments/gol_reward_state_action_symmetry_cycle_1/variant_2/results/20260909T104731Z-c4aff136/checkpoint_probes/steps_000000000/probe_initial_checkpoint.json,fine_belief,log_next_token,not_fitted_or_saved,,,,,,,,,,,,,,,,
variant_2,20260909T104731Z-c4aff136,2,half,initial,0,0,initial_checkpoint,experiments/gol_reward_state_action_symmetry_cycle_1/variant_2/results/20260909T104731Z-c4aff136/checkpoint_probes/steps_000000000/probe_initial_checkpoint.json,coarse_belief,log_next_token,not_fitted_or_saved,,,,,,,,,,,,,,,,
variant_2,20260909T104731Z-c4aff136,2,half,initial,0,0,initial_checkpoint,experiments/gol_reward_state_action_symmetry_cycle_1/variant_2/results/20260909T104731Z-c4aff136/checkpoint_probes/steps_000000000/probe_initial_checkpoint.json,m1_minus_m2,log_next_token,not_fitted_or_saved,,,,,,,,,,,,,,,,
variant_2,20260909T104731Z-c4aff136,2,half,initial,0,0,initial_checkpoint,experiments/gol_reward_state_action_symmetry_cycle_1/variant_2/results/20260909T104731Z-c4aff136/checkpoint_probes/steps_000000000/probe_initial_checkpoint.json,e_minus_s,log_next_token,not_fitted_or_saved,,,,,,,,,,,,,,,,
variant_2,20260909T104731Z-c4aff136,2,half,intermediate,32784,1,iteration_000001_steps_000032784,experiments/gol_reward_state_action_symmetry_cycle_1/variant_2/results/20260909T104731Z-c4aff136/checkpoint_probes/steps_000032784/probe_iteration_000001_steps_000032784.json,fine_belief,post_final_layer_norm,saved,0.24860375147345892,0.07814787588600981,0.10400354811360155,0.751396248526541,0.07722608482799166,0.07814787588600981,1.011936265577509,-0.000921791058018151,10000,0.07552644011588068,0.08109121646901064,10000,10000,16,200,held_out_environment_trajectory_fixed_probe
variant_2,20260909T104731Z-c4aff136,2,half,intermediate,32784,1,iteration_000001_steps_000032784,experiments/gol_reward_state_action_symmetry_cycle_1/variant_2/results/20260909T104731Z-c4aff136/checkpoint_probes/steps_000032784/probe_iteration_000001_steps_000032784.json,coarse_belief,post_final_layer_norm,saved,0.468221593544325,0.06399102505357009,0.12033400430843538,0.5317784064556749,0.0692329182865993,0.06399102505357009,0.9242861147159842,0.005241893233029218,10000,0.06113273102564973,0.06572775718694296,10000,10000,16,200,held_out_environment_trajectory_fixed_probe
variant_2,20260909T104731Z-c4aff136,2,half,intermediate,32784,1,iteration_000001_steps_000032784,experiments/gol_reward_state_action_symmetry_cycle_1/variant_2/results/20260909T104731Z-c4aff136/checkpoint_probes/steps_000032784/probe_iteration_000001_steps_000032784.json,m1_minus_m2,post_final_layer_norm,saved,-0.06919840492420604,0.2999365435894147,0.2805246829849852,1.069198404924206,0.2720943899928982,0.2999365435894147,1.1023253496598853,-0.027842153596516483,10000,0.2778147515023752,0.32196854623669213,10000,10000,16,200,held_out_environment_trajectory_fixed_probe
variant_2,20260909T104731Z-c4aff136,2,half,intermediate,32784,1,iteration_000001_steps_000032784,experiments/gol_reward_state_action_symmetry_cycle_1/variant_2/results/20260909T104731Z-c4aff136/checkpoint_probes/steps_000032784/probe_iteration_000001_steps_000032784.json,e_minus_s,post_final_layer_norm,saved,0.0126172241482998,0.20784708985315087,0.210503054070257,0.9873827758517001,0.20634784645391346,0.20784708985315087,1.0072656120478207,-0.0014992433992374044,10000,0.1993975253269175,0.21354211667512715,10000,10000,16,200,held_out_environment_trajectory_fixed_probe
variant_2,20260909T104731Z-c4aff136,2,half,intermediate,32784,1,iteration_000001_steps_000032784,experiments/gol_reward_state_action_symmetry_cycle_1/variant_2/results/20260909T104731Z-c4aff136/checkpoint_probes/steps_000032784/probe_iteration_000001_steps_000032784.json,fine_belief,categorical_plus_marginals,saved,0.44480443565085315,0.05774230858924466,0.10400354811360155,0.5551955643491469,0.07722608482799166,0.05774230858924466,0.7477047259077824,0.019483776238747003,10000,,,10000,10000,,,
variant_2,20260909T104731Z-c4aff136,2,half,intermediate,32784,1,iteration_000001_steps_000032784,experiments/gol_reward_state_action_symmetry_cycle_1/variant_2/results/20260909T104731Z-c4aff136/checkpoint_probes/steps_000032784/probe_iteration_000001_steps_000032784.json,coarse_belief,categorical_plus_marginals,saved,0.713620065351119,0.034461244289887887,0.12033400430843538,0.28637993464888095,0.0692329182865993,0.034461244289887887,0.4977580772665218,0.03477167399671142,10000,,,10000,10000,,,
variant_2,20260909T104731Z-c4aff136,2,half,intermediate,32784,1,iteration_000001_steps_000032784,experiments/gol_reward_state_action_symmetry_cycle_1/variant_2/results/20260909T104731Z-c4aff136/checkpoint_probes/steps_000032784/probe_iteration_000001_steps_000032784.json,m1_minus_m2,categorical_plus_marginals,saved,0.09037949794853539,0.2551710029746302,0.2805246829849852,0.9096205020514647,0.2720943899928982,0.2551710029746302,0.937803249016969,0.01692338701826801,10000,,,10000,10000,,,
variant_2,20260909T104731Z-c4aff136,2,half,intermediate,32784,1,iteration_000001_steps_000032784,experiments/gol_reward_state_action_symmetry_cycle_1/variant_2/results/20260909T104731Z-c4aff136/checkpoint_probes/steps_000032784/probe_iteration_000001_steps_000032784.json,e_minus_s,categorical_plus_marginals,saved,0.017746005384239427,0.20676746573932736,0.210503054070257,0.9822539946157606,0.20634784645391346,0.20676746573932736,1.0020335530155757,-0.0004196192854138969,10000,,,10000,10000,,,
variant_2,20260909T104731Z-c4aff136,2,half,intermediate,32784,1,iteration_000001_steps_000032784,experiments/gol_reward_state_action_symmetry_cycle_1/variant_2/results/20260909T104731Z-c4aff136/checkpoint_probes/steps_000032784/probe_iteration_000001_steps_000032784.json,fine_belief,combined_marginals,saved,0.43390867604548955,0.058875506247595334,0.10400354811360155,0.5660913239545106,0.07722608482799166,0.058875506247595334,0.7623784939859478,0.018350578580396328,10000,,,10000,10000,,,
variant_2,20260909T104731Z-c4aff136,2,half,intermediate,32784,1,iteration_000001_steps_000032784,experiments/gol_reward_state_action_symmetry_cycle_1/variant_2/results/20260909T104731Z-c4aff136/checkpoint_probes/steps_000032784/probe_iteration_000001_steps_000032784.json,coarse_belief,combined_marginals,saved,0.7083752255243307,0.03509237686820168,0.12033400430843538,0.29162477447566926,0.0692329182865993,0.03509237686820168,0.5068741537505598,0.034140541418397626,10000,,,10000,10000,,,
variant_2,20260909T104731Z-c4aff136,2,half,intermediate,32784,1,iteration_000001_steps_000032784,experiments/gol_reward_state_action_symmetry_cycle_1/variant_2/results/20260909T104731Z-c4aff136/checkpoint_probes/steps_000032784/probe_iteration_000001_steps_000032784.json,m1_minus_m2,combined_marginals,saved,0.07156195312234548,0.26044978877155284,0.2805246829849852,0.9284380468776545,0.2720943899928982,0.26044978877155284,0.9572038173163023,0.011644601221345363,10000,,,10000,10000,,,
variant_2,20260909T104731Z-c4aff136,2,half,intermediate,32784,1,iteration_000001_steps_000032784,experiments/gol_reward_state_action_symmetry_cycle_1/variant_2/results/20260909T104731Z-c4aff136/checkpoint_probes/steps_000032784/probe_iteration_000001_steps_000032784.json,e_minus_s,combined_marginals,saved,-0.00024326078868197598,0.21055426120921006,0.210503054070257,1.0002432607886818,0.20634784645391346,0.21055426120921006,1.0203850673878299,-0.004206414755296595,10000,,,10000,10000,,,
variant_2,20260909T104731Z-c4aff136,2,half,intermediate,32784,1,iteration_000001_steps_000032784,experiments/gol_reward_state_action_symmetry_cycle_1/variant_2/results/20260909T104731Z-c4aff136/checkpoint_probes/steps_000032784/probe_iteration_000001_steps_000032784.json,fine_belief,next_reward,saved,0.4339086760300549,0.05887550624920059,0.10400354811360155,0.5660913239699452,0.07722608482799166,0.05887550624920059,0.7623784940067343,0.01835057857879107,10000,,,10000,10000,,,
variant_2,20260909T104731Z-c4aff136,2,half,intermediate,32784,1,iteration_000001_steps_000032784,experiments/gol_reward_state_action_symmetry_cycle_1/variant_2/results/20260909T104731Z-c4aff136/checkpoint_probes/steps_000032784/probe_iteration_000001_steps_000032784.json,coarse_belief,next_reward,saved,0.708375225524442,0.0350923768681883,0.12033400430843538,0.29162477447555807,0.0692329182865993,0.0350923768681883,0.5068741537503666,0.034140541418411004,10000,,,10000,10000,,,
variant_2,20260909T104731Z-c4aff136,2,half,intermediate,32784,1,iteration_000001_steps_000032784,experiments/gol_reward_state_action_symmetry_cycle_1/variant_2/results/20260909T104731Z-c4aff136/checkpoint_probes/steps_000032784/probe_iteration_000001_steps_000032784.json,m1_minus_m2,next_reward,saved,0.07156195307628077,0.2604497887844751,0.2805246829849852,0.9284380469237192,0.2720943899928982,0.2604497887844751,0.9572038173637941,0.011644601208423089,10000,,,10000,10000,,,
variant_2,20260909T104731Z-c4aff136,2,half,intermediate,32784,1,iteration_000001_steps_000032784,experiments/gol_reward_state_action_symmetry_cycle_1/variant_2/results/20260909T104731Z-c4aff136/checkpoint_probes/steps_000032784/probe_iteration_000001_steps_000032784.json,e_minus_s,next_reward,saved,-0.00024326078830050335,0.2105542612091298,0.210503054070257,1.0002432607883005,0.20634784645391346,0.2105542612091298,1.0203850673874408,-0.004206414755216326,10000,,,10000,10000,,,
variant_2,20260909T104731Z-c4aff136,2,half,intermediate,32784,1,iteration_000001_steps_000032784,experiments/gol_reward_state_action_symmetry_cycle_1/variant_2/results/20260909T104731Z-c4aff136/checkpoint_probes/steps_000032784/probe_iteration_000001_steps_000032784.json,fine_belief,next_token,saved,0.4339086760448978,0.05887550624765687,0.10400354811360155,0.5660913239551022,0.07722608482799166,0.05887550624765687,0.7623784939867446,0.018350578580334793,10000,,,10000,10000,,,
variant_2,20260909T104731Z-c4aff136,2,half,intermediate,32784,1,iteration_000001_steps_000032784,experiments/gol_reward_state_action_symmetry_cycle_1/variant_2/results/20260909T104731Z-c4aff136/checkpoint_probes/steps_000032784/probe_iteration_000001_steps_000032784.json,coarse_belief,next_token,saved,0.7083752255243351,0.03509237686820116,0.12033400430843538,0.2916247744756649,0.0692329182865993,0.03509237686820116,0.5068741537505522,0.034140541418398146,10000,,,10000,10000,,,
variant_2,20260909T104731Z-c4aff136,2,half,intermediate,32784,1,iteration_000001_steps_000032784,experiments/gol_reward_state_action_symmetry_cycle_1/variant_2/results/20260909T104731Z-c4aff136/checkpoint_probes/steps_000032784/probe_iteration_000001_steps_000032784.json,m1_minus_m2,next_token,saved,0.07156195312057956,0.2604497887720482,0.2805246829849852,0.9284380468794204,0.2720943899928982,0.2604497887720482,0.9572038173181229,0.011644601220849982,10000,,,10000,10000,,,
variant_2,20260909T104731Z-c4aff136,2,half,intermediate,32784,1,iteration_000001_steps_000032784,experiments/gol_reward_state_action_symmetry_cycle_1/variant_2/results/20260909T104731Z-c4aff136/checkpoint_probes/steps_000032784/probe_iteration_000001_steps_000032784.json,e_minus_s,next_token,saved,-0.00024326078866732104,0.210554261209207,0.210503054070257,1.0002432607886673,0.20634784645391346,0.210554261209207,1.020385067387815,-0.004206414755293542,10000,,,10000,10000,,,
variant_2,20260909T104731Z-c4aff136,2,half,intermediate,32784,1,iteration_000001_steps_000032784,experiments/gol_reward_state_action_symmetry_cycle_1/variant_2/results/20260909T104731Z-c4aff136/checkpoint_probes/steps_000032784/probe_iteration_000001_steps_000032784.json,fine_belief,previous_action_latest_token,saved,0.2504397046548388,0.07795693024097586,0.10400354811360155,0.7495602953451612,0.07722608482799166,0.07795693024097586,1.0094637118353473,-0.0007308454129841963,10000,,,10000,10000,,,
variant_2,20260909T104731Z-c4aff136,2,half,intermediate,32784,1,iteration_000001_steps_000032784,experiments/gol_reward_state_action_symmetry_cycle_1/variant_2/results/20260909T104731Z-c4aff136/checkpoint_probes/steps_000032784/probe_iteration_000001_steps_000032784.json,coarse_belief,previous_action_latest_token,saved,0.422885664865138,0.0694464788905783,0.12033400430843538,0.577114335134862,0.0692329182865993,0.0694464788905783,1.0030846685256705,-0.00021356060397899335,10000,,,10000,10000,,,
variant_2,20260909T104731Z-c4aff136,2,half,intermediate,32784,1,iteration_000001_steps_000032784,experiments/gol_reward_state_action_symmetry_cycle_1/variant_2/results/20260909T104731Z-c4aff136/checkpoint_probes/steps_000032784/probe_iteration_000001_steps_000032784.json,m1_minus_m2,previous_action_latest_token,saved,0.013282806907676137,0.2767985277880585,0.2805246829849852,0.9867171930923238,0.2720943899928982,0.2767985277880585,1.0172886247132222,-0.004704137795160324,10000,,,10000,10000,,,
variant_2,20260909T104731Z-c4aff136,2,half,intermediate,32784,1,iteration_000001_steps_000032784,experiments/gol_reward_state_action_symmetry_cycle_1/variant_2/results/20260909T104731Z-c4aff136/checkpoint_probes/steps_000032784/probe_iteration_000001_steps_000032784.json,e_minus_s,previous_action_latest_token,saved,0.015629504058659593,0.20721299573230567,0.210503054070257,0.9843704959413404,0.20634784645391346,0.20721299573230567,1.0041926741337979,-0.0008651492783922077,10000,,,10000,10000,,,
variant_2,20260909T104731Z-c4aff136,2,half,intermediate,32784,1,iteration_000001_steps_000032784,experiments/gol_reward_state_action_symmetry_cycle_1/variant_2/results/20260909T104731Z-c4aff136/checkpoint_probes/steps_000032784/probe_iteration_000001_steps_000032784.json,fine_belief,shuffled_history_broken_alignment,saved,-0.035438364021764146,0.10768926371120642,0.10400354811360155,1.0354383640217641,0.07722608482799166,0.10768926371120642,1.3944674775507064,-0.03046317888321476,10000,,,10000,10000,,,
variant_2,20260909T104731Z-c4aff136,2,half,intermediate,32784,1,iteration_000001_steps_000032784,experiments/gol_reward_state_action_symmetry_cycle_1/variant_2/results/20260909T104731Z-c4aff136/checkpoint_probes/steps_000032784/probe_iteration_000001_steps_000032784.json,coarse_belief,shuffled_history_broken_alignment,saved,-0.015214717375469311,0.12216485217464672,0.12033400430843538,1.015214717375469,0.0692329182865993,0.12216485217464672,1.7645486453268993,-0.052931933888047414,10000,,,10000,10000,,,
variant_2,20260909T104731Z-c4aff136,2,half,intermediate,32784,1,iteration_000001_steps_000032784,experiments/gol_reward_state_action_symmetry_cycle_1/variant_2/results/20260909T104731Z-c4aff136/checkpoint_probes/steps_000032784/probe_iteration_000001_steps_000032784.json,m1_minus_m2,shuffled_history_broken_alignment,saved,-0.07692361644682699,0.3021036561027899,0.2805246829849852,1.076923616446827,0.2720943899928982,0.3021036561027899,1.110289911198371,-0.030009266109891686,10000,,,10000,10000,,,
variant_2,20260909T104731Z-c4aff136,2,half,intermediate,32784,1,iteration_000001_steps_000032784,experiments/gol_reward_state_action_symmetry_cycle_1/variant_2/results/20260909T104731Z-c4aff136/checkpoint_probes/steps_000032784/probe_iteration_000001_steps_000032784.json,e_minus_s,shuffled_history_broken_alignment,saved,-0.008313801442442426,0.2122531346648248,0.210503054070257,1.0083138014424422,0.20634784645391346,0.2122531346648248,1.028618123776883,-0.005905288210911325,10000,,,10000,10000,,,
variant_2,20260909T104731Z-c4aff136,2,half,intermediate,32784,1,iteration_000001_steps_000032784,experiments/gol_reward_state_action_symmetry_cycle_1/variant_2/results/20260909T104731Z-c4aff136/checkpoint_probes/steps_000032784/probe_iteration_000001_steps_000032784.json,fine_belief,single_permuted_training_labels,saved,-0.007818132503539355,0.1048166616335919,0.10400354811360155,1.0078181325035394,0.07722608482799166,0.1048166616335919,1.3572701745408133,-0.027590576805600245,10000,,,10000,10000,,,
variant_2,20260909T104731Z-c4aff136,2,half,intermediate,32784,1,iteration_000001_steps_000032784,experiments/gol_reward_state_action_symmetry_cycle_1/variant_2/results/20260909T104731Z-c4aff136/checkpoint_probes/steps_000032784/probe_iteration_000001_steps_000032784.json,coarse_belief,single_permuted_training_labels,saved,0.00350601725163735,0.1199121112133714,0.12033400430843538,0.9964939827483626,0.0692329182865993,0.1199121112133714,1.7320100637240008,-0.0506791929267721,10000,,,10000,10000,,,
variant_2,20260909T104731Z-c4aff136,2,half,intermediate,32784,1,iteration_000001_steps_000032784,experiments/gol_reward_state_action_symmetry_cycle_1/variant_2/results/20260909T104731Z-c4aff136/checkpoint_probes/steps_000032784/probe_iteration_000001_steps_000032784.json,m1_minus_m2,single_permuted_training_labels,saved,-0.025829675950131747,0.2877705446425008,0.2805246829849852,1.0258296759501317,0.2720943899928982,0.2877705446425008,1.0576129285503157,-0.01567615464960259,10000,,,10000,10000,,,
variant_2,20260909T104731Z-c4aff136,2,half,intermediate,32784,1,iteration_000001_steps_000032784,experiments/gol_reward_state_action_symmetry_cycle_1/variant_2/results/20260909T104731Z-c4aff136/checkpoint_probes/steps_000032784/probe_iteration_000001_steps_000032784.json,e_minus_s,single_permuted_training_labels,saved,-0.013490809720229535,0.21334291071824601,0.210503054070257,1.0134908097202295,0.20634784645391346,0.21334291071824601,1.0338993809944843,-0.006995064264332551,10000,,,10000,10000,,,
variant_2,20260909T104731Z-c4aff136,2,half,intermediate,32784,1,iteration_000001_steps_000032784,experiments/gol_reward_state_action_symmetry_cycle_1/variant_2/results/20260909T104731Z-c4aff136/checkpoint_probes/steps_000032784/probe_iteration_000001_steps_000032784.json,fine_belief,log_next_token,not_fitted_or_saved,,,,,,,,,,,,,,,,
variant_2,20260909T104731Z-c4aff136,2,half,intermediate,32784,1,iteration_000001_steps_000032784,experiments/gol_reward_state_action_symmetry_cycle_1/variant_2/results/20260909T104731Z-c4aff136/checkpoint_probes/steps_000032784/probe_iteration_000001_steps_000032784.json,coarse_belief,log_next_token,not_fitted_or_saved,,,,,,,,,,,,,,,,
variant_2,20260909T104731Z-c4aff136,2,half,intermediate,32784,1,iteration_000001_steps_000032784,experiments/gol_reward_state_action_symmetry_cycle_1/variant_2/results/20260909T104731Z-c4aff136/checkpoint_probes/steps_000032784/probe_iteration_000001_steps_000032784.json,m1_minus_m2,log_next_token,not_fitted_or_saved,,,,,,,,,,,,,,,,
variant_2,20260909T104731Z-c4aff136,2,half,intermediate,32784,1,iteration_000001_steps_000032784,experiments/gol_reward_state_action_symmetry_cycle_1/variant_2/results/20260909T104731Z-c4aff136/checkpoint_probes/steps_000032784/probe_iteration_000001_steps_000032784.json,e_minus_s,log_next_token,not_fitted_or_saved,,,,,,,,,,,,,,,,
variant_2,20260909T104731Z-c4aff136,2,half,intermediate,65568,2,iteration_000002_steps_000065568,experiments/gol_reward_state_action_symmetry_cycle_1/variant_2/results/20260909T104731Z-c4aff136/checkpoint_probes/steps_000065568/probe_iteration_000002_steps_000065568.json,fine_belief,post_final_layer_norm,saved,0.35854502721753045,0.06449854988693288,0.10055039343939368,0.6414549727824695,0.07454482012310447,0.06449854988693288,0.8652318132959336,0.010046270236171592,10000,0.06143633010264809,0.06750731709443529,10000,10000,16,200,held_out_environment_trajectory_fixed_probe
variant_2,20260909T104731Z-c4aff136,2,half,intermediate,65568,2,iteration_000002_steps_000065568,experiments/gol_reward_state_action_symmetry_cycle_1/variant_2/results/20260909T104731Z-c4aff136/checkpoint_probes/steps_000065568/probe_iteration_000002_steps_000065568.json,coarse_belief,post_final_layer_norm,saved,0.5913634659101443,0.04895442025986473,0.11979942118709354,0.40863653408985573,0.0702392461514275,0.04895442025986473,0.6969667663335224,0.02128482589156277,10000,0.04741528942579682,0.0505262813511985,10000,10000,16,200,held_out_environment_trajectory_fixed_probe
variant_2,20260909T104731Z-c4aff136,2,half,intermediate,65568,2,iteration_000002_steps_000065568,experiments/gol_reward_state_action_symmetry_cycle_1/variant_2/results/20260909T104731Z-c4aff136/checkpoint_probes/steps_000065568/probe_iteration_000002_steps_000065568.json,m1_minus_m2,post_final_layer_norm,saved,0.014484403015420422,0.2503211441418158,0.25400018519010065,0.9855155969845795,0.2453582402511023,0.2503211441418158,1.020227174296793,-0.004962903890713466,10000,0.22802992728933777,0.2742160195162239,10000,10000,16,200,held_out_environment_trajectory_fixed_probe
variant_2,20260909T104731Z-c4aff136,2,half,intermediate,65568,2,iteration_000002_steps_000065568,experiments/gol_reward_state_action_symmetry_cycle_1/variant_2/results/20260909T104731Z-c4aff136/checkpoint_probes/steps_000065568/probe_iteration_000002_steps_000065568.json,e_minus_s,post_final_layer_norm,saved,0.019039370516145238,0.20954872174256206,0.21361583273002388,0.9809606294838548,0.21013000838406992,0.20954872174256206,0.9972336809674256,0.000581286641507861,10000,0.20290585366596867,0.2155024603251852,10000,10000,16,200,held_out_environment_trajectory_fixed_probe
variant_2,20260909T104731Z-c4aff136,2,half,intermediate,65568,2,iteration_000002_steps_000065568,experiments/gol_reward_state_action_symmetry_cycle_1/variant_2/results/20260909T104731Z-c4aff136/checkpoint_probes/steps_000065568/probe_iteration_000002_steps_000065568.json,fine_belief,categorical_plus_marginals,saved,0.457367980309086,0.05456186307273422,0.10055039343939368,0.542632019690914,0.07454482012310447,0.05456186307273422,0.731933660616927,0.019982957050370252,10000,,,10000,10000,,,
variant_2,20260909T104731Z-c4aff136,2,half,intermediate,65568,2,iteration_000002_steps_000065568,experiments/gol_reward_state_action_symmetry_cycle_1/variant_2/results/20260909T104731Z-c4aff136/checkpoint_probes/steps_000065568/probe_iteration_000002_steps_000065568.json,coarse_belief,categorical_plus_marginals,saved,0.7069934746568738,0.03510201214014797,0.11979942118709354,0.2930065253431262,0.0702392461514275,0.03510201214014797,0.4997492721444104,0.03513723401127953,10000,,,10000,10000,,,
variant_2,20260909T104731Z-c4aff136,2,half,intermediate,65568,2,iteration_000002_steps_000065568,experiments/gol_reward_state_action_symmetry_cycle_1/variant_2/results/20260909T104731Z-c4aff136/checkpoint_probes/steps_000065568/probe_iteration_000002_steps_000065568.json,m1_minus_m2,categorical_plus_marginals,saved,0.11069816121618614,0.22588283174098575,0.25400018519010065,0.8893018387838139,0.2453582402511023,0.22588283174098575,0.9206245998088949,0.01947540851011656,10000,,,10000,10000,,,
variant_2,20260909T104731Z-c4aff136,2,half,intermediate,65568,2,iteration_000002_steps_000065568,experiments/gol_reward_state_action_symmetry_cycle_1/variant_2/results/20260909T104731Z-c4aff136/checkpoint_probes/steps_000065568/probe_iteration_000002_steps_000065568.json,e_minus_s,categorical_plus_marginals,saved,0.014061504012824466,0.21061207284088782,0.21361583273002388,0.9859384959871755,0.21013000838406992,0.21061207284088782,1.0022941247683994,-0.00048206445681789334,10000,,,10000,10000,,,
variant_2,20260909T104731Z-c4aff136,2,half,intermediate,65568,2,iteration_000002_steps_000065568,experiments/gol_reward_state_action_symmetry_cycle_1/variant_2/results/20260909T104731Z-c4aff136/checkpoint_probes/steps_000065568/probe_iteration_000002_steps_000065568.json,fine_belief,combined_marginals,saved,0.44711598786340956,0.05559270494668468,0.10055039343939368,0.5528840121365904,0.07454482012310447,0.05559270494668468,0.7457621449066216,0.018952115176419787,10000,,,10000,10000,,,
variant_2,20260909T104731Z-c4aff136,2,half,intermediate,65568,2,iteration_000002_steps_000065568,experiments/gol_reward_state_action_symmetry_cycle_1/variant_2/results/20260909T104731Z-c4aff136/checkpoint_probes/steps_000065568/probe_iteration_000002_steps_000065568.json,coarse_belief,combined_marginals,saved,0.7025881157502925,0.035629771587277835,0.11979942118709354,0.2974118842497076,0.0702392461514275,0.035629771587277835,0.5072630123401989,0.034609474564149666,10000,,,10000,10000,,,
variant_2,20260909T104731Z-c4aff136,2,half,intermediate,65568,2,iteration_000002_steps_000065568,experiments/gol_reward_state_action_symmetry_cycle_1/variant_2/results/20260909T104731Z-c4aff136/checkpoint_probes/steps_000065568/probe_iteration_000002_steps_000065568.json,m1_minus_m2,combined_marginals,saved,0.09069747379533843,0.23096301004981037,0.25400018519010065,0.9093025262046616,0.2453582402511023,0.23096301004981037,0.9413297463066261,0.014395230201291936,10000,,,10000,10000,,,
variant_2,20260909T104731Z-c4aff136,2,half,intermediate,65568,2,iteration_000002_steps_000065568,experiments/gol_reward_state_action_symmetry_cycle_1/variant_2/results/20260909T104731Z-c4aff136/checkpoint_probes/steps_000065568/probe_iteration_000002_steps_000065568.json,e_minus_s,combined_marginals,saved,-0.0007621007842095739,0.213778629523667,0.21361583273002388,1.0007621007842096,0.21013000838406992,0.213778629523667,1.0173636367678063,-0.0036486211395970747,10000,,,10000,10000,,,
variant_2,20260909T104731Z-c4aff136,2,half,intermediate,65568,2,iteration_000002_steps_000065568,experiments/gol_reward_state_action_symmetry_cycle_1/variant_2/results/20260909T104731Z-c4aff136/checkpoint_probes/steps_000065568/probe_iteration_000002_steps_000065568.json,fine_belief,next_reward,saved,0.44711598784902695,0.05559270494813086,0.10055039343939368,0.552884012150973,0.07454482012310447,0.05559270494813086,0.7457621449260218,0.01895211517497361,10000,,,10000,10000,,,
variant_2,20260909T104731Z-c4aff136,2,half,intermediate,65568,2,iteration_000002_steps_000065568,experiments/gol_reward_state_action_symmetry_cycle_1/variant_2/results/20260909T104731Z-c4aff136/checkpoint_probes/steps_000065568/probe_iteration_000002_steps_000065568.json,coarse_belief,next_reward,saved,0.7025881157505001,0.03562977158725296,0.11979942118709354,0.2974118842495,0.0702392461514275,0.03562977158725296,0.5072630123398447,0.03460947456417454,10000,,,10000,10000,,,
variant_2,20260909T104731Z-c4aff136,2,half,intermediate,65568,2,iteration_000002_steps_000065568,experiments/gol_reward_state_action_symmetry_cycle_1/variant_2/results/20260909T104731Z-c4aff136/checkpoint_probes/steps_000065568/probe_iteration_000002_steps_000065568.json,m1_minus_m2,next_reward,saved,0.090697473749202,0.23096301006152903,0.25400018519010065,0.9093025262507979,0.2453582402511023,0.23096301006152903,0.9413297463543876,0.014395230189573283,10000,,,10000,10000,,,
variant_2,20260909T104731Z-c4aff136,2,half,intermediate,65568,2,iteration_000002_steps_000065568,experiments/gol_reward_state_action_symmetry_cycle_1/variant_2/results/20260909T104731Z-c4aff136/checkpoint_probes/steps_000065568/probe_iteration_000002_steps_000065568.json,e_minus_s,next_reward,saved,-0.0007621007835107996,0.21377862952351775,0.21361583273002388,1.0007621007835108,0.21013000838406992,0.21377862952351775,1.017363636767096,-0.003648621139447833,10000,,,10000,10000,,,
variant_2,20260909T104731Z-c4aff136,2,half,intermediate,65568,2,iteration_000002_steps_000065568,experiments/gol_reward_state_action_symmetry_cycle_1/variant_2/results/20260909T104731Z-c4aff136/checkpoint_probes/steps_000065568/probe_iteration_000002_steps_000065568.json,fine_belief,next_token,saved,0.4471159878628581,0.05559270494674013,0.10055039343939368,0.5528840121371419,0.07454482012310447,0.05559270494674013,0.7457621449073655,0.01895211517636434,10000,,,10000,10000,,,
variant_2,20260909T104731Z-c4aff136,2,half,intermediate,65568,2,iteration_000002_steps_000065568,experiments/gol_reward_state_action_symmetry_cycle_1/variant_2/results/20260909T104731Z-c4aff136/checkpoint_probes/steps_000065568/probe_iteration_000002_steps_000065568.json,coarse_belief,next_token,saved,0.7025881157503002,0.035629771587276884,0.11979942118709354,0.2974118842496997,0.0702392461514275,0.035629771587276884,0.5072630123401853,0.034609474564150616,10000,,,10000,10000,,,
variant_2,20260909T104731Z-c4aff136,2,half,intermediate,65568,2,iteration_000002_steps_000065568,experiments/gol_reward_state_action_symmetry_cycle_1/variant_2/results/20260909T104731Z-c4aff136/checkpoint_probes/steps_000065568/probe_iteration_000002_steps_000065568.json,m1_minus_m2,next_token,saved,0.09069747379356974,0.23096301005025963,0.25400018519010065,0.9093025262064303,0.2453582402511023,0.23096301005025963,0.9413297463084572,0.014395230200842685,10000,,,10000,10000,,,
variant_2,20260909T104731Z-c4aff136,2,half,intermediate,65568,2,iteration_000002_steps_000065568,experiments/gol_reward_state_action_symmetry_cycle_1/variant_2/results/20260909T104731Z-c4aff136/checkpoint_probes/steps_000065568/probe_iteration_000002_steps_000065568.json,e_minus_s,next_token,saved,-0.0007621007841829286,0.2137786295236613,0.21361583273002388,1.000762100784183,0.21013000838406992,0.2137786295236613,1.0173636367677792,-0.003648621139591385,10000,,,10000,10000,,,
variant_2,20260909T104731Z-c4aff136,2,half,intermediate,65568,2,iteration_000002_steps_000065568,experiments/gol_reward_state_action_symmetry_cycle_1/variant_2/results/20260909T104731Z-c4aff136/checkpoint_probes/steps_000065568/probe_iteration_000002_steps_000065568.json,fine_belief,previous_action_latest_token,saved,0.25451056357868973,0.07495925613707462,0.10055039343939368,0.7454894364213104,0.07454482012310447,0.07495925613707462,1.005559554819312,-0.0004144360139701486,10000,,,10000,10000,,,
variant_2,20260909T104731Z-c4aff136,2,half,intermediate,65568,2,iteration_000002_steps_000065568,experiments/gol_reward_state_action_symmetry_cycle_1/variant_2/results/20260909T104731Z-c4aff136/checkpoint_probes/steps_000065568/probe_iteration_000002_steps_000065568.json,coarse_belief,previous_action_latest_token,saved,0.41260632780489914,0.07036942193793444,0.11979942118709354,0.5873936721951009,0.0702392461514275,0.07036942193793444,1.001853319812492,-0.00013017578650693917,10000,,,10000,10000,,,
variant_2,20260909T104731Z-c4aff136,2,half,intermediate,65568,2,iteration_000002_steps_000065568,experiments/gol_reward_state_action_symmetry_cycle_1/variant_2/results/20260909T104731Z-c4aff136/checkpoint_probes/steps_000065568/probe_iteration_000002_steps_000065568.json,m1_minus_m2,previous_action_latest_token,saved,0.023632653696814,0.24799748677457636,0.25400018519010065,0.976367346303186,0.2453582402511023,0.24799748677457636,1.0107567062788396,-0.0026392465234740536,10000,,,10000,10000,,,
variant_2,20260909T104731Z-c4aff136,2,half,intermediate,65568,2,iteration_000002_steps_000065568,experiments/gol_reward_state_action_symmetry_cycle_1/variant_2/results/20260909T104731Z-c4aff136/checkpoint_probes/steps_000065568/probe_iteration_000002_steps_000065568.json,e_minus_s,previous_action_latest_token,saved,0.01413382603990565,0.21059662371084814,0.21361583273002388,0.9858661739600943,0.21013000838406992,0.21059662371084814,1.002220602998908,-0.00046661532677821915,10000,,,10000,10000,,,
variant_2,20260909T104731Z-c4aff136,2,half,intermediate,65568,2,iteration_000002_steps_000065568,experiments/gol_reward_state_action_symmetry_cycle_1/variant_2/results/20260909T104731Z-c4aff136/checkpoint_probes/steps_000065568/probe_iteration_000002_steps_000065568.json,fine_belief,shuffled_history_broken_alignment,saved,-0.03795868665603597,0.10436715431710077,0.10055039343939368,1.037958686656036,0.07454482012310447,0.10436715431710077,1.400059107322913,-0.029822334193996297,10000,,,10000,10000,,,
variant_2,20260909T104731Z-c4aff136,2,half,intermediate,65568,2,iteration_000002_steps_000065568,experiments/gol_reward_state_action_symmetry_cycle_1/variant_2/results/20260909T104731Z-c4aff136/checkpoint_probes/steps_000065568/probe_iteration_000002_steps_000065568.json,coarse_belief,shuffled_history_broken_alignment,saved,-0.01733195156702738,0.12187577895286617,0.11979942118709354,1.0173319515670274,0.0702392461514275,0.12187577895286617,1.7351521496987086,-0.051636532801438664,10000,,,10000,10000,,,
variant_2,20260909T104731Z-c4aff136,2,half,intermediate,65568,2,iteration_000002_steps_000065568,experiments/gol_reward_state_action_symmetry_cycle_1/variant_2/results/20260909T104731Z-c4aff136/checkpoint_probes/steps_000065568/probe_iteration_000002_steps_000065568.json,m1_minus_m2,shuffled_history_broken_alignment,saved,-0.08516784016939849,0.2756328323653688,0.25400018519010065,1.0851678401693987,0.2453582402511023,0.2756328323653688,1.1233893432039743,-0.030274592114266474,10000,,,10000,10000,,,
variant_2,20260909T104731Z-c4aff136,2,half,intermediate,65568,2,iteration_000002_steps_000065568,experiments/gol_reward_state_action_symmetry_cycle_1/variant_2/results/20260909T104731Z-c4aff136/checkpoint_probes/steps_000065568/probe_iteration_000002_steps_000065568.json,e_minus_s,shuffled_history_broken_alignment,saved,-0.008370289444567636,0.21540385907991655,0.21361583273002388,1.0083702894445679,0.21013000838406992,0.21540385907991655,1.025098036860148,-0.005273850695846627,10000,,,10000,10000,,,
variant_2,20260909T104731Z-c4aff136,2,half,intermediate,65568,2,iteration_000002_steps_000065568,experiments/gol_reward_state_action_symmetry_cycle_1/variant_2/results/20260909T104731Z-c4aff136/checkpoint_probes/steps_000065568/probe_iteration_000002_steps_000065568.json,fine_belief,single_permuted_training_labels,saved,-0.0063555854600918504,0.1011894500579436,0.10055039343939368,1.0063555854600919,0.07454482012310447,0.1011894500579436,1.3574310044727156,-0.026644629934839126,10000,,,10000,10000,,,
variant_2,20260909T104731Z-c4aff136,2,half,intermediate,65568,2,iteration_000002_steps_000065568,experiments/gol_reward_state_action_symmetry_cycle_1/variant_2/results/20260909T104731Z-c4aff136/checkpoint_probes/steps_000065568/probe_iteration_000002_steps_000065568.json,coarse_belief,single_permuted_training_labels,saved,0.005893581461498765,0.11909337353928699,0.11979942118709354,0.9941064185385011,0.0702392461514275,0.11909337353928699,1.6955388912138347,-0.04885412738785949,10000,,,10000,10000,,,
variant_2,20260909T104731Z-c4aff136,2,half,intermediate,65568,2,iteration_000002_steps_000065568,experiments/gol_reward_state_action_symmetry_cycle_1/variant_2/results/20260909T104731Z-c4aff136/checkpoint_probes/steps_000065568/probe_iteration_000002_steps_000065568.json,m1_minus_m2,single_permuted_training_labels,saved,-0.02795498315646272,0.2611007560888283,0.25400018519010065,1.0279549831564627,0.2453582402511023,0.2611007560888283,1.0641613496315223,-0.015742515837726012,10000,,,10000,10000,,,
variant_2,20260909T104731Z-c4aff136,2,half,intermediate,65568,2,iteration_000002_steps_000065568,experiments/gol_reward_state_action_symmetry_cycle_1/variant_2/results/20260909T104731Z-c4aff136/checkpoint_probes/steps_000065568/probe_iteration_000002_steps_000065568.json,e_minus_s,single_permuted_training_labels,saved,-0.011741722936165822,0.2161240506527182,0.21361583273002388,1.011741722936166,0.21013000838406992,0.2161240506527182,1.028525398703133,-0.005994042268648275,10000,,,10000,10000,,,
variant_2,20260909T104731Z-c4aff136,2,half,intermediate,65568,2,iteration_000002_steps_000065568,experiments/gol_reward_state_action_symmetry_cycle_1/variant_2/results/20260909T104731Z-c4aff136/checkpoint_probes/steps_000065568/probe_iteration_000002_steps_000065568.json,fine_belief,log_next_token,not_fitted_or_saved,,,,,,,,,,,,,,,,
variant_2,20260909T104731Z-c4aff136,2,half,intermediate,65568,2,iteration_000002_steps_000065568,experiments/gol_reward_state_action_symmetry_cycle_1/variant_2/results/20260909T104731Z-c4aff136/checkpoint_probes/steps_000065568/probe_iteration_000002_steps_000065568.json,coarse_belief,log_next_token,not_fitted_or_saved,,,,,,,,,,,,,,,,
variant_2,20260909T104731Z-c4aff136,2,half,intermediate,65568,2,iteration_000002_steps_000065568,experiments/gol_reward_state_action_symmetry_cycle_1/variant_2/results/20260909T104731Z-c4aff136/checkpoint_probes/steps_000065568/probe_iteration_000002_steps_000065568.json,m1_minus_m2,log_next_token,not_fitted_or_saved,,,,,,,,,,,,,,,,
variant_2,20260909T104731Z-c4aff136,2,half,intermediate,65568,2,iteration_000002_steps_000065568,experiments/gol_reward_state_action_symmetry_cycle_1/variant_2/results/20260909T104731Z-c4aff136/checkpoint_probes/steps_000065568/probe_iteration_000002_steps_000065568.json,e_minus_s,log_next_token,not_fitted_or_saved,,,,,,,,,,,,,,,,
variant_2,20260909T104731Z-c4aff136,2,half,intermediate,131136,4,iteration_000004_steps_000131136,experiments/gol_reward_state_action_symmetry_cycle_1/variant_2/results/20260909T104731Z-c4aff136/checkpoint_probes/steps_000131136/probe_iteration_000004_steps_000131136.json,fine_belief,post_final_layer_norm,saved,0.36357731443696395,0.06528594020812689,0.10258267294536988,0.6364226855630359,0.07720133392208839,0.06528594020812689,0.8456581886786242,0.011915393713961497,10000,0.06184024711722488,0.0687680380355581,10000,10000,16,200,held_out_environment_trajectory_fixed_probe
variant_2,20260909T104731Z-c4aff136,2,half,intermediate,131136,4,iteration_000004_steps_000131136,experiments/gol_reward_state_action_symmetry_cycle_1/variant_2/results/20260909T104731Z-c4aff136/checkpoint_probes/steps_000131136/probe_iteration_000004_steps_000131136.json,coarse_belief,post_final_layer_norm,saved,0.5808897584425239,0.05181733757686836,0.12363653387306264,0.41911024155747606,0.07493613836476089,0.05181733757686836,0.6914866272484056,0.02311880078789253,10000,0.04939256444095832,0.05438767873686211,10000,10000,16,200,held_out_environment_trajectory_fixed_probe
variant_2,20260909T104731Z-c4aff136,2,half,intermediate,131136,4,iteration_000004_steps_000131136,experiments/gol_reward_state_action_symmetry_cycle_1/variant_2/results/20260909T104731Z-c4aff136/checkpoint_probes/steps_000131136/probe_iteration_000004_steps_000131136.json,m1_minus_m2,post_final_layer_norm,saved,0.03630110779908935,0.2374896973812992,0.246435582009352,0.9636988922009107,0.2398761530454003,0.2374896973812992,0.9900513009158962,0.002386455664101117,10000,0.2147223435947436,0.2625061699816529,10000,10000,16,200,held_out_environment_trajectory_fixed_probe
variant_2,20260909T104731Z-c4aff136,2,half,intermediate,131136,4,iteration_000004_steps_000131136,experiments/gol_reward_state_action_symmetry_cycle_1/variant_2/results/20260909T104731Z-c4aff136/checkpoint_probes/steps_000131136/probe_iteration_000004_steps_000131136.json,e_minus_s,post_final_layer_norm,saved,0.026998005783022028,0.2325854219287282,0.23903899818406948,0.973001994216978,0.23396989461678963,0.2325854219287282,0.9940826887564786,0.0013844726880614389,10000,0.2201760082468867,0.24518768290488774,10000,10000,16,200,held_out_environment_trajectory_fixed_probe
variant_2,20260909T104731Z-c4aff136,2,half,intermediate,131136,4,iteration_000004_steps_000131136,experiments/gol_reward_state_action_symmetry_cycle_1/variant_2/results/20260909T104731Z-c4aff136/checkpoint_probes/steps_000131136/probe_iteration_000004_steps_000131136.json,fine_belief,categorical_plus_marginals,saved,0.43667945294919075,0.05778692744152002,0.10258267294536988,0.5633205470508094,0.07720133392208839,0.05778692744152002,0.7485223959969215,0.019414406480568372,10000,,,10000,10000,,,
variant_2,20260909T104731Z-c4aff136,2,half,intermediate,131136,4,iteration_000004_steps_000131136,experiments/gol_reward_state_action_symmetry_cycle_1/variant_2/results/20260909T104731Z-c4aff136/checkpoint_probes/steps_000131136/probe_iteration_000004_steps_000131136.json,coarse_belief,categorical_plus_marginals,saved,0.6834980138588693,0.03913120853042951,0.12363653387306264,0.3165019861411307,0.07493613836476089,0.03913120853042951,0.5221940893184744,0.03580492983433138,10000,,,10000,10000,,,
variant_2,20260909T104731Z-c4aff136,2,half,intermediate,131136,4,iteration_000004_steps_000131136,experiments/gol_reward_state_action_symmetry_cycle_1/variant_2/results/20260909T104731Z-c4aff136/checkpoint_probes/steps_000131136/probe_iteration_000004_steps_000131136.json,m1_minus_m2,categorical_plus_marginals,saved,0.07680471101389319,0.22750816834958315,0.246435582009352,0.9231952889861068,0.2398761530454003,0.22750816834958315,0.9484401240440257,0.012367984695817152,10000,,,10000,10000,,,
variant_2,20260909T104731Z-c4aff136,2,half,intermediate,131136,4,iteration_000004_steps_000131136,experiments/gol_reward_state_action_symmetry_cycle_1/variant_2/results/20260909T104731Z-c4aff136/checkpoint_probes/steps_000131136/probe_iteration_000004_steps_000131136.json,e_minus_s,categorical_plus_marginals,saved,0.017786834088964865,0.23478725118257707,0.23903899818406948,0.9822131659110351,0.23396989461678963,0.23478725118257707,1.0034934262253106,-0.000817356565787436,10000,,,10000,10000,,,
variant_2,20260909T104731Z-c4aff136,2,half,intermediate,131136,4,iteration_000004_steps_000131136,experiments/gol_reward_state_action_symmetry_cycle_1/variant_2/results/20260909T104731Z-c4aff136/checkpoint_probes/steps_000131136/probe_iteration_000004_steps_000131136.json,fine_belief,combined_marginals,saved,0.4262263649334618,0.0588592331507067,0.10258267294536988,0.5737736350665382,0.07720133392208839,0.0588592331507067,0.7624121263255303,0.018342100771381688,10000,,,10000,10000,,,
variant_2,20260909T104731Z-c4aff136,2,half,intermediate,131136,4,iteration_000004_steps_000131136,experiments/gol_reward_state_action_symmetry_cycle_1/variant_2/results/20260909T104731Z-c4aff136/checkpoint_probes/steps_000131136/probe_iteration_000004_steps_000131136.json,coarse_belief,combined_marginals,saved,0.6775660936390911,0.03986461058561441,0.12363653387306264,0.32243390636090885,0.07493613836476089,0.03986461058561441,0.5319811169287708,0.035071527779146475,10000,,,10000,10000,,,
variant_2,20260909T104731Z-c4aff136,2,half,intermediate,131136,4,iteration_000004_steps_000131136,experiments/gol_reward_state_action_symmetry_cycle_1/variant_2/results/20260909T104731Z-c4aff136/checkpoint_probes/steps_000131136/probe_iteration_000004_steps_000131136.json,m1_minus_m2,combined_marginals,saved,0.05985085512864419,0.23168620169196716,0.246435582009352,0.9401491448713558,0.2398761530454003,0.23168620169196716,0.9658575842181233,0.008189951353433145,10000,,,10000,10000,,,
variant_2,20260909T104731Z-c4aff136,2,half,intermediate,131136,4,iteration_000004_steps_000131136,experiments/gol_reward_state_action_symmetry_cycle_1/variant_2/results/20260909T104731Z-c4aff136/checkpoint_probes/steps_000131136/probe_iteration_000004_steps_000131136.json,e_minus_s,combined_marginals,saved,-0.0006219291862263887,0.2391876635136865,0.23903899818406948,1.0006219291862266,0.23396989461678963,0.2391876635136865,1.0223010268284425,-0.005217768896896874,10000,,,10000,10000,,,
variant_2,20260909T104731Z-c4aff136,2,half,intermediate,131136,4,iteration_000004_steps_000131136,experiments/gol_reward_state_action_symmetry_cycle_1/variant_2/results/20260909T104731Z-c4aff136/checkpoint_probes/steps_000131136/probe_iteration_000004_steps_000131136.json,fine_belief,next_reward,saved,0.4262263649211657,0.05885923315196807,0.10258267294536988,0.5737736350788343,0.07720133392208839,0.05885923315196807,0.762412126341869,0.018342100770120322,10000,,,10000,10000,,,
variant_2,20260909T104731Z-c4aff136,2,half,intermediate,131136,4,iteration_000004_steps_000131136,experiments/gol_reward_state_action_symmetry_cycle_1/variant_2/results/20260909T104731Z-c4aff136/checkpoint_probes/steps_000131136/probe_iteration_000004_steps_000131136.json,coarse_belief,next_reward,saved,0.6775660936392953,0.039864610585589176,0.12363653387306264,0.32243390636070474,0.07493613836476089,0.039864610585589176,0.5319811169284341,0.03507152777917171,10000,,,10000,10000,,,
variant_2,20260909T104731Z-c4aff136,2,half,intermediate,131136,4,iteration_000004_steps_000131136,experiments/gol_reward_state_action_symmetry_cycle_1/variant_2/results/20260909T104731Z-c4aff136/checkpoint_probes/steps_000131136/probe_iteration_000004_steps_000131136.json,m1_minus_m2,next_reward,saved,0.05985085508708199,0.23168620170220958,0.246435582009352,0.940149144912918,0.2398761530454003,0.23168620170220958,0.9658575842608221,0.008189951343190727,10000,,,10000,10000,,,
variant_2,20260909T104731Z-c4aff136,2,half,intermediate,131136,4,iteration_000004_steps_000131136,experiments/gol_reward_state_action_symmetry_cycle_1/variant_2/results/20260909T104731Z-c4aff136/checkpoint_probes/steps_000131136/probe_iteration_000004_steps_000131136.json,e_minus_s,next_reward,saved,-0.0006219291855928955,0.23918766351353507,0.23903899818406948,1.000621929185593,0.23396989461678963,0.23918766351353507,1.0223010268277952,-0.005217768896745439,10000,,,10000,10000,,,
variant_2,20260909T104731Z-c4aff136,2,half,intermediate,131136,4,iteration_000004_steps_000131136,experiments/gol_reward_state_action_symmetry_cycle_1/variant_2/results/20260909T104731Z-c4aff136/checkpoint_probes/steps_000131136/probe_iteration_000004_steps_000131136.json,fine_belief,next_token,saved,0.4262263649329904,0.058859233150755065,0.10258267294536988,0.5737736350670097,0.07720133392208839,0.058859233150755065,0.7624121263261567,0.018342100771333324,10000,,,10000,10000,,,
variant_2,20260909T104731Z-c4aff136,2,half,intermediate,131136,4,iteration_000004_steps_000131136,experiments/gol_reward_state_action_symmetry_cycle_1/variant_2/results/20260909T104731Z-c4aff136/checkpoint_probes/steps_000131136/probe_iteration_000004_steps_000131136.json,coarse_belief,next_token,saved,0.677566093639099,0.03986461058561345,0.12363653387306264,0.322433906360901,0.07493613836476089,0.03986461058561345,0.5319811169287579,0.03507152777914744,10000,,,10000,10000,,,
variant_2,20260909T104731Z-c4aff136,2,half,intermediate,131136,4,iteration_000004_steps_000131136,experiments/gol_reward_state_action_symmetry_cycle_1/variant_2/results/20260909T104731Z-c4aff136/checkpoint_probes/steps_000131136/probe_iteration_000004_steps_000131136.json,m1_minus_m2,next_token,saved,0.059850855127050795,0.23168620169235982,0.246435582009352,0.9401491448729491,0.2398761530454003,0.23168620169235982,0.9658575842197602,0.008189951353040487,10000,,,10000,10000,,,
variant_2,20260909T104731Z-c4aff136,2,half,intermediate,131136,4,iteration_000004_steps_000131136,experiments/gol_reward_state_action_symmetry_cycle_1/variant_2/results/20260909T104731Z-c4aff136/checkpoint_probes/steps_000131136/probe_iteration_000004_steps_000131136.json,e_minus_s,next_token,saved,-0.0006219291862021858,0.23918766351368068,0.23903899818406948,1.0006219291862022,0.23396989461678963,0.23918766351368068,1.0223010268284176,-0.005217768896891045,10000,,,10000,10000,,,
variant_2,20260909T104731Z-c4aff136,2,half,intermediate,131136,4,iteration_000004_steps_000131136,experiments/gol_reward_state_action_symmetry_cycle_1/variant_2/results/20260909T104731Z-c4aff136/checkpoint_probes/steps_000131136/probe_iteration_000004_steps_000131136.json,fine_belief,previous_action_latest_token,saved,0.24226738313873242,0.07773023721551868,0.10258267294536988,0.7577326168612676,0.07720133392208839,0.07773023721551868,1.0068509605541798,-0.0005289032934302912,10000,,,10000,10000,,,
variant_2,20260909T104731Z-c4aff136,2,half,intermediate,131136,4,iteration_000004_steps_000131136,experiments/gol_reward_state_action_symmetry_cycle_1/variant_2/results/20260909T104731Z-c4aff136/checkpoint_probes/steps_000131136/probe_iteration_000004_steps_000131136.json,coarse_belief,previous_action_latest_token,saved,0.3929973127159314,0.07504770830743679,0.12363653387306264,0.6070026872840685,0.07493613836476089,0.07504770830743679,1.0014888669887527,-0.00011156994267590148,10000,,,10000,10000,,,
variant_2,20260909T104731Z-c4aff136,2,half,intermediate,131136,4,iteration_000004_steps_000131136,experiments/gol_reward_state_action_symmetry_cycle_1/variant_2/results/20260909T104731Z-c4aff136/checkpoint_probes/steps_000131136/probe_iteration_000004_steps_000131136.json,m1_minus_m2,previous_action_latest_token,saved,0.012061458836407302,0.24346320938112012,0.246435582009352,0.9879385411635927,0.2398761530454003,0.24346320938112012,1.0149537846517027,-0.003587056335719818,10000,,,10000,10000,,,
variant_2,20260909T104731Z-c4aff136,2,half,intermediate,131136,4,iteration_000004_steps_000131136,experiments/gol_reward_state_action_symmetry_cycle_1/variant_2/results/20260909T104731Z-c4aff136/checkpoint_probes/steps_000131136/probe_iteration_000004_steps_000131136.json,e_minus_s,previous_action_latest_token,saved,0.018722605425148586,0.23456356533984635,0.23903899818406948,0.9812773945748514,0.23396989461678963,0.23456356533984635,1.0025373808199942,-0.0005936707230567162,10000,,,10000,10000,,,
variant_2,20260909T104731Z-c4aff136,2,half,intermediate,131136,4,iteration_000004_steps_000131136,experiments/gol_reward_state_action_symmetry_cycle_1/variant_2/results/20260909T104731Z-c4aff136/checkpoint_probes/steps_000131136/probe_iteration_000004_steps_000131136.json,fine_belief,shuffled_history_broken_alignment,saved,-0.023493223132302843,0.1049926705703835,0.10258267294536988,1.0234932231323028,0.07720133392208839,0.1049926705703835,1.3599851872552116,-0.027791336648295112,10000,,,10000,10000,,,
variant_2,20260909T104731Z-c4aff136,2,half,intermediate,131136,4,iteration_000004_steps_000131136,experiments/gol_reward_state_action_symmetry_cycle_1/variant_2/results/20260909T104731Z-c4aff136/checkpoint_probes/steps_000131136/probe_iteration_000004_steps_000131136.json,coarse_belief,shuffled_history_broken_alignment,saved,-0.01408225980682265,0.12537761566467812,0.12363653387306264,1.0140822598068224,0.07493613836476089,0.12537761566467812,1.6731261898549818,-0.05044147729991723,10000,,,10000,10000,,,
variant_2,20260909T104731Z-c4aff136,2,half,intermediate,131136,4,iteration_000004_steps_000131136,experiments/gol_reward_state_action_symmetry_cycle_1/variant_2/results/20260909T104731Z-c4aff136/checkpoint_probes/steps_000131136/probe_iteration_000004_steps_000131136.json,m1_minus_m2,shuffled_history_broken_alignment,saved,-0.04732420481760746,0.2580979499667089,0.246435582009352,1.0473242048176075,0.2398761530454003,0.2580979499667089,1.0759633531302288,-0.01822179692130857,10000,,,10000,10000,,,
variant_2,20260909T104731Z-c4aff136,2,half,intermediate,131136,4,iteration_000004_steps_000131136,experiments/gol_reward_state_action_symmetry_cycle_1/variant_2/results/20260909T104731Z-c4aff136/checkpoint_probes/steps_000131136/probe_iteration_000004_steps_000131136.json,e_minus_s,shuffled_history_broken_alignment,saved,-0.00819890329092443,0.24099885581294012,0.23903899818406948,1.0081989032909244,0.23396989461678963,0.24099885581294012,1.0300421607987769,-0.007028961196150485,10000,,,10000,10000,,,
variant_2,20260909T104731Z-c4aff136,2,half,intermediate,131136,4,iteration_000004_steps_000131136,experiments/gol_reward_state_action_symmetry_cycle_1/variant_2/results/20260909T104731Z-c4aff136/checkpoint_probes/steps_000131136/probe_iteration_000004_steps_000131136.json,fine_belief,single_permuted_training_labels,saved,-0.010116055346341302,0.10362040494246087,0.10258267294536988,1.0101160553463413,0.07720133392208839,0.10362040494246087,1.3422100328866677,-0.026419071020372484,10000,,,10000,10000,,,
variant_2,20260909T104731Z-c4aff136,2,half,intermediate,131136,4,iteration_000004_steps_000131136,experiments/gol_reward_state_action_symmetry_cycle_1/variant_2/results/20260909T104731Z-c4aff136/checkpoint_probes/steps_000131136/probe_iteration_000004_steps_000131136.json,coarse_belief,single_permuted_training_labels,saved,0.0018433512085227477,0.12340862831893017,0.12363653387306264,0.9981566487914773,0.07493613836476089,0.12340862831893017,1.6468506519274246,-0.04847248995416928,10000,,,10000,10000,,,
variant_2,20260909T104731Z-c4aff136,2,half,intermediate,131136,4,iteration_000004_steps_000131136,experiments/gol_reward_state_action_symmetry_cycle_1/variant_2/results/20260909T104731Z-c4aff136/checkpoint_probes/steps_000131136/probe_iteration_000004_steps_000131136.json,m1_minus_m2,single_permuted_training_labels,saved,-0.034187547279181496,0.2548606101205693,0.246435582009352,1.0341875472791815,0.2398761530454003,0.2548606101205693,1.0624674728393404,-0.014984457075169016,10000,,,10000,10000,,,
variant_2,20260909T104731Z-c4aff136,2,half,intermediate,131136,4,iteration_000004_steps_000131136,experiments/gol_reward_state_action_symmetry_cycle_1/variant_2/results/20260909T104731Z-c4aff136/checkpoint_probes/steps_000131136/probe_iteration_000004_steps_000131136.json,e_minus_s,single_permuted_training_labels,saved,-0.009895248323870565,0.24140434843019012,0.23903899818406948,1.0098952483238708,0.23396989461678963,0.24140434843019012,1.0317752582039543,-0.007434453813400493,10000,,,10000,10000,,,
variant_2,20260909T104731Z-c4aff136,2,half,intermediate,131136,4,iteration_000004_steps_000131136,experiments/gol_reward_state_action_symmetry_cycle_1/variant_2/results/20260909T104731Z-c4aff136/checkpoint_probes/steps_000131136/probe_iteration_000004_steps_000131136.json,fine_belief,log_next_token,not_fitted_or_saved,,,,,,,,,,,,,,,,
variant_2,20260909T104731Z-c4aff136,2,half,intermediate,131136,4,iteration_000004_steps_000131136,experiments/gol_reward_state_action_symmetry_cycle_1/variant_2/results/20260909T104731Z-c4aff136/checkpoint_probes/steps_000131136/probe_iteration_000004_steps_000131136.json,coarse_belief,log_next_token,not_fitted_or_saved,,,,,,,,,,,,,,,,
variant_2,20260909T104731Z-c4aff136,2,half,intermediate,131136,4,iteration_000004_steps_000131136,experiments/gol_reward_state_action_symmetry_cycle_1/variant_2/results/20260909T104731Z-c4aff136/checkpoint_probes/steps_000131136/probe_iteration_000004_steps_000131136.json,m1_minus_m2,log_next_token,not_fitted_or_saved,,,,,,,,,,,,,,,,
variant_2,20260909T104731Z-c4aff136,2,half,intermediate,131136,4,iteration_000004_steps_000131136,experiments/gol_reward_state_action_symmetry_cycle_1/variant_2/results/20260909T104731Z-c4aff136/checkpoint_probes/steps_000131136/probe_iteration_000004_steps_000131136.json,e_minus_s,log_next_token,not_fitted_or_saved,,,,,,,,,,,,,,,,
variant_2,20260909T104731Z-c4aff136,2,half,intermediate,262272,8,iteration_000008_steps_000262272,experiments/gol_reward_state_action_symmetry_cycle_1/variant_2/results/20260909T104731Z-c4aff136/checkpoint_probes/steps_000262272/probe_iteration_000008_steps_000262272.json,fine_belief,post_final_layer_norm,saved,0.36284296432429497,0.06075975359222818,0.09536071986993358,0.637157035675705,0.07012129784909457,0.06075975359222818,0.8664949944735333,0.009361544256866389,10000,0.05866663847133311,0.06298407224981079,10000,10000,16,200,held_out_environment_trajectory_fixed_probe
variant_2,20260909T104731Z-c4aff136,2,half,intermediate,262272,8,iteration_000008_steps_000262272,experiments/gol_reward_state_action_symmetry_cycle_1/variant_2/results/20260909T104731Z-c4aff136/checkpoint_probes/steps_000262272/probe_iteration_000008_steps_000262272.json,coarse_belief,post_final_layer_norm,saved,0.576938699973847,0.051054098673500116,0.12067778043121416,0.42306130002615305,0.07178468153010538,0.051054098673500116,0.7112116065053353,0.020730582856605263,10000,0.04906213146050521,0.052964488944554,10000,10000,16,200,held_out_environment_trajectory_fixed_probe
variant_2,20260909T104731Z-c4aff136,2,half,intermediate,262272,8,iteration_000008_steps_000262272,experiments/gol_reward_state_action_symmetry_cycle_1/variant_2/results/20260909T104731Z-c4aff136/checkpoint_probes/steps_000262272/probe_iteration_000008_steps_000262272.json,m1_minus_m2,post_final_layer_norm,saved,-0.018405113809077944,0.19972408367727737,0.19611457264807092,1.0184051138090782,0.1912197029146232,0.19972408367727737,1.044474395854758,-0.008504380762654168,10000,0.18474770899025855,0.21415055575600903,10000,10000,16,200,held_out_environment_trajectory_fixed_probe
variant_2,20260909T104731Z-c4aff136,2,half,intermediate,262272,8,iteration_000008_steps_000262272,experiments/gol_reward_state_action_symmetry_cycle_1/variant_2/results/20260909T104731Z-c4aff136/checkpoint_probes/steps_000262272/probe_iteration_000008_steps_000262272.json,e_minus_s,post_final_layer_norm,saved,0.02287072023379355,0.24641265109964275,0.2521801937596229,0.9771292797662066,0.24783586127313537,0.24641265109964275,0.9942574485944787,0.0014232101734926172,10000,0.235625468774865,0.2560413956409284,10000,10000,16,200,held_out_environment_trajectory_fixed_probe
variant_2,20260909T104731Z-c4aff136,2,half,intermediate,262272,8,iteration_000008_steps_000262272,experiments/gol_reward_state_action_symmetry_cycle_1/variant_2/results/20260909T104731Z-c4aff136/checkpoint_probes/steps_000262272/probe_iteration_000008_steps_000262272.json,fine_belief,categorical_plus_marginals,saved,0.43643192643341355,0.053742257191021374,0.09536071986993358,0.5635680735665864,0.07012129784909457,0.053742257191021374,0.7664184611454009,0.016379040658073198,10000,,,10000,10000,,,
variant_2,20260909T104731Z-c4aff136,2,half,intermediate,262272,8,iteration_000008_steps_000262272,experiments/gol_reward_state_action_symmetry_cycle_1/variant_2/results/20260909T104731Z-c4aff136/checkpoint_probes/steps_000262272/probe_iteration_000008_steps_000262272.json,coarse_belief,categorical_plus_marginals,saved,0.6566376203663926,0.04143620985776368,0.12067778043121416,0.34336237963360744,0.07178468153010538,0.04143620985776368,0.5772291382303616,0.030348471672341698,10000,,,10000,10000,,,
variant_2,20260909T104731Z-c4aff136,2,half,intermediate,262272,8,iteration_000008_steps_000262272,experiments/gol_reward_state_action_symmetry_cycle_1/variant_2/results/20260909T104731Z-c4aff136/checkpoint_probes/steps_000262272/probe_iteration_000008_steps_000262272.json,m1_minus_m2,categorical_plus_marginals,saved,0.0754343446625444,0.18132079838158874,0.19611457264807092,0.9245656553374556,0.1912197029146232,0.18132079838158874,0.948232821293242,0.009898904533034464,10000,,,10000,10000,,,
variant_2,20260909T104731Z-c4aff136,2,half,intermediate,262272,8,iteration_000008_steps_000262272,experiments/gol_reward_state_action_symmetry_cycle_1/variant_2/results/20260909T104731Z-c4aff136/checkpoint_probes/steps_000262272/probe_iteration_000008_steps_000262272.json,e_minus_s,categorical_plus_marginals,saved,0.014128526748762193,0.2486172591465821,0.2521801937596229,0.9858714732512379,0.24783586127313537,0.2486172591465821,1.0031528846125524,-0.0007813978734467208,10000,,,10000,10000,,,
variant_2,20260909T104731Z-c4aff136,2,half,intermediate,262272,8,iteration_000008_steps_000262272,experiments/gol_reward_state_action_symmetry_cycle_1/variant_2/results/20260909T104731Z-c4aff136/checkpoint_probes/steps_000262272/probe_iteration_000008_steps_000262272.json,fine_belief,combined_marginals,saved,0.4266768975874077,0.05467250376412845,0.09536071986993358,0.5733231024125922,0.07012129784909457,0.05467250376412845,0.7796847097979719,0.01544879408496612,10000,,,10000,10000,,,
variant_2,20260909T104731Z-c4aff136,2,half,intermediate,262272,8,iteration_000008_steps_000262272,experiments/gol_reward_state_action_symmetry_cycle_1/variant_2/results/20260909T104731Z-c4aff136/checkpoint_probes/steps_000262272/probe_iteration_000008_steps_000262272.json,coarse_belief,combined_marginals,saved,0.6520839944001818,0.04198573133227994,0.12067778043121416,0.3479160055998182,0.07178468153010538,0.04198573133227994,0.5848842738777322,0.02979895019782544,10000,,,10000,10000,,,
variant_2,20260909T104731Z-c4aff136,2,half,intermediate,262272,8,iteration_000008_steps_000262272,experiments/gol_reward_state_action_symmetry_cycle_1/variant_2/results/20260909T104731Z-c4aff136/checkpoint_probes/steps_000262272/probe_iteration_000008_steps_000262272.json,m1_minus_m2,combined_marginals,saved,0.05429953717836433,0.18546564211934796,0.19611457264807092,0.9457004628216357,0.1912197029146232,0.18546564211934796,0.9699086406496283,0.00575406079527524,10000,,,10000,10000,,,
variant_2,20260909T104731Z-c4aff136,2,half,intermediate,262272,8,iteration_000008_steps_000262272,experiments/gol_reward_state_action_symmetry_cycle_1/variant_2/results/20260909T104731Z-c4aff136/checkpoint_probes/steps_000262272/probe_iteration_000008_steps_000262272.json,e_minus_s,combined_marginals,saved,0.0010540310957044552,0.25191438799367954,0.2521801937596229,0.9989459689042958,0.24783586127313537,0.25191438799367954,1.0164565640323104,-0.004078526720544179,10000,,,10000,10000,,,
variant_2,20260909T104731Z-c4aff136,2,half,intermediate,262272,8,iteration_000008_steps_000262272,experiments/gol_reward_state_action_symmetry_cycle_1/variant_2/results/20260909T104731Z-c4aff136/checkpoint_probes/steps_000262272/probe_iteration_000008_steps_000262272.json,fine_belief,next_reward,saved,0.4266768975773344,0.05467250376508905,0.09536071986993358,0.5733231024226656,0.07012129784909457,0.05467250376508905,0.779684709811671,0.01544879408400552,10000,,,10000,10000,,,
variant_2,20260909T104731Z-c4aff136,2,half,intermediate,262272,8,iteration_000008_steps_000262272,experiments/gol_reward_state_action_symmetry_cycle_1/variant_2/results/20260909T104731Z-c4aff136/checkpoint_probes/steps_000262272/probe_iteration_000008_steps_000262272.json,coarse_belief,next_reward,saved,0.6520839943996855,0.04198573133233984,0.12067778043121416,0.3479160056003146,0.07178468153010538,0.04198573133233984,0.5848842738785667,0.029798950197765538,10000,,,10000,10000,,,
variant_2,20260909T104731Z-c4aff136,2,half,intermediate,262272,8,iteration_000008_steps_000262272,experiments/gol_reward_state_action_symmetry_cycle_1/variant_2/results/20260909T104731Z-c4aff136/checkpoint_probes/steps_000262272/probe_iteration_000008_steps_000262272.json,m1_minus_m2,next_reward,saved,0.05429953714101221,0.18546564212667327,0.19611457264807092,0.9457004628589879,0.1912197029146232,0.18546564212667327,0.9699086406879367,0.005754060787949933,10000,,,10000,10000,,,
variant_2,20260909T104731Z-c4aff136,2,half,intermediate,262272,8,iteration_000008_steps_000262272,experiments/gol_reward_state_action_symmetry_cycle_1/variant_2/results/20260909T104731Z-c4aff136/checkpoint_probes/steps_000262272/probe_iteration_000008_steps_000262272.json,e_minus_s,next_reward,saved,0.0010540310942790398,0.251914387994039,0.2521801937596229,0.9989459689057211,0.24783586127313537,0.251914387994039,1.0164565640337608,-0.004078526720903614,10000,,,10000,10000,,,
variant_2,20260909T104731Z-c4aff136,2,half,intermediate,262272,8,iteration_000008_steps_000262272,experiments/gol_reward_state_action_symmetry_cycle_1/variant_2/results/20260909T104731Z-c4aff136/checkpoint_probes/steps_000262272/probe_iteration_000008_steps_000262272.json,fine_belief,next_token,saved,0.42667689758702154,0.05467250376416528,0.09536071986993358,0.5733231024129785,0.07012129784909457,0.05467250376416528,0.779684709798497,0.015448794084929295,10000,,,10000,10000,,,
variant_2,20260909T104731Z-c4aff136,2,half,intermediate,262272,8,iteration_000008_steps_000262272,experiments/gol_reward_state_action_symmetry_cycle_1/variant_2/results/20260909T104731Z-c4aff136/checkpoint_probes/steps_000262272/probe_iteration_000008_steps_000262272.json,coarse_belief,next_token,saved,0.6520839944001628,0.041985731332282235,0.12067778043121416,0.34791600559983726,0.07178468153010538,0.041985731332282235,0.5848842738777642,0.029798950197823144,10000,,,10000,10000,,,
variant_2,20260909T104731Z-c4aff136,2,half,intermediate,262272,8,iteration_000008_steps_000262272,experiments/gol_reward_state_action_symmetry_cycle_1/variant_2/results/20260909T104731Z-c4aff136/checkpoint_probes/steps_000262272/probe_iteration_000008_steps_000262272.json,m1_minus_m2,next_token,saved,0.05429953717693248,0.18546564211962877,0.19611457264807092,0.9457004628230675,0.1912197029146232,0.18546564211962877,0.9699086406510968,0.005754060794994437,10000,,,10000,10000,,,
variant_2,20260909T104731Z-c4aff136,2,half,intermediate,262272,8,iteration_000008_steps_000262272,experiments/gol_reward_state_action_symmetry_cycle_1/variant_2/results/20260909T104731Z-c4aff136/checkpoint_probes/steps_000262272/probe_iteration_000008_steps_000262272.json,e_minus_s,next_token,saved,0.0010540310956498322,0.2519143879936933,0.2521801937596229,0.9989459689043503,0.24783586127313537,0.2519143879936933,1.0164565640323662,-0.004078526720557946,10000,,,10000,10000,,,
variant_2,20260909T104731Z-c4aff136,2,half,intermediate,262272,8,iteration_000008_steps_000262272,experiments/gol_reward_state_action_symmetry_cycle_1/variant_2/results/20260909T104731Z-c4aff136/checkpoint_probes/steps_000262272/probe_iteration_000008_steps_000262272.json,fine_belief,previous_action_latest_token,saved,0.2613258076026356,0.07044050273635448,0.09536071986993358,0.7386741923973643,0.07012129784909457,0.07044050273635448,1.0045521816773395,-0.0003192048872599079,10000,,,10000,10000,,,
variant_2,20260909T104731Z-c4aff136,2,half,intermediate,262272,8,iteration_000008_steps_000262272,experiments/gol_reward_state_action_symmetry_cycle_1/variant_2/results/20260909T104731Z-c4aff136/checkpoint_probes/steps_000262272/probe_iteration_000008_steps_000262272.json,coarse_belief,previous_action_latest_token,saved,0.4047067849702576,0.07183866389555081,0.12067778043121416,0.5952932150297424,0.07178468153010538,0.07183866389555081,1.000752003969298,-5.398236544543189e-05,10000,,,10000,10000,,,
variant_2,20260909T104731Z-c4aff136,2,half,intermediate,262272,8,iteration_000008_steps_000262272,experiments/gol_reward_state_action_symmetry_cycle_1/variant_2/results/20260909T104731Z-c4aff136/checkpoint_probes/steps_000262272/probe_iteration_000008_steps_000262272.json,m1_minus_m2,previous_action_latest_token,saved,0.013401508474957247,0.19348634154066519,0.19611457264807092,0.9865984915250428,0.1912197029146232,0.19348634154066519,1.0118535830329891,-0.0022666386260419835,10000,,,10000,10000,,,
variant_2,20260909T104731Z-c4aff136,2,half,intermediate,262272,8,iteration_000008_steps_000262272,experiments/gol_reward_state_action_symmetry_cycle_1/variant_2/results/20260909T104731Z-c4aff136/checkpoint_probes/steps_000262272/probe_iteration_000008_steps_000262272.json,e_minus_s,previous_action_latest_token,saved,0.01638161742257327,0.2480490743039024,0.2521801937596229,0.9836183825774268,0.24783586127313537,0.2480490743039024,1.0008602993516424,-0.00021321303076704545,10000,,,10000,10000,,,
variant_2,20260909T104731Z-c4aff136,2,half,intermediate,262272,8,iteration_000008_steps_000262272,experiments/gol_reward_state_action_symmetry_cycle_1/variant_2/results/20260909T104731Z-c4aff136/checkpoint_probes/steps_000262272/probe_iteration_000008_steps_000262272.json,fine_belief,shuffled_history_broken_alignment,saved,-0.03110344699063705,0.09832676696539705,0.09536071986993358,1.031103446990637,0.07012129784909457,0.09832676696539705,1.4022382640007949,-0.02820546911630248,10000,,,10000,10000,,,
variant_2,20260909T104731Z-c4aff136,2,half,intermediate,262272,8,iteration_000008_steps_000262272,experiments/gol_reward_state_action_symmetry_cycle_1/variant_2/results/20260909T104731Z-c4aff136/checkpoint_probes/steps_000262272/probe_iteration_000008_steps_000262272.json,coarse_belief,shuffled_history_broken_alignment,saved,-0.019287163877676372,0.12300531255878523,0.12067778043121416,1.0192871638776764,0.07178468153010538,0.12300531255878523,1.7135314935847241,-0.05122063102867985,10000,,,10000,10000,,,
variant_2,20260909T104731Z-c4aff136,2,half,intermediate,262272,8,iteration_000008_steps_000262272,experiments/gol_reward_state_action_symmetry_cycle_1/variant_2/results/20260909T104731Z-c4aff136/checkpoint_probes/steps_000262272/probe_iteration_000008_steps_000262272.json,m1_minus_m2,shuffled_history_broken_alignment,saved,-0.06958629202302902,0.20976145857033113,0.19611457264807092,1.069586292023029,0.1912197029146232,0.20976145857033113,1.0969657173036533,-0.018541755655707925,10000,,,10000,10000,,,
variant_2,20260909T104731Z-c4aff136,2,half,intermediate,262272,8,iteration_000008_steps_000262272,experiments/gol_reward_state_action_symmetry_cycle_1/variant_2/results/20260909T104731Z-c4aff136/checkpoint_probes/steps_000262272/probe_iteration_000008_steps_000262272.json,e_minus_s,shuffled_history_broken_alignment,saved,-0.00917632332257834,0.2544942807531117,0.2521801937596229,1.0091763233225786,0.24783586127313537,0.2544942807531117,1.0268662470627614,-0.006658419479976335,10000,,,10000,10000,,,
variant_2,20260909T104731Z-c4aff136,2,half,intermediate,262272,8,iteration_000008_steps_000262272,experiments/gol_reward_state_action_symmetry_cycle_1/variant_2/results/20260909T104731Z-c4aff136/checkpoint_probes/steps_000262272/probe_iteration_000008_steps_000262272.json,fine_belief,single_permuted_training_labels,saved,-0.005683214423225724,0.09590267528850757,0.09536071986993358,1.0056832144232257,0.07012129784909457,0.09590267528850757,1.3676682866722767,-0.025781377439413,10000,,,10000,10000,,,
variant_2,20260909T104731Z-c4aff136,2,half,intermediate,262272,8,iteration_000008_steps_000262272,experiments/gol_reward_state_action_symmetry_cycle_1/variant_2/results/20260909T104731Z-c4aff136/checkpoint_probes/steps_000262272/probe_iteration_000008_steps_000262272.json,coarse_belief,single_permuted_training_labels,saved,-0.000823228536267484,0.12077712582375856,0.12067778043121416,1.0008232285362675,0.07178468153010538,0.12077712582375856,1.6824916298208625,-0.04899244429365318,10000,,,10000,10000,,,
variant_2,20260909T104731Z-c4aff136,2,half,intermediate,262272,8,iteration_000008_steps_000262272,experiments/gol_reward_state_action_symmetry_cycle_1/variant_2/results/20260909T104731Z-c4aff136/checkpoint_probes/steps_000262272/probe_iteration_000008_steps_000262272.json,m1_minus_m2,single_permuted_training_labels,saved,-0.017887897447760537,0.199622650011611,0.19611457264807092,1.0178878974477605,0.1912197029146232,0.199622650011611,1.043943939713888,-0.0084029470969878,10000,,,10000,10000,,,
variant_2,20260909T104731Z-c4aff136,2,half,intermediate,262272,8,iteration_000008_steps_000262272,experiments/gol_reward_state_action_symmetry_cycle_1/variant_2/results/20260909T104731Z-c4aff136/checkpoint_probes/steps_000262272/probe_iteration_000008_steps_000262272.json,e_minus_s,single_permuted_training_labels,saved,-0.0051175836824495224,0.25347074700424416,0.2521801937596229,1.0051175836824497,0.24783586127313537,0.25347074700424416,1.0227363614860348,-0.005634885731108791,10000,,,10000,10000,,,
variant_2,20260909T104731Z-c4aff136,2,half,intermediate,262272,8,iteration_000008_steps_000262272,experiments/gol_reward_state_action_symmetry_cycle_1/variant_2/results/20260909T104731Z-c4aff136/checkpoint_probes/steps_000262272/probe_iteration_000008_steps_000262272.json,fine_belief,log_next_token,not_fitted_or_saved,,,,,,,,,,,,,,,,
variant_2,20260909T104731Z-c4aff136,2,half,intermediate,262272,8,iteration_000008_steps_000262272,experiments/gol_reward_state_action_symmetry_cycle_1/variant_2/results/20260909T104731Z-c4aff136/checkpoint_probes/steps_000262272/probe_iteration_000008_steps_000262272.json,coarse_belief,log_next_token,not_fitted_or_saved,,,,,,,,,,,,,,,,
variant_2,20260909T104731Z-c4aff136,2,half,intermediate,262272,8,iteration_000008_steps_000262272,experiments/gol_reward_state_action_symmetry_cycle_1/variant_2/results/20260909T104731Z-c4aff136/checkpoint_probes/steps_000262272/probe_iteration_000008_steps_000262272.json,m1_minus_m2,log_next_token,not_fitted_or_saved,,,,,,,,,,,,,,,,
variant_2,20260909T104731Z-c4aff136,2,half,intermediate,262272,8,iteration_000008_steps_000262272,experiments/gol_reward_state_action_symmetry_cycle_1/variant_2/results/20260909T104731Z-c4aff136/checkpoint_probes/steps_000262272/probe_iteration_000008_steps_000262272.json,e_minus_s,log_next_token,not_fitted_or_saved,,,,,,,,,,,,,,,,
variant_2,20260909T104731Z-c4aff136,2,half,intermediate,524544,16,iteration_000016_steps_000524544,experiments/gol_reward_state_action_symmetry_cycle_1/variant_2/results/20260909T104731Z-c4aff136/checkpoint_probes/steps_000524544/probe_iteration_000016_steps_000524544.json,fine_belief,post_final_layer_norm,saved,0.38117837993528203,0.0532485240763379,0.08604826067772008,0.618821620064718,0.06336176063256652,0.0532485240763379,0.840388959282949,0.010113236556228616,10000,0.050154650874239315,0.05608285194326778,10000,10000,16,200,held_out_environment_trajectory_fixed_probe
variant_2,20260909T104731Z-c4aff136,2,half,intermediate,524544,16,iteration_000016_steps_000524544,experiments/gol_reward_state_action_symmetry_cycle_1/variant_2/results/20260909T104731Z-c4aff136/checkpoint_probes/steps_000524544/probe_iteration_000016_steps_000524544.json,coarse_belief,post_final_layer_norm,saved,0.5703982643313636,0.04876484173433553,0.11351174282021338,0.4296017356686363,0.06987361052780018,0.04876484173433553,0.6979007005074365,0.021108768793464648,10000,0.046152448950127656,0.05160528887475284,10000,10000,16,200,held_out_environment_trajectory_fixed_probe
variant_2,20260909T104731Z-c4aff136,2,half,intermediate,524544,16,iteration_000016_steps_000524544,experiments/gol_reward_state_action_symmetry_cycle_1/variant_2/results/20260909T104731Z-c4aff136/checkpoint_probes/steps_000524544/probe_iteration_000016_steps_000524544.json,m1_minus_m2,post_final_layer_norm,saved,0.004612089371052064,0.14801528014358278,0.148701102919823,0.995387910628948,0.14335957477350908,0.14801528014358278,1.0324757197238423,-0.004655705370073704,10000,0.13226779064412744,0.16807668161294728,10000,10000,16,200,held_out_environment_trajectory_fixed_probe
variant_2,20260909T104731Z-c4aff136,2,half,intermediate,524544,16,iteration_000016_steps_000524544,experiments/gol_reward_state_action_symmetry_cycle_1/variant_2/results/20260909T104731Z-c4aff136/checkpoint_probes/steps_000524544/probe_iteration_000016_steps_000524544.json,e_minus_s,post_final_layer_norm,saved,0.031813743131798855,0.24874063658933482,0.25691403366325183,0.9681862568682011,0.2521202045274668,0.24874063658933482,0.9865954101359464,0.0033795679381319887,10000,0.2361779760241843,0.26367023436941295,10000,10000,16,200,held_out_environment_trajectory_fixed_probe
variant_2,20260909T104731Z-c4aff136,2,half,intermediate,524544,16,iteration_000016_steps_000524544,experiments/gol_reward_state_action_symmetry_cycle_1/variant_2/results/20260909T104731Z-c4aff136/checkpoint_probes/steps_000524544/probe_iteration_000016_steps_000524544.json,fine_belief,categorical_plus_marginals,saved,0.43665654227747974,0.0484747247011956,0.08604826067772008,0.5633434577225203,0.06336176063256652,0.0484747247011956,0.7650469970728794,0.014887035931370918,10000,,,10000,10000,,,
variant_2,20260909T104731Z-c4aff136,2,half,intermediate,524544,16,iteration_000016_steps_000524544,experiments/gol_reward_state_action_symmetry_cycle_1/variant_2/results/20260909T104731Z-c4aff136/checkpoint_probes/steps_000524544/probe_iteration_000016_steps_000524544.json,coarse_belief,categorical_plus_marginals,saved,0.6299294723123308,0.04200735056422336,0.11351174282021338,0.3700705276876692,0.06987361052780018,0.04200735056422336,0.6011904959098995,0.02786625996357682,10000,,,10000,10000,,,
variant_2,20260909T104731Z-c4aff136,2,half,intermediate,524544,16,iteration_000016_steps_000524544,experiments/gol_reward_state_action_symmetry_cycle_1/variant_2/results/20260909T104731Z-c4aff136/checkpoint_probes/steps_000524544/probe_iteration_000016_steps_000524544.json,m1_minus_m2,categorical_plus_marginals,saved,0.08707002464251679,0.1357536942242246,0.148701102919823,0.9129299753574832,0.14335957477350908,0.1357536942242246,0.9469454303188268,0.007605880549284488,10000,,,10000,10000,,,
variant_2,20260909T104731Z-c4aff136,2,half,intermediate,524544,16,iteration_000016_steps_000524544,experiments/gol_reward_state_action_symmetry_cycle_1/variant_2/results/20260909T104731Z-c4aff136/checkpoint_probes/steps_000524544/probe_iteration_000016_steps_000524544.json,e_minus_s,categorical_plus_marginals,saved,0.018955485648148418,0.25204410338534017,0.25691403366325183,0.9810445143518517,0.2521202045274668,0.25204410338534017,0.9996981553213108,7.610114212663888e-05,10000,,,10000,10000,,,
variant_2,20260909T104731Z-c4aff136,2,half,intermediate,524544,16,iteration_000016_steps_000524544,experiments/gol_reward_state_action_symmetry_cycle_1/variant_2/results/20260909T104731Z-c4aff136/checkpoint_probes/steps_000524544/probe_iteration_000016_steps_000524544.json,fine_belief,combined_marginals,saved,0.4271613255907801,0.04929177158184417,0.08604826067772008,0.5728386744092199,0.06336176063256652,0.04929177158184417,0.7779419493673178,0.014069989050722348,10000,,,10000,10000,,,
variant_2,20260909T104731Z-c4aff136,2,half,intermediate,524544,16,iteration_000016_steps_000524544,experiments/gol_reward_state_action_symmetry_cycle_1/variant_2/results/20260909T104731Z-c4aff136/checkpoint_probes/steps_000524544/probe_iteration_000016_steps_000524544.json,coarse_belief,combined_marginals,saved,0.6243399289851463,0.042641829368861156,0.11351174282021338,0.3756600710148536,0.06987361052780018,0.042641829368861156,0.6102708740361358,0.027231781158939025,10000,,,10000,10000,,,
variant_2,20260909T104731Z-c4aff136,2,half,intermediate,524544,16,iteration_000016_steps_000524544,experiments/gol_reward_state_action_symmetry_cycle_1/variant_2/results/20260909T104731Z-c4aff136/checkpoint_probes/steps_000524544/probe_iteration_000016_steps_000524544.json,m1_minus_m2,combined_marginals,saved,0.06871439604416407,0.13848319644158627,0.148701102919823,0.9312856039558359,0.14335957477350908,0.13848319644158627,0.9659849832867675,0.004876378331922809,10000,,,10000,10000,,,
variant_2,20260909T104731Z-c4aff136,2,half,intermediate,524544,16,iteration_000016_steps_000524544,experiments/gol_reward_state_action_symmetry_cycle_1/variant_2/results/20260909T104731Z-c4aff136/checkpoint_probes/steps_000524544/probe_iteration_000016_steps_000524544.json,e_minus_s,combined_marginals,saved,0.00413779440121298,0.255850976213167,0.25691403366325183,0.995862205598787,0.2521202045274668,0.255850976213167,1.0147975910645184,-0.003730771685700185,10000,,,10000,10000,,,
variant_2,20260909T104731Z-c4aff136,2,half,intermediate,524544,16,iteration_000016_steps_000524544,experiments/gol_reward_state_action_symmetry_cycle_1/variant_2/results/20260909T104731Z-c4aff136/checkpoint_probes/steps_000524544/probe_iteration_000016_steps_000524544.json,fine_belief,next_reward,saved,0.42716132557686626,0.04929177158304143,0.08604826067772008,0.5728386744231337,0.06336176063256652,0.04929177158304143,0.7779419493862134,0.014069989049525083,10000,,,10000,10000,,,
variant_2,20260909T104731Z-c4aff136,2,half,intermediate,524544,16,iteration_000016_steps_000524544,experiments/gol_reward_state_action_symmetry_cycle_1/variant_2/results/20260909T104731Z-c4aff136/checkpoint_probes/steps_000524544/probe_iteration_000016_steps_000524544.json,coarse_belief,next_reward,saved,0.6243399289840041,0.042641829368990816,0.11351174282021338,0.37566007101599586,0.06987361052780018,0.042641829368990816,0.6102708740379914,0.027231781158809365,10000,,,10000,10000,,,
variant_2,20260909T104731Z-c4aff136,2,half,intermediate,524544,16,iteration_000016_steps_000524544,experiments/gol_reward_state_action_symmetry_cycle_1/variant_2/results/20260909T104731Z-c4aff136/checkpoint_probes/steps_000524544/probe_iteration_000016_steps_000524544.json,m1_minus_m2,next_reward,saved,0.06871439598498319,0.13848319645038654,0.148701102919823,0.9312856040150168,0.14335957477350908,0.13848319645038654,0.9659849833481535,0.004876378323122543,10000,,,10000,10000,,,
variant_2,20260909T104731Z-c4aff136,2,half,intermediate,524544,16,iteration_000016_steps_000524544,experiments/gol_reward_state_action_symmetry_cycle_1/variant_2/results/20260909T104731Z-c4aff136/checkpoint_probes/steps_000524544/probe_iteration_000016_steps_000524544.json,e_minus_s,next_reward,saved,0.0041377943981851795,0.25585097621394487,0.25691403366325183,0.9958622056018148,0.2521202045274668,0.25585097621394487,1.0147975910676037,-0.0037307716864780627,10000,,,10000,10000,,,
variant_2,20260909T104731Z-c4aff136,2,half,intermediate,524544,16,iteration_000016_steps_000524544,experiments/gol_reward_state_action_symmetry_cycle_1/variant_2/results/20260909T104731Z-c4aff136/checkpoint_probes/steps_000524544/probe_iteration_000016_steps_000524544.json,fine_belief,next_token,saved,0.4271613255902468,0.04929177158189007,0.08604826067772008,0.5728386744097533,0.06336176063256652,0.04929177158189007,0.7779419493680422,0.014069989050676447,10000,,,10000,10000,,,
variant_2,20260909T104731Z-c4aff136,2,half,intermediate,524544,16,iteration_000016_steps_000524544,experiments/gol_reward_state_action_symmetry_cycle_1/variant_2/results/20260909T104731Z-c4aff136/checkpoint_probes/steps_000524544/probe_iteration_000016_steps_000524544.json,coarse_belief,next_token,saved,0.6243399289851026,0.04264182936886613,0.11351174282021338,0.3756600710148974,0.06987361052780018,0.04264182936886613,0.610270874036207,0.02723178115893405,10000,,,10000,10000,,,
variant_2,20260909T104731Z-c4aff136,2,half,intermediate,524544,16,iteration_000016_steps_000524544,experiments/gol_reward_state_action_symmetry_cycle_1/variant_2/results/20260909T104731Z-c4aff136/checkpoint_probes/steps_000524544/probe_iteration_000016_steps_000524544.json,m1_minus_m2,next_token,saved,0.068714396041895,0.1384831964419237,0.148701102919823,0.931285603958105,0.14335957477350908,0.1384831964419237,0.9659849832891212,0.004876378331585385,10000,,,10000,10000,,,
variant_2,20260909T104731Z-c4aff136,2,half,intermediate,524544,16,iteration_000016_steps_000524544,experiments/gol_reward_state_action_symmetry_cycle_1/variant_2/results/20260909T104731Z-c4aff136/checkpoint_probes/steps_000524544/probe_iteration_000016_steps_000524544.json,e_minus_s,next_token,saved,0.00413779440109685,0.2558509762131968,0.25691403366325183,0.995862205598903,0.2521202045274668,0.2558509762131968,1.0147975910646365,-0.0037307716857299944,10000,,,10000,10000,,,
variant_2,20260909T104731Z-c4aff136,2,half,intermediate,524544,16,iteration_000016_steps_000524544,experiments/gol_reward_state_action_symmetry_cycle_1/variant_2/results/20260909T104731Z-c4aff136/checkpoint_probes/steps_000524544/probe_iteration_000016_steps_000524544.json,fine_belief,previous_action_latest_token,saved,0.26010495316938875,0.06366668186383434,0.08604826067772008,0.7398950468306112,0.06336176063256652,0.06366668186383434,1.0048123857074625,-0.000304921231267824,10000,,,10000,10000,,,
variant_2,20260909T104731Z-c4aff136,2,half,intermediate,524544,16,iteration_000016_steps_000524544,experiments/gol_reward_state_action_symmetry_cycle_1/variant_2/results/20260909T104731Z-c4aff136/checkpoint_probes/steps_000524544/probe_iteration_000016_steps_000524544.json,coarse_belief,previous_action_latest_token,saved,0.38382427758230964,0.06994318013513606,0.11351174282021338,0.6161757224176904,0.06987361052780018,0.06994318013513606,1.0009956492416863,-6.956960733588147e-05,10000,,,10000,10000,,,
variant_2,20260909T104731Z-c4aff136,2,half,intermediate,524544,16,iteration_000016_steps_000524544,experiments/gol_reward_state_action_symmetry_cycle_1/variant_2/results/20260909T104731Z-c4aff136/checkpoint_probes/steps_000524544/probe_iteration_000016_steps_000524544.json,m1_minus_m2,previous_action_latest_token,saved,0.021983546150315836,0.14543212536118222,0.148701102919823,0.9780164538496843,0.14335957477350908,0.14543212536118222,1.014457008476396,-0.0020725505876731387,10000,,,10000,10000,,,
variant_2,20260909T104731Z-c4aff136,2,half,intermediate,524544,16,iteration_000016_steps_000524544,experiments/gol_reward_state_action_symmetry_cycle_1/variant_2/results/20260909T104731Z-c4aff136/checkpoint_probes/steps_000524544/probe_iteration_000016_steps_000524544.json,e_minus_s,previous_action_latest_token,saved,0.01762537675284237,0.25238582702684464,0.25691403366325183,0.9823746232471579,0.2521202045274668,0.25238582702684464,1.0010535549892785,-0.0002656224993778378,10000,,,10000,10000,,,
variant_2,20260909T104731Z-c4aff136,2,half,intermediate,524544,16,iteration_000016_steps_000524544,experiments/gol_reward_state_action_symmetry_cycle_1/variant_2/results/20260909T104731Z-c4aff136/checkpoint_probes/steps_000524544/probe_iteration_000016_steps_000524544.json,fine_belief,shuffled_history_broken_alignment,saved,-0.02203458612646858,0.08794429848865612,0.08604826067772008,1.0220345861264686,0.06336176063256652,0.08794429848865612,1.387971192887824,-0.024582537856089604,10000,,,10000,10000,,,
variant_2,20260909T104731Z-c4aff136,2,half,intermediate,524544,16,iteration_000016_steps_000524544,experiments/gol_reward_state_action_symmetry_cycle_1/variant_2/results/20260909T104731Z-c4aff136/checkpoint_probes/steps_000524544/probe_iteration_000016_steps_000524544.json,coarse_belief,shuffled_history_broken_alignment,saved,-0.011446344011699194,0.11481103727790107,0.11351174282021338,1.0114463440116992,0.06987361052780018,0.11481103727790107,1.6431244415546826,-0.04493742675010089,10000,,,10000,10000,,,
variant_2,20260909T104731Z-c4aff136,2,half,intermediate,524544,16,iteration_000016_steps_000524544,experiments/gol_reward_state_action_symmetry_cycle_1/variant_2/results/20260909T104731Z-c4aff136/checkpoint_probes/steps_000524544/probe_iteration_000016_steps_000524544.json,m1_minus_m2,shuffled_history_broken_alignment,saved,-0.06348620379772174,0.1581415714447369,0.148701102919823,1.063486203797722,0.14335957477350908,0.1581415714447369,1.1031113317305914,-0.014781996671227815,10000,,,10000,10000,,,
variant_2,20260909T104731Z-c4aff136,2,half,intermediate,524544,16,iteration_000016_steps_000524544,experiments/gol_reward_state_action_symmetry_cycle_1/variant_2/results/20260909T104731Z-c4aff136/checkpoint_probes/steps_000524544/probe_iteration_000016_steps_000524544.json,e_minus_s,shuffled_history_broken_alignment,saved,-0.0061965022804368886,0.25850600205872243,0.25691403366325183,1.0061965022804369,0.2521202045274668,0.25850600205872243,1.0253283847013535,-0.0063857975312556214,10000,,,10000,10000,,,
variant_2,20260909T104731Z-c4aff136,2,half,intermediate,524544,16,iteration_000016_steps_000524544,experiments/gol_reward_state_action_symmetry_cycle_1/variant_2/results/20260909T104731Z-c4aff136/checkpoint_probes/steps_000524544/probe_iteration_000016_steps_000524544.json,fine_belief,single_permuted_training_labels,saved,-0.004696497120954657,0.08645238608625613,0.08604826067772008,1.0046964971209544,0.06336176063256652,0.08645238608625613,1.3644252499167702,-0.023090625453689617,10000,,,10000,10000,,,
variant_2,20260909T104731Z-c4aff136,2,half,intermediate,524544,16,iteration_000016_steps_000524544,experiments/gol_reward_state_action_symmetry_cycle_1/variant_2/results/20260909T104731Z-c4aff136/checkpoint_probes/steps_000524544/probe_iteration_000016_steps_000524544.json,coarse_belief,single_permuted_training_labels,saved,0.000298717786148317,0.11347783484369629,0.11351174282021338,0.9997012822138517,0.06987361052780018,0.11347783484369629,1.6240442419752672,-0.04360422431589611,10000,,,10000,10000,,,
variant_2,20260909T104731Z-c4aff136,2,half,intermediate,524544,16,iteration_000016_steps_000524544,experiments/gol_reward_state_action_symmetry_cycle_1/variant_2/results/20260909T104731Z-c4aff136/checkpoint_probes/steps_000524544/probe_iteration_000016_steps_000524544.json,m1_minus_m2,single_permuted_training_labels,saved,-0.017075855441065046,0.15124030145720885,0.148701102919823,1.0170758554410653,0.14335957477350908,0.15124030145720885,1.0549717498545206,-0.007880726683699768,10000,,,10000,10000,,,
variant_2,20260909T104731Z-c4aff136,2,half,intermediate,524544,16,iteration_000016_steps_000524544,experiments/gol_reward_state_action_symmetry_cycle_1/variant_2/results/20260909T104731Z-c4aff136/checkpoint_probes/steps_000524544/probe_iteration_000016_steps_000524544.json,e_minus_s,single_permuted_training_labels,saved,-0.009685379484473788,0.25940234357416736,0.25691403366325183,1.009685379484474,0.2521202045274668,0.25940234357416736,1.0288835996319652,-0.007282139046700553,10000,,,10000,10000,,,
variant_2,20260909T104731Z-c4aff136,2,half,intermediate,524544,16,iteration_000016_steps_000524544,experiments/gol_reward_state_action_symmetry_cycle_1/variant_2/results/20260909T104731Z-c4aff136/checkpoint_probes/steps_000524544/probe_iteration_000016_steps_000524544.json,fine_belief,log_next_token,not_fitted_or_saved,,,,,,,,,,,,,,,,
variant_2,20260909T104731Z-c4aff136,2,half,intermediate,524544,16,iteration_000016_steps_000524544,experiments/gol_reward_state_action_symmetry_cycle_1/variant_2/results/20260909T104731Z-c4aff136/checkpoint_probes/steps_000524544/probe_iteration_000016_steps_000524544.json,coarse_belief,log_next_token,not_fitted_or_saved,,,,,,,,,,,,,,,,
variant_2,20260909T104731Z-c4aff136,2,half,intermediate,524544,16,iteration_000016_steps_000524544,experiments/gol_reward_state_action_symmetry_cycle_1/variant_2/results/20260909T104731Z-c4aff136/checkpoint_probes/steps_000524544/probe_iteration_000016_steps_000524544.json,m1_minus_m2,log_next_token,not_fitted_or_saved,,,,,,,,,,,,,,,,
variant_2,20260909T104731Z-c4aff136,2,half,intermediate,524544,16,iteration_000016_steps_000524544,experiments/gol_reward_state_action_symmetry_cycle_1/variant_2/results/20260909T104731Z-c4aff136/checkpoint_probes/steps_000524544/probe_iteration_000016_steps_000524544.json,e_minus_s,log_next_token,not_fitted_or_saved,,,,,,,,,,,,,,,,
variant_2,20260909T104731Z-c4aff136,2,half,intermediate,1049088,32,iteration_000032_steps_001049088,experiments/gol_reward_state_action_symmetry_cycle_1/variant_2/results/20260909T104731Z-c4aff136/checkpoint_probes/steps_001049088/probe_iteration_000032_steps_001049088.json,fine_belief,post_final_layer_norm,saved,0.36720305386026286,0.04678988344956936,0.073941386308835,0.6327969461397371,0.05196307816330781,0.04678988344956936,0.900444798564852,0.005173194713738449,10000,0.04335244565392784,0.04962587994686802,10000,10000,16,200,held_out_environment_trajectory_fixed_probe
variant_2,20260909T104731Z-c4aff136,2,half,intermediate,1049088,32,iteration_000032_steps_001049088,experiments/gol_reward_state_action_symmetry_cycle_1/variant_2/results/20260909T104731Z-c4aff136/checkpoint_probes/steps_001049088/probe_iteration_000032_steps_001049088.json,coarse_belief,post_final_layer_norm,saved,0.5294725380174115,0.047397403380986185,0.10073249110960518,0.4705274619825885,0.05893068409798056,0.047397403380986185,0.8042907376093128,0.011533280716994374,10000,0.04446494754668269,0.05067626142305059,10000,10000,16,200,held_out_environment_trajectory_fixed_probe
variant_2,20260909T104731Z-c4aff136,2,half,intermediate,1049088,32,iteration_000032_steps_001049088,experiments/gol_reward_state_action_symmetry_cycle_1/variant_2/results/20260909T104731Z-c4aff136/checkpoint_probes/steps_001049088/probe_iteration_000032_steps_001049088.json,m1_minus_m2,post_final_layer_norm,saved,0.015608695623756441,0.10241144442102246,0.10403529974892976,0.9843913043762436,0.09845608283192805,0.10241144442102246,1.0401738671225271,-0.003955361589094403,10000,0.08803604130043308,0.1179095010986817,10000,10000,16,200,held_out_environment_trajectory_fixed_probe
variant_2,20260909T104731Z-c4aff136,2,half,intermediate,1049088,32,iteration_000032_steps_001049088,experiments/gol_reward_state_action_symmetry_cycle_1/variant_2/results/20260909T104731Z-c4aff136/checkpoint_probes/steps_001049088/probe_iteration_000032_steps_001049088.json,e_minus_s,post_final_layer_norm,saved,0.026580673666106502,0.24695402895476332,0.25369747884998883,0.9734193263338935,0.24457741824783658,0.24695402895476332,1.0097172123409957,-0.0023766107069267406,10000,0.2314891310697499,0.2646430960796075,10000,10000,16,200,held_out_environment_trajectory_fixed_probe
variant_2,20260909T104731Z-c4aff136,2,half,intermediate,1049088,32,iteration_000032_steps_001049088,experiments/gol_reward_state_action_symmetry_cycle_1/variant_2/results/20260909T104731Z-c4aff136/checkpoint_probes/steps_001049088/probe_iteration_000032_steps_001049088.json,fine_belief,categorical_plus_marginals,saved,0.4364550927385282,0.041669291690197084,0.073941386308835,0.5635449072614719,0.05196307816330781,0.041669291690197084,0.8019019111847115,0.010293786473110723,10000,,,10000,10000,,,
variant_2,20260909T104731Z-c4aff136,2,half,intermediate,1049088,32,iteration_000032_steps_001049088,experiments/gol_reward_state_action_symmetry_cycle_1/variant_2/results/20260909T104731Z-c4aff136/checkpoint_probes/steps_001049088/probe_iteration_000032_steps_001049088.json,coarse_belief,categorical_plus_marginals,saved,0.598511155728038,0.04044297143623106,0.10073249110960518,0.4014888442719619,0.05893068409798056,0.04044297143623106,0.6862803657427246,0.0184877126617495,10000,,,10000,10000,,,
variant_2,20260909T104731Z-c4aff136,2,half,intermediate,1049088,32,iteration_000032_steps_001049088,experiments/gol_reward_state_action_symmetry_cycle_1/variant_2/results/20260909T104731Z-c4aff136/checkpoint_probes/steps_001049088/probe_iteration_000032_steps_001049088.json,m1_minus_m2,categorical_plus_marginals,saved,0.12821412421486011,0.09069650490419029,0.10403529974892976,0.87178587578514,0.09845608283192805,0.09069650490419029,0.9211874197657859,0.007759577927737765,10000,,,10000,10000,,,
variant_2,20260909T104731Z-c4aff136,2,half,intermediate,1049088,32,iteration_000032_steps_001049088,experiments/gol_reward_state_action_symmetry_cycle_1/variant_2/results/20260909T104731Z-c4aff136/checkpoint_probes/steps_001049088/probe_iteration_000032_steps_001049088.json,e_minus_s,categorical_plus_marginals,saved,0.0435150175029142,0.24265782861738636,0.25369747884998883,0.9564849824970858,0.24457741824783658,0.24265782861738636,0.9921514028392227,0.0019195896304502191,10000,,,10000,10000,,,
variant_2,20260909T104731Z-c4aff136,2,half,intermediate,1049088,32,iteration_000032_steps_001049088,experiments/gol_reward_state_action_symmetry_cycle_1/variant_2/results/20260909T104731Z-c4aff136/checkpoint_probes/steps_001049088/probe_iteration_000032_steps_001049088.json,fine_belief,combined_marginals,saved,0.41765511052606985,0.04305938843756769,0.073941386308835,0.5823448894739301,0.05196307816330781,0.04305938843756769,0.8286535355400251,0.00890368972574012,10000,,,10000,10000,,,
variant_2,20260909T104731Z-c4aff136,2,half,intermediate,1049088,32,iteration_000032_steps_001049088,experiments/gol_reward_state_action_symmetry_cycle_1/variant_2/results/20260909T104731Z-c4aff136/checkpoint_probes/steps_001049088/probe_iteration_000032_steps_001049088.json,coarse_belief,combined_marginals,saved,0.5833618639609552,0.04196899733447555,0.10073249110960518,0.41663813603904476,0.05893068409798056,0.04196899733447555,0.712175634423252,0.016961686763505006,10000,,,10000,10000,,,
variant_2,20260909T104731Z-c4aff136,2,half,intermediate,1049088,32,iteration_000032_steps_001049088,experiments/gol_reward_state_action_symmetry_cycle_1/variant_2/results/20260909T104731Z-c4aff136/checkpoint_probes/steps_001049088/probe_iteration_000032_steps_001049088.json,m1_minus_m2,combined_marginals,saved,0.10932997052626403,0.09266112349368823,0.10403529974892976,0.890670029473736,0.09845608283192805,0.09266112349368823,0.9411416829559199,0.005794959338239827,10000,,,10000,10000,,,
variant_2,20260909T104731Z-c4aff136,2,half,intermediate,1049088,32,iteration_000032_steps_001049088,experiments/gol_reward_state_action_symmetry_cycle_1/variant_2/results/20260909T104731Z-c4aff136/checkpoint_probes/steps_001049088/probe_iteration_000032_steps_001049088.json,e_minus_s,combined_marginals,saved,0.007424176431210405,0.25181398400685323,0.25369747884998883,0.9925758235687895,0.24457741824783658,0.25181398400685323,1.029588037239332,-0.0072365657590166554,10000,,,10000,10000,,,
variant_2,20260909T104731Z-c4aff136,2,half,intermediate,1049088,32,iteration_000032_steps_001049088,experiments/gol_reward_state_action_symmetry_cycle_1/variant_2/results/20260909T104731Z-c4aff136/checkpoint_probes/steps_001049088/probe_iteration_000032_steps_001049088.json,fine_belief,next_reward,saved,0.4176551105130655,0.04305938843852925,0.073941386308835,0.5823448894869345,0.05196307816330781,0.04305938843852925,0.8286535355585298,0.008903689724778556,10000,,,10000,10000,,,
variant_2,20260909T104731Z-c4aff136,2,half,intermediate,1049088,32,iteration_000032_steps_001049088,experiments/gol_reward_state_action_symmetry_cycle_1/variant_2/results/20260909T104731Z-c4aff136/checkpoint_probes/steps_001049088/probe_iteration_000032_steps_001049088.json,coarse_belief,next_reward,saved,0.5833618639586264,0.041968997334710136,0.10073249110960518,0.41663813604137356,0.05893068409798056,0.041968997334710136,0.7121756344272326,0.016961686763270423,10000,,,10000,10000,,,
variant_2,20260909T104731Z-c4aff136,2,half,intermediate,1049088,32,iteration_000032_steps_001049088,experiments/gol_reward_state_action_symmetry_cycle_1/variant_2/results/20260909T104731Z-c4aff136/checkpoint_probes/steps_001049088/probe_iteration_000032_steps_001049088.json,m1_minus_m2,next_reward,saved,0.10932997046585191,0.09266112349997323,0.10403529974892976,0.8906700295341482,0.09845608283192805,0.09266112349997323,0.9411416830197555,0.005794959331954827,10000,,,10000,10000,,,
variant_2,20260909T104731Z-c4aff136,2,half,intermediate,1049088,32,iteration_000032_steps_001049088,experiments/gol_reward_state_action_symmetry_cycle_1/variant_2/results/20260909T104731Z-c4aff136/checkpoint_probes/steps_001049088/probe_iteration_000032_steps_001049088.json,e_minus_s,next_reward,saved,0.007424176425662066,0.2518139840082608,0.25369747884998883,0.9925758235743378,0.24457741824783658,0.2518139840082608,1.0295880372450872,-0.007236565760424252,10000,,,10000,10000,,,
variant_2,20260909T104731Z-c4aff136,2,half,intermediate,1049088,32,iteration_000032_steps_001049088,experiments/gol_reward_state_action_symmetry_cycle_1/variant_2/results/20260909T104731Z-c4aff136/checkpoint_probes/steps_001049088/probe_iteration_000032_steps_001049088.json,fine_belief,next_token,saved,0.41765511052557136,0.04305938843760455,0.073941386308835,0.5823448894744286,0.05196307816330781,0.04305938843760455,0.8286535355407344,0.00890368972570326,10000,,,10000,10000,,,
variant_2,20260909T104731Z-c4aff136,2,half,intermediate,1049088,32,iteration_000032_steps_001049088,experiments/gol_reward_state_action_symmetry_cycle_1/variant_2/results/20260909T104731Z-c4aff136/checkpoint_probes/steps_001049088/probe_iteration_000032_steps_001049088.json,coarse_belief,next_token,saved,0.583361863960866,0.041968997334484545,0.10073249110960518,0.4166381360391341,0.05893068409798056,0.041968997334484545,0.7121756344234046,0.016961686763496013,10000,,,10000,10000,,,
variant_2,20260909T104731Z-c4aff136,2,half,intermediate,1049088,32,iteration_000032_steps_001049088,experiments/gol_reward_state_action_symmetry_cycle_1/variant_2/results/20260909T104731Z-c4aff136/checkpoint_probes/steps_001049088/probe_iteration_000032_steps_001049088.json,m1_minus_m2,next_token,saved,0.10932997052394788,0.09266112349392919,0.10403529974892976,0.8906700294760521,0.09845608283192805,0.09266112349392919,0.9411416829583673,0.005794959337998867,10000,,,10000,10000,,,
variant_2,20260909T104731Z-c4aff136,2,half,intermediate,1049088,32,iteration_000032_steps_001049088,experiments/gol_reward_state_action_symmetry_cycle_1/variant_2/results/20260909T104731Z-c4aff136/checkpoint_probes/steps_001049088/probe_iteration_000032_steps_001049088.json,e_minus_s,next_token,saved,0.0074241764309975755,0.25181398400690724,0.25369747884998883,0.9925758235690024,0.24457741824783658,0.25181398400690724,1.0295880372395527,-0.007236565759070668,10000,,,10000,10000,,,
variant_2,20260909T104731Z-c4aff136,2,half,intermediate,1049088,32,iteration_000032_steps_001049088,experiments/gol_reward_state_action_symmetry_cycle_1/variant_2/results/20260909T104731Z-c4aff136/checkpoint_probes/steps_001049088/probe_iteration_000032_steps_001049088.json,fine_belief,previous_action_latest_token,saved,0.2951959529321727,0.05211418831627254,0.073941386308835,0.7048040470678273,0.05196307816330781,0.05211418831627254,1.002908029283597,-0.00015111015296473407,10000,,,10000,10000,,,
variant_2,20260909T104731Z-c4aff136,2,half,intermediate,1049088,32,iteration_000032_steps_001049088,experiments/gol_reward_state_action_symmetry_cycle_1/variant_2/results/20260909T104731Z-c4aff136/checkpoint_probes/steps_001049088/probe_iteration_000032_steps_001049088.json,coarse_belief,previous_action_latest_token,saved,0.41379247552972254,0.059050144247085885,0.10073249110960518,0.5862075244702775,0.05893068409798056,0.059050144247085885,1.0020271298549106,-0.0001194601491053271,10000,,,10000,10000,,,
variant_2,20260909T104731Z-c4aff136,2,half,intermediate,1049088,32,iteration_000032_steps_001049088,experiments/gol_reward_state_action_symmetry_cycle_1/variant_2/results/20260909T104731Z-c4aff136/checkpoint_probes/steps_001049088/probe_iteration_000032_steps_001049088.json,m1_minus_m2,previous_action_latest_token,saved,0.04823531638880152,0.09901712414993633,0.10403529974892976,0.9517646836111984,0.09845608283192805,0.09901712414993633,1.0056983916267115,-0.0005610413180082707,10000,,,10000,10000,,,
variant_2,20260909T104731Z-c4aff136,2,half,intermediate,1049088,32,iteration_000032_steps_001049088,experiments/gol_reward_state_action_symmetry_cycle_1/variant_2/results/20260909T104731Z-c4aff136/checkpoint_probes/steps_001049088/probe_iteration_000032_steps_001049088.json,e_minus_s,previous_action_latest_token,saved,0.03393830602226333,0.2450874161757012,0.25369747884998883,0.9660616939777366,0.24457741824783658,0.2450874161757012,1.0020852208332163,-0.0005099979278646305,10000,,,10000,10000,,,
variant_2,20260909T104731Z-c4aff136,2,half,intermediate,1049088,32,iteration_000032_steps_001049088,experiments/gol_reward_state_action_symmetry_cycle_1/variant_2/results/20260909T104731Z-c4aff136/checkpoint_probes/steps_001049088/probe_iteration_000032_steps_001049088.json,fine_belief,shuffled_history_broken_alignment,saved,-0.02762928811493537,0.07598433417477954,0.073941386308835,1.0276292881149354,0.05196307816330781,0.07598433417477954,1.4622754628965309,-0.02402125601147173,10000,,,10000,10000,,,
variant_2,20260909T104731Z-c4aff136,2,half,intermediate,1049088,32,iteration_000032_steps_001049088,experiments/gol_reward_state_action_symmetry_cycle_1/variant_2/results/20260909T104731Z-c4aff136/checkpoint_probes/steps_001049088/probe_iteration_000032_steps_001049088.json,coarse_belief,shuffled_history_broken_alignment,saved,-0.025125279902069808,0.10326342314396676,0.10073249110960518,1.0251252799020698,0.05893068409798056,0.10326342314396676,1.7522861769647333,-0.044332739045986204,10000,,,10000,10000,,,
variant_2,20260909T104731Z-c4aff136,2,half,intermediate,1049088,32,iteration_000032_steps_001049088,experiments/gol_reward_state_action_symmetry_cycle_1/variant_2/results/20260909T104731Z-c4aff136/checkpoint_probes/steps_001049088/probe_iteration_000032_steps_001049088.json,m1_minus_m2,shuffled_history_broken_alignment,saved,-0.052399038994857206,0.10948664947731558,0.10403529974892976,1.0523990389948572,0.09845608283192805,0.10948664947731558,1.1120354002323811,-0.011030566645387527,10000,,,10000,10000,,,
variant_2,20260909T104731Z-c4aff136,2,half,intermediate,1049088,32,iteration_000032_steps_001049088,experiments/gol_reward_state_action_symmetry_cycle_1/variant_2/results/20260909T104731Z-c4aff136/checkpoint_probes/steps_001049088/probe_iteration_000032_steps_001049088.json,e_minus_s,shuffled_history_broken_alignment,saved,-0.009087655090718183,0.2560029940351623,0.25369747884998883,1.0090876550907182,0.24457741824783658,0.2560029940351623,1.0467155793416214,-0.011425575787325726,10000,,,10000,10000,,,
variant_2,20260909T104731Z-c4aff136,2,half,intermediate,1049088,32,iteration_000032_steps_001049088,experiments/gol_reward_state_action_symmetry_cycle_1/variant_2/results/20260909T104731Z-c4aff136/checkpoint_probes/steps_001049088/probe_iteration_000032_steps_001049088.json,fine_belief,single_permuted_training_labels,saved,-0.010260713797938914,0.07470007771157279,0.073941386308835,1.010260713797939,0.05196307816330781,0.07470007771157279,1.4375606748470118,-0.022736999548264983,10000,,,10000,10000,,,
variant_2,20260909T104731Z-c4aff136,2,half,intermediate,1049088,32,iteration_000032_steps_001049088,experiments/gol_reward_state_action_symmetry_cycle_1/variant_2/results/20260909T104731Z-c4aff136/checkpoint_probes/steps_001049088/probe_iteration_000032_steps_001049088.json,coarse_belief,single_permuted_training_labels,saved,-0.008670790152220054,0.10160592140152692,0.10073249110960518,1.0086707901522198,0.05893068409798056,0.10160592140152692,1.7241598830346645,-0.042675237303546366,10000,,,10000,10000,,,
variant_2,20260909T104731Z-c4aff136,2,half,intermediate,1049088,32,iteration_000032_steps_001049088,experiments/gol_reward_state_action_symmetry_cycle_1/variant_2/results/20260909T104731Z-c4aff136/checkpoint_probes/steps_001049088/probe_iteration_000032_steps_001049088.json,m1_minus_m2,single_permuted_training_labels,saved,-0.015987449748658733,0.10569855887575243,0.10403529974892976,1.0159874497486587,0.09845608283192805,0.10569855887575243,1.0735604732130957,-0.007242476043824372,10000,,,10000,10000,,,
variant_2,20260909T104731Z-c4aff136,2,half,intermediate,1049088,32,iteration_000032_steps_001049088,experiments/gol_reward_state_action_symmetry_cycle_1/variant_2/results/20260909T104731Z-c4aff136/checkpoint_probes/steps_001049088/probe_iteration_000032_steps_001049088.json,e_minus_s,single_permuted_training_labels,saved,-0.010791012959923574,0.256435131632159,0.25369747884998883,1.0107910129599236,0.24457741824783658,0.256435131632159,1.0484824538147126,-0.0118577133843224,10000,,,10000,10000,,,
variant_2,20260909T104731Z-c4aff136,2,half,intermediate,1049088,32,iteration_000032_steps_001049088,experiments/gol_reward_state_action_symmetry_cycle_1/variant_2/results/20260909T104731Z-c4aff136/checkpoint_probes/steps_001049088/probe_iteration_000032_steps_001049088.json,fine_belief,log_next_token,not_fitted_or_saved,,,,,,,,,,,,,,,,
variant_2,20260909T104731Z-c4aff136,2,half,intermediate,1049088,32,iteration_000032_steps_001049088,experiments/gol_reward_state_action_symmetry_cycle_1/variant_2/results/20260909T104731Z-c4aff136/checkpoint_probes/steps_001049088/probe_iteration_000032_steps_001049088.json,coarse_belief,log_next_token,not_fitted_or_saved,,,,,,,,,,,,,,,,
variant_2,20260909T104731Z-c4aff136,2,half,intermediate,1049088,32,iteration_000032_steps_001049088,experiments/gol_reward_state_action_symmetry_cycle_1/variant_2/results/20260909T104731Z-c4aff136/checkpoint_probes/steps_001049088/probe_iteration_000032_steps_001049088.json,m1_minus_m2,log_next_token,not_fitted_or_saved,,,,,,,,,,,,,,,,
variant_2,20260909T104731Z-c4aff136,2,half,intermediate,1049088,32,iteration_000032_steps_001049088,experiments/gol_reward_state_action_symmetry_cycle_1/variant_2/results/20260909T104731Z-c4aff136/checkpoint_probes/steps_001049088/probe_iteration_000032_steps_001049088.json,e_minus_s,log_next_token,not_fitted_or_saved,,,,,,,,,,,,,,,,
variant_2,20260909T104731Z-c4aff136,2,half,intermediate,2098176,64,iteration_000064_steps_002098176,experiments/gol_reward_state_action_symmetry_cycle_1/variant_2/results/20260909T104731Z-c4aff136/checkpoint_probes/steps_002098176/probe_iteration_000064_steps_002098176.json,fine_belief,post_final_layer_norm,saved,0.3835903773019216,0.04631838424038976,0.07514221474617833,0.6164096226980783,0.05316184019124416,0.04631838424038976,0.8712712741651572,0.0068434559508544004,10000,0.04256616983984772,0.04944143710627758,10000,10000,16,200,held_out_environment_trajectory_fixed_probe
variant_2,20260909T104731Z-c4aff136,2,half,intermediate,2098176,64,iteration_000064_steps_002098176,experiments/gol_reward_state_action_symmetry_cycle_1/variant_2/results/20260909T104731Z-c4aff136/checkpoint_probes/steps_002098176/probe_iteration_000064_steps_002098176.json,coarse_belief,post_final_layer_norm,saved,0.5292421370505298,0.0490146231117497,0.10411854367052983,0.4707578629494701,0.062233448106089294,0.0490146231117497,0.7875929199390418,0.013218824994339594,10000,0.04524368617050907,0.05257505275489494,10000,10000,16,200,held_out_environment_trajectory_fixed_probe
variant_2,20260909T104731Z-c4aff136,2,half,intermediate,2098176,64,iteration_000064_steps_002098176,experiments/gol_reward_state_action_symmetry_cycle_1/variant_2/results/20260909T104731Z-c4aff136/checkpoint_probes/steps_002098176/probe_iteration_000064_steps_002098176.json,m1_minus_m2,post_final_layer_norm,saved,0.06375791313792456,0.09125725668713533,0.09747185900710219,0.9362420868620753,0.09296908205415907,0.09125725668713533,0.981587154253857,0.0017118253670237449,10000,0.07813967062709753,0.10585753192411733,10000,10000,16,200,held_out_environment_trajectory_fixed_probe
variant_2,20260909T104731Z-c4aff136,2,half,intermediate,2098176,64,iteration_000064_steps_002098176,experiments/gol_reward_state_action_symmetry_cycle_1/variant_2/results/20260909T104731Z-c4aff136/checkpoint_probes/steps_002098176/probe_iteration_000064_steps_002098176.json,e_minus_s,post_final_layer_norm,saved,0.04542129818818286,0.24969397436695182,0.2615750528406151,0.954578701811817,0.2501755411543109,0.24969397436695182,0.9980750844581483,0.0004815667873590834,10000,0.23004466970433907,0.2681165671257738,10000,10000,16,200,held_out_environment_trajectory_fixed_probe
variant_2,20260909T104731Z-c4aff136,2,half,intermediate,2098176,64,iteration_000064_steps_002098176,experiments/gol_reward_state_action_symmetry_cycle_1/variant_2/results/20260909T104731Z-c4aff136/checkpoint_probes/steps_002098176/probe_iteration_000064_steps_002098176.json,fine_belief,categorical_plus_marginals,saved,0.44939676960017383,0.041373546178643236,0.07514221474617833,0.5506032303998261,0.05316184019124416,0.041373546178643236,0.7782564717437589,0.011788294012600925,10000,,,10000,10000,,,
variant_2,20260909T104731Z-c4aff136,2,half,intermediate,2098176,64,iteration_000064_steps_002098176,experiments/gol_reward_state_action_symmetry_cycle_1/variant_2/results/20260909T104731Z-c4aff136/checkpoint_probes/steps_002098176/probe_iteration_000064_steps_002098176.json,coarse_belief,categorical_plus_marginals,saved,0.6054364921523608,0.04108137782263186,0.10411854367052983,0.39456350784763916,0.062233448106089294,0.04108137782263186,0.6601173335695698,0.021152070283457433,10000,,,10000,10000,,,
variant_2,20260909T104731Z-c4aff136,2,half,intermediate,2098176,64,iteration_000064_steps_002098176,experiments/gol_reward_state_action_symmetry_cycle_1/variant_2/results/20260909T104731Z-c4aff136/checkpoint_probes/steps_002098176/probe_iteration_000064_steps_002098176.json,m1_minus_m2,categorical_plus_marginals,saved,0.13308206743858508,0.08450010249335475,0.09747185900710219,0.8669179325614149,0.09296908205415907,0.08450010249335475,0.9089054191599878,0.008468979560804321,10000,,,10000,10000,,,
variant_2,20260909T104731Z-c4aff136,2,half,intermediate,2098176,64,iteration_000064_steps_002098176,experiments/gol_reward_state_action_symmetry_cycle_1/variant_2/results/20260909T104731Z-c4aff136/checkpoint_probes/steps_002098176/probe_iteration_000064_steps_002098176.json,e_minus_s,categorical_plus_marginals,saved,0.05767670020893256,0.2464882669357912,0.2615750528406151,0.9423232997910672,0.2501755411543109,0.2464882669357912,0.9852612521531617,0.0036872742185196927,10000,,,10000,10000,,,
variant_2,20260909T104731Z-c4aff136,2,half,intermediate,2098176,64,iteration_000064_steps_002098176,experiments/gol_reward_state_action_symmetry_cycle_1/variant_2/results/20260909T104731Z-c4aff136/checkpoint_probes/steps_002098176/probe_iteration_000064_steps_002098176.json,fine_belief,combined_marginals,saved,0.42533563050289014,0.043181553459728995,0.07514221474617833,0.5746643694971099,0.05316184019124416,0.043181553459728995,0.8122659656698841,0.009980286731515166,10000,,,10000,10000,,,
variant_2,20260909T104731Z-c4aff136,2,half,intermediate,2098176,64,iteration_000064_steps_002098176,experiments/gol_reward_state_action_symmetry_cycle_1/variant_2/results/20260909T104731Z-c4aff136/checkpoint_probes/steps_002098176/probe_iteration_000064_steps_002098176.json,coarse_belief,combined_marginals,saved,0.5847811786723012,0.043231978981233925,0.10411854367052983,0.4152188213276987,0.062233448106089294,0.043231978981233925,0.694674331840595,0.01900146912485537,10000,,,10000,10000,,,
variant_2,20260909T104731Z-c4aff136,2,half,intermediate,2098176,64,iteration_000064_steps_002098176,experiments/gol_reward_state_action_symmetry_cycle_1/variant_2/results/20260909T104731Z-c4aff136/checkpoint_probes/steps_002098176/probe_iteration_000064_steps_002098176.json,m1_minus_m2,combined_marginals,saved,0.11707281807195524,0.08606055379042843,0.09747185900710219,0.8829271819280446,0.09296908205415907,0.08606055379042843,0.9256900454313823,0.0069085282637306455,10000,,,10000,10000,,,
variant_2,20260909T104731Z-c4aff136,2,half,intermediate,2098176,64,iteration_000064_steps_002098176,experiments/gol_reward_state_action_symmetry_cycle_1/variant_2/results/20260909T104731Z-c4aff136/checkpoint_probes/steps_002098176/probe_iteration_000064_steps_002098176.json,e_minus_s,combined_marginals,saved,0.008346281227903596,0.2593918738874036,0.2615750528406151,0.9916537187720964,0.2501755411543109,0.2593918738874036,1.0368394635645375,-0.009216332733092691,10000,,,10000,10000,,,
variant_2,20260909T104731Z-c4aff136,2,half,intermediate,2098176,64,iteration_000064_steps_002098176,experiments/gol_reward_state_action_symmetry_cycle_1/variant_2/results/20260909T104731Z-c4aff136/checkpoint_probes/steps_002098176/probe_iteration_000064_steps_002098176.json,fine_belief,next_reward,saved,0.42533563050620604,0.043181553459479834,0.07514221474617833,0.574664369493794,0.05316184019124416,0.043181553459479834,0.8122659656651973,0.009980286731764328,10000,,,10000,10000,,,
variant_2,20260909T104731Z-c4aff136,2,half,intermediate,2098176,64,iteration_000064_steps_002098176,experiments/gol_reward_state_action_symmetry_cycle_1/variant_2/results/20260909T104731Z-c4aff136/checkpoint_probes/steps_002098176/probe_iteration_000064_steps_002098176.json,coarse_belief,next_reward,saved,0.5847811786701393,0.04323197898145903,0.10411854367052983,0.4152188213298607,0.062233448106089294,0.04323197898145903,0.6946743318442121,0.019001469124630264,10000,,,10000,10000,,,
variant_2,20260909T104731Z-c4aff136,2,half,intermediate,2098176,64,iteration_000064_steps_002098176,experiments/gol_reward_state_action_symmetry_cycle_1/variant_2/results/20260909T104731Z-c4aff136/checkpoint_probes/steps_002098176/probe_iteration_000064_steps_002098176.json,m1_minus_m2,next_reward,saved,0.11707281810626224,0.08606055378708448,0.09747185900710219,0.8829271818937378,0.09296908205415907,0.08606055378708448,0.925690045395414,0.006908528267074596,10000,,,10000,10000,,,
variant_2,20260909T104731Z-c4aff136,2,half,intermediate,2098176,64,iteration_000064_steps_002098176,experiments/gol_reward_state_action_symmetry_cycle_1/variant_2/results/20260909T104731Z-c4aff136/checkpoint_probes/steps_002098176/probe_iteration_000064_steps_002098176.json,e_minus_s,next_reward,saved,0.00834628122274006,0.25939187388875423,0.2615750528406151,0.9916537187772599,0.2501755411543109,0.25939187388875423,1.0368394635699363,-0.009216332734443333,10000,,,10000,10000,,,
variant_2,20260909T104731Z-c4aff136,2,half,intermediate,2098176,64,iteration_000064_steps_002098176,experiments/gol_reward_state_action_symmetry_cycle_1/variant_2/results/20260909T104731Z-c4aff136/checkpoint_probes/steps_002098176/probe_iteration_000064_steps_002098176.json,fine_belief,next_token,saved,0.42533563050301726,0.04318155345971945,0.07514221474617833,0.5746643694969827,0.05316184019124416,0.04318155345971945,0.8122659656697045,0.009980286731524714,10000,,,10000,10000,,,
variant_2,20260909T104731Z-c4aff136,2,half,intermediate,2098176,64,iteration_000064_steps_002098176,experiments/gol_reward_state_action_symmetry_cycle_1/variant_2/results/20260909T104731Z-c4aff136/checkpoint_probes/steps_002098176/probe_iteration_000064_steps_002098176.json,coarse_belief,next_token,saved,0.5847811786722183,0.04323197898124256,0.10411854367052983,0.41521882132778165,0.062233448106089294,0.04323197898124256,0.6946743318407338,0.019001469124846737,10000,,,10000,10000,,,
variant_2,20260909T104731Z-c4aff136,2,half,intermediate,2098176,64,iteration_000064_steps_002098176,experiments/gol_reward_state_action_symmetry_cycle_1/variant_2/results/20260909T104731Z-c4aff136/checkpoint_probes/steps_002098176/probe_iteration_000064_steps_002098176.json,m1_minus_m2,next_token,saved,0.11707281807327041,0.08606055379030024,0.09747185900710219,0.8829271819267295,0.09296908205415907,0.08606055379030024,0.9256900454300035,0.006908528263858835,10000,,,10000,10000,,,
variant_2,20260909T104731Z-c4aff136,2,half,intermediate,2098176,64,iteration_000064_steps_002098176,experiments/gol_reward_state_action_symmetry_cycle_1/variant_2/results/20260909T104731Z-c4aff136/checkpoint_probes/steps_002098176/probe_iteration_000064_steps_002098176.json,e_minus_s,next_token,saved,0.008346281227705421,0.2593918738874554,0.2615750528406151,0.9916537187722944,0.2501755411543109,0.2593918738874554,1.0368394635647444,-0.009216332733144483,10000,,,10000,10000,,,
variant_2,20260909T104731Z-c4aff136,2,half,intermediate,2098176,64,iteration_000064_steps_002098176,experiments/gol_reward_state_action_symmetry_cycle_1/variant_2/results/20260909T104731Z-c4aff136/checkpoint_probes/steps_002098176/probe_iteration_000064_steps_002098176.json,fine_belief,previous_action_latest_token,saved,0.29126642349827403,0.05325581060331969,0.07514221474617833,0.7087335765017259,0.05316184019124416,0.05325581060331969,1.0017676290312276,-9.39704120755322e-05,10000,,,10000,10000,,,
variant_2,20260909T104731Z-c4aff136,2,half,intermediate,2098176,64,iteration_000064_steps_002098176,experiments/gol_reward_state_action_symmetry_cycle_1/variant_2/results/20260909T104731Z-c4aff136/checkpoint_probes/steps_002098176/probe_iteration_000064_steps_002098176.json,coarse_belief,previous_action_latest_token,saved,0.4015244366571432,0.06231240407765817,0.10411854367052983,0.5984755633428568,0.062233448106089294,0.06231240407765817,1.0012687063624417,-7.895597156887951e-05,10000,,,10000,10000,,,
variant_2,20260909T104731Z-c4aff136,2,half,intermediate,2098176,64,iteration_000064_steps_002098176,experiments/gol_reward_state_action_symmetry_cycle_1/variant_2/results/20260909T104731Z-c4aff136/checkpoint_probes/steps_002098176/probe_iteration_000064_steps_002098176.json,m1_minus_m2,previous_action_latest_token,saved,0.042368040504101256,0.09334216733667923,0.09747185900710219,0.9576319594958986,0.09296908205415907,0.09334216733667923,1.0040130038317772,-0.00037308528252015527,10000,,,10000,10000,,,
variant_2,20260909T104731Z-c4aff136,2,half,intermediate,2098176,64,iteration_000064_steps_002098176,experiments/gol_reward_state_action_symmetry_cycle_1/variant_2/results/20260909T104731Z-c4aff136/checkpoint_probes/steps_002098176/probe_iteration_000064_steps_002098176.json,e_minus_s,previous_action_latest_token,saved,0.04285939802412775,0.2503641035377369,0.2615750528406151,0.9571406019758721,0.2501755411543109,0.2503641035377369,1.0007537202979795,-0.0001885623834260164,10000,,,10000,10000,,,
variant_2,20260909T104731Z-c4aff136,2,half,intermediate,2098176,64,iteration_000064_steps_002098176,experiments/gol_reward_state_action_symmetry_cycle_1/variant_2/results/20260909T104731Z-c4aff136/checkpoint_probes/steps_002098176/probe_iteration_000064_steps_002098176.json,fine_belief,shuffled_history_broken_alignment,saved,-0.01753339968483192,0.07645971323052654,0.07514221474617833,1.017533399684832,0.05316184019124416,0.07645971323052654,1.4382442924374084,-0.02329787303928238,10000,,,10000,10000,,,
variant_2,20260909T104731Z-c4aff136,2,half,intermediate,2098176,64,iteration_000064_steps_002098176,experiments/gol_reward_state_action_symmetry_cycle_1/variant_2/results/20260909T104731Z-c4aff136/checkpoint_probes/steps_002098176/probe_iteration_000064_steps_002098176.json,coarse_belief,shuffled_history_broken_alignment,saved,-0.017101066939950504,0.10589908185552972,0.10411854367052983,1.0171010669399505,0.062233448106089294,0.10589908185552972,1.7016425262987787,-0.04366563374944043,10000,,,10000,10000,,,
variant_2,20260909T104731Z-c4aff136,2,half,intermediate,2098176,64,iteration_000064_steps_002098176,experiments/gol_reward_state_action_symmetry_cycle_1/variant_2/results/20260909T104731Z-c4aff136/checkpoint_probes/steps_002098176/probe_iteration_000064_steps_002098176.json,m1_minus_m2,shuffled_history_broken_alignment,saved,-0.028824867327387427,0.10028147241113572,0.09747185900710219,1.0288248673273874,0.09296908205415907,0.10028147241113572,1.078654001904814,-0.007312390356976645,10000,,,10000,10000,,,
variant_2,20260909T104731Z-c4aff136,2,half,intermediate,2098176,64,iteration_000064_steps_002098176,experiments/gol_reward_state_action_symmetry_cycle_1/variant_2/results/20260909T104731Z-c4aff136/checkpoint_probes/steps_002098176/probe_iteration_000064_steps_002098176.json,e_minus_s,shuffled_history_broken_alignment,saved,-0.006975685075633953,0.26339971803287354,0.2615750528406151,1.006975685075634,0.2501755411543109,0.26339971803287354,1.052859591379502,-0.013224176878562643,10000,,,10000,10000,,,
variant_2,20260909T104731Z-c4aff136,2,half,intermediate,2098176,64,iteration_000064_steps_002098176,experiments/gol_reward_state_action_symmetry_cycle_1/variant_2/results/20260909T104731Z-c4aff136/checkpoint_probes/steps_002098176/probe_iteration_000064_steps_002098176.json,fine_belief,single_permuted_training_labels,saved,-0.009678353534376294,0.07586946766584786,0.07514221474617833,1.0096783535343763,0.05316184019124416,0.07586946766584786,1.4271414870688333,-0.022707627474603698,10000,,,10000,10000,,,
variant_2,20260909T104731Z-c4aff136,2,half,intermediate,2098176,64,iteration_000064_steps_002098176,experiments/gol_reward_state_action_symmetry_cycle_1/variant_2/results/20260909T104731Z-c4aff136/checkpoint_probes/steps_002098176/probe_iteration_000064_steps_002098176.json,coarse_belief,single_permuted_training_labels,saved,-0.008538438771380275,0.10500755348062595,0.10411854367052983,1.0085384387713803,0.062233448106089294,0.10500755348062595,1.6873169762604134,-0.04277410537453665,10000,,,10000,10000,,,
variant_2,20260909T104731Z-c4aff136,2,half,intermediate,2098176,64,iteration_000064_steps_002098176,experiments/gol_reward_state_action_symmetry_cycle_1/variant_2/results/20260909T104731Z-c4aff136/checkpoint_probes/steps_002098176/probe_iteration_000064_steps_002098176.json,m1_minus_m2,single_permuted_training_labels,saved,-0.009138621830687255,0.09836261746570214,0.09747185900710219,1.009138621830687,0.09296908205415907,0.09836261746570214,1.0580142913361354,-0.005393535411543068,10000,,,10000,10000,,,
variant_2,20260909T104731Z-c4aff136,2,half,intermediate,2098176,64,iteration_000064_steps_002098176,experiments/gol_reward_state_action_symmetry_cycle_1/variant_2/results/20260909T104731Z-c4aff136/checkpoint_probes/steps_002098176/probe_iteration_000064_steps_002098176.json,e_minus_s,single_permuted_training_labels,saved,-0.015726564633891105,0.2656887298157265,0.2615750528406151,1.015726564633891,0.2501755411543109,0.2656887298157265,1.0620092139696697,-0.0155131886614156,10000,,,10000,10000,,,
variant_2,20260909T104731Z-c4aff136,2,half,intermediate,2098176,64,iteration_000064_steps_002098176,experiments/gol_reward_state_action_symmetry_cycle_1/variant_2/results/20260909T104731Z-c4aff136/checkpoint_probes/steps_002098176/probe_iteration_000064_steps_002098176.json,fine_belief,log_next_token,not_fitted_or_saved,,,,,,,,,,,,,,,,
variant_2,20260909T104731Z-c4aff136,2,half,intermediate,2098176,64,iteration_000064_steps_002098176,experiments/gol_reward_state_action_symmetry_cycle_1/variant_2/results/20260909T104731Z-c4aff136/checkpoint_probes/steps_002098176/probe_iteration_000064_steps_002098176.json,coarse_belief,log_next_token,not_fitted_or_saved,,,,,,,,,,,,,,,,
variant_2,20260909T104731Z-c4aff136,2,half,intermediate,2098176,64,iteration_000064_steps_002098176,experiments/gol_reward_state_action_symmetry_cycle_1/variant_2/results/20260909T104731Z-c4aff136/checkpoint_probes/steps_002098176/probe_iteration_000064_steps_002098176.json,m1_minus_m2,log_next_token,not_fitted_or_saved,,,,,,,,,,,,,,,,
variant_2,20260909T104731Z-c4aff136,2,half,intermediate,2098176,64,iteration_000064_steps_002098176,experiments/gol_reward_state_action_symmetry_cycle_1/variant_2/results/20260909T104731Z-c4aff136/checkpoint_probes/steps_002098176/probe_iteration_000064_steps_002098176.json,e_minus_s,log_next_token,not_fitted_or_saved,,,,,,,,,,,,,,,,
variant_2,20260909T104731Z-c4aff136,2,half,final,2524368,77,checkpoint_000000,experiments/gol_reward_state_action_symmetry_cycle_1/variant_2/results/20260909T104731Z-c4aff136/checkpoint_probes/steps_002524368/probe_checkpoint_000000.json,fine_belief,post_final_layer_norm,saved,0.37099941956897997,0.04479442671853789,0.07121523908267731,0.62900058043102,0.049771308779962414,0.04479442671853789,0.9000049991968829,0.004976882061424527,10000,0.041422084349780224,0.04820983585288878,10000,10000,16,200,held_out_environment_trajectory_fixed_probe
variant_2,20260909T104731Z-c4aff136,2,half,final,2524368,77,checkpoint_000000,experiments/gol_reward_state_action_symmetry_cycle_1/variant_2/results/20260909T104731Z-c4aff136/checkpoint_probes/steps_002524368/probe_checkpoint_000000.json,coarse_belief,post_final_layer_norm,saved,0.508500631564606,0.04914388343234902,0.09998768378643161,0.491499368435394,0.05950856893746979,0.04914388343234902,0.8258286883690358,0.01036468550512077,10000,0.04582376416378966,0.05247843657372236,10000,10000,16,200,held_out_environment_trajectory_fixed_probe
variant_2,20260909T104731Z-c4aff136,2,half,final,2524368,77,checkpoint_000000,experiments/gol_reward_state_action_symmetry_cycle_1/variant_2/results/20260909T104731Z-c4aff136/checkpoint_probes/steps_002524368/probe_checkpoint_000000.json,m1_minus_m2,post_final_layer_norm,saved,0.06593012780175567,0.08181201605927997,0.08758661262325397,0.9340698721982443,0.08062671475369367,0.08181201605927997,1.0147010988753205,-0.001185301305586306,10000,0.06868613295264034,0.0946634919408265,10000,10000,16,200,held_out_environment_trajectory_fixed_probe
variant_2,20260909T104731Z-c4aff136,2,half,final,2524368,77,checkpoint_000000,experiments/gol_reward_state_action_symmetry_cycle_1/variant_2/results/20260909T104731Z-c4aff136/checkpoint_probes/steps_002524368/probe_checkpoint_000000.json,e_minus_s,post_final_layer_norm,saved,0.026972229343941834,0.23990359187888136,0.24655369467731408,0.9730277706560582,0.2385284392083794,0.23990359187888136,1.005765151841289,-0.0013751526705019501,10000,0.22342680726595693,0.2562756848928131,10000,10000,16,200,held_out_environment_trajectory_fixed_probe
variant_2,20260909T104731Z-c4aff136,2,half,final,2524368,77,checkpoint_000000,experiments/gol_reward_state_action_symmetry_cycle_1/variant_2/results/20260909T104731Z-c4aff136/checkpoint_probes/steps_002524368/probe_checkpoint_000000.json,fine_belief,categorical_plus_marginals,saved,0.4615712836380155,0.038344329764697774,0.07121523908267731,0.5384287163619845,0.049771308779962414,0.038344329764697774,0.770410316799524,0.01142697901526464,10000,,,10000,10000,,,
variant_2,20260909T104731Z-c4aff136,2,half,final,2524368,77,checkpoint_000000,experiments/gol_reward_state_action_symmetry_cycle_1/variant_2/results/20260909T104731Z-c4aff136/checkpoint_probes/steps_002524368/probe_checkpoint_000000.json,coarse_belief,categorical_plus_marginals,saved,0.6071347552672269,0.039281685861019586,0.09998768378643161,0.3928652447327731,0.05950856893746979,0.039281685861019586,0.6601013360327294,0.0202268830764502,10000,,,10000,10000,,,
variant_2,20260909T104731Z-c4aff136,2,half,final,2524368,77,checkpoint_000000,experiments/gol_reward_state_action_symmetry_cycle_1/variant_2/results/20260909T104731Z-c4aff136/checkpoint_probes/steps_002524368/probe_checkpoint_000000.json,m1_minus_m2,categorical_plus_marginals,saved,0.18863715785947333,0.07106452295146468,0.08758661262325397,0.8113628421405267,0.08062671475369367,0.07106452295146468,0.8814016938251732,0.00956219180222899,10000,,,10000,10000,,,
variant_2,20260909T104731Z-c4aff136,2,half,final,2524368,77,checkpoint_000000,experiments/gol_reward_state_action_symmetry_cycle_1/variant_2/results/20260909T104731Z-c4aff136/checkpoint_probes/steps_002524368/probe_checkpoint_000000.json,e_minus_s,categorical_plus_marginals,saved,0.04406171858594421,0.23569011516611746,0.24655369467731408,0.9559382814140558,0.2385284392083794,0.23569011516611746,0.9881006891602457,0.002838324042261947,10000,,,10000,10000,,,
variant_2,20260909T104731Z-c4aff136,2,half,final,2524368,77,checkpoint_000000,experiments/gol_reward_state_action_symmetry_cycle_1/variant_2/results/20260909T104731Z-c4aff136/checkpoint_probes/steps_002524368/probe_checkpoint_000000.json,fine_belief,combined_marginals,saved,0.4436194043331967,0.03962277714137381,0.07121523908267731,0.5563805956668033,0.049771308779962414,0.03962277714137381,0.7960967495660004,0.010148531638588601,10000,,,10000,10000,,,
variant_2,20260909T104731Z-c4aff136,2,half,final,2524368,77,checkpoint_000000,experiments/gol_reward_state_action_symmetry_cycle_1/variant_2/results/20260909T104731Z-c4aff136/checkpoint_probes/steps_002524368/probe_checkpoint_000000.json,coarse_belief,combined_marginals,saved,0.5924556298054016,0.04074941761595793,0.09998768378643161,0.4075443701945984,0.05950856893746979,0.04074941761595793,0.6847655445852926,0.01875915132151186,10000,,,10000,10000,,,
variant_2,20260909T104731Z-c4aff136,2,half,final,2524368,77,checkpoint_000000,experiments/gol_reward_state_action_symmetry_cycle_1/variant_2/results/20260909T104731Z-c4aff136/checkpoint_probes/steps_002524368/probe_checkpoint_000000.json,m1_minus_m2,combined_marginals,saved,0.17241106529563144,0.07248571143524296,0.08758661262325397,0.8275889347043687,0.08062671475369367,0.07248571143524296,0.8990284629192615,0.008141003318450704,10000,,,10000,10000,,,
variant_2,20260909T104731Z-c4aff136,2,half,final,2524368,77,checkpoint_000000,experiments/gol_reward_state_action_symmetry_cycle_1/variant_2/results/20260909T104731Z-c4aff136/checkpoint_probes/steps_002524368/probe_checkpoint_000000.json,e_minus_s,combined_marginals,saved,0.008343776734958008,0.24449650569574755,0.24655369467731408,0.9916562232650419,0.2385284392083794,0.24449650569574755,1.025020356093281,-0.00596806648736814,10000,,,10000,10000,,,
variant_2,20260909T104731Z-c4aff136,2,half,final,2524368,77,checkpoint_000000,experiments/gol_reward_state_action_symmetry_cycle_1/variant_2/results/20260909T104731Z-c4aff136/checkpoint_probes/steps_002524368/probe_checkpoint_000000.json,fine_belief,next_reward,saved,0.4436194043178825,0.03962277714246442,0.07121523908267731,0.5563805956821175,0.049771308779962414,0.03962277714246442,0.7960967495879128,0.010148531637497994,10000,,,10000,10000,,,
variant_2,20260909T104731Z-c4aff136,2,half,final,2524368,77,checkpoint_000000,experiments/gol_reward_state_action_symmetry_cycle_1/variant_2/results/20260909T104731Z-c4aff136/checkpoint_probes/steps_002524368/probe_checkpoint_000000.json,coarse_belief,next_reward,saved,0.5924556298029405,0.04074941761620401,0.09998768378643161,0.4075443701970595,0.05950856893746979,0.04074941761620401,0.6847655445894278,0.01875915132126578,10000,,,10000,10000,,,
variant_2,20260909T104731Z-c4aff136,2,half,final,2524368,77,checkpoint_000000,experiments/gol_reward_state_action_symmetry_cycle_1/variant_2/results/20260909T104731Z-c4aff136/checkpoint_probes/steps_002524368/probe_checkpoint_000000.json,m1_minus_m2,next_reward,saved,0.1724110652128753,0.07248571144249129,0.08758661262325397,0.8275889347871248,0.08062671475369367,0.07248571144249129,0.8990284630091613,0.008141003311202377,10000,,,10000,10000,,,
variant_2,20260909T104731Z-c4aff136,2,half,final,2524368,77,checkpoint_000000,experiments/gol_reward_state_action_symmetry_cycle_1/variant_2/results/20260909T104731Z-c4aff136/checkpoint_probes/steps_002524368/probe_checkpoint_000000.json,e_minus_s,next_reward,saved,0.008343776728969576,0.24449650569722403,0.24655369467731408,0.9916562232710304,0.2385284392083794,0.24449650569722403,1.0250203560994708,-0.0059680664888446255,10000,,,10000,10000,,,
variant_2,20260909T104731Z-c4aff136,2,half,final,2524368,77,checkpoint_000000,experiments/gol_reward_state_action_symmetry_cycle_1/variant_2/results/20260909T104731Z-c4aff136/checkpoint_probes/steps_002524368/probe_checkpoint_000000.json,fine_belief,next_token,saved,0.4436194043326096,0.03962277714141562,0.07121523908267731,0.5563805956673904,0.049771308779962414,0.03962277714141562,0.7960967495668403,0.010148531638546794,10000,,,10000,10000,,,
variant_2,20260909T104731Z-c4aff136,2,half,final,2524368,77,checkpoint_000000,experiments/gol_reward_state_action_symmetry_cycle_1/variant_2/results/20260909T104731Z-c4aff136/checkpoint_probes/steps_002524368/probe_checkpoint_000000.json,coarse_belief,next_token,saved,0.5924556298053072,0.040749417615967364,0.09998768378643161,0.40754437019469275,0.05950856893746979,0.040749417615967364,0.6847655445854512,0.018759151321502424,10000,,,10000,10000,,,
variant_2,20260909T104731Z-c4aff136,2,half,final,2524368,77,checkpoint_000000,experiments/gol_reward_state_action_symmetry_cycle_1/variant_2/results/20260909T104731Z-c4aff136/checkpoint_probes/steps_002524368/probe_checkpoint_000000.json,m1_minus_m2,next_token,saved,0.17241106529245875,0.07248571143552084,0.08758661262325397,0.8275889347075412,0.08062671475369367,0.07248571143552084,0.899028462922708,0.00814100331817283,10000,,,10000,10000,,,
variant_2,20260909T104731Z-c4aff136,2,half,final,2524368,77,checkpoint_000000,experiments/gol_reward_state_action_symmetry_cycle_1/variant_2/results/20260909T104731Z-c4aff136/checkpoint_probes/steps_002524368/probe_checkpoint_000000.json,e_minus_s,next_token,saved,0.008343776734728414,0.24449650569580417,0.24655369467731408,0.9916562232652716,0.2385284392083794,0.24449650569580417,1.0250203560935183,-0.005968066487424761,10000,,,10000,10000,,,
variant_2,20260909T104731Z-c4aff136,2,half,final,2524368,77,checkpoint_000000,experiments/gol_reward_state_action_symmetry_cycle_1/variant_2/results/20260909T104731Z-c4aff136/checkpoint_probes/steps_002524368/probe_checkpoint_000000.json,fine_belief,previous_action_latest_token,saved,0.29939548545817685,0.04989371800549901,0.07121523908267731,0.7006045145418232,0.049771308779962414,0.04989371800549901,1.0024594335278134,-0.00012240922553659328,10000,,,10000,10000,,,
variant_2,20260909T104731Z-c4aff136,2,half,final,2524368,77,checkpoint_000000,experiments/gol_reward_state_action_symmetry_cycle_1/variant_2/results/20260909T104731Z-c4aff136/checkpoint_probes/steps_002524368/probe_checkpoint_000000.json,coarse_belief,previous_action_latest_token,saved,0.4042125790673635,0.05957140424814609,0.09998768378643161,0.5957874209326366,0.05950856893746979,0.05957140424814609,1.0010559035748672,-6.283531067630133e-05,10000,,,10000,10000,,,
variant_2,20260909T104731Z-c4aff136,2,half,final,2524368,77,checkpoint_000000,experiments/gol_reward_state_action_symmetry_cycle_1/variant_2/results/20260909T104731Z-c4aff136/checkpoint_probes/steps_002524368/probe_checkpoint_000000.json,m1_minus_m2,previous_action_latest_token,saved,0.07155736251996847,0.08131914563187574,0.08758661262325397,0.9284426374800315,0.08062671475369367,0.08131914563187574,1.0085881073078244,-0.0006924308781820765,10000,,,10000,10000,,,
variant_2,20260909T104731Z-c4aff136,2,half,final,2524368,77,checkpoint_000000,experiments/gol_reward_state_action_symmetry_cycle_1/variant_2/results/20260909T104731Z-c4aff136/checkpoint_probes/steps_002524368/probe_checkpoint_000000.json,e_minus_s,previous_action_latest_token,saved,0.03211775199346423,0.2386349442585958,0.24655369467731408,0.9678822480065358,0.2385284392083794,0.2386349442585958,1.000446508812827,-0.00010650505021639334,10000,,,10000,10000,,,
variant_2,20260909T104731Z-c4aff136,2,half,final,2524368,77,checkpoint_000000,experiments/gol_reward_state_action_symmetry_cycle_1/variant_2/results/20260909T104731Z-c4aff136/checkpoint_probes/steps_002524368/probe_checkpoint_000000.json,fine_belief,shuffled_history_broken_alignment,saved,-0.024390291928818142,0.07295219955368439,0.07121523908267731,1.0243902919288181,0.049771308779962414,0.07295219955368439,1.4657480653402957,-0.02318089077372197,10000,,,10000,10000,,,
variant_2,20260909T104731Z-c4aff136,2,half,final,2524368,77,checkpoint_000000,experiments/gol_reward_state_action_symmetry_cycle_1/variant_2/results/20260909T104731Z-c4aff136/checkpoint_probes/steps_002524368/probe_checkpoint_000000.json,coarse_belief,shuffled_history_broken_alignment,saved,-0.01964356209424345,0.10195179806154996,0.09998768378643161,1.0196435620942434,0.05950856893746979,0.10195179806154996,1.713228865723162,-0.04244322912408017,10000,,,10000,10000,,,
variant_2,20260909T104731Z-c4aff136,2,half,final,2524368,77,checkpoint_000000,experiments/gol_reward_state_action_symmetry_cycle_1/variant_2/results/20260909T104731Z-c4aff136/checkpoint_probes/steps_002524368/probe_checkpoint_000000.json,m1_minus_m2,shuffled_history_broken_alignment,saved,-0.06274063941640895,0.09308185270355425,0.08758661262325397,1.062740639416409,0.08062671475369367,0.09308185270355425,1.1544790456601108,-0.012455137949860584,10000,,,10000,10000,,,
variant_2,20260909T104731Z-c4aff136,2,half,final,2524368,77,checkpoint_000000,experiments/gol_reward_state_action_symmetry_cycle_1/variant_2/results/20260909T104731Z-c4aff136/checkpoint_probes/steps_002524368/probe_checkpoint_000000.json,e_minus_s,shuffled_history_broken_alignment,saved,-0.006619084593254554,0.24818565443916268,0.24655369467731408,1.0066190845932546,0.2385284392083794,0.24818565443916268,1.040486640766331,-0.009657215230783278,10000,,,10000,10000,,,
variant_2,20260909T104731Z-c4aff136,2,half,final,2524368,77,checkpoint_000000,experiments/gol_reward_state_action_symmetry_cycle_1/variant_2/results/20260909T104731Z-c4aff136/checkpoint_probes/steps_002524368/probe_checkpoint_000000.json,fine_belief,single_permuted_training_labels,saved,-0.004383536002340538,0.0715274136471115,0.07121523908267731,1.0043835360023403,0.049771308779962414,0.0715274136471115,1.4371214139321156,-0.021756104867149087,10000,,,10000,10000,,,
variant_2,20260909T104731Z-c4aff136,2,half,final,2524368,77,checkpoint_000000,experiments/gol_reward_state_action_symmetry_cycle_1/variant_2/results/20260909T104731Z-c4aff136/checkpoint_probes/steps_002524368/probe_checkpoint_000000.json,coarse_belief,single_permuted_training_labels,saved,0.0009760816556647622,0.09989008764249527,0.09998768378643161,0.9990239183443352,0.05950856893746979,0.09989008764249527,1.6785832599580313,-0.04038151870502548,10000,,,10000,10000,,,
variant_2,20260909T104731Z-c4aff136,2,half,final,2524368,77,checkpoint_000000,experiments/gol_reward_state_action_symmetry_cycle_1/variant_2/results/20260909T104731Z-c4aff136/checkpoint_probes/steps_002524368/probe_checkpoint_000000.json,m1_minus_m2,single_permuted_training_labels,saved,-0.020426829920315415,0.08937572946260573,0.08758661262325397,1.0204268299203154,0.08062671475369367,0.08937572946260573,1.108512603243719,-0.008749014708912067,10000,,,10000,10000,,,
variant_2,20260909T104731Z-c4aff136,2,half,final,2524368,77,checkpoint_000000,experiments/gol_reward_state_action_symmetry_cycle_1/variant_2/results/20260909T104731Z-c4aff136/checkpoint_probes/steps_002524368/probe_checkpoint_000000.json,e_minus_s,single_permuted_training_labels,saved,-0.013368255381103866,0.2498496874329151,0.24655369467731408,1.0133682553811039,0.2385284392083794,0.2498496874329151,1.0474628864470346,-0.011321248224535702,10000,,,10000,10000,,,
variant_2,20260909T104731Z-c4aff136,2,half,final,2524368,77,checkpoint_000000,experiments/gol_reward_state_action_symmetry_cycle_1/variant_2/results/20260909T104731Z-c4aff136/checkpoint_probes/steps_002524368/probe_checkpoint_000000.json,fine_belief,log_next_token,not_fitted_or_saved,,,,,,,,,,,,,,,,
variant_2,20260909T104731Z-c4aff136,2,half,final,2524368,77,checkpoint_000000,experiments/gol_reward_state_action_symmetry_cycle_1/variant_2/results/20260909T104731Z-c4aff136/checkpoint_probes/steps_002524368/probe_checkpoint_000000.json,coarse_belief,log_next_token,not_fitted_or_saved,,,,,,,,,,,,,,,,
variant_2,20260909T104731Z-c4aff136,2,half,final,2524368,77,checkpoint_000000,experiments/gol_reward_state_action_symmetry_cycle_1/variant_2/results/20260909T104731Z-c4aff136/checkpoint_probes/steps_002524368/probe_checkpoint_000000.json,m1_minus_m2,log_next_token,not_fitted_or_saved,,,,,,,,,,,,,,,,
variant_2,20260909T104731Z-c4aff136,2,half,final,2524368,77,checkpoint_000000,experiments/gol_reward_state_action_symmetry_cycle_1/variant_2/results/20260909T104731Z-c4aff136/checkpoint_probes/steps_002524368/probe_checkpoint_000000.json,e_minus_s,log_next_token,not_fitted_or_saved,,,,,,,,,,,,,,,,
variant_2_quarter,20260909T111613Z-484ad76e,2,quarter,initial,0,0,initial_checkpoint,experiments/gol_reward_state_action_symmetry_cycle_1/variant_2_quarter/results/20260909T111613Z-484ad76e/checkpoint_probes/steps_000000000/probe_initial_checkpoint.json,fine_belief,post_final_layer_norm,saved,0.1472742443745173,0.09820830703598067,0.1151698613394689,0.8527257556254826,0.08960669693596587,0.09820830703598067,1.0959929379626796,-0.008601610100014798,10000,0.09223720940528794,0.10475240167782078,10000,10000,16,200,held_out_environment_trajectory_fixed_probe
variant_2_quarter,20260909T111613Z-484ad76e,2,quarter,initial,0,0,initial_checkpoint,experiments/gol_reward_state_action_symmetry_cycle_1/variant_2_quarter/results/20260909T111613Z-484ad76e/checkpoint_probes/steps_000000000/probe_initial_checkpoint.json,coarse_belief,post_final_layer_norm,saved,0.493736291024521,0.05216416803637801,0.1030375417229533,0.506263708975479,0.05435764596951627,0.05216416803637801,0.9596472971922227,0.0021934779331382603,10000,0.04835592060455718,0.055894312017575574,10000,10000,16,200,held_out_environment_trajectory_fixed_probe
variant_2_quarter,20260909T111613Z-484ad76e,2,quarter,initial,0,0,initial_checkpoint,experiments/gol_reward_state_action_symmetry_cycle_1/variant_2_quarter/results/20260909T111613Z-484ad76e/checkpoint_probes/steps_000000000/probe_initial_checkpoint.json,m1_minus_m2,post_final_layer_norm,saved,-0.1513312931217201,0.5219348275487411,0.4533315742105531,1.1513312931217201,0.4444477931644552,0.5219348275487411,1.1743445137449788,-0.07748703438428589,10000,0.46419829167697135,0.577939944146897,10000,10000,16,200,held_out_environment_trajectory_fixed_probe
variant_2_quarter,20260909T111613Z-484ad76e,2,quarter,initial,0,0,initial_checkpoint,experiments/gol_reward_state_action_symmetry_cycle_1/variant_2_quarter/results/20260909T111613Z-484ad76e/checkpoint_probes/steps_000000000/probe_initial_checkpoint.json,e_minus_s,post_final_layer_norm,saved,0.014356369738713126,0.16522486978076867,0.1676314488401541,0.9856436302612869,0.16492559533562026,0.16522486978076867,1.0018146027882415,-0.0002992744451484064,10000,0.15202849663144277,0.17933786596697338,10000,10000,16,200,held_out_environment_trajectory_fixed_probe
variant_2_quarter,20260909T111613Z-484ad76e,2,quarter,initial,0,0,initial_checkpoint,experiments/gol_reward_state_action_symmetry_cycle_1/variant_2_quarter/results/20260909T111613Z-484ad76e/checkpoint_probes/steps_000000000/probe_initial_checkpoint.json,fine_belief,categorical_plus_marginals,saved,0.34178065485726905,0.07580703071104435,0.1151698613394689,0.658219345142731,0.08960669693596587,0.07580703071104435,0.8459973785800524,0.013799666224921528,10000,,,10000,10000,,,
variant_2_quarter,20260909T111613Z-484ad76e,2,quarter,initial,0,0,initial_checkpoint,experiments/gol_reward_state_action_symmetry_cycle_1/variant_2_quarter/results/20260909T111613Z-484ad76e/checkpoint_probes/steps_000000000/probe_initial_checkpoint.json,coarse_belief,categorical_plus_marginals,saved,0.7331277047538852,0.027497865256121863,0.1030375417229533,0.2668722952461148,0.05435764596951627,0.027497865256121863,0.505869317290573,0.026859780713394406,10000,,,10000,10000,,,
variant_2_quarter,20260909T111613Z-484ad76e,2,quarter,initial,0,0,initial_checkpoint,experiments/gol_reward_state_action_symmetry_cycle_1/variant_2_quarter/results/20260909T111613Z-484ad76e/checkpoint_probes/steps_000000000/probe_initial_checkpoint.json,m1_minus_m2,categorical_plus_marginals,saved,0.026167425199950745,0.4414690541516226,0.4533315742105531,0.9738325748000494,0.4444477931644552,0.4414690541516226,0.993297887718996,0.002978739012832632,10000,,,10000,10000,,,
variant_2_quarter,20260909T111613Z-484ad76e,2,quarter,initial,0,0,initial_checkpoint,experiments/gol_reward_state_action_symmetry_cycle_1/variant_2_quarter/results/20260909T111613Z-484ad76e/checkpoint_probes/steps_000000000/probe_initial_checkpoint.json,e_minus_s,categorical_plus_marginals,saved,0.01577423163564229,0.1649871915367312,0.1676314488401541,0.9842257683643577,0.16492559533562026,0.1649871915367312,1.0003734787252736,-6.159620111093056e-05,10000,,,10000,10000,,,
variant_2_quarter,20260909T111613Z-484ad76e,2,quarter,initial,0,0,initial_checkpoint,experiments/gol_reward_state_action_symmetry_cycle_1/variant_2_quarter/results/20260909T111613Z-484ad76e/checkpoint_probes/steps_000000000/probe_initial_checkpoint.json,fine_belief,combined_marginals,saved,0.3354346189772641,0.0765379027833998,0.1151698613394689,0.6645653810227358,0.08960669693596587,0.0765379027833998,0.8541538233252229,0.01306879415256608,10000,,,10000,10000,,,
variant_2_quarter,20260909T111613Z-484ad76e,2,quarter,initial,0,0,initial_checkpoint,experiments/gol_reward_state_action_symmetry_cycle_1/variant_2_quarter/results/20260909T111613Z-484ad76e/checkpoint_probes/steps_000000000/probe_initial_checkpoint.json,coarse_belief,combined_marginals,saved,0.7289653378481086,0.027926745309842068,0.1030375417229533,0.2710346621518914,0.05435764596951627,0.027926745309842068,0.5137592846736477,0.0264309006596742,10000,,,10000,10000,,,
variant_2_quarter,20260909T111613Z-484ad76e,2,quarter,initial,0,0,initial_checkpoint,experiments/gol_reward_state_action_symmetry_cycle_1/variant_2_quarter/results/20260909T111613Z-484ad76e/checkpoint_probes/steps_000000000/probe_initial_checkpoint.json,m1_minus_m2,combined_marginals,saved,0.018946008376683032,0.4447427504081451,0.4533315742105531,0.9810539916233171,0.4444477931644552,0.4447427504081451,1.0006636487979608,-0.0002949572436898862,10000,,,10000,10000,,,
variant_2_quarter,20260909T111613Z-484ad76e,2,quarter,initial,0,0,initial_checkpoint,experiments/gol_reward_state_action_symmetry_cycle_1/variant_2_quarter/results/20260909T111613Z-484ad76e/checkpoint_probes/steps_000000000/probe_initial_checkpoint.json,e_minus_s,combined_marginals,saved,0.0004234108909325629,0.16756047185905237,0.1676314488401541,0.9995765891090674,0.16492559533562026,0.16756047185905237,1.015976152871058,-0.0026348765234321114,10000,,,10000,10000,,,
variant_2_quarter,20260909T111613Z-484ad76e,2,quarter,initial,0,0,initial_checkpoint,experiments/gol_reward_state_action_symmetry_cycle_1/variant_2_quarter/results/20260909T111613Z-484ad76e/checkpoint_probes/steps_000000000/probe_initial_checkpoint.json,fine_belief,next_reward,saved,0.3354346189651093,0.07653790278479966,0.1151698613394689,0.6645653810348906,0.08960669693596587,0.07653790278479966,0.8541538233408453,0.013068794151166213,10000,,,10000,10000,,,
variant_2_quarter,20260909T111613Z-484ad76e,2,quarter,initial,0,0,initial_checkpoint,experiments/gol_reward_state_action_symmetry_cycle_1/variant_2_quarter/results/20260909T111613Z-484ad76e/checkpoint_probes/steps_000000000/probe_initial_checkpoint.json,coarse_belief,next_reward,saved,0.7289653378482471,0.027926745309827788,0.1030375417229533,0.27103466215175287,0.05435764596951627,0.027926745309827788,0.513759284673385,0.02643090065968848,10000,,,10000,10000,,,
variant_2_quarter,20260909T111613Z-484ad76e,2,quarter,initial,0,0,initial_checkpoint,experiments/gol_reward_state_action_symmetry_cycle_1/variant_2_quarter/results/20260909T111613Z-484ad76e/checkpoint_probes/steps_000000000/probe_initial_checkpoint.json,m1_minus_m2,next_reward,saved,0.0189460083517905,0.4447427504194296,0.4533315742105531,0.9810539916482095,0.4444477931644552,0.4447427504194296,1.0006636488233507,-0.00029495725497441505,10000,,,10000,10000,,,
variant_2_quarter,20260909T111613Z-484ad76e,2,quarter,initial,0,0,initial_checkpoint,experiments/gol_reward_state_action_symmetry_cycle_1/variant_2_quarter/results/20260909T111613Z-484ad76e/checkpoint_probes/steps_000000000/probe_initial_checkpoint.json,e_minus_s,next_reward,saved,0.0004234108914437096,0.1675604718589667,0.1676314488401541,0.9995765891085563,0.16492559533562026,0.1675604718589667,1.0159761528705384,-0.00263487652334643,10000,,,10000,10000,,,
variant_2_quarter,20260909T111613Z-484ad76e,2,quarter,initial,0,0,initial_checkpoint,experiments/gol_reward_state_action_symmetry_cycle_1/variant_2_quarter/results/20260909T111613Z-484ad76e/checkpoint_probes/steps_000000000/probe_initial_checkpoint.json,fine_belief,next_token,saved,0.33543461897677584,0.07653790278345604,0.1151698613394689,0.6645653810232242,0.08960669693596587,0.07653790278345604,0.8541538233258507,0.013068794152509833,10000,,,10000,10000,,,
variant_2_quarter,20260909T111613Z-484ad76e,2,quarter,initial,0,0,initial_checkpoint,experiments/gol_reward_state_action_symmetry_cycle_1/variant_2_quarter/results/20260909T111613Z-484ad76e/checkpoint_probes/steps_000000000/probe_initial_checkpoint.json,coarse_belief,next_token,saved,0.7289653378481141,0.027926745309841492,0.1030375417229533,0.2710346621518859,0.05435764596951627,0.027926745309841492,0.5137592846736371,0.026430900659674777,10000,,,10000,10000,,,
variant_2_quarter,20260909T111613Z-484ad76e,2,quarter,initial,0,0,initial_checkpoint,experiments/gol_reward_state_action_symmetry_cycle_1/variant_2_quarter/results/20260909T111613Z-484ad76e/checkpoint_probes/steps_000000000/probe_initial_checkpoint.json,m1_minus_m2,next_token,saved,0.018946008375683276,0.4447427504085983,0.4533315742105531,0.9810539916243167,0.4444477931644552,0.4447427504085983,1.0006636487989804,-0.0002949572441430792,10000,,,10000,10000,,,
variant_2_quarter,20260909T111613Z-484ad76e,2,quarter,initial,0,0,initial_checkpoint,experiments/gol_reward_state_action_symmetry_cycle_1/variant_2_quarter/results/20260909T111613Z-484ad76e/checkpoint_probes/steps_000000000/probe_initial_checkpoint.json,e_minus_s,next_token,saved,0.000423410890952991,0.16756047185904896,0.1676314488401541,0.999576589109047,0.16492559533562026,0.16756047185904896,1.0159761528710372,-0.0026348765234286975,10000,,,10000,10000,,,
variant_2_quarter,20260909T111613Z-484ad76e,2,quarter,initial,0,0,initial_checkpoint,experiments/gol_reward_state_action_symmetry_cycle_1/variant_2_quarter/results/20260909T111613Z-484ad76e/checkpoint_probes/steps_000000000/probe_initial_checkpoint.json,fine_belief,previous_action_latest_token,saved,0.2070308760133952,0.0913261440560174,0.1151698613394689,0.7929691239866048,0.08960669693596587,0.0913261440560174,1.0191888238139195,-0.0017194471200515232,10000,,,10000,10000,,,
variant_2_quarter,20260909T111613Z-484ad76e,2,quarter,initial,0,0,initial_checkpoint,experiments/gol_reward_state_action_symmetry_cycle_1/variant_2_quarter/results/20260909T111613Z-484ad76e/checkpoint_probes/steps_000000000/probe_initial_checkpoint.json,coarse_belief,previous_action_latest_token,saved,0.47089755626197327,0.05451741512237348,0.1030375417229533,0.5291024437380267,0.05435764596951627,0.05451741512237348,1.002939221336899,-0.0001597691528572101,10000,,,10000,10000,,,
variant_2_quarter,20260909T111613Z-484ad76e,2,quarter,initial,0,0,initial_checkpoint,experiments/gol_reward_state_action_symmetry_cycle_1/variant_2_quarter/results/20260909T111613Z-484ad76e/checkpoint_probes/steps_000000000/probe_initial_checkpoint.json,m1_minus_m2,previous_action_latest_token,saved,-0.008840029149805417,0.4573390385411016,0.4533315742105531,1.0088400291498054,0.4444477931644552,0.4573390385411016,1.029005083555171,-0.012891245376646376,10000,,,10000,10000,,,
variant_2_quarter,20260909T111613Z-484ad76e,2,quarter,initial,0,0,initial_checkpoint,experiments/gol_reward_state_action_symmetry_cycle_1/variant_2_quarter/results/20260909T111613Z-484ad76e/checkpoint_probes/steps_000000000/probe_initial_checkpoint.json,e_minus_s,previous_action_latest_token,saved,0.012110427974997173,0.16560136025263097,0.1676314488401541,0.9878895720250027,0.16492559533562026,0.16560136025263097,1.00409739261899,-0.0006757649170107127,10000,,,10000,10000,,,
variant_2_quarter,20260909T111613Z-484ad76e,2,quarter,initial,0,0,initial_checkpoint,experiments/gol_reward_state_action_symmetry_cycle_1/variant_2_quarter/results/20260909T111613Z-484ad76e/checkpoint_probes/steps_000000000/probe_initial_checkpoint.json,fine_belief,shuffled_history_broken_alignment,saved,-0.08214006077246538,0.12462992074904927,0.1151698613394689,1.0821400607724654,0.08960669693596587,0.12462992074904927,1.3908549808292952,-0.0350232238130834,10000,,,10000,10000,,,
variant_2_quarter,20260909T111613Z-484ad76e,2,quarter,initial,0,0,initial_checkpoint,experiments/gol_reward_state_action_symmetry_cycle_1/variant_2_quarter/results/20260909T111613Z-484ad76e/checkpoint_probes/steps_000000000/probe_initial_checkpoint.json,coarse_belief,shuffled_history_broken_alignment,saved,-0.027546954588855144,0.10587591220574277,0.1030375417229533,1.0275469545888551,0.05435764596951627,0.10587591220574277,1.9477648510591852,-0.051518266236226504,10000,,,10000,10000,,,
variant_2_quarter,20260909T111613Z-484ad76e,2,quarter,initial,0,0,initial_checkpoint,experiments/gol_reward_state_action_symmetry_cycle_1/variant_2_quarter/results/20260909T111613Z-484ad76e/checkpoint_probes/steps_000000000/probe_initial_checkpoint.json,m1_minus_m2,shuffled_history_broken_alignment,saved,-0.14067887811671942,0.5171057514853801,0.4533315742105531,1.1406788781167194,0.4444477931644552,0.5171057514853801,1.1634791744686195,-0.07265795832092486,10000,,,10000,10000,,,
variant_2_quarter,20260909T111613Z-484ad76e,2,quarter,initial,0,0,initial_checkpoint,experiments/gol_reward_state_action_symmetry_cycle_1/variant_2_quarter/results/20260909T111613Z-484ad76e/checkpoint_probes/steps_000000000/probe_initial_checkpoint.json,e_minus_s,shuffled_history_broken_alignment,saved,-0.009893419304351836,0.16928989705212574,0.1676314488401541,1.0098934193043518,0.16492559533562026,0.16928989705212574,1.0264622462488264,-0.004364301716505481,10000,,,10000,10000,,,
variant_2_quarter,20260909T111613Z-484ad76e,2,quarter,initial,0,0,initial_checkpoint,experiments/gol_reward_state_action_symmetry_cycle_1/variant_2_quarter/results/20260909T111613Z-484ad76e/checkpoint_probes/steps_000000000/probe_initial_checkpoint.json,fine_belief,single_permuted_training_labels,saved,-0.024382917813651428,0.11797803860311878,0.1151698613394689,1.0243829178136514,0.08960669693596587,0.11797803860311878,1.316620773193185,-0.02837134166715291,10000,,,10000,10000,,,
variant_2_quarter,20260909T111613Z-484ad76e,2,quarter,initial,0,0,initial_checkpoint,experiments/gol_reward_state_action_symmetry_cycle_1/variant_2_quarter/results/20260909T111613Z-484ad76e/checkpoint_probes/steps_000000000/probe_initial_checkpoint.json,coarse_belief,single_permuted_training_labels,saved,-0.005500247286460702,0.10360427368221856,0.1030375417229533,1.0055002472864607,0.05435764596951627,0.10360427368221856,1.905974253195581,-0.04924662771270229,10000,,,10000,10000,,,
variant_2_quarter,20260909T111613Z-484ad76e,2,quarter,initial,0,0,initial_checkpoint,experiments/gol_reward_state_action_symmetry_cycle_1/variant_2_quarter/results/20260909T111613Z-484ad76e/checkpoint_probes/steps_000000000/probe_initial_checkpoint.json,m1_minus_m2,single_permuted_training_labels,saved,-0.04332865978450573,0.4729738237590966,0.4533315742105531,1.0433286597845057,0.4444477931644552,0.4729738237590966,1.0641830852427838,-0.02852603059464137,10000,,,10000,10000,,,
variant_2_quarter,20260909T111613Z-484ad76e,2,quarter,initial,0,0,initial_checkpoint,experiments/gol_reward_state_action_symmetry_cycle_1/variant_2_quarter/results/20260909T111613Z-484ad76e/checkpoint_probes/steps_000000000/probe_initial_checkpoint.json,e_minus_s,single_permuted_training_labels,saved,-0.009954708274161783,0.1693001710109329,0.1676314488401541,1.0099547082741618,0.16492559533562026,0.1693001710109329,1.0265245407567605,-0.004374575675312631,10000,,,10000,10000,,,
variant_2_quarter,20260909T111613Z-484ad76e,2,quarter,initial,0,0,initial_checkpoint,experiments/gol_reward_state_action_symmetry_cycle_1/variant_2_quarter/results/20260909T111613Z-484ad76e/checkpoint_probes/steps_000000000/probe_initial_checkpoint.json,fine_belief,log_next_token,not_fitted_or_saved,,,,,,,,,,,,,,,,
variant_2_quarter,20260909T111613Z-484ad76e,2,quarter,initial,0,0,initial_checkpoint,experiments/gol_reward_state_action_symmetry_cycle_1/variant_2_quarter/results/20260909T111613Z-484ad76e/checkpoint_probes/steps_000000000/probe_initial_checkpoint.json,coarse_belief,log_next_token,not_fitted_or_saved,,,,,,,,,,,,,,,,
variant_2_quarter,20260909T111613Z-484ad76e,2,quarter,initial,0,0,initial_checkpoint,experiments/gol_reward_state_action_symmetry_cycle_1/variant_2_quarter/results/20260909T111613Z-484ad76e/checkpoint_probes/steps_000000000/probe_initial_checkpoint.json,m1_minus_m2,log_next_token,not_fitted_or_saved,,,,,,,,,,,,,,,,
variant_2_quarter,20260909T111613Z-484ad76e,2,quarter,initial,0,0,initial_checkpoint,experiments/gol_reward_state_action_symmetry_cycle_1/variant_2_quarter/results/20260909T111613Z-484ad76e/checkpoint_probes/steps_000000000/probe_initial_checkpoint.json,e_minus_s,log_next_token,not_fitted_or_saved,,,,,,,,,,,,,,,,
variant_2_quarter,20260909T111613Z-484ad76e,2,quarter,intermediate,32784,1,iteration_000001_steps_000032784,experiments/gol_reward_state_action_symmetry_cycle_1/variant_2_quarter/results/20260909T111613Z-484ad76e/checkpoint_probes/steps_000032784/probe_iteration_000001_steps_000032784.json,fine_belief,post_final_layer_norm,saved,0.16739935099834347,0.09746990563680606,0.1170668143889618,0.8326006490016565,0.09118965546730769,0.09746990563680606,1.0688702039427038,-0.006280250169498375,10000,0.08944278233313098,0.10690087588041233,10000,10000,16,200,held_out_environment_trajectory_fixed_probe
variant_2_quarter,20260909T111613Z-484ad76e,2,quarter,intermediate,32784,1,iteration_000001_steps_000032784,experiments/gol_reward_state_action_symmetry_cycle_1/variant_2_quarter/results/20260909T111613Z-484ad76e/checkpoint_probes/steps_000032784/probe_iteration_000001_steps_000032784.json,coarse_belief,post_final_layer_norm,saved,0.5233787979178721,0.050726146574243645,0.10642864050664472,0.4766212020821278,0.05673564128933481,0.050726146574243645,0.894079020197471,0.006009494715091164,10000,0.04755806510515637,0.05411659677768846,10000,10000,16,200,held_out_environment_trajectory_fixed_probe
variant_2_quarter,20260909T111613Z-484ad76e,2,quarter,intermediate,32784,1,iteration_000001_steps_000032784,experiments/gol_reward_state_action_symmetry_cycle_1/variant_2_quarter/results/20260909T111613Z-484ad76e/checkpoint_probes/steps_000032784/probe_iteration_000001_steps_000032784.json,m1_minus_m2,post_final_layer_norm,saved,-0.14667947754140087,0.5188922112523191,0.4525172216083238,1.1466794775414009,0.44509828410017965,0.5188922112523191,1.1657924323418205,-0.07379392715213945,10000,0.4509856119587687,0.5900683234101713,10000,10000,16,200,held_out_environment_trajectory_fixed_probe
variant_2_quarter,20260909T111613Z-484ad76e,2,quarter,intermediate,32784,1,iteration_000001_steps_000032784,experiments/gol_reward_state_action_symmetry_cycle_1/variant_2_quarter/results/20260909T111613Z-484ad76e/checkpoint_probes/steps_000032784/probe_iteration_000001_steps_000032784.json,e_minus_s,post_final_layer_norm,saved,0.005836500675324041,0.173887342635463,0.17490819443037559,0.994163499324676,0.17242918344282773,0.173887342635463,1.0084565684504256,-0.0014581591926352555,10000,0.1613962941058712,0.18693216020033482,10000,10000,16,200,held_out_environment_trajectory_fixed_probe
variant_2_quarter,20260909T111613Z-484ad76e,2,quarter,intermediate,32784,1,iteration_000001_steps_000032784,experiments/gol_reward_state_action_symmetry_cycle_1/variant_2_quarter/results/20260909T111613Z-484ad76e/checkpoint_probes/steps_000032784/probe_iteration_000001_steps_000032784.json,fine_belief,categorical_plus_marginals,saved,0.34240934209727314,0.0769820434926138,0.1170668143889618,0.6575906579027269,0.09118965546730769,0.0769820434926138,0.8441971087412712,0.01420761197469389,10000,,,10000,10000,,,
variant_2_quarter,20260909T111613Z-484ad76e,2,quarter,intermediate,32784,1,iteration_000001_steps_000032784,experiments/gol_reward_state_action_symmetry_cycle_1/variant_2_quarter/results/20260909T111613Z-484ad76e/checkpoint_probes/steps_000032784/probe_iteration_000001_steps_000032784.json,coarse_belief,categorical_plus_marginals,saved,0.729920346746495,0.028744210324276553,0.10642864050664472,0.2700796532535051,0.05673564128933481,0.028744210324276553,0.5066340958003748,0.027991430965058257,10000,,,10000,10000,,,
variant_2_quarter,20260909T111613Z-484ad76e,2,quarter,intermediate,32784,1,iteration_000001_steps_000032784,experiments/gol_reward_state_action_symmetry_cycle_1/variant_2_quarter/results/20260909T111613Z-484ad76e/checkpoint_probes/steps_000032784/probe_iteration_000001_steps_000032784.json,m1_minus_m2,categorical_plus_marginals,saved,0.02016748794805434,0.4433910859952509,0.4525172216083238,0.9798325120519457,0.44509828410017965,0.4433910859952509,0.9961644468965319,0.0017071981049287532,10000,,,10000,10000,,,
variant_2_quarter,20260909T111613Z-484ad76e,2,quarter,intermediate,32784,1,iteration_000001_steps_000032784,experiments/gol_reward_state_action_symmetry_cycle_1/variant_2_quarter/results/20260909T111613Z-484ad76e/checkpoint_probes/steps_000032784/probe_iteration_000001_steps_000032784.json,e_minus_s,categorical_plus_marginals,saved,0.01396694130124776,0.17246526194565928,0.17490819443037559,0.9860330586987521,0.17242918344282773,0.17246526194565928,1.0002092366391302,-3.607850283154912e-05,10000,,,10000,10000,,,
variant_2_quarter,20260909T111613Z-484ad76e,2,quarter,intermediate,32784,1,iteration_000001_steps_000032784,experiments/gol_reward_state_action_symmetry_cycle_1/variant_2_quarter/results/20260909T111613Z-484ad76e/checkpoint_probes/steps_000032784/probe_iteration_000001_steps_000032784.json,fine_belief,combined_marginals,saved,0.3366491100285618,0.07765637551103899,0.1170668143889618,0.6633508899714383,0.09118965546730769,0.07765637551103899,0.8515919389439902,0.013533279956268698,10000,,,10000,10000,,,
variant_2_quarter,20260909T111613Z-484ad76e,2,quarter,intermediate,32784,1,iteration_000001_steps_000032784,experiments/gol_reward_state_action_symmetry_cycle_1/variant_2_quarter/results/20260909T111613Z-484ad76e/checkpoint_probes/steps_000032784/probe_iteration_000001_steps_000032784.json,coarse_belief,combined_marginals,saved,0.7262137692691693,0.029138696326120865,0.10642864050664472,0.2737862307308307,0.05673564128933481,0.029138696326120865,0.5135871502275302,0.027596944963213944,10000,,,10000,10000,,,
variant_2_quarter,20260909T111613Z-484ad76e,2,quarter,intermediate,32784,1,iteration_000001_steps_000032784,experiments/gol_reward_state_action_symmetry_cycle_1/variant_2_quarter/results/20260909T111613Z-484ad76e/checkpoint_probes/steps_000032784/probe_iteration_000001_steps_000032784.json,m1_minus_m2,combined_marginals,saved,0.01347660417224017,0.4464188261315865,0.4525172216083238,0.9865233958277597,0.44509828410017965,0.4464188261315865,1.0029668549140254,-0.0013205420314068572,10000,,,10000,10000,,,
variant_2_quarter,20260909T111613Z-484ad76e,2,quarter,intermediate,32784,1,iteration_000001_steps_000032784,experiments/gol_reward_state_action_symmetry_cycle_1/variant_2_quarter/results/20260909T111613Z-484ad76e/checkpoint_probes/steps_000032784/probe_iteration_000001_steps_000032784.json,e_minus_s,combined_marginals,saved,0.00043460784612148196,0.1748321779567252,0.17490819443037559,0.9995653921538785,0.17242918344282773,0.1748321779567252,1.0139361241868563,-0.0024029945138974718,10000,,,10000,10000,,,
variant_2_quarter,20260909T111613Z-484ad76e,2,quarter,intermediate,32784,1,iteration_000001_steps_000032784,experiments/gol_reward_state_action_symmetry_cycle_1/variant_2_quarter/results/20260909T111613Z-484ad76e/checkpoint_probes/steps_000032784/probe_iteration_000001_steps_000032784.json,fine_belief,next_reward,saved,0.3366491100182494,0.07765637551224622,0.1170668143889618,0.6633508899817506,0.09118965546730769,0.07765637551224622,0.8515919389572288,0.01353327995506147,10000,,,10000,10000,,,
variant_2_quarter,20260909T111613Z-484ad76e,2,quarter,intermediate,32784,1,iteration_000001_steps_000032784,experiments/gol_reward_state_action_symmetry_cycle_1/variant_2_quarter/results/20260909T111613Z-484ad76e/checkpoint_probes/steps_000032784/probe_iteration_000001_steps_000032784.json,coarse_belief,next_reward,saved,0.726213769269288,0.029138696326108233,0.10642864050664472,0.273786230730712,0.05673564128933481,0.029138696326108233,0.5135871502273076,0.027596944963226577,10000,,,10000,10000,,,
variant_2_quarter,20260909T111613Z-484ad76e,2,quarter,intermediate,32784,1,iteration_000001_steps_000032784,experiments/gol_reward_state_action_symmetry_cycle_1/variant_2_quarter/results/20260909T111613Z-484ad76e/checkpoint_probes/steps_000032784/probe_iteration_000001_steps_000032784.json,m1_minus_m2,next_reward,saved,0.013476604150730154,0.44641882614132017,0.4525172216083238,0.9865233958492698,0.44509828410017965,0.44641882614132017,1.0029668549358939,-0.0013205420411405155,10000,,,10000,10000,,,
variant_2_quarter,20260909T111613Z-484ad76e,2,quarter,intermediate,32784,1,iteration_000001_steps_000032784,experiments/gol_reward_state_action_symmetry_cycle_1/variant_2_quarter/results/20260909T111613Z-484ad76e/checkpoint_probes/steps_000032784/probe_iteration_000001_steps_000032784.json,e_minus_s,next_reward,saved,0.000434607846554913,0.17483217795664938,0.17490819443037559,0.999565392153445,0.17242918344282773,0.17483217795664938,1.0139361241864164,-0.0024029945138216435,10000,,,10000,10000,,,
variant_2_quarter,20260909T111613Z-484ad76e,2,quarter,intermediate,32784,1,iteration_000001_steps_000032784,experiments/gol_reward_state_action_symmetry_cycle_1/variant_2_quarter/results/20260909T111613Z-484ad76e/checkpoint_probes/steps_000032784/probe_iteration_000001_steps_000032784.json,fine_belief,next_token,saved,0.33664911002814746,0.07765637551108748,0.1170668143889618,0.6633508899718525,0.09118965546730769,0.07765637551108748,0.8515919389445219,0.01353327995622021,10000,,,10000,10000,,,
variant_2_quarter,20260909T111613Z-484ad76e,2,quarter,intermediate,32784,1,iteration_000001_steps_000032784,experiments/gol_reward_state_action_symmetry_cycle_1/variant_2_quarter/results/20260909T111613Z-484ad76e/checkpoint_probes/steps_000032784/probe_iteration_000001_steps_000032784.json,coarse_belief,next_token,saved,0.7262137692691741,0.029138696326120355,0.10642864050664472,0.2737862307308259,0.05673564128933481,0.029138696326120355,0.5135871502275212,0.027596944963214454,10000,,,10000,10000,,,
variant_2_quarter,20260909T111613Z-484ad76e,2,quarter,intermediate,32784,1,iteration_000001_steps_000032784,experiments/gol_reward_state_action_symmetry_cycle_1/variant_2_quarter/results/20260909T111613Z-484ad76e/checkpoint_probes/steps_000032784/probe_iteration_000001_steps_000032784.json,m1_minus_m2,next_token,saved,0.013476604171375972,0.4464188261319776,0.4525172216083238,0.986523395828624,0.44509828410017965,0.4464188261319776,1.002966854914904,-0.0013205420317979333,10000,,,10000,10000,,,
variant_2_quarter,20260909T111613Z-484ad76e,2,quarter,intermediate,32784,1,iteration_000001_steps_000032784,experiments/gol_reward_state_action_symmetry_cycle_1/variant_2_quarter/results/20260909T111613Z-484ad76e/checkpoint_probes/steps_000032784/probe_iteration_000001_steps_000032784.json,e_minus_s,next_token,saved,0.00043460784613891246,0.17483217795672215,0.17490819443037559,0.9995653921538611,0.17242918344282773,0.17483217795672215,1.0139361241868385,-0.0024029945138944186,10000,,,10000,10000,,,
variant_2_quarter,20260909T111613Z-484ad76e,2,quarter,intermediate,32784,1,iteration_000001_steps_000032784,experiments/gol_reward_state_action_symmetry_cycle_1/variant_2_quarter/results/20260909T111613Z-484ad76e/checkpoint_probes/steps_000032784/probe_iteration_000001_steps_000032784.json,fine_belief,previous_action_latest_token,saved,0.2066081143055971,0.09287986062029506,0.1170668143889618,0.7933918856944029,0.09118965546730769,0.09287986062029506,1.0185350536124498,-0.001690205152987373,10000,,,10000,10000,,,
variant_2_quarter,20260909T111613Z-484ad76e,2,quarter,intermediate,32784,1,iteration_000001_steps_000032784,experiments/gol_reward_state_action_symmetry_cycle_1/variant_2_quarter/results/20260909T111613Z-484ad76e/checkpoint_probes/steps_000032784/probe_iteration_000001_steps_000032784.json,coarse_belief,previous_action_latest_token,saved,0.4653434577888751,0.05690276892551353,0.10642864050664472,0.5346565422111249,0.05673564128933481,0.05690276892551353,1.0029457256916587,-0.00016712763617872384,10000,,,10000,10000,,,
variant_2_quarter,20260909T111613Z-484ad76e,2,quarter,intermediate,32784,1,iteration_000001_steps_000032784,experiments/gol_reward_state_action_symmetry_cycle_1/variant_2_quarter/results/20260909T111613Z-484ad76e/checkpoint_probes/steps_000032784/probe_iteration_000001_steps_000032784.json,m1_minus_m2,previous_action_latest_token,saved,-0.011493684946184857,0.45771831198621277,0.4525172216083238,1.0114936849461849,0.44509828410017965,0.45771831198621277,1.0283533510167222,-0.012620027886033114,10000,,,10000,10000,,,
variant_2_quarter,20260909T111613Z-484ad76e,2,quarter,intermediate,32784,1,iteration_000001_steps_000032784,experiments/gol_reward_state_action_symmetry_cycle_1/variant_2_quarter/results/20260909T111613Z-484ad76e/checkpoint_probes/steps_000032784/probe_iteration_000001_steps_000032784.json,e_minus_s,previous_action_latest_token,saved,0.01017506706240967,0.17312849182228152,0.17490819443037559,0.9898249329375903,0.17242918344282773,0.17312849182228152,1.004055626579509,-0.0006993083794537835,10000,,,10000,10000,,,
variant_2_quarter,20260909T111613Z-484ad76e,2,quarter,intermediate,32784,1,iteration_000001_steps_000032784,experiments/gol_reward_state_action_symmetry_cycle_1/variant_2_quarter/results/20260909T111613Z-484ad76e/checkpoint_probes/steps_000032784/probe_iteration_000001_steps_000032784.json,fine_belief,shuffled_history_broken_alignment,saved,-0.04972091473659468,0.12288748348568013,0.1170668143889618,1.0497209147365947,0.09118965546730769,0.12288748348568013,1.3476033312762805,-0.03169782801837244,10000,,,10000,10000,,,
variant_2_quarter,20260909T111613Z-484ad76e,2,quarter,intermediate,32784,1,iteration_000001_steps_000032784,experiments/gol_reward_state_action_symmetry_cycle_1/variant_2_quarter/results/20260909T111613Z-484ad76e/checkpoint_probes/steps_000032784/probe_iteration_000001_steps_000032784.json,coarse_belief,shuffled_history_broken_alignment,saved,-0.022108136040502213,0.10878157936957134,0.10642864050664472,1.0221081360405024,0.05673564128933481,0.10878157936957134,1.9173411438996133,-0.052045938080236526,10000,,,10000,10000,,,
variant_2_quarter,20260909T111613Z-484ad76e,2,quarter,intermediate,32784,1,iteration_000001_steps_000032784,experiments/gol_reward_state_action_symmetry_cycle_1/variant_2_quarter/results/20260909T111613Z-484ad76e/checkpoint_probes/steps_000032784/probe_iteration_000001_steps_000032784.json,m1_minus_m2,shuffled_history_broken_alignment,saved,-0.08093922693483657,0.48914361570000164,0.4525172216083238,1.0809392269348366,0.44509828410017965,0.48914361570000164,1.0989564174323094,-0.04404533159982199,10000,,,10000,10000,,,
variant_2_quarter,20260909T111613Z-484ad76e,2,quarter,intermediate,32784,1,iteration_000001_steps_000032784,experiments/gol_reward_state_action_symmetry_cycle_1/variant_2_quarter/results/20260909T111613Z-484ad76e/checkpoint_probes/steps_000032784/probe_iteration_000001_steps_000032784.json,e_minus_s,shuffled_history_broken_alignment,saved,-0.00904251339531692,0.17648980412146292,0.17490819443037559,1.0090425133953167,0.17242918344282773,0.17648980412146292,1.0235494978144553,-0.004060620678635191,10000,,,10000,10000,,,
variant_2_quarter,20260909T111613Z-484ad76e,2,quarter,intermediate,32784,1,iteration_000001_steps_000032784,experiments/gol_reward_state_action_symmetry_cycle_1/variant_2_quarter/results/20260909T111613Z-484ad76e/checkpoint_probes/steps_000032784/probe_iteration_000001_steps_000032784.json,fine_belief,single_permuted_training_labels,saved,-0.030431837265824768,0.12062937263367521,0.1170668143889618,1.0304318372658248,0.09118965546730769,0.12062937263367521,1.3228405350968995,-0.02943971716636752,10000,,,10000,10000,,,
variant_2_quarter,20260909T111613Z-484ad76e,2,quarter,intermediate,32784,1,iteration_000001_steps_000032784,experiments/gol_reward_state_action_symmetry_cycle_1/variant_2_quarter/results/20260909T111613Z-484ad76e/checkpoint_probes/steps_000032784/probe_iteration_000001_steps_000032784.json,coarse_belief,single_permuted_training_labels,saved,-0.015331048671586966,0.10806030317430293,0.10642864050664472,1.015331048671587,0.05673564128933481,0.10806030317430293,1.904628214621347,-0.05132466188496812,10000,,,10000,10000,,,
variant_2_quarter,20260909T111613Z-484ad76e,2,quarter,intermediate,32784,1,iteration_000001_steps_000032784,experiments/gol_reward_state_action_symmetry_cycle_1/variant_2_quarter/results/20260909T111613Z-484ad76e/checkpoint_probes/steps_000032784/probe_iteration_000001_steps_000032784.json,m1_minus_m2,single_permuted_training_labels,saved,-0.04691232865484607,0.4737458582303912,0.4525172216083238,1.0469123286548458,0.44509828410017965,0.4737458582303912,1.0643623558067095,-0.028647574130211573,10000,,,10000,10000,,,
variant_2_quarter,20260909T111613Z-484ad76e,2,quarter,intermediate,32784,1,iteration_000001_steps_000032784,experiments/gol_reward_state_action_symmetry_cycle_1/variant_2_quarter/results/20260909T111613Z-484ad76e/checkpoint_probes/steps_000032784/probe_iteration_000001_steps_000032784.json,e_minus_s,single_permuted_training_labels,saved,-0.012781196457359423,0.17714373042539222,0.17490819443037559,1.0127811964573594,0.17242918344282773,0.17714373042539222,1.0273419318495334,-0.004714546982564488,10000,,,10000,10000,,,
variant_2_quarter,20260909T111613Z-484ad76e,2,quarter,intermediate,32784,1,iteration_000001_steps_000032784,experiments/gol_reward_state_action_symmetry_cycle_1/variant_2_quarter/results/20260909T111613Z-484ad76e/checkpoint_probes/steps_000032784/probe_iteration_000001_steps_000032784.json,fine_belief,log_next_token,not_fitted_or_saved,,,,,,,,,,,,,,,,
variant_2_quarter,20260909T111613Z-484ad76e,2,quarter,intermediate,32784,1,iteration_000001_steps_000032784,experiments/gol_reward_state_action_symmetry_cycle_1/variant_2_quarter/results/20260909T111613Z-484ad76e/checkpoint_probes/steps_000032784/probe_iteration_000001_steps_000032784.json,coarse_belief,log_next_token,not_fitted_or_saved,,,,,,,,,,,,,,,,
variant_2_quarter,20260909T111613Z-484ad76e,2,quarter,intermediate,32784,1,iteration_000001_steps_000032784,experiments/gol_reward_state_action_symmetry_cycle_1/variant_2_quarter/results/20260909T111613Z-484ad76e/checkpoint_probes/steps_000032784/probe_iteration_000001_steps_000032784.json,m1_minus_m2,log_next_token,not_fitted_or_saved,,,,,,,,,,,,,,,,
variant_2_quarter,20260909T111613Z-484ad76e,2,quarter,intermediate,32784,1,iteration_000001_steps_000032784,experiments/gol_reward_state_action_symmetry_cycle_1/variant_2_quarter/results/20260909T111613Z-484ad76e/checkpoint_probes/steps_000032784/probe_iteration_000001_steps_000032784.json,e_minus_s,log_next_token,not_fitted_or_saved,,,,,,,,,,,,,,,,
variant_2_quarter,20260909T111613Z-484ad76e,2,quarter,intermediate,65568,2,iteration_000002_steps_000065568,experiments/gol_reward_state_action_symmetry_cycle_1/variant_2_quarter/results/20260909T111613Z-484ad76e/checkpoint_probes/steps_000065568/probe_iteration_000002_steps_000065568.json,fine_belief,post_final_layer_norm,saved,0.25535298754660263,0.08897147416156367,0.11948140887375389,0.7446470124533974,0.09262837313573953,0.08897147416156367,0.9605207470413308,0.0036568989741758567,10000,0.08325052846873404,0.09435241028764584,10000,10000,16,200,held_out_environment_trajectory_fixed_probe
variant_2_quarter,20260909T111613Z-484ad76e,2,quarter,intermediate,65568,2,iteration_000002_steps_000065568,experiments/gol_reward_state_action_symmetry_cycle_1/variant_2_quarter/results/20260909T111613Z-484ad76e/checkpoint_probes/steps_000065568/probe_iteration_000002_steps_000065568.json,coarse_belief,post_final_layer_norm,saved,0.6282447556585036,0.041825415487703646,0.11250793667158757,0.3717552443414965,0.06105633548599167,0.041825415487703646,0.6850299015619726,0.01923091999828802,10000,0.03941899390557894,0.04388752814439363,10000,10000,16,200,held_out_environment_trajectory_fixed_probe
variant_2_quarter,20260909T111613Z-484ad76e,2,quarter,intermediate,65568,2,iteration_000002_steps_000065568,experiments/gol_reward_state_action_symmetry_cycle_1/variant_2_quarter/results/20260909T111613Z-484ad76e/checkpoint_probes/steps_000065568/probe_iteration_000002_steps_000065568.json,m1_minus_m2,post_final_layer_norm,saved,-0.09185391158401934,0.4833621499576815,0.44269855594182783,1.0918539115840193,0.43473642952083136,0.4833621499576815,1.1118510369385093,-0.04862572043685015,10000,0.4436819712820052,0.527505602246597,10000,10000,16,200,held_out_environment_trajectory_fixed_probe
variant_2_quarter,20260909T111613Z-484ad76e,2,quarter,intermediate,65568,2,iteration_000002_steps_000065568,experiments/gol_reward_state_action_symmetry_cycle_1/variant_2_quarter/results/20260909T111613Z-484ad76e/checkpoint_probes/steps_000065568/probe_iteration_000002_steps_000065568.json,e_minus_s,post_final_layer_norm,saved,0.03189093941494325,0.18332394415203787,0.18936290508555909,0.9681090605850567,0.18619564086335413,0.18332394415203787,0.9845769927910195,0.002871696711316263,10000,0.17156569497410032,0.19479192956416913,10000,10000,16,200,held_out_environment_trajectory_fixed_probe
variant_2_quarter,20260909T111613Z-484ad76e,2,quarter,intermediate,65568,2,iteration_000002_steps_000065568,experiments/gol_reward_state_action_symmetry_cycle_1/variant_2_quarter/results/20260909T111613Z-484ad76e/checkpoint_probes/steps_000065568/probe_iteration_000002_steps_000065568.json,fine_belief,categorical_plus_marginals,saved,0.3558328112988274,0.07696600325626139,0.11948140887375389,0.6441671887011727,0.09262837313573953,0.07696600325626139,0.8309117460529488,0.01566236987947814,10000,,,10000,10000,,,
variant_2_quarter,20260909T111613Z-484ad76e,2,quarter,intermediate,65568,2,iteration_000002_steps_000065568,experiments/gol_reward_state_action_symmetry_cycle_1/variant_2_quarter/results/20260909T111613Z-484ad76e/checkpoint_probes/steps_000065568/probe_iteration_000002_steps_000065568.json,coarse_belief,categorical_plus_marginals,saved,0.7237985632787056,0.03107485375124089,0.11250793667158757,0.2762014367212944,0.06105633548599167,0.03107485375124089,0.508953796586277,0.02998148173475078,10000,,,10000,10000,,,
variant_2_quarter,20260909T111613Z-484ad76e,2,quarter,intermediate,65568,2,iteration_000002_steps_000065568,experiments/gol_reward_state_action_symmetry_cycle_1/variant_2_quarter/results/20260909T111613Z-484ad76e/checkpoint_probes/steps_000065568/probe_iteration_000002_steps_000065568.json,m1_minus_m2,categorical_plus_marginals,saved,0.03031329607713007,0.42927890354264525,0.44269855594182783,0.9696867039228699,0.43473642952083136,0.42927890354264525,0.9874463569013496,0.005457525978186106,10000,,,10000,10000,,,
variant_2_quarter,20260909T111613Z-484ad76e,2,quarter,intermediate,65568,2,iteration_000002_steps_000065568,experiments/gol_reward_state_action_symmetry_cycle_1/variant_2_quarter/results/20260909T111613Z-484ad76e/checkpoint_probes/steps_000065568/probe_iteration_000002_steps_000065568.json,e_minus_s,categorical_plus_marginals,saved,0.015387293392004286,0.18644912250744533,0.18936290508555909,0.9846127066079957,0.18619564086335413,0.18644912250744533,1.001361372602043,-0.0002534816440911969,10000,,,10000,10000,,,
variant_2_quarter,20260909T111613Z-484ad76e,2,quarter,intermediate,65568,2,iteration_000002_steps_000065568,experiments/gol_reward_state_action_symmetry_cycle_1/variant_2_quarter/results/20260909T111613Z-484ad76e/checkpoint_probes/steps_000065568/probe_iteration_000002_steps_000065568.json,fine_belief,combined_marginals,saved,0.34974993005742083,0.07769279447699637,0.11948140887375389,0.6502500699425792,0.09262837313573953,0.07769279447699637,0.8387580591871536,0.014935578658743162,10000,,,10000,10000,,,
variant_2_quarter,20260909T111613Z-484ad76e,2,quarter,intermediate,65568,2,iteration_000002_steps_000065568,experiments/gol_reward_state_action_symmetry_cycle_1/variant_2_quarter/results/20260909T111613Z-484ad76e/checkpoint_probes/steps_000065568/probe_iteration_000002_steps_000065568.json,coarse_belief,combined_marginals,saved,0.7193783311801969,0.03157216494425363,0.11250793667158757,0.28062166881980316,0.06105633548599167,0.03157216494425363,0.5170989168109725,0.029484170541738033,10000,,,10000,10000,,,
variant_2_quarter,20260909T111613Z-484ad76e,2,quarter,intermediate,65568,2,iteration_000002_steps_000065568,experiments/gol_reward_state_action_symmetry_cycle_1/variant_2_quarter/results/20260909T111613Z-484ad76e/checkpoint_probes/steps_000065568/probe_iteration_000002_steps_000065568.json,m1_minus_m2,combined_marginals,saved,0.023919639333024434,0.4321093661504486,0.44269855594182783,0.9760803606669756,0.43473642952083136,0.4321093661504486,0.9939571124203271,0.002627063370382765,10000,,,10000,10000,,,
variant_2_quarter,20260909T111613Z-484ad76e,2,quarter,intermediate,65568,2,iteration_000002_steps_000065568,experiments/gol_reward_state_action_symmetry_cycle_1/variant_2_quarter/results/20260909T111613Z-484ad76e/checkpoint_probes/steps_000065568/probe_iteration_000002_steps_000065568.json,e_minus_s,combined_marginals,saved,-0.00037010722839858623,0.1894329896655218,0.18936290508555909,1.0003701072283986,0.18619564086335413,0.1894329896655218,1.0173868130701487,-0.0032373488021676666,10000,,,10000,10000,,,
variant_2_quarter,20260909T111613Z-484ad76e,2,quarter,intermediate,65568,2,iteration_000002_steps_000065568,experiments/gol_reward_state_action_symmetry_cycle_1/variant_2_quarter/results/20260909T111613Z-484ad76e/checkpoint_probes/steps_000065568/probe_iteration_000002_steps_000065568.json,fine_belief,next_reward,saved,0.3497499300485154,0.07769279447806039,0.11948140887375389,0.6502500699514846,0.09262837313573953,0.07769279447806039,0.8387580591986407,0.014935578657679138,10000,,,10000,10000,,,
variant_2_quarter,20260909T111613Z-484ad76e,2,quarter,intermediate,65568,2,iteration_000002_steps_000065568,experiments/gol_reward_state_action_symmetry_cycle_1/variant_2_quarter/results/20260909T111613Z-484ad76e/checkpoint_probes/steps_000065568/probe_iteration_000002_steps_000065568.json,coarse_belief,next_reward,saved,0.7193783311806581,0.03157216494420174,0.11250793667158757,0.2806216688193419,0.06105633548599167,0.03157216494420174,0.5170989168101225,0.02948417054178993,10000,,,10000,10000,,,
variant_2_quarter,20260909T111613Z-484ad76e,2,quarter,intermediate,65568,2,iteration_000002_steps_000065568,experiments/gol_reward_state_action_symmetry_cycle_1/variant_2_quarter/results/20260909T111613Z-484ad76e/checkpoint_probes/steps_000065568/probe_iteration_000002_steps_000065568.json,m1_minus_m2,next_reward,saved,0.023919639313092933,0.4321093661592722,0.44269855594182783,0.9760803606869071,0.43473642952083136,0.4321093661592722,0.9939571124406236,0.0026270633615591565,10000,,,10000,10000,,,
variant_2_quarter,20260909T111613Z-484ad76e,2,quarter,intermediate,65568,2,iteration_000002_steps_000065568,experiments/gol_reward_state_action_symmetry_cycle_1/variant_2_quarter/results/20260909T111613Z-484ad76e/checkpoint_probes/steps_000065568/probe_iteration_000002_steps_000065568.json,e_minus_s,next_reward,saved,-0.00037010722675434593,0.18943298966521044,0.18936290508555909,1.0003701072267543,0.18619564086335413,0.18943298966521044,1.0173868130684764,-0.0032373488018563046,10000,,,10000,10000,,,
variant_2_quarter,20260909T111613Z-484ad76e,2,quarter,intermediate,65568,2,iteration_000002_steps_000065568,experiments/gol_reward_state_action_symmetry_cycle_1/variant_2_quarter/results/20260909T111613Z-484ad76e/checkpoint_probes/steps_000065568/probe_iteration_000002_steps_000065568.json,fine_belief,next_token,saved,0.349749930057063,0.07769279447703911,0.11948140887375389,0.650250069942937,0.09262837313573953,0.07769279447703911,0.838758059187615,0.014935578658700419,10000,,,10000,10000,,,
variant_2_quarter,20260909T111613Z-484ad76e,2,quarter,intermediate,65568,2,iteration_000002_steps_000065568,experiments/gol_reward_state_action_symmetry_cycle_1/variant_2_quarter/results/20260909T111613Z-484ad76e/checkpoint_probes/steps_000065568/probe_iteration_000002_steps_000065568.json,coarse_belief,next_token,saved,0.7193783311802153,0.031572164944251545,0.11250793667158757,0.2806216688197846,0.06105633548599167,0.031572164944251545,0.5170989168109383,0.029484170541740122,10000,,,10000,10000,,,
variant_2_quarter,20260909T111613Z-484ad76e,2,quarter,intermediate,65568,2,iteration_000002_steps_000065568,experiments/gol_reward_state_action_symmetry_cycle_1/variant_2_quarter/results/20260909T111613Z-484ad76e/checkpoint_probes/steps_000065568/probe_iteration_000002_steps_000065568.json,m1_minus_m2,next_token,saved,0.02391963933222374,0.432109366150803,0.44269855594182783,0.9760803606677761,0.43473642952083136,0.432109366150803,0.9939571124211423,0.002627063370028382,10000,,,10000,10000,,,
variant_2_quarter,20260909T111613Z-484ad76e,2,quarter,intermediate,65568,2,iteration_000002_steps_000065568,experiments/gol_reward_state_action_symmetry_cycle_1/variant_2_quarter/results/20260909T111613Z-484ad76e/checkpoint_probes/steps_000065568/probe_iteration_000002_steps_000065568.json,e_minus_s,next_token,saved,-0.00037010722833241694,0.18943298966550928,0.18936290508555909,1.0003701072283324,0.18619564086335413,0.18943298966550928,1.0173868130700814,-0.003237348802155149,10000,,,10000,10000,,,
variant_2_quarter,20260909T111613Z-484ad76e,2,quarter,intermediate,65568,2,iteration_000002_steps_000065568,experiments/gol_reward_state_action_symmetry_cycle_1/variant_2_quarter/results/20260909T111613Z-484ad76e/checkpoint_probes/steps_000065568/probe_iteration_000002_steps_000065568.json,fine_belief,previous_action_latest_token,saved,0.2146595269281738,0.09383358616820217,0.11948140887375389,0.7853404730718262,0.09262837313573953,0.09383358616820217,1.0130112728061897,-0.0012052130324626403,10000,,,10000,10000,,,
variant_2_quarter,20260909T111613Z-484ad76e,2,quarter,intermediate,65568,2,iteration_000002_steps_000065568,experiments/gol_reward_state_action_symmetry_cycle_1/variant_2_quarter/results/20260909T111613Z-484ad76e/checkpoint_probes/steps_000065568/probe_iteration_000002_steps_000065568.json,coarse_belief,previous_action_latest_token,saved,0.45573194386082294,0.06123447599247459,0.11250793667158757,0.544268056139177,0.06105633548599167,0.06123447599247459,1.0029176416348111,-0.0001781405064829253,10000,,,10000,10000,,,
variant_2_quarter,20260909T111613Z-484ad76e,2,quarter,intermediate,65568,2,iteration_000002_steps_000065568,experiments/gol_reward_state_action_symmetry_cycle_1/variant_2_quarter/results/20260909T111613Z-484ad76e/checkpoint_probes/steps_000065568/probe_iteration_000002_steps_000065568.json,m1_minus_m2,previous_action_latest_token,saved,-0.001769523037604026,0.44348192123528085,0.44269855594182783,1.0017695230376038,0.43473642952083136,0.44348192123528085,1.0201167675874065,-0.008745491714449494,10000,,,10000,10000,,,
variant_2_quarter,20260909T111613Z-484ad76e,2,quarter,intermediate,65568,2,iteration_000002_steps_000065568,experiments/gol_reward_state_action_symmetry_cycle_1/variant_2_quarter/results/20260909T111613Z-484ad76e/checkpoint_probes/steps_000065568/probe_iteration_000002_steps_000065568.json,e_minus_s,previous_action_latest_token,saved,0.013816394837534607,0.18674659242131442,0.18936290508555909,0.9861836051624654,0.18619564086335413,0.18674659242131442,1.0029589927852534,-0.0005509515579602831,10000,,,10000,10000,,,
variant_2_quarter,20260909T111613Z-484ad76e,2,quarter,intermediate,65568,2,iteration_000002_steps_000065568,experiments/gol_reward_state_action_symmetry_cycle_1/variant_2_quarter/results/20260909T111613Z-484ad76e/checkpoint_probes/steps_000065568/probe_iteration_000002_steps_000065568.json,fine_belief,shuffled_history_broken_alignment,saved,-0.05854102913473436,0.12647597351169143,0.11948140887375389,1.0585410291347344,0.09262837313573953,0.12647597351169143,1.3654128776109553,-0.0338476003759519,10000,,,10000,10000,,,
variant_2_quarter,20260909T111613Z-484ad76e,2,quarter,intermediate,65568,2,iteration_000002_steps_000065568,experiments/gol_reward_state_action_symmetry_cycle_1/variant_2_quarter/results/20260909T111613Z-484ad76e/checkpoint_probes/steps_000065568/probe_iteration_000002_steps_000065568.json,coarse_belief,shuffled_history_broken_alignment,saved,-0.0288857709055117,0.11575781515533486,0.11250793667158757,1.0288857709055117,0.06105633548599167,0.11575781515533486,1.8959181587616492,-0.05470147966934319,10000,,,10000,10000,,,
variant_2_quarter,20260909T111613Z-484ad76e,2,quarter,intermediate,65568,2,iteration_000002_steps_000065568,experiments/gol_reward_state_action_symmetry_cycle_1/variant_2_quarter/results/20260909T111613Z-484ad76e/checkpoint_probes/steps_000065568/probe_iteration_000002_steps_000065568.json,m1_minus_m2,shuffled_history_broken_alignment,saved,-0.09588759773581201,0.48514785699220264,0.44269855594182783,1.095887597735812,0.43473642952083136,0.48514785699220264,1.1159585993907504,-0.050411427471371284,10000,,,10000,10000,,,
variant_2_quarter,20260909T111613Z-484ad76e,2,quarter,intermediate,65568,2,iteration_000002_steps_000065568,experiments/gol_reward_state_action_symmetry_cycle_1/variant_2_quarter/results/20260909T111613Z-484ad76e/checkpoint_probes/steps_000065568/probe_iteration_000002_steps_000065568.json,e_minus_s,shuffled_history_broken_alignment,saved,-0.008043319538856286,0.19088601143996833,0.18936290508555909,1.0080433195388563,0.18619564086335413,0.19088601143996833,1.025190549869298,-0.0046903705766142,10000,,,10000,10000,,,
variant_2_quarter,20260909T111613Z-484ad76e,2,quarter,intermediate,65568,2,iteration_000002_steps_000065568,experiments/gol_reward_state_action_symmetry_cycle_1/variant_2_quarter/results/20260909T111613Z-484ad76e/checkpoint_probes/steps_000065568/probe_iteration_000002_steps_000065568.json,fine_belief,single_permuted_training_labels,saved,-0.032871450805361135,0.12340893612770273,0.11948140887375389,1.0328714508053611,0.09262837313573953,0.12340893612770273,1.3323016690237746,-0.030780562991963203,10000,,,10000,10000,,,
variant_2_quarter,20260909T111613Z-484ad76e,2,quarter,intermediate,65568,2,iteration_000002_steps_000065568,experiments/gol_reward_state_action_symmetry_cycle_1/variant_2_quarter/results/20260909T111613Z-484ad76e/checkpoint_probes/steps_000065568/probe_iteration_000002_steps_000065568.json,coarse_belief,single_permuted_training_labels,saved,-0.023486738637046978,0.11515038117478657,0.11250793667158757,1.023486738637047,0.06105633548599167,0.11515038117478657,1.8859694126452424,-0.0540940456887949,10000,,,10000,10000,,,
variant_2_quarter,20260909T111613Z-484ad76e,2,quarter,intermediate,65568,2,iteration_000002_steps_000065568,experiments/gol_reward_state_action_symmetry_cycle_1/variant_2_quarter/results/20260909T111613Z-484ad76e/checkpoint_probes/steps_000065568/probe_iteration_000002_steps_000065568.json,m1_minus_m2,single_permuted_training_labels,saved,-0.04580361820028522,0.46297575157600496,0.44269855594182783,1.0458036182002852,0.43473642952083136,0.46297575157600496,1.064957339982525,-0.0282393220551736,10000,,,10000,10000,,,
variant_2_quarter,20260909T111613Z-484ad76e,2,quarter,intermediate,65568,2,iteration_000002_steps_000065568,experiments/gol_reward_state_action_symmetry_cycle_1/variant_2_quarter/results/20260909T111613Z-484ad76e/checkpoint_probes/steps_000065568/probe_iteration_000002_steps_000065568.json,e_minus_s,single_permuted_training_labels,saved,-0.009081679186756952,0.19108263823941843,0.18936290508555909,1.009081679186757,0.18619564086335413,0.19108263823941843,1.0262465724407093,-0.004886997376064295,10000,,,10000,10000,,,
variant_2_quarter,20260909T111613Z-484ad76e,2,quarter,intermediate,65568,2,iteration_000002_steps_000065568,experiments/gol_reward_state_action_symmetry_cycle_1/variant_2_quarter/results/20260909T111613Z-484ad76e/checkpoint_probes/steps_000065568/probe_iteration_000002_steps_000065568.json,fine_belief,log_next_token,not_fitted_or_saved,,,,,,,,,,,,,,,,
variant_2_quarter,20260909T111613Z-484ad76e,2,quarter,intermediate,65568,2,iteration_000002_steps_000065568,experiments/gol_reward_state_action_symmetry_cycle_1/variant_2_quarter/results/20260909T111613Z-484ad76e/checkpoint_probes/steps_000065568/probe_iteration_000002_steps_000065568.json,coarse_belief,log_next_token,not_fitted_or_saved,,,,,,,,,,,,,,,,
variant_2_quarter,20260909T111613Z-484ad76e,2,quarter,intermediate,65568,2,iteration_000002_steps_000065568,experiments/gol_reward_state_action_symmetry_cycle_1/variant_2_quarter/results/20260909T111613Z-484ad76e/checkpoint_probes/steps_000065568/probe_iteration_000002_steps_000065568.json,m1_minus_m2,log_next_token,not_fitted_or_saved,,,,,,,,,,,,,,,,
variant_2_quarter,20260909T111613Z-484ad76e,2,quarter,intermediate,65568,2,iteration_000002_steps_000065568,experiments/gol_reward_state_action_symmetry_cycle_1/variant_2_quarter/results/20260909T111613Z-484ad76e/checkpoint_probes/steps_000065568/probe_iteration_000002_steps_000065568.json,e_minus_s,log_next_token,not_fitted_or_saved,,,,,,,,,,,,,,,,
variant_2_quarter,20260909T111613Z-484ad76e,2,quarter,intermediate,131136,4,iteration_000004_steps_000131136,experiments/gol_reward_state_action_symmetry_cycle_1/variant_2_quarter/results/20260909T111613Z-484ad76e/checkpoint_probes/steps_000131136/probe_iteration_000004_steps_000131136.json,fine_belief,post_final_layer_norm,saved,0.2717500024888534,0.09436136695198873,0.12957276659728986,0.7282499975111466,0.1019666726169733,0.09436136695198873,0.9254138095340908,0.007605305664984574,10000,0.08991604381222441,0.1003181666951567,10000,10000,16,200,held_out_environment_trajectory_fixed_probe
variant_2_quarter,20260909T111613Z-484ad76e,2,quarter,intermediate,131136,4,iteration_000004_steps_000131136,experiments/gol_reward_state_action_symmetry_cycle_1/variant_2_quarter/results/20260909T111613Z-484ad76e/checkpoint_probes/steps_000131136/probe_iteration_000004_steps_000131136.json,coarse_belief,post_final_layer_norm,saved,0.6251202499052304,0.046254128659576586,0.12338390816757518,0.3748797500947696,0.06930479692752033,0.046254128659576586,0.6674015466483457,0.02305066826794374,10000,0.04341883134682769,0.048802335256664484,10000,10000,16,200,held_out_environment_trajectory_fixed_probe
variant_2_quarter,20260909T111613Z-484ad76e,2,quarter,intermediate,131136,4,iteration_000004_steps_000131136,experiments/gol_reward_state_action_symmetry_cycle_1/variant_2_quarter/results/20260909T111613Z-484ad76e/checkpoint_probes/steps_000131136/probe_iteration_000004_steps_000131136.json,m1_minus_m2,post_final_layer_norm,saved,-0.061938870181756256,0.4986054885852258,0.4695237198539375,1.0619388701817563,0.46703946674868047,0.4986054885852258,1.0675874826088978,-0.03156602183654533,10000,0.46107127136850334,0.5506842947542805,10000,10000,16,200,held_out_environment_trajectory_fixed_probe
variant_2_quarter,20260909T111613Z-484ad76e,2,quarter,intermediate,131136,4,iteration_000004_steps_000131136,experiments/gol_reward_state_action_symmetry_cycle_1/variant_2_quarter/results/20260909T111613Z-484ad76e/checkpoint_probes/steps_000131136/probe_iteration_000004_steps_000131136.json,e_minus_s,post_final_layer_norm,saved,0.030655095657621256,0.21380679717713316,0.2205683407622425,0.9693449043423789,0.21442417943107375,0.21380679717713316,0.9971207433061948,0.0006173822539405904,10000,0.20019086343786047,0.22599419453596323,10000,10000,16,200,held_out_environment_trajectory_fixed_probe
variant_2_quarter,20260909T111613Z-484ad76e,2,quarter,intermediate,131136,4,iteration_000004_steps_000131136,experiments/gol_reward_state_action_symmetry_cycle_1/variant_2_quarter/results/20260909T111613Z-484ad76e/checkpoint_probes/steps_000131136/probe_iteration_000004_steps_000131136.json,fine_belief,categorical_plus_marginals,saved,0.3480668900233128,0.0844727766960546,0.12957276659728986,0.6519331099766873,0.1019666726169733,0.0844727766960546,0.8284351595287157,0.017493895920918698,10000,,,10000,10000,,,
variant_2_quarter,20260909T111613Z-484ad76e,2,quarter,intermediate,131136,4,iteration_000004_steps_000131136,experiments/gol_reward_state_action_symmetry_cycle_1/variant_2_quarter/results/20260909T111613Z-484ad76e/checkpoint_probes/steps_000131136/probe_iteration_000004_steps_000131136.json,coarse_belief,categorical_plus_marginals,saved,0.7104929202294707,0.03572051494426984,0.12338390816757518,0.2895070797705292,0.06930479692752033,0.03572051494426984,0.5154118694211992,0.03358428198325049,10000,,,10000,10000,,,
variant_2_quarter,20260909T111613Z-484ad76e,2,quarter,intermediate,131136,4,iteration_000004_steps_000131136,experiments/gol_reward_state_action_symmetry_cycle_1/variant_2_quarter/results/20260909T111613Z-484ad76e/checkpoint_probes/steps_000131136/probe_iteration_000004_steps_000131136.json,m1_minus_m2,categorical_plus_marginals,saved,0.017176120417576657,0.46145912390281774,0.4695237198539375,0.9828238795824233,0.46703946674868047,0.46145912390281774,0.9880516674860251,0.005580342845862729,10000,,,10000,10000,,,
variant_2_quarter,20260909T111613Z-484ad76e,2,quarter,intermediate,131136,4,iteration_000004_steps_000131136,experiments/gol_reward_state_action_symmetry_cycle_1/variant_2_quarter/results/20260909T111613Z-484ad76e/checkpoint_probes/steps_000131136/probe_iteration_000004_steps_000131136.json,e_minus_s,categorical_plus_marginals,saved,0.02831435860215048,0.21432308966561905,0.2205683407622425,0.9716856413978496,0.21442417943107375,0.21432308966561905,0.9995285523968289,0.00010108976545469828,10000,,,10000,10000,,,
variant_2_quarter,20260909T111613Z-484ad76e,2,quarter,intermediate,131136,4,iteration_000004_steps_000131136,experiments/gol_reward_state_action_symmetry_cycle_1/variant_2_quarter/results/20260909T111613Z-484ad76e/checkpoint_probes/steps_000131136/probe_iteration_000004_steps_000131136.json,fine_belief,combined_marginals,saved,0.34025634269021865,0.08548481092264269,0.12957276659728986,0.6597436573097814,0.1019666726169733,0.08548481092264269,0.8383603066440843,0.016481861694330607,10000,,,10000,10000,,,
variant_2_quarter,20260909T111613Z-484ad76e,2,quarter,intermediate,131136,4,iteration_000004_steps_000131136,experiments/gol_reward_state_action_symmetry_cycle_1/variant_2_quarter/results/20260909T111613Z-484ad76e/checkpoint_probes/steps_000131136/probe_iteration_000004_steps_000131136.json,coarse_belief,combined_marginals,saved,0.7021863164183887,0.03674541618608082,0.12338390816757518,0.2978136835816113,0.06930479692752033,0.03674541618608082,0.5302001854865769,0.032559380741439506,10000,,,10000,10000,,,
variant_2_quarter,20260909T111613Z-484ad76e,2,quarter,intermediate,131136,4,iteration_000004_steps_000131136,experiments/gol_reward_state_action_symmetry_cycle_1/variant_2_quarter/results/20260909T111613Z-484ad76e/checkpoint_probes/steps_000131136/probe_iteration_000004_steps_000131136.json,m1_minus_m2,combined_marginals,saved,0.013029649686674194,0.4634059902646565,0.4695237198539375,0.9869703503133258,0.46703946674868047,0.4634059902646565,0.9922201939178319,0.0036334764840239564,10000,,,10000,10000,,,
variant_2_quarter,20260909T111613Z-484ad76e,2,quarter,intermediate,131136,4,iteration_000004_steps_000131136,experiments/gol_reward_state_action_symmetry_cycle_1/variant_2_quarter/results/20260909T111613Z-484ad76e/checkpoint_probes/steps_000131136/probe_iteration_000004_steps_000131136.json,e_minus_s,combined_marginals,saved,0.00043453038376384256,0.22047249711648492,0.2205683407622425,0.9995654696162362,0.21442417943107375,0.22047249711648492,1.0282072558302846,-0.00604831768541117,10000,,,10000,10000,,,
variant_2_quarter,20260909T111613Z-484ad76e,2,quarter,intermediate,131136,4,iteration_000004_steps_000131136,experiments/gol_reward_state_action_symmetry_cycle_1/variant_2_quarter/results/20260909T111613Z-484ad76e/checkpoint_probes/steps_000131136/probe_iteration_000004_steps_000131136.json,fine_belief,next_reward,saved,0.34025634268961624,0.08548481092272076,0.12957276659728986,0.6597436573103839,0.1019666726169733,0.08548481092272076,0.83836030664485,0.016481861694252545,10000,,,10000,10000,,,
variant_2_quarter,20260909T111613Z-484ad76e,2,quarter,intermediate,131136,4,iteration_000004_steps_000131136,experiments/gol_reward_state_action_symmetry_cycle_1/variant_2_quarter/results/20260909T111613Z-484ad76e/checkpoint_probes/steps_000131136/probe_iteration_000004_steps_000131136.json,coarse_belief,next_reward,saved,0.7021863164185813,0.03674541618605706,0.12338390816757518,0.29781368358141874,0.06930479692752033,0.03674541618605706,0.530200185486234,0.032559380741463265,10000,,,10000,10000,,,
variant_2_quarter,20260909T111613Z-484ad76e,2,quarter,intermediate,131136,4,iteration_000004_steps_000131136,experiments/gol_reward_state_action_symmetry_cycle_1/variant_2_quarter/results/20260909T111613Z-484ad76e/checkpoint_probes/steps_000131136/probe_iteration_000004_steps_000131136.json,m1_minus_m2,next_reward,saved,0.0130296496850405,0.46340599026542356,0.4695237198539375,0.9869703503149595,0.46703946674868047,0.46340599026542356,0.9922201939194742,0.0036334764832569033,10000,,,10000,10000,,,
variant_2_quarter,20260909T111613Z-484ad76e,2,quarter,intermediate,131136,4,iteration_000004_steps_000131136,experiments/gol_reward_state_action_symmetry_cycle_1/variant_2_quarter/results/20260909T111613Z-484ad76e/checkpoint_probes/steps_000131136/probe_iteration_000004_steps_000131136.json,e_minus_s,next_reward,saved,0.00043453038441043645,0.22047249711634231,0.2205683407622425,0.9995654696155896,0.21442417943107375,0.22047249711634231,1.0282072558296196,-0.006048317685268562,10000,,,10000,10000,,,
variant_2_quarter,20260909T111613Z-484ad76e,2,quarter,intermediate,131136,4,iteration_000004_steps_000131136,experiments/gol_reward_state_action_symmetry_cycle_1/variant_2_quarter/results/20260909T111613Z-484ad76e/checkpoint_probes/steps_000131136/probe_iteration_000004_steps_000131136.json,fine_belief,next_token,saved,0.34025634269019445,0.08548481092264583,0.12957276659728986,0.6597436573098056,0.1019666726169733,0.08548481092264583,0.8383603066441151,0.01648186169432747,10000,,,10000,10000,,,
variant_2_quarter,20260909T111613Z-484ad76e,2,quarter,intermediate,131136,4,iteration_000004_steps_000131136,experiments/gol_reward_state_action_symmetry_cycle_1/variant_2_quarter/results/20260909T111613Z-484ad76e/checkpoint_probes/steps_000131136/probe_iteration_000004_steps_000131136.json,coarse_belief,next_token,saved,0.7021863164183965,0.03674541618607986,0.12338390816757518,0.29781368358160354,0.06930479692752033,0.03674541618607986,0.5302001854865631,0.03255938074144046,10000,,,10000,10000,,,
variant_2_quarter,20260909T111613Z-484ad76e,2,quarter,intermediate,131136,4,iteration_000004_steps_000131136,experiments/gol_reward_state_action_symmetry_cycle_1/variant_2_quarter/results/20260909T111613Z-484ad76e/checkpoint_probes/steps_000131136/probe_iteration_000004_steps_000131136.json,m1_minus_m2,next_token,saved,0.013029649686608469,0.4634059902646874,0.4695237198539375,0.9869703503133915,0.46703946674868047,0.4634059902646874,0.992220193917898,0.003633476483993092,10000,,,10000,10000,,,
variant_2_quarter,20260909T111613Z-484ad76e,2,quarter,intermediate,131136,4,iteration_000004_steps_000131136,experiments/gol_reward_state_action_symmetry_cycle_1/variant_2_quarter/results/20260909T111613Z-484ad76e/checkpoint_probes/steps_000131136/probe_iteration_000004_steps_000131136.json,e_minus_s,next_token,saved,0.0004345303837898218,0.22047249711647918,0.2205683407622425,0.9995654696162101,0.21442417943107375,0.22047249711647918,1.028207255830258,-0.006048317685405424,10000,,,10000,10000,,,
variant_2_quarter,20260909T111613Z-484ad76e,2,quarter,intermediate,131136,4,iteration_000004_steps_000131136,experiments/gol_reward_state_action_symmetry_cycle_1/variant_2_quarter/results/20260909T111613Z-484ad76e/checkpoint_probes/steps_000131136/probe_iteration_000004_steps_000131136.json,fine_belief,previous_action_latest_token,saved,0.21149956943122883,0.10216818225194996,0.12957276659728986,0.7885004305687713,0.1019666726169733,0.10216818225194996,1.0019762303682656,-0.00020150963497665708,10000,,,10000,10000,,,
variant_2_quarter,20260909T111613Z-484ad76e,2,quarter,intermediate,131136,4,iteration_000004_steps_000131136,experiments/gol_reward_state_action_symmetry_cycle_1/variant_2_quarter/results/20260909T111613Z-484ad76e/checkpoint_probes/steps_000131136/probe_iteration_000004_steps_000131136.json,coarse_belief,previous_action_latest_token,saved,0.43659012080636217,0.06951571279513243,0.12338390816757518,0.5634098791936377,0.06930479692752033,0.06951571279513243,1.0030433083561687,-0.00021091586761209924,10000,,,10000,10000,,,
variant_2_quarter,20260909T111613Z-484ad76e,2,quarter,intermediate,131136,4,iteration_000004_steps_000131136,experiments/gol_reward_state_action_symmetry_cycle_1/variant_2_quarter/results/20260909T111613Z-484ad76e/checkpoint_probes/steps_000131136/probe_iteration_000004_steps_000131136.json,m1_minus_m2,previous_action_latest_token,saved,0.004331452002481306,0.46749000039736366,0.4695237198539375,0.9956685479975187,0.46703946674868047,0.46749000039736366,1.0009646586225778,-0.00045053364868319346,10000,,,10000,10000,,,
variant_2_quarter,20260909T111613Z-484ad76e,2,quarter,intermediate,131136,4,iteration_000004_steps_000131136,experiments/gol_reward_state_action_symmetry_cycle_1/variant_2_quarter/results/20260909T111613Z-484ad76e/checkpoint_probes/steps_000131136/probe_iteration_000004_steps_000131136.json,e_minus_s,previous_action_latest_token,saved,0.023532486263379115,0.2153778193131187,0.2205683407622425,0.9764675137366209,0.21442417943107375,0.2153778193131187,1.0044474456405765,-0.0009536398820449432,10000,,,10000,10000,,,
variant_2_quarter,20260909T111613Z-484ad76e,2,quarter,intermediate,131136,4,iteration_000004_steps_000131136,experiments/gol_reward_state_action_symmetry_cycle_1/variant_2_quarter/results/20260909T111613Z-484ad76e/checkpoint_probes/steps_000131136/probe_iteration_000004_steps_000131136.json,fine_belief,shuffled_history_broken_alignment,saved,-0.03672109342530794,0.13433082026488458,0.12957276659728986,1.036721093425308,0.1019666726169733,0.13433082026488458,1.3173992719119478,-0.032364147647911276,10000,,,10000,10000,,,
variant_2_quarter,20260909T111613Z-484ad76e,2,quarter,intermediate,131136,4,iteration_000004_steps_000131136,experiments/gol_reward_state_action_symmetry_cycle_1/variant_2_quarter/results/20260909T111613Z-484ad76e/checkpoint_probes/steps_000131136/probe_iteration_000004_steps_000131136.json,coarse_belief,shuffled_history_broken_alignment,saved,-0.02663629314247129,0.12667039811459047,0.12338390816757518,1.0266362931424713,0.06930479692752033,0.12667039811459047,1.8277291577243013,-0.05736560118707014,10000,,,10000,10000,,,
variant_2_quarter,20260909T111613Z-484ad76e,2,quarter,intermediate,131136,4,iteration_000004_steps_000131136,experiments/gol_reward_state_action_symmetry_cycle_1/variant_2_quarter/results/20260909T111613Z-484ad76e/checkpoint_probes/steps_000131136/probe_iteration_000004_steps_000131136.json,m1_minus_m2,shuffled_history_broken_alignment,saved,-0.051442223258206354,0.4936770638756872,0.4695237198539375,1.0514422232582061,0.46703946674868047,0.4936770638756872,1.0570350024430393,-0.02663759712700675,10000,,,10000,10000,,,
variant_2_quarter,20260909T111613Z-484ad76e,2,quarter,intermediate,131136,4,iteration_000004_steps_000131136,experiments/gol_reward_state_action_symmetry_cycle_1/variant_2_quarter/results/20260909T111613Z-484ad76e/checkpoint_probes/steps_000131136/probe_iteration_000004_steps_000131136.json,e_minus_s,shuffled_history_broken_alignment,saved,-0.010406645781107837,0.22286371735508181,0.2205683407622425,1.0104066457811076,0.21442417943107375,0.22286371735508181,1.0393590776301465,-0.008439537924008061,10000,,,10000,10000,,,
variant_2_quarter,20260909T111613Z-484ad76e,2,quarter,intermediate,131136,4,iteration_000004_steps_000131136,experiments/gol_reward_state_action_symmetry_cycle_1/variant_2_quarter/results/20260909T111613Z-484ad76e/checkpoint_probes/steps_000131136/probe_iteration_000004_steps_000131136.json,fine_belief,single_permuted_training_labels,saved,-0.0056878823915444965,0.1303097612548423,0.12957276659728986,1.0056878823915447,0.1019666726169733,0.1303097612548423,1.2779642397897668,-0.02834308863786901,10000,,,10000,10000,,,
variant_2_quarter,20260909T111613Z-484ad76e,2,quarter,intermediate,131136,4,iteration_000004_steps_000131136,experiments/gol_reward_state_action_symmetry_cycle_1/variant_2_quarter/results/20260909T111613Z-484ad76e/checkpoint_probes/steps_000131136/probe_iteration_000004_steps_000131136.json,coarse_belief,single_permuted_training_labels,saved,0.0020381133796031348,0.12313243777351111,0.12338390816757518,0.9979618866203969,0.06930479692752033,0.12313243777351111,1.776679872567613,-0.05382764084599079,10000,,,10000,10000,,,
variant_2_quarter,20260909T111613Z-484ad76e,2,quarter,intermediate,131136,4,iteration_000004_steps_000131136,experiments/gol_reward_state_action_symmetry_cycle_1/variant_2_quarter/results/20260909T111613Z-484ad76e/checkpoint_probes/steps_000131136/probe_iteration_000004_steps_000131136.json,m1_minus_m2,single_permuted_training_labels,saved,-0.01358288754631265,0.4759012077410399,0.4695237198539375,1.0135828875463126,0.46703946674868047,0.4759012077410399,1.0189742872354042,-0.008861740992359424,10000,,,10000,10000,,,
variant_2_quarter,20260909T111613Z-484ad76e,2,quarter,intermediate,131136,4,iteration_000004_steps_000131136,experiments/gol_reward_state_action_symmetry_cycle_1/variant_2_quarter/results/20260909T111613Z-484ad76e/checkpoint_probes/steps_000131136/probe_iteration_000004_steps_000131136.json,e_minus_s,single_permuted_training_labels,saved,-0.007131816122288637,0.22214139361095714,0.2205683407622425,1.0071318161222889,0.21442417943107375,0.22214139361095714,1.0359904102250002,-0.007717214179883386,10000,,,10000,10000,,,
variant_2_quarter,20260909T111613Z-484ad76e,2,quarter,intermediate,131136,4,iteration_000004_steps_000131136,experiments/gol_reward_state_action_symmetry_cycle_1/variant_2_quarter/results/20260909T111613Z-484ad76e/checkpoint_probes/steps_000131136/probe_iteration_000004_steps_000131136.json,fine_belief,log_next_token,not_fitted_or_saved,,,,,,,,,,,,,,,,
variant_2_quarter,20260909T111613Z-484ad76e,2,quarter,intermediate,131136,4,iteration_000004_steps_000131136,experiments/gol_reward_state_action_symmetry_cycle_1/variant_2_quarter/results/20260909T111613Z-484ad76e/checkpoint_probes/steps_000131136/probe_iteration_000004_steps_000131136.json,coarse_belief,log_next_token,not_fitted_or_saved,,,,,,,,,,,,,,,,
variant_2_quarter,20260909T111613Z-484ad76e,2,quarter,intermediate,131136,4,iteration_000004_steps_000131136,experiments/gol_reward_state_action_symmetry_cycle_1/variant_2_quarter/results/20260909T111613Z-484ad76e/checkpoint_probes/steps_000131136/probe_iteration_000004_steps_000131136.json,m1_minus_m2,log_next_token,not_fitted_or_saved,,,,,,,,,,,,,,,,
variant_2_quarter,20260909T111613Z-484ad76e,2,quarter,intermediate,131136,4,iteration_000004_steps_000131136,experiments/gol_reward_state_action_symmetry_cycle_1/variant_2_quarter/results/20260909T111613Z-484ad76e/checkpoint_probes/steps_000131136/probe_iteration_000004_steps_000131136.json,e_minus_s,log_next_token,not_fitted_or_saved,,,,,,,,,,,,,,,,
variant_2_quarter,20260909T111613Z-484ad76e,2,quarter,intermediate,262272,8,iteration_000008_steps_000262272,experiments/gol_reward_state_action_symmetry_cycle_1/variant_2_quarter/results/20260909T111613Z-484ad76e/checkpoint_probes/steps_000262272/probe_iteration_000008_steps_000262272.json,fine_belief,post_final_layer_norm,saved,0.31018047067459575,0.08904096940182916,0.1290786439301089,0.6898195293254042,0.09832408776837781,0.08904096940182916,0.9055865294329819,0.009283118366548646,10000,0.08538495602755634,0.09328894348463851,10000,10000,16,200,held_out_environment_trajectory_fixed_probe
variant_2_quarter,20260909T111613Z-484ad76e,2,quarter,intermediate,262272,8,iteration_000008_steps_000262272,experiments/gol_reward_state_action_symmetry_cycle_1/variant_2_quarter/results/20260909T111613Z-484ad76e/checkpoint_probes/steps_000262272/probe_iteration_000008_steps_000262272.json,coarse_belief,post_final_layer_norm,saved,0.6083695572016115,0.05226881065620559,0.1334646261989229,0.39163044279838855,0.07273436574565292,0.05226881065620559,0.718626059639896,0.020465555089447335,10000,0.04965302869614308,0.054942935039013846,10000,10000,16,200,held_out_environment_trajectory_fixed_probe
variant_2_quarter,20260909T111613Z-484ad76e,2,quarter,intermediate,262272,8,iteration_000008_steps_000262272,experiments/gol_reward_state_action_symmetry_cycle_1/variant_2_quarter/results/20260909T111613Z-484ad76e/checkpoint_probes/steps_000262272/probe_iteration_000008_steps_000262272.json,m1_minus_m2,post_final_layer_norm,saved,-0.015708190425459234,0.4202935027981921,0.4137935548419077,1.0157081904254592,0.4120282007186078,0.4202935027981921,1.0200600397379815,-0.008265302079584314,10000,0.38864131798353446,0.46424672788984617,10000,10000,16,200,held_out_environment_trajectory_fixed_probe
variant_2_quarter,20260909T111613Z-484ad76e,2,quarter,intermediate,262272,8,iteration_000008_steps_000262272,experiments/gol_reward_state_action_symmetry_cycle_1/variant_2_quarter/results/20260909T111613Z-484ad76e/checkpoint_probes/steps_000262272/probe_iteration_000008_steps_000262272.json,e_minus_s,post_final_layer_norm,saved,0.023748541740230222,0.2488770293748552,0.2549312754098153,0.9762514582597699,0.25088111533740876,0.2488770293748552,0.9920118102159333,0.0020040859625535534,10000,0.23532079594715066,0.26164431452236947,10000,10000,16,200,held_out_environment_trajectory_fixed_probe
variant_2_quarter,20260909T111613Z-484ad76e,2,quarter,intermediate,262272,8,iteration_000008_steps_000262272,experiments/gol_reward_state_action_symmetry_cycle_1/variant_2_quarter/results/20260909T111613Z-484ad76e/checkpoint_probes/steps_000262272/probe_iteration_000008_steps_000262272.json,fine_belief,categorical_plus_marginals,saved,0.3613944912157322,0.08243033308017055,0.1290786439301089,0.6386055087842679,0.09832408776837781,0.08243033308017055,0.8383533979420363,0.015893754688207265,10000,,,10000,10000,,,
variant_2_quarter,20260909T111613Z-484ad76e,2,quarter,intermediate,262272,8,iteration_000008_steps_000262272,experiments/gol_reward_state_action_symmetry_cycle_1/variant_2_quarter/results/20260909T111613Z-484ad76e/checkpoint_probes/steps_000262272/probe_iteration_000008_steps_000262272.json,coarse_belief,categorical_plus_marginals,saved,0.6882484454745761,0.041607804691668845,0.1334646261989229,0.31175155452542397,0.07273436574565292,0.041607804691668845,0.5720515228959098,0.031126561053984078,10000,,,10000,10000,,,
variant_2_quarter,20260909T111613Z-484ad76e,2,quarter,intermediate,262272,8,iteration_000008_steps_000262272,experiments/gol_reward_state_action_symmetry_cycle_1/variant_2_quarter/results/20260909T111613Z-484ad76e/checkpoint_probes/steps_000262272/probe_iteration_000008_steps_000262272.json,m1_minus_m2,categorical_plus_marginals,saved,0.009661142141481172,0.4097958364913513,0.4137935548419077,0.9903388578585189,0.4120282007186078,0.4097958364913513,0.9945820110774868,0.002232364227256478,10000,,,10000,10000,,,
variant_2_quarter,20260909T111613Z-484ad76e,2,quarter,intermediate,262272,8,iteration_000008_steps_000262272,experiments/gol_reward_state_action_symmetry_cycle_1/variant_2_quarter/results/20260909T111613Z-484ad76e/checkpoint_probes/steps_000262272/probe_iteration_000008_steps_000262272.json,e_minus_s,categorical_plus_marginals,saved,0.020728909198399426,0.2496468281500131,0.2549312754098153,0.9792710908016006,0.25088111533740876,0.2496468281500131,0.9950801909273416,0.0012342871873956551,10000,,,10000,10000,,,
variant_2_quarter,20260909T111613Z-484ad76e,2,quarter,intermediate,262272,8,iteration_000008_steps_000262272,experiments/gol_reward_state_action_symmetry_cycle_1/variant_2_quarter/results/20260909T111613Z-484ad76e/checkpoint_probes/steps_000262272/probe_iteration_000008_steps_000262272.json,fine_belief,combined_marginals,saved,0.35377855774855693,0.08341338744437546,0.1290786439301089,0.6462214422514432,0.09832408776837781,0.08341338744437546,0.8483515010164395,0.014910700324002352,10000,,,10000,10000,,,
variant_2_quarter,20260909T111613Z-484ad76e,2,quarter,intermediate,262272,8,iteration_000008_steps_000262272,experiments/gol_reward_state_action_symmetry_cycle_1/variant_2_quarter/results/20260909T111613Z-484ad76e/checkpoint_probes/steps_000262272/probe_iteration_000008_steps_000262272.json,coarse_belief,combined_marginals,saved,0.6817167860432574,0.04247955017612847,0.1334646261989229,0.31828321395674275,0.07273436574565292,0.04247955017612847,0.5840368543898016,0.030254815569524453,10000,,,10000,10000,,,
variant_2_quarter,20260909T111613Z-484ad76e,2,quarter,intermediate,262272,8,iteration_000008_steps_000262272,experiments/gol_reward_state_action_symmetry_cycle_1/variant_2_quarter/results/20260909T111613Z-484ad76e/checkpoint_probes/steps_000262272/probe_iteration_000008_steps_000262272.json,m1_minus_m2,combined_marginals,saved,0.003295740901996136,0.41242979849823286,0.4137935548419077,0.9967042590980039,0.4120282007186078,0.41242979849823286,1.0009746851767054,-0.0004015977796250625,10000,,,10000,10000,,,
variant_2_quarter,20260909T111613Z-484ad76e,2,quarter,intermediate,262272,8,iteration_000008_steps_000262272,experiments/gol_reward_state_action_symmetry_cycle_1/variant_2_quarter/results/20260909T111613Z-484ad76e/checkpoint_probes/steps_000262272/probe_iteration_000008_steps_000262272.json,e_minus_s,combined_marginals,saved,0.00021172119018264546,0.2548773010567708,0.2549312754098153,0.9997882788098176,0.25088111533740876,0.2548773010567708,1.0159286031313581,-0.003996185719362055,10000,,,10000,10000,,,
variant_2_quarter,20260909T111613Z-484ad76e,2,quarter,intermediate,262272,8,iteration_000008_steps_000262272,experiments/gol_reward_state_action_symmetry_cycle_1/variant_2_quarter/results/20260909T111613Z-484ad76e/checkpoint_probes/steps_000262272/probe_iteration_000008_steps_000262272.json,fine_belief,next_reward,saved,0.35377855774900957,0.08341338744431703,0.1290786439301089,0.6462214422509905,0.09832408776837781,0.08341338744431703,0.8483515010158453,0.014910700324060777,10000,,,10000,10000,,,
variant_2_quarter,20260909T111613Z-484ad76e,2,quarter,intermediate,262272,8,iteration_000008_steps_000262272,experiments/gol_reward_state_action_symmetry_cycle_1/variant_2_quarter/results/20260909T111613Z-484ad76e/checkpoint_probes/steps_000262272/probe_iteration_000008_steps_000262272.json,coarse_belief,next_reward,saved,0.681716786043393,0.04247955017611035,0.1334646261989229,0.31828321395660697,0.07273436574565292,0.04247955017611035,0.5840368543895526,0.03025481556954257,10000,,,10000,10000,,,
variant_2_quarter,20260909T111613Z-484ad76e,2,quarter,intermediate,262272,8,iteration_000008_steps_000262272,experiments/gol_reward_state_action_symmetry_cycle_1/variant_2_quarter/results/20260909T111613Z-484ad76e/checkpoint_probes/steps_000262272/probe_iteration_000008_steps_000262272.json,m1_minus_m2,next_reward,saved,0.003295740902862776,0.41242979849787426,0.4137935548419077,0.9967042590971372,0.4120282007186078,0.41242979849787426,1.0009746851758352,-0.00040159777926646045,10000,,,10000,10000,,,
variant_2_quarter,20260909T111613Z-484ad76e,2,quarter,intermediate,262272,8,iteration_000008_steps_000262272,experiments/gol_reward_state_action_symmetry_cycle_1/variant_2_quarter/results/20260909T111613Z-484ad76e/checkpoint_probes/steps_000262272/probe_iteration_000008_steps_000262272.json,e_minus_s,next_reward,saved,0.00021172119060908212,0.25487730105666206,0.2549312754098153,0.999788278809391,0.25088111533740876,0.25487730105666206,1.0159286031309247,-0.003996185719253309,10000,,,10000,10000,,,
variant_2_quarter,20260909T111613Z-484ad76e,2,quarter,intermediate,262272,8,iteration_000008_steps_000262272,experiments/gol_reward_state_action_symmetry_cycle_1/variant_2_quarter/results/20260909T111613Z-484ad76e/checkpoint_probes/steps_000262272/probe_iteration_000008_steps_000262272.json,fine_belief,next_token,saved,0.35377855774857503,0.08341338744437311,0.1290786439301089,0.646221442251425,0.09832408776837781,0.08341338744437311,0.8483515010164157,0.014910700324004697,10000,,,10000,10000,,,
variant_2_quarter,20260909T111613Z-484ad76e,2,quarter,intermediate,262272,8,iteration_000008_steps_000262272,experiments/gol_reward_state_action_symmetry_cycle_1/variant_2_quarter/results/20260909T111613Z-484ad76e/checkpoint_probes/steps_000262272/probe_iteration_000008_steps_000262272.json,coarse_belief,next_token,saved,0.6817167860432627,0.04247955017612774,0.1334646261989229,0.31828321395673725,0.07273436574565292,0.04247955017612774,0.5840368543897916,0.03025481556952518,10000,,,10000,10000,,,
variant_2_quarter,20260909T111613Z-484ad76e,2,quarter,intermediate,262272,8,iteration_000008_steps_000262272,experiments/gol_reward_state_action_symmetry_cycle_1/variant_2_quarter/results/20260909T111613Z-484ad76e/checkpoint_probes/steps_000262272/probe_iteration_000008_steps_000262272.json,m1_minus_m2,next_token,saved,0.003295740902031108,0.4124297984982184,0.4137935548419077,0.996704259097969,0.4120282007186078,0.4124297984982184,1.0009746851766705,-0.0004015977796106296,10000,,,10000,10000,,,
variant_2_quarter,20260909T111613Z-484ad76e,2,quarter,intermediate,262272,8,iteration_000008_steps_000262272,experiments/gol_reward_state_action_symmetry_cycle_1/variant_2_quarter/results/20260909T111613Z-484ad76e/checkpoint_probes/steps_000262272/probe_iteration_000008_steps_000262272.json,e_minus_s,next_token,saved,0.00021172119019952085,0.2548773010567665,0.2549312754098153,0.9997882788098006,0.25088111533740876,0.2548773010567665,1.0159286031313408,-0.0039961857193577255,10000,,,10000,10000,,,
variant_2_quarter,20260909T111613Z-484ad76e,2,quarter,intermediate,262272,8,iteration_000008_steps_000262272,experiments/gol_reward_state_action_symmetry_cycle_1/variant_2_quarter/results/20260909T111613Z-484ad76e/checkpoint_probes/steps_000262272/probe_iteration_000008_steps_000262272.json,fine_belief,previous_action_latest_token,saved,0.2379952757087308,0.09835853647985354,0.1290786439301089,0.7620047242912692,0.09832408776837781,0.09835853647985354,1.0003503588210947,-3.444871147573192e-05,10000,,,10000,10000,,,
variant_2_quarter,20260909T111613Z-484ad76e,2,quarter,intermediate,262272,8,iteration_000008_steps_000262272,experiments/gol_reward_state_action_symmetry_cycle_1/variant_2_quarter/results/20260909T111613Z-484ad76e/checkpoint_probes/steps_000262272/probe_iteration_000008_steps_000262272.json,coarse_belief,previous_action_latest_token,saved,0.4547450382712893,0.0727722496502304,0.1334646261989229,0.5452549617287107,0.07273436574565292,0.0727722496502304,1.0005208528896774,-3.788390457747093e-05,10000,,,10000,10000,,,
variant_2_quarter,20260909T111613Z-484ad76e,2,quarter,intermediate,262272,8,iteration_000008_steps_000262272,experiments/gol_reward_state_action_symmetry_cycle_1/variant_2_quarter/results/20260909T111613Z-484ad76e/checkpoint_probes/steps_000262272/probe_iteration_000008_steps_000262272.json,m1_minus_m2,previous_action_latest_token,saved,0.0039987387314781575,0.4121389025273254,0.4137935548419077,0.996001261268522,0.4120282007186078,0.4121389025273254,1.0002686753200982,-0.00011070180871758373,10000,,,10000,10000,,,
variant_2_quarter,20260909T111613Z-484ad76e,2,quarter,intermediate,262272,8,iteration_000008_steps_000262272,experiments/gol_reward_state_action_symmetry_cycle_1/variant_2_quarter/results/20260909T111613Z-484ad76e/checkpoint_probes/steps_000262272/probe_iteration_000008_steps_000262272.json,e_minus_s,previous_action_latest_token,saved,0.01573013460833672,0.250921172131744,0.2549312754098153,0.9842698653916634,0.25088111533740876,0.250921172131744,1.0001596644461714,-4.005679433521925e-05,10000,,,10000,10000,,,
variant_2_quarter,20260909T111613Z-484ad76e,2,quarter,intermediate,262272,8,iteration_000008_steps_000262272,experiments/gol_reward_state_action_symmetry_cycle_1/variant_2_quarter/results/20260909T111613Z-484ad76e/checkpoint_probes/steps_000262272/probe_iteration_000008_steps_000262272.json,fine_belief,shuffled_history_broken_alignment,saved,-0.015718384217332293,0.13110755164965457,0.1290786439301089,1.0157183842173323,0.09832408776837781,0.13110755164965457,1.333422507397219,-0.03278346388127676,10000,,,10000,10000,,,
variant_2_quarter,20260909T111613Z-484ad76e,2,quarter,intermediate,262272,8,iteration_000008_steps_000262272,experiments/gol_reward_state_action_symmetry_cycle_1/variant_2_quarter/results/20260909T111613Z-484ad76e/checkpoint_probes/steps_000262272/probe_iteration_000008_steps_000262272.json,coarse_belief,shuffled_history_broken_alignment,saved,-0.013183469402584302,0.13522415301474378,0.1334646261989229,1.0131834694025845,0.07273436574565292,0.13522415301474378,1.859150782830957,-0.06248978726909085,10000,,,10000,10000,,,
variant_2_quarter,20260909T111613Z-484ad76e,2,quarter,intermediate,262272,8,iteration_000008_steps_000262272,experiments/gol_reward_state_action_symmetry_cycle_1/variant_2_quarter/results/20260909T111613Z-484ad76e/checkpoint_probes/steps_000262272/probe_iteration_000008_steps_000262272.json,m1_minus_m2,shuffled_history_broken_alignment,saved,-0.020621650457920637,0.4223266608915979,0.4137935548419077,1.0206216504579206,0.4120282007186078,0.4223266608915979,1.0249945517200736,-0.010298460172990132,10000,,,10000,10000,,,
variant_2_quarter,20260909T111613Z-484ad76e,2,quarter,intermediate,262272,8,iteration_000008_steps_000262272,experiments/gol_reward_state_action_symmetry_cycle_1/variant_2_quarter/results/20260909T111613Z-484ad76e/checkpoint_probes/steps_000262272/probe_iteration_000008_steps_000262272.json,e_minus_s,shuffled_history_broken_alignment,saved,-0.00776736917426768,0.25691142073999024,0.2549312754098153,1.0077673691742677,0.25088111533740876,0.25691142073999024,1.0240365058743914,-0.006030305402581482,10000,,,10000,10000,,,
variant_2_quarter,20260909T111613Z-484ad76e,2,quarter,intermediate,262272,8,iteration_000008_steps_000262272,experiments/gol_reward_state_action_symmetry_cycle_1/variant_2_quarter/results/20260909T111613Z-484ad76e/checkpoint_probes/steps_000262272/probe_iteration_000008_steps_000262272.json,fine_belief,single_permuted_training_labels,saved,-0.008552993640156714,0.13018265275072316,0.1290786439301089,1.0085529936401567,0.09832408776837781,0.13018265275072316,1.3240158714454042,-0.03185856498234535,10000,,,10000,10000,,,
variant_2_quarter,20260909T111613Z-484ad76e,2,quarter,intermediate,262272,8,iteration_000008_steps_000262272,experiments/gol_reward_state_action_symmetry_cycle_1/variant_2_quarter/results/20260909T111613Z-484ad76e/checkpoint_probes/steps_000262272/probe_iteration_000008_steps_000262272.json,coarse_belief,single_permuted_training_labels,saved,0.0010712336945489787,0.13332165439430824,0.1334646261989229,0.998928766305451,0.07273436574565292,0.13332165439430824,1.832993977847073,-0.06058728864865531,10000,,,10000,10000,,,
variant_2_quarter,20260909T111613Z-484ad76e,2,quarter,intermediate,262272,8,iteration_000008_steps_000262272,experiments/gol_reward_state_action_symmetry_cycle_1/variant_2_quarter/results/20260909T111613Z-484ad76e/checkpoint_probes/steps_000262272/probe_iteration_000008_steps_000262272.json,m1_minus_m2,single_permuted_training_labels,saved,-0.019751298458763777,0.42196651484390313,0.4137935548419077,1.019751298458764,0.4120282007186078,0.42196651484390313,1.0241204706570137,-0.009938314125295333,10000,,,10000,10000,,,
variant_2_quarter,20260909T111613Z-484ad76e,2,quarter,intermediate,262272,8,iteration_000008_steps_000262272,experiments/gol_reward_state_action_symmetry_cycle_1/variant_2_quarter/results/20260909T111613Z-484ad76e/checkpoint_probes/steps_000262272/probe_iteration_000008_steps_000262272.json,e_minus_s,single_permuted_training_labels,saved,-0.014486230997754257,0.25862426875395406,0.2549312754098153,1.0144862309977545,0.25088111533740876,0.25862426875395406,1.0308638352716648,-0.007743153416545301,10000,,,10000,10000,,,
variant_2_quarter,20260909T111613Z-484ad76e,2,quarter,intermediate,262272,8,iteration_000008_steps_000262272,experiments/gol_reward_state_action_symmetry_cycle_1/variant_2_quarter/results/20260909T111613Z-484ad76e/checkpoint_probes/steps_000262272/probe_iteration_000008_steps_000262272.json,fine_belief,log_next_token,not_fitted_or_saved,,,,,,,,,,,,,,,,
variant_2_quarter,20260909T111613Z-484ad76e,2,quarter,intermediate,262272,8,iteration_000008_steps_000262272,experiments/gol_reward_state_action_symmetry_cycle_1/variant_2_quarter/results/20260909T111613Z-484ad76e/checkpoint_probes/steps_000262272/probe_iteration_000008_steps_000262272.json,coarse_belief,log_next_token,not_fitted_or_saved,,,,,,,,,,,,,,,,
variant_2_quarter,20260909T111613Z-484ad76e,2,quarter,intermediate,262272,8,iteration_000008_steps_000262272,experiments/gol_reward_state_action_symmetry_cycle_1/variant_2_quarter/results/20260909T111613Z-484ad76e/checkpoint_probes/steps_000262272/probe_iteration_000008_steps_000262272.json,m1_minus_m2,log_next_token,not_fitted_or_saved,,,,,,,,,,,,,,,,
variant_2_quarter,20260909T111613Z-484ad76e,2,quarter,intermediate,262272,8,iteration_000008_steps_000262272,experiments/gol_reward_state_action_symmetry_cycle_1/variant_2_quarter/results/20260909T111613Z-484ad76e/checkpoint_probes/steps_000262272/probe_iteration_000008_steps_000262272.json,e_minus_s,log_next_token,not_fitted_or_saved,,,,,,,,,,,,,,,,
variant_2_quarter,20260909T111613Z-484ad76e,2,quarter,intermediate,524544,16,iteration_000016_steps_000524544,experiments/gol_reward_state_action_symmetry_cycle_1/variant_2_quarter/results/20260909T111613Z-484ad76e/checkpoint_probes/steps_000524544/probe_iteration_000016_steps_000524544.json,fine_belief,post_final_layer_norm,saved,0.3420774077133628,0.08014933681350637,0.12182183398649381,0.6579225922866373,0.08773292769649102,0.08014933681350637,0.9135604945361016,0.007583590882984645,10000,0.07589692641401505,0.08359135840460528,10000,10000,16,200,held_out_environment_trajectory_fixed_probe
variant_2_quarter,20260909T111613Z-484ad76e,2,quarter,intermediate,524544,16,iteration_000016_steps_000524544,experiments/gol_reward_state_action_symmetry_cycle_1/variant_2_quarter/results/20260909T111613Z-484ad76e/checkpoint_probes/steps_000524544/probe_iteration_000016_steps_000524544.json,coarse_belief,post_final_layer_norm,saved,0.6096888742512301,0.05414304796698792,0.13871766494772678,0.3903111257487699,0.07149724191500015,0.05414304796698792,0.757274637689607,0.017354193948012228,10000,0.05152142866502982,0.0565740241261763,10000,10000,16,200,held_out_environment_trajectory_fixed_probe
variant_2_quarter,20260909T111613Z-484ad76e,2,quarter,intermediate,524544,16,iteration_000016_steps_000524544,experiments/gol_reward_state_action_symmetry_cycle_1/variant_2_quarter/results/20260909T111613Z-484ad76e/checkpoint_probes/steps_000524544/probe_iteration_000016_steps_000524544.json,m1_minus_m2,post_final_layer_norm,saved,-0.02642990774448717,0.3333488673304537,0.3247653491147448,1.0264299077444872,0.3231472423198099,0.3333488673304537,1.031569587094132,-0.010201625010643811,10000,0.3018660636696226,0.36646418867500674,10000,10000,16,200,held_out_environment_trajectory_fixed_probe
variant_2_quarter,20260909T111613Z-484ad76e,2,quarter,intermediate,524544,16,iteration_000016_steps_000524544,experiments/gol_reward_state_action_symmetry_cycle_1/variant_2_quarter/results/20260909T111613Z-484ad76e/checkpoint_probes/steps_000524544/probe_iteration_000016_steps_000524544.json,e_minus_s,post_final_layer_norm,saved,0.038604163586984264,0.27382090592893754,0.2848159889588955,0.9613958364130156,0.2781816347763528,0.27382090592893754,0.9843241670108053,0.004360728847415285,10000,0.2571205941052861,0.2888586407471183,10000,10000,16,200,held_out_environment_trajectory_fixed_probe
variant_2_quarter,20260909T111613Z-484ad76e,2,quarter,intermediate,524544,16,iteration_000016_steps_000524544,experiments/gol_reward_state_action_symmetry_cycle_1/variant_2_quarter/results/20260909T111613Z-484ad76e/checkpoint_probes/steps_000524544/probe_iteration_000016_steps_000524544.json,fine_belief,categorical_plus_marginals,saved,0.3789220151383057,0.07566085916448745,0.12182183398649381,0.6210779848616944,0.08773292769649102,0.07566085916448745,0.8623997984682961,0.012072068532003571,10000,,,10000,10000,,,
variant_2_quarter,20260909T111613Z-484ad76e,2,quarter,intermediate,524544,16,iteration_000016_steps_000524544,experiments/gol_reward_state_action_symmetry_cycle_1/variant_2_quarter/results/20260909T111613Z-484ad76e/checkpoint_probes/steps_000524544/probe_iteration_000016_steps_000524544.json,coarse_belief,categorical_plus_marginals,saved,0.6659344194758473,0.04634079726971725,0.13871766494772678,0.3340655805241527,0.07149724191500015,0.04634079726971725,0.6481480407986889,0.025156444645282897,10000,,,10000,10000,,,
variant_2_quarter,20260909T111613Z-484ad76e,2,quarter,intermediate,524544,16,iteration_000016_steps_000524544,experiments/gol_reward_state_action_symmetry_cycle_1/variant_2_quarter/results/20260909T111613Z-484ad76e/checkpoint_probes/steps_000524544/probe_iteration_000016_steps_000524544.json,m1_minus_m2,categorical_plus_marginals,saved,-0.007626246425619376,0.32724208969759616,0.3247653491147448,1.0076262464256194,0.3231472423198099,0.32724208969759616,1.0126717695264553,-0.004094847377786259,10000,,,10000,10000,,,
variant_2_quarter,20260909T111613Z-484ad76e,2,quarter,intermediate,524544,16,iteration_000016_steps_000524544,experiments/gol_reward_state_action_symmetry_cycle_1/variant_2_quarter/results/20260909T111613Z-484ad76e/checkpoint_probes/steps_000524544/probe_iteration_000016_steps_000524544.json,e_minus_s,categorical_plus_marginals,saved,0.023773964956613214,0.27804478361830354,0.2848159889588955,0.9762260350433867,0.2781816347763528,0.27804478361830354,0.999508051068291,0.00013685115804928927,10000,,,10000,10000,,,
variant_2_quarter,20260909T111613Z-484ad76e,2,quarter,intermediate,524544,16,iteration_000016_steps_000524544,experiments/gol_reward_state_action_symmetry_cycle_1/variant_2_quarter/results/20260909T111613Z-484ad76e/checkpoint_probes/steps_000524544/probe_iteration_000016_steps_000524544.json,fine_belief,combined_marginals,saved,0.3700903810850332,0.07673674502195467,0.12182183398649381,0.6299096189149669,0.08773292769649102,0.07673674502195467,0.8746629918406774,0.01099618267453635,10000,,,10000,10000,,,
variant_2_quarter,20260909T111613Z-484ad76e,2,quarter,intermediate,524544,16,iteration_000016_steps_000524544,experiments/gol_reward_state_action_symmetry_cycle_1/variant_2_quarter/results/20260909T111613Z-484ad76e/checkpoint_probes/steps_000524544/probe_iteration_000016_steps_000524544.json,coarse_belief,combined_marginals,saved,0.6578025248624444,0.04746883470208949,0.13871766494772678,0.34219747513755555,0.07149724191500015,0.04746883470208949,0.6639253967100305,0.024028407212910656,10000,,,10000,10000,,,
variant_2_quarter,20260909T111613Z-484ad76e,2,quarter,intermediate,524544,16,iteration_000016_steps_000524544,experiments/gol_reward_state_action_symmetry_cycle_1/variant_2_quarter/results/20260909T111613Z-484ad76e/checkpoint_probes/steps_000524544/probe_iteration_000016_steps_000524544.json,m1_minus_m2,combined_marginals,saved,-0.013288372235890522,0.3290809519631005,0.3247653491147448,1.0132883722358905,0.3231472423198099,0.3290809519631005,1.0183622475026977,-0.005933709643290597,10000,,,10000,10000,,,
variant_2_quarter,20260909T111613Z-484ad76e,2,quarter,intermediate,524544,16,iteration_000016_steps_000524544,experiments/gol_reward_state_action_symmetry_cycle_1/variant_2_quarter/results/20260909T111613Z-484ad76e/checkpoint_probes/steps_000524544/probe_iteration_000016_steps_000524544.json,e_minus_s,combined_marginals,saved,1.0465516242175177e-05,0.28481300821253697,0.2848159889588955,0.9999895344837577,0.2781816347763528,0.28481300821253697,1.023838286238829,-0.00663137343618414,10000,,,10000,10000,,,
variant_2_quarter,20260909T111613Z-484ad76e,2,quarter,intermediate,524544,16,iteration_000016_steps_000524544,experiments/gol_reward_state_action_symmetry_cycle_1/variant_2_quarter/results/20260909T111613Z-484ad76e/checkpoint_probes/steps_000524544/probe_iteration_000016_steps_000524544.json,fine_belief,next_reward,saved,0.37009038108865944,0.07673674502151291,0.12182183398649381,0.6299096189113406,0.08773292769649102,0.07673674502151291,0.8746629918356422,0.010996182674978108,10000,,,10000,10000,,,
variant_2_quarter,20260909T111613Z-484ad76e,2,quarter,intermediate,524544,16,iteration_000016_steps_000524544,experiments/gol_reward_state_action_symmetry_cycle_1/variant_2_quarter/results/20260909T111613Z-484ad76e/checkpoint_probes/steps_000524544/probe_iteration_000016_steps_000524544.json,coarse_belief,next_reward,saved,0.6578025248624408,0.047468834702089985,0.13871766494772678,0.3421974751375591,0.07149724191500015,0.047468834702089985,0.6639253967100374,0.024028407212910163,10000,,,10000,10000,,,
variant_2_quarter,20260909T111613Z-484ad76e,2,quarter,intermediate,524544,16,iteration_000016_steps_000524544,experiments/gol_reward_state_action_symmetry_cycle_1/variant_2_quarter/results/20260909T111613Z-484ad76e/checkpoint_probes/steps_000524544/probe_iteration_000016_steps_000524544.json,m1_minus_m2,next_reward,saved,-0.013288372225000122,0.32908095195956366,0.3247653491147448,1.0132883722250001,0.3231472423198099,0.32908095195956366,1.0183622474917529,-0.005933709639753759,10000,,,10000,10000,,,
variant_2_quarter,20260909T111613Z-484ad76e,2,quarter,intermediate,524544,16,iteration_000016_steps_000524544,experiments/gol_reward_state_action_symmetry_cycle_1/variant_2_quarter/results/20260909T111613Z-484ad76e/checkpoint_probes/steps_000524544/probe_iteration_000016_steps_000524544.json,e_minus_s,next_reward,saved,1.0465516232072147e-05,0.28481300821253985,0.2848159889588955,0.9999895344837678,0.2781816347763528,0.28481300821253985,1.0238382862388395,-0.006631373436187027,10000,,,10000,10000,,,
variant_2_quarter,20260909T111613Z-484ad76e,2,quarter,intermediate,524544,16,iteration_000016_steps_000524544,experiments/gol_reward_state_action_symmetry_cycle_1/variant_2_quarter/results/20260909T111613Z-484ad76e/checkpoint_probes/steps_000524544/probe_iteration_000016_steps_000524544.json,fine_belief,next_token,saved,0.3700903810851789,0.07673674502193692,0.12182183398649381,0.6299096189148211,0.08773292769649102,0.07673674502193692,0.8746629918404751,0.0109961826745541,10000,,,10000,10000,,,
variant_2_quarter,20260909T111613Z-484ad76e,2,quarter,intermediate,524544,16,iteration_000016_steps_000524544,experiments/gol_reward_state_action_symmetry_cycle_1/variant_2_quarter/results/20260909T111613Z-484ad76e/checkpoint_probes/steps_000524544/probe_iteration_000016_steps_000524544.json,coarse_belief,next_token,saved,0.6578025248624444,0.047468834702089506,0.13871766494772678,0.3421974751375556,0.07149724191500015,0.047468834702089506,0.6639253967100307,0.024028407212910642,10000,,,10000,10000,,,
variant_2_quarter,20260909T111613Z-484ad76e,2,quarter,intermediate,524544,16,iteration_000016_steps_000524544,experiments/gol_reward_state_action_symmetry_cycle_1/variant_2_quarter/results/20260909T111613Z-484ad76e/checkpoint_probes/steps_000524544/probe_iteration_000016_steps_000524544.json,m1_minus_m2,next_token,saved,-0.013288372235453094,0.32908095196295845,0.3247653491147448,1.013288372235453,0.3231472423198099,0.32908095196295845,1.0183622475022582,-0.005933709643148544,10000,,,10000,10000,,,
variant_2_quarter,20260909T111613Z-484ad76e,2,quarter,intermediate,524544,16,iteration_000016_steps_000524544,experiments/gol_reward_state_action_symmetry_cycle_1/variant_2_quarter/results/20260909T111613Z-484ad76e/checkpoint_probes/steps_000524544/probe_iteration_000016_steps_000524544.json,e_minus_s,next_token,saved,1.046551624184211e-05,0.2848130082125371,0.2848159889588955,0.999989534483758,0.2781816347763528,0.2848130082125371,1.0238382862388296,-0.006631373436184251,10000,,,10000,10000,,,
variant_2_quarter,20260909T111613Z-484ad76e,2,quarter,intermediate,524544,16,iteration_000016_steps_000524544,experiments/gol_reward_state_action_symmetry_cycle_1/variant_2_quarter/results/20260909T111613Z-484ad76e/checkpoint_probes/steps_000524544/probe_iteration_000016_steps_000524544.json,fine_belief,previous_action_latest_token,saved,0.27570396555949417,0.0882350712646871,0.12182183398649381,0.7242960344405058,0.08773292769649102,0.0882350712646871,1.0057235473770263,-0.000502143568196084,10000,,,10000,10000,,,
variant_2_quarter,20260909T111613Z-484ad76e,2,quarter,intermediate,524544,16,iteration_000016_steps_000524544,experiments/gol_reward_state_action_symmetry_cycle_1/variant_2_quarter/results/20260909T111613Z-484ad76e/checkpoint_probes/steps_000524544/probe_iteration_000016_steps_000524544.json,coarse_belief,previous_action_latest_token,saved,0.4844281194293658,0.07151892738546664,0.13871766494772678,0.5155718805706342,0.07149724191500015,0.07151892738546664,1.0003033049931112,-2.1685470466492607e-05,10000,,,10000,10000,,,
variant_2_quarter,20260909T111613Z-484ad76e,2,quarter,intermediate,524544,16,iteration_000016_steps_000524544,experiments/gol_reward_state_action_symmetry_cycle_1/variant_2_quarter/results/20260909T111613Z-484ad76e/checkpoint_probes/steps_000524544/probe_iteration_000016_steps_000524544.json,m1_minus_m2,previous_action_latest_token,saved,-0.007051509728168037,0.32705543513339935,0.3247653491147448,1.007051509728168,0.3231472423198099,0.32705543513339935,1.0120941549292926,-0.003908192813589451,10000,,,10000,10000,,,
variant_2_quarter,20260909T111613Z-484ad76e,2,quarter,intermediate,524544,16,iteration_000016_steps_000524544,experiments/gol_reward_state_action_symmetry_cycle_1/variant_2_quarter/results/20260909T111613Z-484ad76e/checkpoint_probes/steps_000524544/probe_iteration_000016_steps_000524544.json,e_minus_s,previous_action_latest_token,saved,0.02305949415343589,0.27824827632669275,0.2848159889588955,0.976940505846564,0.2781816347763528,0.27824827632669275,1.0002395612866157,-6.66415503399187e-05,10000,,,10000,10000,,,
variant_2_quarter,20260909T111613Z-484ad76e,2,quarter,intermediate,524544,16,iteration_000016_steps_000524544,experiments/gol_reward_state_action_symmetry_cycle_1/variant_2_quarter/results/20260909T111613Z-484ad76e/checkpoint_probes/steps_000524544/probe_iteration_000016_steps_000524544.json,fine_belief,shuffled_history_broken_alignment,saved,-0.03718550258275699,0.12635184010883477,0.12182183398649381,1.037185502582757,0.08773292769649102,0.12635184010883477,1.44018720708768,-0.03861891241234375,10000,,,10000,10000,,,
variant_2_quarter,20260909T111613Z-484ad76e,2,quarter,intermediate,524544,16,iteration_000016_steps_000524544,experiments/gol_reward_state_action_symmetry_cycle_1/variant_2_quarter/results/20260909T111613Z-484ad76e/checkpoint_probes/steps_000524544/probe_iteration_000016_steps_000524544.json,coarse_belief,shuffled_history_broken_alignment,saved,-0.025557181846170618,0.142262897536072,0.13871766494772678,1.0255571818461706,0.07149724191500015,0.142262897536072,1.9897676291513726,-0.07076565562107184,10000,,,10000,10000,,,
variant_2_quarter,20260909T111613Z-484ad76e,2,quarter,intermediate,524544,16,iteration_000016_steps_000524544,experiments/gol_reward_state_action_symmetry_cycle_1/variant_2_quarter/results/20260909T111613Z-484ad76e/checkpoint_probes/steps_000524544/probe_iteration_000016_steps_000524544.json,m1_minus_m2,shuffled_history_broken_alignment,saved,-0.06464074418222521,0.3457584229661221,0.3247653491147448,1.0646407441822252,0.3231472423198099,0.3457584229661221,1.0699717580258181,-0.02261118064631218,10000,,,10000,10000,,,
variant_2_quarter,20260909T111613Z-484ad76e,2,quarter,intermediate,524544,16,iteration_000016_steps_000524544,experiments/gol_reward_state_action_symmetry_cycle_1/variant_2_quarter/results/20260909T111613Z-484ad76e/checkpoint_probes/steps_000524544/probe_iteration_000016_steps_000524544.json,e_minus_s,shuffled_history_broken_alignment,saved,-0.011228773825514349,0.2880141232808051,0.2848159889588955,1.0112287738255143,0.2781816347763528,0.2880141232808051,1.0353455702147887,-0.009832488504452286,10000,,,10000,10000,,,
variant_2_quarter,20260909T111613Z-484ad76e,2,quarter,intermediate,524544,16,iteration_000016_steps_000524544,experiments/gol_reward_state_action_symmetry_cycle_1/variant_2_quarter/results/20260909T111613Z-484ad76e/checkpoint_probes/steps_000524544/probe_iteration_000016_steps_000524544.json,fine_belief,single_permuted_training_labels,saved,-0.0021526609846804767,0.12208407509559875,0.12182183398649381,1.0021526609846805,0.08773292769649102,0.12208407509559875,1.3915422441838978,-0.03435114739910773,10000,,,10000,10000,,,
variant_2_quarter,20260909T111613Z-484ad76e,2,quarter,intermediate,524544,16,iteration_000016_steps_000524544,experiments/gol_reward_state_action_symmetry_cycle_1/variant_2_quarter/results/20260909T111613Z-484ad76e/checkpoint_probes/steps_000524544/probe_iteration_000016_steps_000524544.json,coarse_belief,single_permuted_training_labels,saved,0.006044791017726037,0.13787914565265083,0.13871766494772678,0.993955208982274,0.07149724191500015,0.13787914565265083,1.9284540488508513,-0.06638190373765068,10000,,,10000,10000,,,
variant_2_quarter,20260909T111613Z-484ad76e,2,quarter,intermediate,524544,16,iteration_000016_steps_000524544,experiments/gol_reward_state_action_symmetry_cycle_1/variant_2_quarter/results/20260909T111613Z-484ad76e/checkpoint_probes/steps_000524544/probe_iteration_000016_steps_000524544.json,m1_minus_m2,single_permuted_training_labels,saved,-0.014233167551643833,0.3293877887436631,0.3247653491147448,1.0142331675516438,0.3231472423198099,0.3293877887436631,1.0193117737259756,-0.006240546423853188,10000,,,10000,10000,,,
variant_2_quarter,20260909T111613Z-484ad76e,2,quarter,intermediate,524544,16,iteration_000016_steps_000524544,experiments/gol_reward_state_action_symmetry_cycle_1/variant_2_quarter/results/20260909T111613Z-484ad76e/checkpoint_probes/steps_000524544/probe_iteration_000016_steps_000524544.json,e_minus_s,single_permuted_training_labels,saved,-0.008737919811912409,0.2873046882315688,0.2848159889588955,1.0087379198119122,0.2781816347763528,0.2873046882315688,1.0327953118204605,-0.009123053455215968,10000,,,10000,10000,,,
variant_2_quarter,20260909T111613Z-484ad76e,2,quarter,intermediate,524544,16,iteration_000016_steps_000524544,experiments/gol_reward_state_action_symmetry_cycle_1/variant_2_quarter/results/20260909T111613Z-484ad76e/checkpoint_probes/steps_000524544/probe_iteration_000016_steps_000524544.json,fine_belief,log_next_token,not_fitted_or_saved,,,,,,,,,,,,,,,,
variant_2_quarter,20260909T111613Z-484ad76e,2,quarter,intermediate,524544,16,iteration_000016_steps_000524544,experiments/gol_reward_state_action_symmetry_cycle_1/variant_2_quarter/results/20260909T111613Z-484ad76e/checkpoint_probes/steps_000524544/probe_iteration_000016_steps_000524544.json,coarse_belief,log_next_token,not_fitted_or_saved,,,,,,,,,,,,,,,,
variant_2_quarter,20260909T111613Z-484ad76e,2,quarter,intermediate,524544,16,iteration_000016_steps_000524544,experiments/gol_reward_state_action_symmetry_cycle_1/variant_2_quarter/results/20260909T111613Z-484ad76e/checkpoint_probes/steps_000524544/probe_iteration_000016_steps_000524544.json,m1_minus_m2,log_next_token,not_fitted_or_saved,,,,,,,,,,,,,,,,
variant_2_quarter,20260909T111613Z-484ad76e,2,quarter,intermediate,524544,16,iteration_000016_steps_000524544,experiments/gol_reward_state_action_symmetry_cycle_1/variant_2_quarter/results/20260909T111613Z-484ad76e/checkpoint_probes/steps_000524544/probe_iteration_000016_steps_000524544.json,e_minus_s,log_next_token,not_fitted_or_saved,,,,,,,,,,,,,,,,
variant_2_quarter,20260909T111613Z-484ad76e,2,quarter,intermediate,1049088,32,iteration_000032_steps_001049088,experiments/gol_reward_state_action_symmetry_cycle_1/variant_2_quarter/results/20260909T111613Z-484ad76e/checkpoint_probes/steps_001049088/probe_iteration_000032_steps_001049088.json,fine_belief,post_final_layer_norm,saved,0.3411285323614003,0.07766278928149284,0.1178724426477851,0.6588714676385997,0.08359168572218464,0.07766278928149284,0.9290731322203936,0.0059288964406918054,10000,0.07423110298945233,0.08146739810957243,10000,10000,16,200,held_out_environment_trajectory_fixed_probe
variant_2_quarter,20260909T111613Z-484ad76e,2,quarter,intermediate,1049088,32,iteration_000032_steps_001049088,experiments/gol_reward_state_action_symmetry_cycle_1/variant_2_quarter/results/20260909T111613Z-484ad76e/checkpoint_probes/steps_001049088/probe_iteration_000032_steps_001049088.json,coarse_belief,post_final_layer_norm,saved,0.6082505676910468,0.054194700104242655,0.1383402135003019,0.3917494323089532,0.07063388919152246,0.054194700104242655,0.7672620143752066,0.0164391890872798,10000,0.05197850953238333,0.05648323697852935,10000,10000,16,200,held_out_environment_trajectory_fixed_probe
variant_2_quarter,20260909T111613Z-484ad76e,2,quarter,intermediate,1049088,32,iteration_000032_steps_001049088,experiments/gol_reward_state_action_symmetry_cycle_1/variant_2_quarter/results/20260909T111613Z-484ad76e/checkpoint_probes/steps_001049088/probe_iteration_000032_steps_001049088.json,m1_minus_m2,post_final_layer_norm,saved,-0.06835363913301418,0.3118611027792372,0.2919081204537454,1.0683536391330142,0.29121083437593853,0.3118611027792372,1.070911744913447,-0.020650268403298644,10000,0.2919580976030901,0.3328818507137372,10000,10000,16,200,held_out_environment_trajectory_fixed_probe
variant_2_quarter,20260909T111613Z-484ad76e,2,quarter,intermediate,1049088,32,iteration_000032_steps_001049088,experiments/gol_reward_state_action_symmetry_cycle_1/variant_2_quarter/results/20260909T111613Z-484ad76e/checkpoint_probes/steps_001049088/probe_iteration_000032_steps_001049088.json,e_minus_s,post_final_layer_norm,saved,0.05166437818010572,0.2779872331672042,0.2931317001819836,0.9483356218198942,0.28496128390634656,0.2779872331672042,0.9755263218794508,0.006974050739142368,10000,0.26327625048066466,0.2916464756727314,10000,10000,16,200,held_out_environment_trajectory_fixed_probe
variant_2_quarter,20260909T111613Z-484ad76e,2,quarter,intermediate,1049088,32,iteration_000032_steps_001049088,experiments/gol_reward_state_action_symmetry_cycle_1/variant_2_quarter/results/20260909T111613Z-484ad76e/checkpoint_probes/steps_001049088/probe_iteration_000032_steps_001049088.json,fine_belief,categorical_plus_marginals,saved,0.39074688077574105,0.07181415335374565,0.1178724426477851,0.6092531192242591,0.08359168572218464,0.07181415335374565,0.8591064139132043,0.011777532368438995,10000,,,10000,10000,,,
variant_2_quarter,20260909T111613Z-484ad76e,2,quarter,intermediate,1049088,32,iteration_000032_steps_001049088,experiments/gol_reward_state_action_symmetry_cycle_1/variant_2_quarter/results/20260909T111613Z-484ad76e/checkpoint_probes/steps_001049088/probe_iteration_000032_steps_001049088.json,coarse_belief,categorical_plus_marginals,saved,0.6564265508369067,0.04753002431025744,0.1383402135003019,0.34357344916309324,0.07063388919152246,0.04753002431025744,0.6729067994738429,0.023103864881265014,10000,,,10000,10000,,,
variant_2_quarter,20260909T111613Z-484ad76e,2,quarter,intermediate,1049088,32,iteration_000032_steps_001049088,experiments/gol_reward_state_action_symmetry_cycle_1/variant_2_quarter/results/20260909T111613Z-484ad76e/checkpoint_probes/steps_001049088/probe_iteration_000032_steps_001049088.json,m1_minus_m2,categorical_plus_marginals,saved,0.008821404081949424,0.2893330809684206,0.2919081204537454,0.9911785959180507,0.29121083437593853,0.2893330809684206,0.9935519108980202,0.0018777534075179458,10000,,,10000,10000,,,
variant_2_quarter,20260909T111613Z-484ad76e,2,quarter,intermediate,1049088,32,iteration_000032_steps_001049088,experiments/gol_reward_state_action_symmetry_cycle_1/variant_2_quarter/results/20260909T111613Z-484ad76e/checkpoint_probes/steps_001049088/probe_iteration_000032_steps_001049088.json,e_minus_s,categorical_plus_marginals,saved,0.0271262177222813,0.2851801458615446,0.2931317001819836,0.9728737822777187,0.28496128390634656,0.2851801458615446,1.0007680410201618,-0.0002188619551980464,10000,,,10000,10000,,,
variant_2_quarter,20260909T111613Z-484ad76e,2,quarter,intermediate,1049088,32,iteration_000032_steps_001049088,experiments/gol_reward_state_action_symmetry_cycle_1/variant_2_quarter/results/20260909T111613Z-484ad76e/checkpoint_probes/steps_001049088/probe_iteration_000032_steps_001049088.json,fine_belief,combined_marginals,saved,0.379919335437217,0.0730904225706771,0.1178724426477851,0.620080664562783,0.08359168572218464,0.0730904225706771,0.8743743105455692,0.01050126315150754,10000,,,10000,10000,,,
variant_2_quarter,20260909T111613Z-484ad76e,2,quarter,intermediate,1049088,32,iteration_000032_steps_001049088,experiments/gol_reward_state_action_symmetry_cycle_1/variant_2_quarter/results/20260909T111613Z-484ad76e/checkpoint_probes/steps_001049088/probe_iteration_000032_steps_001049088.json,coarse_belief,combined_marginals,saved,0.6470524228924273,0.04882684317147586,0.1383402135003019,0.35294757710757263,0.07063388919152246,0.04882684317147586,0.6912665256061832,0.021807046020046593,10000,,,10000,10000,,,
variant_2_quarter,20260909T111613Z-484ad76e,2,quarter,intermediate,1049088,32,iteration_000032_steps_001049088,experiments/gol_reward_state_action_symmetry_cycle_1/variant_2_quarter/results/20260909T111613Z-484ad76e/checkpoint_probes/steps_001049088/probe_iteration_000032_steps_001049088.json,m1_minus_m2,combined_marginals,saved,0.0004994685209754879,0.2917623215365617,0.2919081204537454,0.9995005314790246,0.29121083437593853,0.2917623215365617,1.0018937728117328,-0.0005514871606231431,10000,,,10000,10000,,,
variant_2_quarter,20260909T111613Z-484ad76e,2,quarter,intermediate,1049088,32,iteration_000032_steps_001049088,experiments/gol_reward_state_action_symmetry_cycle_1/variant_2_quarter/results/20260909T111613Z-484ad76e/checkpoint_probes/steps_001049088/probe_iteration_000032_steps_001049088.json,e_minus_s,combined_marginals,saved,0.0005821313526391814,0.2929610590288552,0.2931317001819836,0.9994178686473608,0.28496128390634656,0.2929610590288552,1.0280732000250876,-0.007999775122508657,10000,,,10000,10000,,,
variant_2_quarter,20260909T111613Z-484ad76e,2,quarter,intermediate,1049088,32,iteration_000032_steps_001049088,experiments/gol_reward_state_action_symmetry_cycle_1/variant_2_quarter/results/20260909T111613Z-484ad76e/checkpoint_probes/steps_001049088/probe_iteration_000032_steps_001049088.json,fine_belief,next_reward,saved,0.37991933543693224,0.07309042257071068,0.1178724426477851,0.6200806645630678,0.08359168572218464,0.07309042257071068,0.8743743105459709,0.010501263151473969,10000,,,10000,10000,,,
variant_2_quarter,20260909T111613Z-484ad76e,2,quarter,intermediate,1049088,32,iteration_000032_steps_001049088,experiments/gol_reward_state_action_symmetry_cycle_1/variant_2_quarter/results/20260909T111613Z-484ad76e/checkpoint_probes/steps_001049088/probe_iteration_000032_steps_001049088.json,coarse_belief,next_reward,saved,0.647052422892481,0.048826843171468445,0.1383402135003019,0.352947577107519,0.07063388919152246,0.048826843171468445,0.6912665256060782,0.02180704602005401,10000,,,10000,10000,,,
variant_2_quarter,20260909T111613Z-484ad76e,2,quarter,intermediate,1049088,32,iteration_000032_steps_001049088,experiments/gol_reward_state_action_symmetry_cycle_1/variant_2_quarter/results/20260909T111613Z-484ad76e/checkpoint_probes/steps_001049088/probe_iteration_000032_steps_001049088.json,m1_minus_m2,next_reward,saved,0.0004994685199029014,0.29176232153687476,0.2919081204537454,0.9995005314800971,0.29121083437593853,0.29176232153687476,1.001893772812808,-0.000551487160936226,10000,,,10000,10000,,,
variant_2_quarter,20260909T111613Z-484ad76e,2,quarter,intermediate,1049088,32,iteration_000032_steps_001049088,experiments/gol_reward_state_action_symmetry_cycle_1/variant_2_quarter/results/20260909T111613Z-484ad76e/checkpoint_probes/steps_001049088/probe_iteration_000032_steps_001049088.json,e_minus_s,next_reward,saved,0.0005821313527912819,0.29296105902881064,0.2931317001819836,0.9994178686472087,0.28496128390634656,0.29296105902881064,1.0280732000249313,-0.007999775122464081,10000,,,10000,10000,,,
variant_2_quarter,20260909T111613Z-484ad76e,2,quarter,intermediate,1049088,32,iteration_000032_steps_001049088,experiments/gol_reward_state_action_symmetry_cycle_1/variant_2_quarter/results/20260909T111613Z-484ad76e/checkpoint_probes/steps_001049088/probe_iteration_000032_steps_001049088.json,fine_belief,next_token,saved,0.3799193354372057,0.07309042257067845,0.1178724426477851,0.6200806645627944,0.08359168572218464,0.07309042257067845,0.8743743105455853,0.010501263151506193,10000,,,10000,10000,,,
variant_2_quarter,20260909T111613Z-484ad76e,2,quarter,intermediate,1049088,32,iteration_000032_steps_001049088,experiments/gol_reward_state_action_symmetry_cycle_1/variant_2_quarter/results/20260909T111613Z-484ad76e/checkpoint_probes/steps_001049088/probe_iteration_000032_steps_001049088.json,coarse_belief,next_token,saved,0.6470524228924295,0.04882684317147557,0.1383402135003019,0.3529475771075705,0.07063388919152246,0.04882684317147557,0.6912665256061791,0.021807046020046884,10000,,,10000,10000,,,
variant_2_quarter,20260909T111613Z-484ad76e,2,quarter,intermediate,1049088,32,iteration_000032_steps_001049088,experiments/gol_reward_state_action_symmetry_cycle_1/variant_2_quarter/results/20260909T111613Z-484ad76e/checkpoint_probes/steps_001049088/probe_iteration_000032_steps_001049088.json,m1_minus_m2,next_token,saved,0.0004994685209325223,0.2917623215365742,0.2919081204537454,0.9995005314790676,0.29121083437593853,0.2917623215365742,1.0018937728117758,-0.0005514871606356886,10000,,,10000,10000,,,
variant_2_quarter,20260909T111613Z-484ad76e,2,quarter,intermediate,1049088,32,iteration_000032_steps_001049088,experiments/gol_reward_state_action_symmetry_cycle_1/variant_2_quarter/results/20260909T111613Z-484ad76e/checkpoint_probes/steps_001049088/probe_iteration_000032_steps_001049088.json,e_minus_s,next_token,saved,0.0005821313526453986,0.2929610590288534,0.2931317001819836,0.9994178686473545,0.28496128390634656,0.2929610590288534,1.0280732000250812,-0.007999775122506825,10000,,,10000,10000,,,
variant_2_quarter,20260909T111613Z-484ad76e,2,quarter,intermediate,1049088,32,iteration_000032_steps_001049088,experiments/gol_reward_state_action_symmetry_cycle_1/variant_2_quarter/results/20260909T111613Z-484ad76e/checkpoint_probes/steps_001049088/probe_iteration_000032_steps_001049088.json,fine_belief,previous_action_latest_token,saved,0.2892439096908691,0.083778556491527,0.1178724426477851,0.710756090309131,0.08359168572218464,0.083778556491527,1.0022355186132197,-0.00018687076934235936,10000,,,10000,10000,,,
variant_2_quarter,20260909T111613Z-484ad76e,2,quarter,intermediate,1049088,32,iteration_000032_steps_001049088,experiments/gol_reward_state_action_symmetry_cycle_1/variant_2_quarter/results/20260909T111613Z-484ad76e/checkpoint_probes/steps_001049088/probe_iteration_000032_steps_001049088.json,coarse_belief,previous_action_latest_token,saved,0.48794760025895745,0.07083743830351776,0.1383402135003019,0.5120523997410426,0.07063388919152246,0.07083743830351776,1.0028817486099821,-0.00020354911199529924,10000,,,10000,10000,,,
variant_2_quarter,20260909T111613Z-484ad76e,2,quarter,intermediate,1049088,32,iteration_000032_steps_001049088,experiments/gol_reward_state_action_symmetry_cycle_1/variant_2_quarter/results/20260909T111613Z-484ad76e/checkpoint_probes/steps_001049088/probe_iteration_000032_steps_001049088.json,m1_minus_m2,previous_action_latest_token,saved,0.0004178010753298489,0.29178616092712234,0.2919081204537454,0.9995821989246702,0.29121083437593853,0.29178616092712234,1.0019756358049545,-0.0005753265511838079,10000,,,10000,10000,,,
variant_2_quarter,20260909T111613Z-484ad76e,2,quarter,intermediate,1049088,32,iteration_000032_steps_001049088,experiments/gol_reward_state_action_symmetry_cycle_1/variant_2_quarter/results/20260909T111613Z-484ad76e/checkpoint_probes/steps_001049088/probe_iteration_000032_steps_001049088.json,e_minus_s,previous_action_latest_token,saved,0.026793713556192977,0.2852776133730677,0.2931317001819836,0.973206286443807,0.28496128390634656,0.2852776133730677,1.001110078753102,-0.0003163294667211103,10000,,,10000,10000,,,
variant_2_quarter,20260909T111613Z-484ad76e,2,quarter,intermediate,1049088,32,iteration_000032_steps_001049088,experiments/gol_reward_state_action_symmetry_cycle_1/variant_2_quarter/results/20260909T111613Z-484ad76e/checkpoint_probes/steps_001049088/probe_iteration_000032_steps_001049088.json,fine_belief,shuffled_history_broken_alignment,saved,-0.028267241031651125,0.12120437139509951,0.1178724426477851,1.0282672410316511,0.08359168572218464,0.12120437139509951,1.4499572576861282,-0.03761268567291487,10000,,,10000,10000,,,
variant_2_quarter,20260909T111613Z-484ad76e,2,quarter,intermediate,1049088,32,iteration_000032_steps_001049088,experiments/gol_reward_state_action_symmetry_cycle_1/variant_2_quarter/results/20260909T111613Z-484ad76e/checkpoint_probes/steps_001049088/probe_iteration_000032_steps_001049088.json,coarse_belief,shuffled_history_broken_alignment,saved,-0.024216567822305413,0.14169033866308414,0.1383402135003019,1.0242165678223052,0.07063388919152246,0.14169033866308414,2.00598240143472,-0.07105644947156169,10000,,,10000,10000,,,
variant_2_quarter,20260909T111613Z-484ad76e,2,quarter,intermediate,1049088,32,iteration_000032_steps_001049088,experiments/gol_reward_state_action_symmetry_cycle_1/variant_2_quarter/results/20260909T111613Z-484ad76e/checkpoint_probes/steps_001049088/probe_iteration_000032_steps_001049088.json,m1_minus_m2,shuffled_history_broken_alignment,saved,-0.04270371907644477,0.3043736828257352,0.2919081204537454,1.0427037190764448,0.29121083437593853,0.3043736828257352,1.045200407732097,-0.01316284844979665,10000,,,10000,10000,,,
variant_2_quarter,20260909T111613Z-484ad76e,2,quarter,intermediate,1049088,32,iteration_000032_steps_001049088,experiments/gol_reward_state_action_symmetry_cycle_1/variant_2_quarter/results/20260909T111613Z-484ad76e/checkpoint_probes/steps_001049088/probe_iteration_000032_steps_001049088.json,e_minus_s,shuffled_history_broken_alignment,saved,-0.008078624265879686,0.2954998010481723,0.2931317001819836,1.0080786242658797,0.28496128390634656,0.2954998010481723,1.0369822770214963,-0.010538517141825743,10000,,,10000,10000,,,
variant_2_quarter,20260909T111613Z-484ad76e,2,quarter,intermediate,1049088,32,iteration_000032_steps_001049088,experiments/gol_reward_state_action_symmetry_cycle_1/variant_2_quarter/results/20260909T111613Z-484ad76e/checkpoint_probes/steps_001049088/probe_iteration_000032_steps_001049088.json,fine_belief,single_permuted_training_labels,saved,-0.002321620006067393,0.11814609766880023,0.1178724426477851,1.0023216200060674,0.08359168572218464,0.11814609766880023,1.4133713975030544,-0.034554411946615585,10000,,,10000,10000,,,
variant_2_quarter,20260909T111613Z-484ad76e,2,quarter,intermediate,1049088,32,iteration_000032_steps_001049088,experiments/gol_reward_state_action_symmetry_cycle_1/variant_2_quarter/results/20260909T111613Z-484ad76e/checkpoint_probes/steps_001049088/probe_iteration_000032_steps_001049088.json,coarse_belief,single_permuted_training_labels,saved,0.005098133459377374,0.13763493662907858,0.1383402135003019,0.9949018665406225,0.07063388919152246,0.13763493662907858,1.948568006157555,-0.06700104743755612,10000,,,10000,10000,,,
variant_2_quarter,20260909T111613Z-484ad76e,2,quarter,intermediate,1049088,32,iteration_000032_steps_001049088,experiments/gol_reward_state_action_symmetry_cycle_1/variant_2_quarter/results/20260909T111613Z-484ad76e/checkpoint_probes/steps_001049088/probe_iteration_000032_steps_001049088.json,m1_minus_m2,single_permuted_training_labels,saved,-0.012383951723816677,0.2955230965252346,0.2919081204537454,1.0123839517238165,0.29121083437593853,0.2955230965252346,1.0148080415982366,-0.004312262149296087,10000,,,10000,10000,,,
variant_2_quarter,20260909T111613Z-484ad76e,2,quarter,intermediate,1049088,32,iteration_000032_steps_001049088,experiments/gol_reward_state_action_symmetry_cycle_1/variant_2_quarter/results/20260909T111613Z-484ad76e/checkpoint_probes/steps_001049088/probe_iteration_000032_steps_001049088.json,e_minus_s,single_permuted_training_labels,saved,-0.014280662043636427,0.297317814926559,0.2931317001819836,1.0142806620436362,0.28496128390634656,0.297317814926559,1.0433621397644792,-0.012356531020212447,10000,,,10000,10000,,,
variant_2_quarter,20260909T111613Z-484ad76e,2,quarter,intermediate,1049088,32,iteration_000032_steps_001049088,experiments/gol_reward_state_action_symmetry_cycle_1/variant_2_quarter/results/20260909T111613Z-484ad76e/checkpoint_probes/steps_001049088/probe_iteration_000032_steps_001049088.json,fine_belief,log_next_token,not_fitted_or_saved,,,,,,,,,,,,,,,,
variant_2_quarter,20260909T111613Z-484ad76e,2,quarter,intermediate,1049088,32,iteration_000032_steps_001049088,experiments/gol_reward_state_action_symmetry_cycle_1/variant_2_quarter/results/20260909T111613Z-484ad76e/checkpoint_probes/steps_001049088/probe_iteration_000032_steps_001049088.json,coarse_belief,log_next_token,not_fitted_or_saved,,,,,,,,,,,,,,,,
variant_2_quarter,20260909T111613Z-484ad76e,2,quarter,intermediate,1049088,32,iteration_000032_steps_001049088,experiments/gol_reward_state_action_symmetry_cycle_1/variant_2_quarter/results/20260909T111613Z-484ad76e/checkpoint_probes/steps_001049088/probe_iteration_000032_steps_001049088.json,m1_minus_m2,log_next_token,not_fitted_or_saved,,,,,,,,,,,,,,,,
variant_2_quarter,20260909T111613Z-484ad76e,2,quarter,intermediate,1049088,32,iteration_000032_steps_001049088,experiments/gol_reward_state_action_symmetry_cycle_1/variant_2_quarter/results/20260909T111613Z-484ad76e/checkpoint_probes/steps_001049088/probe_iteration_000032_steps_001049088.json,e_minus_s,log_next_token,not_fitted_or_saved,,,,,,,,,,,,,,,,
variant_2_quarter,20260909T111613Z-484ad76e,2,quarter,intermediate,2098176,64,iteration_000064_steps_002098176,experiments/gol_reward_state_action_symmetry_cycle_1/variant_2_quarter/results/20260909T111613Z-484ad76e/checkpoint_probes/steps_002098176/probe_iteration_000064_steps_002098176.json,fine_belief,post_final_layer_norm,saved,0.3526175189799301,0.0729860028056545,0.11274015739605997,0.64738248102007,0.0761448793605749,0.0729860028056545,0.9585149181212577,0.003158876554920406,10000,0.0691713352075336,0.07675095539912637,10000,10000,16,200,held_out_environment_trajectory_fixed_probe
variant_2_quarter,20260909T111613Z-484ad76e,2,quarter,intermediate,2098176,64,iteration_000064_steps_002098176,experiments/gol_reward_state_action_symmetry_cycle_1/variant_2_quarter/results/20260909T111613Z-484ad76e/checkpoint_probes/steps_002098176/probe_iteration_000064_steps_002098176.json,coarse_belief,post_final_layer_norm,saved,0.5907763200193645,0.056246934335032486,0.13744789729102214,0.4092236799806354,0.06536354315084407,0.056246934335032486,0.860524561914085,0.009116608815811583,10000,0.053421571193383297,0.058764912403105274,10000,10000,16,200,held_out_environment_trajectory_fixed_probe
variant_2_quarter,20260909T111613Z-484ad76e,2,quarter,intermediate,2098176,64,iteration_000064_steps_002098176,experiments/gol_reward_state_action_symmetry_cycle_1/variant_2_quarter/results/20260909T111613Z-484ad76e/checkpoint_probes/steps_002098176/probe_iteration_000064_steps_002098176.json,m1_minus_m2,post_final_layer_norm,saved,-0.05189691778257455,0.26408742105420363,0.25105827062494546,1.0518969177825748,0.250112638672773,0.26408742105420363,1.0558739552530734,-0.013974782381430628,10000,0.23064925607728703,0.2896353179114711,10000,10000,16,200,held_out_environment_trajectory_fixed_probe
variant_2_quarter,20260909T111613Z-484ad76e,2,quarter,intermediate,2098176,64,iteration_000064_steps_002098176,experiments/gol_reward_state_action_symmetry_cycle_1/variant_2_quarter/results/20260909T111613Z-484ad76e/checkpoint_probes/steps_002098176/probe_iteration_000064_steps_002098176.json,e_minus_s,post_final_layer_norm,saved,0.06192192219529202,0.28443859215270784,0.30321419813833783,0.9380780778047081,0.29277667082535014,0.28443859215270784,0.9715206862311232,0.008338078672642302,10000,0.27166858128255095,0.2973304917013163,10000,10000,16,200,held_out_environment_trajectory_fixed_probe
variant_2_quarter,20260909T111613Z-484ad76e,2,quarter,intermediate,2098176,64,iteration_000064_steps_002098176,experiments/gol_reward_state_action_symmetry_cycle_1/variant_2_quarter/results/20260909T111613Z-484ad76e/checkpoint_probes/steps_002098176/probe_iteration_000064_steps_002098176.json,fine_belief,categorical_plus_marginals,saved,0.4022642537293776,0.06738882211580134,0.11274015739605997,0.5977357462706224,0.0761448793605749,0.06738882211580134,0.8850079306934048,0.00875605724477356,10000,,,10000,10000,,,
variant_2_quarter,20260909T111613Z-484ad76e,2,quarter,intermediate,2098176,64,iteration_000064_steps_002098176,experiments/gol_reward_state_action_symmetry_cycle_1/variant_2_quarter/results/20260909T111613Z-484ad76e/checkpoint_probes/steps_002098176/probe_iteration_000064_steps_002098176.json,coarse_belief,categorical_plus_marginals,saved,0.6460618551706553,0.04864805377787869,0.13744789729102214,0.3539381448293447,0.06536354315084407,0.04864805377787869,0.7442689216771823,0.01671548937296538,10000,,,10000,10000,,,
variant_2_quarter,20260909T111613Z-484ad76e,2,quarter,intermediate,2098176,64,iteration_000064_steps_002098176,experiments/gol_reward_state_action_symmetry_cycle_1/variant_2_quarter/results/20260909T111613Z-484ad76e/checkpoint_probes/steps_002098176/probe_iteration_000064_steps_002098176.json,m1_minus_m2,categorical_plus_marginals,saved,0.01527938655937544,0.24722225425913863,0.25105827062494546,0.9847206134406246,0.250112638672773,0.24722225425913863,0.9884436691045593,0.0028903844136343726,10000,,,10000,10000,,,
variant_2_quarter,20260909T111613Z-484ad76e,2,quarter,intermediate,2098176,64,iteration_000064_steps_002098176,experiments/gol_reward_state_action_symmetry_cycle_1/variant_2_quarter/results/20260909T111613Z-484ad76e/checkpoint_probes/steps_002098176/probe_iteration_000064_steps_002098176.json,e_minus_s,categorical_plus_marginals,saved,0.03735272141147683,0.29188832266727216,0.30321419813833783,0.9626472785885232,0.29277667082535014,0.29188832266727216,0.9969657822955166,0.0008883481580779784,10000,,,10000,10000,,,
variant_2_quarter,20260909T111613Z-484ad76e,2,quarter,intermediate,2098176,64,iteration_000064_steps_002098176,experiments/gol_reward_state_action_symmetry_cycle_1/variant_2_quarter/results/20260909T111613Z-484ad76e/checkpoint_probes/steps_002098176/probe_iteration_000064_steps_002098176.json,fine_belief,combined_marginals,saved,0.3862176432075862,0.06919791951170137,0.11274015739605997,0.6137823567924138,0.0761448793605749,0.06919791951170137,0.9087665525612426,0.00694695984887353,10000,,,10000,10000,,,
variant_2_quarter,20260909T111613Z-484ad76e,2,quarter,intermediate,2098176,64,iteration_000064_steps_002098176,experiments/gol_reward_state_action_symmetry_cycle_1/variant_2_quarter/results/20260909T111613Z-484ad76e/checkpoint_probes/steps_002098176/probe_iteration_000064_steps_002098176.json,coarse_belief,combined_marginals,saved,0.6329705991085399,0.050447419396514794,0.13744789729102214,0.3670294008914601,0.06536354315084407,0.050447419396514794,0.7717975030835418,0.014916123754329276,10000,,,10000,10000,,,
variant_2_quarter,20260909T111613Z-484ad76e,2,quarter,intermediate,2098176,64,iteration_000064_steps_002098176,experiments/gol_reward_state_action_symmetry_cycle_1/variant_2_quarter/results/20260909T111613Z-484ad76e/checkpoint_probes/steps_002098176/probe_iteration_000064_steps_002098176.json,m1_minus_m2,combined_marginals,saved,0.0006350354840989336,0.2508988397145221,0.25105827062494546,0.9993649645159011,0.250112638672773,0.2508988397145221,1.0031433878988327,-0.0007862010417490906,10000,,,10000,10000,,,
variant_2_quarter,20260909T111613Z-484ad76e,2,quarter,intermediate,2098176,64,iteration_000064_steps_002098176,experiments/gol_reward_state_action_symmetry_cycle_1/variant_2_quarter/results/20260909T111613Z-484ad76e/checkpoint_probes/steps_002098176/probe_iteration_000064_steps_002098176.json,e_minus_s,combined_marginals,saved,0.0017468896987713478,0.3026845163790887,0.30321419813833783,0.9982531103012285,0.29277667082535014,0.3026845163790887,1.0338409666515025,-0.009907845553738581,10000,,,10000,10000,,,
variant_2_quarter,20260909T111613Z-484ad76e,2,quarter,intermediate,2098176,64,iteration_000064_steps_002098176,experiments/gol_reward_state_action_symmetry_cycle_1/variant_2_quarter/results/20260909T111613Z-484ad76e/checkpoint_probes/steps_002098176/probe_iteration_000064_steps_002098176.json,fine_belief,next_reward,saved,0.3862176432088089,0.06919791951156352,0.11274015739605997,0.6137823567911911,0.0761448793605749,0.06919791951156352,0.9087665525594323,0.006946959849011378,10000,,,10000,10000,,,
variant_2_quarter,20260909T111613Z-484ad76e,2,quarter,intermediate,2098176,64,iteration_000064_steps_002098176,experiments/gol_reward_state_action_symmetry_cycle_1/variant_2_quarter/results/20260909T111613Z-484ad76e/checkpoint_probes/steps_002098176/probe_iteration_000064_steps_002098176.json,coarse_belief,next_reward,saved,0.632970599108418,0.05044741939653156,0.13744789729102214,0.36702940089158204,0.06536354315084407,0.05044741939653156,0.7717975030837982,0.014916123754312512,10000,,,10000,10000,,,
variant_2_quarter,20260909T111613Z-484ad76e,2,quarter,intermediate,2098176,64,iteration_000064_steps_002098176,experiments/gol_reward_state_action_symmetry_cycle_1/variant_2_quarter/results/20260909T111613Z-484ad76e/checkpoint_probes/steps_002098176/probe_iteration_000064_steps_002098176.json,m1_minus_m2,next_reward,saved,0.0006350354888917664,0.25089883971331883,0.25105827062494546,0.9993649645111082,0.250112638672773,0.25089883971331883,1.0031433878940217,-0.0007862010405458308,10000,,,10000,10000,,,
variant_2_quarter,20260909T111613Z-484ad76e,2,quarter,intermediate,2098176,64,iteration_000064_steps_002098176,experiments/gol_reward_state_action_symmetry_cycle_1/variant_2_quarter/results/20260909T111613Z-484ad76e/checkpoint_probes/steps_002098176/probe_iteration_000064_steps_002098176.json,e_minus_s,next_reward,saved,0.0017468896984396132,0.30268451637918936,0.30321419813833783,0.9982531103015605,0.29277667082535014,0.30268451637918936,1.0338409666518462,-0.009907845553839223,10000,,,10000,10000,,,
variant_2_quarter,20260909T111613Z-484ad76e,2,quarter,intermediate,2098176,64,iteration_000064_steps_002098176,experiments/gol_reward_state_action_symmetry_cycle_1/variant_2_quarter/results/20260909T111613Z-484ad76e/checkpoint_probes/steps_002098176/probe_iteration_000064_steps_002098176.json,fine_belief,next_token,saved,0.3862176432076355,0.06919791951169582,0.11274015739605997,0.6137823567923646,0.0761448793605749,0.06919791951169582,0.9087665525611698,0.006946959848879081,10000,,,10000,10000,,,
variant_2_quarter,20260909T111613Z-484ad76e,2,quarter,intermediate,2098176,64,iteration_000064_steps_002098176,experiments/gol_reward_state_action_symmetry_cycle_1/variant_2_quarter/results/20260909T111613Z-484ad76e/checkpoint_probes/steps_002098176/probe_iteration_000064_steps_002098176.json,coarse_belief,next_token,saved,0.6329705991085349,0.050447419396515474,0.13744789729102214,0.367029400891465,0.06536354315084407,0.050447419396515474,0.7717975030835522,0.014916123754328596,10000,,,10000,10000,,,
variant_2_quarter,20260909T111613Z-484ad76e,2,quarter,intermediate,2098176,64,iteration_000064_steps_002098176,experiments/gol_reward_state_action_symmetry_cycle_1/variant_2_quarter/results/20260909T111613Z-484ad76e/checkpoint_probes/steps_002098176/probe_iteration_000064_steps_002098176.json,m1_minus_m2,next_token,saved,0.0006350354842913353,0.2508988397144738,0.25105827062494546,0.9993649645157087,0.250112638672773,0.2508988397144738,1.0031433878986395,-0.0007862010417007959,10000,,,10000,10000,,,
variant_2_quarter,20260909T111613Z-484ad76e,2,quarter,intermediate,2098176,64,iteration_000064_steps_002098176,experiments/gol_reward_state_action_symmetry_cycle_1/variant_2_quarter/results/20260909T111613Z-484ad76e/checkpoint_probes/steps_002098176/probe_iteration_000064_steps_002098176.json,e_minus_s,next_token,saved,0.001746889698757803,0.3026845163790928,0.30321419813833783,0.9982531103012421,0.29277667082535014,0.3026845163790928,1.0338409666515165,-0.009907845553742689,10000,,,10000,10000,,,
variant_2_quarter,20260909T111613Z-484ad76e,2,quarter,intermediate,2098176,64,iteration_000064_steps_002098176,experiments/gol_reward_state_action_symmetry_cycle_1/variant_2_quarter/results/20260909T111613Z-484ad76e/checkpoint_probes/steps_002098176/probe_iteration_000064_steps_002098176.json,fine_belief,previous_action_latest_token,saved,0.3223102008781098,0.07640285461870618,0.11274015739605997,0.6776897991218903,0.0761448793605749,0.07640285461870618,1.0033879528117664,-0.00025797525813127387,10000,,,10000,10000,,,
variant_2_quarter,20260909T111613Z-484ad76e,2,quarter,intermediate,2098176,64,iteration_000064_steps_002098176,experiments/gol_reward_state_action_symmetry_cycle_1/variant_2_quarter/results/20260909T111613Z-484ad76e/checkpoint_probes/steps_002098176/probe_iteration_000064_steps_002098176.json,coarse_belief,previous_action_latest_token,saved,0.5230981729452695,0.06554915334291939,0.13744789729102214,0.4769018270547304,0.06536354315084407,0.06554915334291939,1.002839659282958,-0.0001856101920753167,10000,,,10000,10000,,,
variant_2_quarter,20260909T111613Z-484ad76e,2,quarter,intermediate,2098176,64,iteration_000064_steps_002098176,experiments/gol_reward_state_action_symmetry_cycle_1/variant_2_quarter/results/20260909T111613Z-484ad76e/checkpoint_probes/steps_002098176/probe_iteration_000064_steps_002098176.json,m1_minus_m2,previous_action_latest_token,saved,-0.0006466657774510942,0.25122062141670465,0.25105827062494546,1.000646665777451,0.250112638672773,0.25122062141670465,1.0044299350477095,-0.0011079827439316459,10000,,,10000,10000,,,
variant_2_quarter,20260909T111613Z-484ad76e,2,quarter,intermediate,2098176,64,iteration_000064_steps_002098176,experiments/gol_reward_state_action_symmetry_cycle_1/variant_2_quarter/results/20260909T111613Z-484ad76e/checkpoint_probes/steps_002098176/probe_iteration_000064_steps_002098176.json,e_minus_s,previous_action_latest_token,saved,0.03231178392928069,0.29341680648380175,0.30321419813833783,0.9676882160707193,0.29277667082535014,0.29341680648380175,1.0021864298704095,-0.0006401356584516127,10000,,,10000,10000,,,
variant_2_quarter,20260909T111613Z-484ad76e,2,quarter,intermediate,2098176,64,iteration_000064_steps_002098176,experiments/gol_reward_state_action_symmetry_cycle_1/variant_2_quarter/results/20260909T111613Z-484ad76e/checkpoint_probes/steps_002098176/probe_iteration_000064_steps_002098176.json,fine_belief,shuffled_history_broken_alignment,saved,-0.026124128465416563,0.11568539575108594,0.11274015739605997,1.0261241284654168,0.0761448793605749,0.11568539575108594,1.5192800451264974,-0.03954051639051104,10000,,,10000,10000,,,
variant_2_quarter,20260909T111613Z-484ad76e,2,quarter,intermediate,2098176,64,iteration_000064_steps_002098176,experiments/gol_reward_state_action_symmetry_cycle_1/variant_2_quarter/results/20260909T111613Z-484ad76e/checkpoint_probes/steps_002098176/probe_iteration_000064_steps_002098176.json,coarse_belief,shuffled_history_broken_alignment,saved,-0.015616877676950969,0.13959440428997014,0.13744789729102214,1.015616877676951,0.06536354315084407,0.13959440428997014,2.1356615256889957,-0.07423086113912607,10000,,,10000,10000,,,
variant_2_quarter,20260909T111613Z-484ad76e,2,quarter,intermediate,2098176,64,iteration_000064_steps_002098176,experiments/gol_reward_state_action_symmetry_cycle_1/variant_2_quarter/results/20260909T111613Z-484ad76e/checkpoint_probes/steps_002098176/probe_iteration_000064_steps_002098176.json,m1_minus_m2,shuffled_history_broken_alignment,saved,-0.057291021220384986,0.26544165533487235,0.25105827062494546,1.057291021220385,0.250112638672773,0.26544165533487235,1.0612884528484567,-0.015329016662099348,10000,,,10000,10000,,,
variant_2_quarter,20260909T111613Z-484ad76e,2,quarter,intermediate,2098176,64,iteration_000064_steps_002098176,experiments/gol_reward_state_action_symmetry_cycle_1/variant_2_quarter/results/20260909T111613Z-484ad76e/checkpoint_probes/steps_002098176/probe_iteration_000064_steps_002098176.json,e_minus_s,shuffled_history_broken_alignment,saved,-0.005862134472524039,0.30499168054180326,0.30321419813833783,1.0058621344725238,0.29277667082535014,0.30499168054180326,1.041721253548032,-0.012215009716453118,10000,,,10000,10000,,,
variant_2_quarter,20260909T111613Z-484ad76e,2,quarter,intermediate,2098176,64,iteration_000064_steps_002098176,experiments/gol_reward_state_action_symmetry_cycle_1/variant_2_quarter/results/20260909T111613Z-484ad76e/checkpoint_probes/steps_002098176/probe_iteration_000064_steps_002098176.json,fine_belief,single_permuted_training_labels,saved,-0.004823351561228151,0.11328394281024937,0.11274015739605997,1.0048233515612282,0.0761448793605749,0.11328394281024937,1.4877421011307523,-0.037139063449674464,10000,,,10000,10000,,,
variant_2_quarter,20260909T111613Z-484ad76e,2,quarter,intermediate,2098176,64,iteration_000064_steps_002098176,experiments/gol_reward_state_action_symmetry_cycle_1/variant_2_quarter/results/20260909T111613Z-484ad76e/checkpoint_probes/steps_002098176/probe_iteration_000064_steps_002098176.json,coarse_belief,single_permuted_training_labels,saved,-0.0036437865603111685,0.13794872809191416,0.13744789729102214,1.003643786560311,0.06536354315084407,0.13794872809191416,2.1104842461425344,-0.0725851849410701,10000,,,10000,10000,,,
variant_2_quarter,20260909T111613Z-484ad76e,2,quarter,intermediate,2098176,64,iteration_000064_steps_002098176,experiments/gol_reward_state_action_symmetry_cycle_1/variant_2_quarter/results/20260909T111613Z-484ad76e/checkpoint_probes/steps_002098176/probe_iteration_000064_steps_002098176.json,m1_minus_m2,single_permuted_training_labels,saved,-0.0031977552156516875,0.2518610935192689,0.25105827062494546,1.0031977552156517,0.250112638672773,0.2518610935192689,1.0069906697069533,-0.0017484548464958838,10000,,,10000,10000,,,
variant_2_quarter,20260909T111613Z-484ad76e,2,quarter,intermediate,2098176,64,iteration_000064_steps_002098176,experiments/gol_reward_state_action_symmetry_cycle_1/variant_2_quarter/results/20260909T111613Z-484ad76e/checkpoint_probes/steps_002098176/probe_iteration_000064_steps_002098176.json,e_minus_s,single_permuted_training_labels,saved,-0.01527768711131916,0.3078466097852049,0.30321419813833783,1.0152776871113192,0.29277667082535014,0.3078466097852049,1.0514724718925588,-0.015069938959854756,10000,,,10000,10000,,,
variant_2_quarter,20260909T111613Z-484ad76e,2,quarter,intermediate,2098176,64,iteration_000064_steps_002098176,experiments/gol_reward_state_action_symmetry_cycle_1/variant_2_quarter/results/20260909T111613Z-484ad76e/checkpoint_probes/steps_002098176/probe_iteration_000064_steps_002098176.json,fine_belief,log_next_token,not_fitted_or_saved,,,,,,,,,,,,,,,,
variant_2_quarter,20260909T111613Z-484ad76e,2,quarter,intermediate,2098176,64,iteration_000064_steps_002098176,experiments/gol_reward_state_action_symmetry_cycle_1/variant_2_quarter/results/20260909T111613Z-484ad76e/checkpoint_probes/steps_002098176/probe_iteration_000064_steps_002098176.json,coarse_belief,log_next_token,not_fitted_or_saved,,,,,,,,,,,,,,,,
variant_2_quarter,20260909T111613Z-484ad76e,2,quarter,intermediate,2098176,64,iteration_000064_steps_002098176,experiments/gol_reward_state_action_symmetry_cycle_1/variant_2_quarter/results/20260909T111613Z-484ad76e/checkpoint_probes/steps_002098176/probe_iteration_000064_steps_002098176.json,m1_minus_m2,log_next_token,not_fitted_or_saved,,,,,,,,,,,,,,,,
variant_2_quarter,20260909T111613Z-484ad76e,2,quarter,intermediate,2098176,64,iteration_000064_steps_002098176,experiments/gol_reward_state_action_symmetry_cycle_1/variant_2_quarter/results/20260909T111613Z-484ad76e/checkpoint_probes/steps_002098176/probe_iteration_000064_steps_002098176.json,e_minus_s,log_next_token,not_fitted_or_saved,,,,,,,,,,,,,,,,
variant_2_quarter,20260909T111613Z-484ad76e,2,quarter,final,2524368,77,checkpoint_000000,experiments/gol_reward_state_action_symmetry_cycle_1/variant_2_quarter/results/20260909T111613Z-484ad76e/checkpoint_probes/steps_002524368/probe_checkpoint_000000.json,fine_belief,post_final_layer_norm,saved,0.33371227619109534,0.07443501104084892,0.11171601754169094,0.6662877238089046,0.07700949224966636,0.07443501104084892,0.966569300308189,0.002574481208817439,10000,0.06987333329914698,0.07883817460938938,10000,10000,16,200,held_out_environment_trajectory_fixed_probe
variant_2_quarter,20260909T111613Z-484ad76e,2,quarter,final,2524368,77,checkpoint_000000,experiments/gol_reward_state_action_symmetry_cycle_1/variant_2_quarter/results/20260909T111613Z-484ad76e/checkpoint_probes/steps_002524368/probe_checkpoint_000000.json,coarse_belief,post_final_layer_norm,saved,0.5717904711677728,0.05906264909937985,0.13792931993001173,0.42820952883222724,0.06990000631218606,0.05906264909937985,0.8449591382809809,0.010837357212806202,10000,0.05583926468512123,0.06255133719887941,10000,10000,16,200,held_out_environment_trajectory_fixed_probe
variant_2_quarter,20260909T111613Z-484ad76e,2,quarter,final,2524368,77,checkpoint_000000,experiments/gol_reward_state_action_symmetry_cycle_1/variant_2_quarter/results/20260909T111613Z-484ad76e/checkpoint_probes/steps_002524368/probe_checkpoint_000000.json,m1_minus_m2,post_final_layer_norm,saved,-0.0950731048463096,0.2587547003080552,0.23628988709787613,1.0950731048463098,0.23552901450153058,0.2587547003080552,1.0986107204485147,-0.02322568580652462,10000,0.2294082958409914,0.2893886646135354,10000,10000,16,200,held_out_environment_trajectory_fixed_probe
variant_2_quarter,20260909T111613Z-484ad76e,2,quarter,final,2524368,77,checkpoint_000000,experiments/gol_reward_state_action_symmetry_cycle_1/variant_2_quarter/results/20260909T111613Z-484ad76e/checkpoint_probes/steps_002524368/probe_checkpoint_000000.json,e_minus_s,post_final_layer_norm,saved,0.049622905653756155,0.3014243748636497,0.31716292054681405,0.9503770943462437,0.302840694741168,0.3014243748636497,0.9953232181073657,0.0014163198775182795,10000,0.28428568112095426,0.32125078828902126,10000,10000,16,200,held_out_environment_trajectory_fixed_probe
variant_2_quarter,20260909T111613Z-484ad76e,2,quarter,final,2524368,77,checkpoint_000000,experiments/gol_reward_state_action_symmetry_cycle_1/variant_2_quarter/results/20260909T111613Z-484ad76e/checkpoint_probes/steps_002524368/probe_checkpoint_000000.json,fine_belief,categorical_plus_marginals,saved,0.40058210487228896,0.06696458008689082,0.11171601754169094,0.599417895127711,0.07700949224966636,0.06696458008689082,0.8695626750763435,0.010044912162775532,10000,,,10000,10000,,,
variant_2_quarter,20260909T111613Z-484ad76e,2,quarter,final,2524368,77,checkpoint_000000,experiments/gol_reward_state_action_symmetry_cycle_1/variant_2_quarter/results/20260909T111613Z-484ad76e/checkpoint_probes/steps_002524368/probe_checkpoint_000000.json,coarse_belief,categorical_plus_marginals,saved,0.6376965764584407,0.04997226481740227,0.13792931993001173,0.36230342354155926,0.06990000631218606,0.04997226481740227,0.7149107339735723,0.019927741494783782,10000,,,10000,10000,,,
variant_2_quarter,20260909T111613Z-484ad76e,2,quarter,final,2524368,77,checkpoint_000000,experiments/gol_reward_state_action_symmetry_cycle_1/variant_2_quarter/results/20260909T111613Z-484ad76e/checkpoint_probes/steps_002524368/probe_checkpoint_000000.json,m1_minus_m2,categorical_plus_marginals,saved,0.001721763517516628,0.2358830517907129,0.23628988709787613,0.9982782364824834,0.23552901450153058,0.2358830517907129,1.00150315785905,-0.00035403728918231847,10000,,,10000,10000,,,
variant_2_quarter,20260909T111613Z-484ad76e,2,quarter,final,2524368,77,checkpoint_000000,experiments/gol_reward_state_action_symmetry_cycle_1/variant_2_quarter/results/20260909T111613Z-484ad76e/checkpoint_probes/steps_002524368/probe_checkpoint_000000.json,e_minus_s,categorical_plus_marginals,saved,0.054638580110572876,0.2998335889044137,0.31716292054681405,0.9453614198894271,0.302840694741168,0.2998335889044137,0.9900703376759705,0.003007105836754287,10000,,,10000,10000,,,
variant_2_quarter,20260909T111613Z-484ad76e,2,quarter,final,2524368,77,checkpoint_000000,experiments/gol_reward_state_action_symmetry_cycle_1/variant_2_quarter/results/20260909T111613Z-484ad76e/checkpoint_probes/steps_002524368/probe_checkpoint_000000.json,fine_belief,combined_marginals,saved,0.3794587862952733,0.06932439311557943,0.11171601754169094,0.6205412137047267,0.07700949224966636,0.06932439311557943,0.9002058199634446,0.007685099134086923,10000,,,10000,10000,,,
variant_2_quarter,20260909T111613Z-484ad76e,2,quarter,final,2524368,77,checkpoint_000000,experiments/gol_reward_state_action_symmetry_cycle_1/variant_2_quarter/results/20260909T111613Z-484ad76e/checkpoint_probes/steps_002524368/probe_checkpoint_000000.json,coarse_belief,combined_marginals,saved,0.6180777451338335,0.05267827687982696,0.13792931993001173,0.3819222548661665,0.06990000631218606,0.05267827687982696,0.7536233493965115,0.017221729432359098,10000,,,10000,10000,,,
variant_2_quarter,20260909T111613Z-484ad76e,2,quarter,final,2524368,77,checkpoint_000000,experiments/gol_reward_state_action_symmetry_cycle_1/variant_2_quarter/results/20260909T111613Z-484ad76e/checkpoint_probes/steps_002524368/probe_checkpoint_000000.json,m1_minus_m2,combined_marginals,saved,-0.009461245147878161,0.2385254836456736,0.23628988709787613,1.0094612451478782,0.23552901450153058,0.2385254836456736,1.0127222930494773,-0.0029964691441430324,10000,,,10000,10000,,,
variant_2_quarter,20260909T111613Z-484ad76e,2,quarter,final,2524368,77,checkpoint_000000,experiments/gol_reward_state_action_symmetry_cycle_1/variant_2_quarter/results/20260909T111613Z-484ad76e/checkpoint_probes/steps_002524368/probe_checkpoint_000000.json,e_minus_s,combined_marginals,saved,0.003446995840394651,0.31606966127896174,0.31716292054681405,0.9965530041596052,0.302840694741168,0.31606966127896174,1.0436829223004533,-0.013228966537793763,10000,,,10000,10000,,,
variant_2_quarter,20260909T111613Z-484ad76e,2,quarter,final,2524368,77,checkpoint_000000,experiments/gol_reward_state_action_symmetry_cycle_1/variant_2_quarter/results/20260909T111613Z-484ad76e/checkpoint_probes/steps_002524368/probe_checkpoint_000000.json,fine_belief,next_reward,saved,0.3794587862956318,0.06932439311553938,0.11171601754169094,0.6205412137043682,0.07700949224966636,0.06932439311553938,0.9002058199629245,0.007685099134126974,10000,,,10000,10000,,,
variant_2_quarter,20260909T111613Z-484ad76e,2,quarter,final,2524368,77,checkpoint_000000,experiments/gol_reward_state_action_symmetry_cycle_1/variant_2_quarter/results/20260909T111613Z-484ad76e/checkpoint_probes/steps_002524368/probe_checkpoint_000000.json,coarse_belief,next_reward,saved,0.6180777451335375,0.052678276879867786,0.13792931993001173,0.38192225486646253,0.06990000631218606,0.052678276879867786,0.7536233493970957,0.01722172943231827,10000,,,10000,10000,,,
variant_2_quarter,20260909T111613Z-484ad76e,2,quarter,final,2524368,77,checkpoint_000000,experiments/gol_reward_state_action_symmetry_cycle_1/variant_2_quarter/results/20260909T111613Z-484ad76e/checkpoint_probes/steps_002524368/probe_checkpoint_000000.json,m1_minus_m2,next_reward,saved,-0.00946124514548563,0.23852548364510825,0.23628988709787613,1.0094612451454856,0.23552901450153058,0.23852548364510825,1.0127222930470767,-0.002996469143577679,10000,,,10000,10000,,,
variant_2_quarter,20260909T111613Z-484ad76e,2,quarter,final,2524368,77,checkpoint_000000,experiments/gol_reward_state_action_symmetry_cycle_1/variant_2_quarter/results/20260909T111613Z-484ad76e/checkpoint_probes/steps_002524368/probe_checkpoint_000000.json,e_minus_s,next_reward,saved,0.003446995839622269,0.3160696612792067,0.31716292054681405,0.9965530041603776,0.302840694741168,0.3160696612792067,1.0436829223012623,-0.013228966538038733,10000,,,10000,10000,,,
variant_2_quarter,20260909T111613Z-484ad76e,2,quarter,final,2524368,77,checkpoint_000000,experiments/gol_reward_state_action_symmetry_cycle_1/variant_2_quarter/results/20260909T111613Z-484ad76e/checkpoint_probes/steps_002524368/probe_checkpoint_000000.json,fine_belief,next_token,saved,0.37945878629528773,0.06932439311557782,0.11171601754169094,0.6205412137047123,0.07700949224966636,0.06932439311557782,0.9002058199634236,0.007685099134088533,10000,,,10000,10000,,,
variant_2_quarter,20260909T111613Z-484ad76e,2,quarter,final,2524368,77,checkpoint_000000,experiments/gol_reward_state_action_symmetry_cycle_1/variant_2_quarter/results/20260909T111613Z-484ad76e/checkpoint_probes/steps_002524368/probe_checkpoint_000000.json,coarse_belief,next_token,saved,0.6180777451338215,0.052678276879828595,0.13792931993001173,0.38192225486617837,0.06990000631218606,0.052678276879828595,0.753623349396535,0.01722172943235746,10000,,,10000,10000,,,
variant_2_quarter,20260909T111613Z-484ad76e,2,quarter,final,2524368,77,checkpoint_000000,experiments/gol_reward_state_action_symmetry_cycle_1/variant_2_quarter/results/20260909T111613Z-484ad76e/checkpoint_probes/steps_002524368/probe_checkpoint_000000.json,m1_minus_m2,next_token,saved,-0.009461245147782238,0.2385254836456509,0.23628988709787613,1.0094612451477822,0.23552901450153058,0.2385254836456509,1.0127222930493809,-0.0029964691441203284,10000,,,10000,10000,,,
variant_2_quarter,20260909T111613Z-484ad76e,2,quarter,final,2524368,77,checkpoint_000000,experiments/gol_reward_state_action_symmetry_cycle_1/variant_2_quarter/results/20260909T111613Z-484ad76e/checkpoint_probes/steps_002524368/probe_checkpoint_000000.json,e_minus_s,next_token,saved,0.003446995840363676,0.31606966127897157,0.31716292054681405,0.9965530041596362,0.302840694741168,0.31606966127897157,1.0436829223004858,-0.013228966537803588,10000,,,10000,10000,,,
variant_2_quarter,20260909T111613Z-484ad76e,2,quarter,final,2524368,77,checkpoint_000000,experiments/gol_reward_state_action_symmetry_cycle_1/variant_2_quarter/results/20260909T111613Z-484ad76e/checkpoint_probes/steps_002524368/probe_checkpoint_000000.json,fine_belief,previous_action_latest_token,saved,0.3071825109240519,0.07739881076279889,0.11171601754169094,0.6928174890759481,0.07700949224966636,0.07739881076279889,1.0050554613692344,-0.00038931851313253607,10000,,,10000,10000,,,
variant_2_quarter,20260909T111613Z-484ad76e,2,quarter,final,2524368,77,checkpoint_000000,experiments/gol_reward_state_action_symmetry_cycle_1/variant_2_quarter/results/20260909T111613Z-484ad76e/checkpoint_probes/steps_002524368/probe_checkpoint_000000.json,coarse_belief,previous_action_latest_token,saved,0.4926134365942605,0.06998348363217942,0.13792931993001173,0.5073865634057395,0.06990000631218606,0.06998348363217942,1.001194239090917,-8.347731999336361e-05,10000,,,10000,10000,,,
variant_2_quarter,20260909T111613Z-484ad76e,2,quarter,final,2524368,77,checkpoint_000000,experiments/gol_reward_state_action_symmetry_cycle_1/variant_2_quarter/results/20260909T111613Z-484ad76e/checkpoint_probes/steps_002524368/probe_checkpoint_000000.json,m1_minus_m2,previous_action_latest_token,saved,-0.008246848741801927,0.2382385340559898,0.23628988709787613,1.0082468487418021,0.23552901450153058,0.2382385340559898,1.0115039735558424,-0.002709519554459222,10000,,,10000,10000,,,
variant_2_quarter,20260909T111613Z-484ad76e,2,quarter,final,2524368,77,checkpoint_000000,experiments/gol_reward_state_action_symmetry_cycle_1/variant_2_quarter/results/20260909T111613Z-484ad76e/checkpoint_probes/steps_002524368/probe_checkpoint_000000.json,e_minus_s,previous_action_latest_token,saved,0.044484607372888396,0.3030540525530504,0.31716292054681405,0.9555153926271115,0.302840694741168,0.3030540525530504,1.0007045216035604,-0.00021335781188241976,10000,,,10000,10000,,,
variant_2_quarter,20260909T111613Z-484ad76e,2,quarter,final,2524368,77,checkpoint_000000,experiments/gol_reward_state_action_symmetry_cycle_1/variant_2_quarter/results/20260909T111613Z-484ad76e/checkpoint_probes/steps_002524368/probe_checkpoint_000000.json,fine_belief,shuffled_history_broken_alignment,saved,-0.029371003178441768,0.1149972290479908,0.11171601754169094,1.0293710031784418,0.07700949224966636,0.1149972290479908,1.4932864207852121,-0.03798773679832444,10000,,,10000,10000,,,
variant_2_quarter,20260909T111613Z-484ad76e,2,quarter,final,2524368,77,checkpoint_000000,experiments/gol_reward_state_action_symmetry_cycle_1/variant_2_quarter/results/20260909T111613Z-484ad76e/checkpoint_probes/steps_002524368/probe_checkpoint_000000.json,coarse_belief,shuffled_history_broken_alignment,saved,-0.022103901397116044,0.14097809601751596,0.13792931993001173,1.0221039013971158,0.06990000631218606,0.14097809601751596,2.0168538381510626,-0.0710780897053299,10000,,,10000,10000,,,
variant_2_quarter,20260909T111613Z-484ad76e,2,quarter,final,2524368,77,checkpoint_000000,experiments/gol_reward_state_action_symmetry_cycle_1/variant_2_quarter/results/20260909T111613Z-484ad76e/checkpoint_probes/steps_002524368/probe_checkpoint_000000.json,m1_minus_m2,shuffled_history_broken_alignment,saved,-0.05570896744905873,0.24945335272675348,0.23628988709787613,1.0557089674490587,0.23552901450153058,0.24945335272675348,1.0591194178547052,-0.013924338225222904,10000,,,10000,10000,,,
variant_2_quarter,20260909T111613Z-484ad76e,2,quarter,final,2524368,77,checkpoint_000000,experiments/gol_reward_state_action_symmetry_cycle_1/variant_2_quarter/results/20260909T111613Z-484ad76e/checkpoint_probes/steps_002524368/probe_checkpoint_000000.json,e_minus_s,shuffled_history_broken_alignment,saved,-0.008428999865127684,0.31983628676132664,0.31716292054681405,1.0084289998651277,0.302840694741168,0.31983628676132664,1.05612056871909,-0.016995592020158656,10000,,,10000,10000,,,
variant_2_quarter,20260909T111613Z-484ad76e,2,quarter,final,2524368,77,checkpoint_000000,experiments/gol_reward_state_action_symmetry_cycle_1/variant_2_quarter/results/20260909T111613Z-484ad76e/checkpoint_probes/steps_002524368/probe_checkpoint_000000.json,fine_belief,single_permuted_training_labels,saved,-0.014581206485375864,0.11334497186119019,0.11171601754169094,1.0145812064853756,0.07700949224966636,0.11334497186119019,1.4718311801579402,-0.036335479611523835,10000,,,10000,10000,,,
variant_2_quarter,20260909T111613Z-484ad76e,2,quarter,final,2524368,77,checkpoint_000000,experiments/gol_reward_state_action_symmetry_cycle_1/variant_2_quarter/results/20260909T111613Z-484ad76e/checkpoint_probes/steps_002524368/probe_checkpoint_000000.json,coarse_belief,single_permuted_training_labels,saved,-0.013995550182689387,0.13985971664875643,0.13792931993001173,1.0139955501826894,0.06990000631218606,0.13985971664875643,2.0008541347495403,-0.06995971033657038,10000,,,10000,10000,,,
variant_2_quarter,20260909T111613Z-484ad76e,2,quarter,final,2524368,77,checkpoint_000000,experiments/gol_reward_state_action_symmetry_cycle_1/variant_2_quarter/results/20260909T111613Z-484ad76e/checkpoint_probes/steps_002524368/probe_checkpoint_000000.json,m1_minus_m2,single_permuted_training_labels,saved,-0.017216479656714245,0.24035796713218402,0.23628988709787613,1.0172164796567142,0.23552901450153058,0.24035796713218402,1.020502580715473,-0.004828952630653444,10000,,,10000,10000,,,
variant_2_quarter,20260909T111613Z-484ad76e,2,quarter,final,2524368,77,checkpoint_000000,experiments/gol_reward_state_action_symmetry_cycle_1/variant_2_quarter/results/20260909T111613Z-484ad76e/checkpoint_probes/steps_002524368/probe_checkpoint_000000.json,e_minus_s,single_permuted_training_labels,saved,-0.011747599415771637,0.3208888234869342,0.31716292054681405,1.0117475994157716,0.302840694741168,0.3208888234869342,1.059596114588205,-0.018048128745766223,10000,,,10000,10000,,,
variant_2_quarter,20260909T111613Z-484ad76e,2,quarter,final,2524368,77,checkpoint_000000,experiments/gol_reward_state_action_symmetry_cycle_1/variant_2_quarter/results/20260909T111613Z-484ad76e/checkpoint_probes/steps_002524368/probe_checkpoint_000000.json,fine_belief,log_next_token,not_fitted_or_saved,,,,,,,,,,,,,,,,
variant_2_quarter,20260909T111613Z-484ad76e,2,quarter,final,2524368,77,checkpoint_000000,experiments/gol_reward_state_action_symmetry_cycle_1/variant_2_quarter/results/20260909T111613Z-484ad76e/checkpoint_probes/steps_002524368/probe_checkpoint_000000.json,coarse_belief,log_next_token,not_fitted_or_saved,,,,,,,,,,,,,,,,
variant_2_quarter,20260909T111613Z-484ad76e,2,quarter,final,2524368,77,checkpoint_000000,experiments/gol_reward_state_action_symmetry_cycle_1/variant_2_quarter/results/20260909T111613Z-484ad76e/checkpoint_probes/steps_002524368/probe_checkpoint_000000.json,m1_minus_m2,log_next_token,not_fitted_or_saved,,,,,,,,,,,,,,,,
variant_2_quarter,20260909T111613Z-484ad76e,2,quarter,final,2524368,77,checkpoint_000000,experiments/gol_reward_state_action_symmetry_cycle_1/variant_2_quarter/results/20260909T111613Z-484ad76e/checkpoint_probes/steps_002524368/probe_checkpoint_000000.json,e_minus_s,log_next_token,not_fitted_or_saved,,,,,,,,,,,,,,,,
variant_3,20260909T110146Z-8c31130d,3,half,initial,0,0,initial_checkpoint,experiments/gol_reward_state_action_symmetry_cycle_1/variant_3/results/20260909T110146Z-8c31130d/checkpoint_probes/steps_000000000/probe_initial_checkpoint.json,fine_belief,post_final_layer_norm,saved,0.2481454988403109,0.07968708619731446,0.10598737664588302,0.7518545011596891,0.07842647182534765,0.07968708619731446,1.0160738376038916,-0.0012606143719668117,10000,0.07715490985381417,0.08223615553020575,10000,10000,16,200,held_out_environment_trajectory_fixed_probe
variant_3,20260909T110146Z-8c31130d,3,half,initial,0,0,initial_checkpoint,experiments/gol_reward_state_action_symmetry_cycle_1/variant_3/results/20260909T110146Z-8c31130d/checkpoint_probes/steps_000000000/probe_initial_checkpoint.json,coarse_belief,post_final_layer_norm,saved,0.46049942768030594,0.063647225633716,0.1179743431226618,0.539500572319694,0.0661082411924814,0.063647225633716,0.9627729385266824,0.002461015558765406,10000,0.06033528528950641,0.06649745842563577,10000,10000,16,200,held_out_environment_trajectory_fixed_probe
variant_3,20260909T110146Z-8c31130d,3,half,initial,0,0,initial_checkpoint,experiments/gol_reward_state_action_symmetry_cycle_1/variant_3/results/20260909T110146Z-8c31130d/checkpoint_probes/steps_000000000/probe_initial_checkpoint.json,m1_minus_m2,post_final_layer_norm,saved,-0.02380674234525304,0.31639694880559055,0.3090397198213544,1.0238067423452528,0.2966385478237913,0.31639694880559055,1.0666076648727936,-0.019758400981799262,10000,0.2991500268364992,0.3362517152693453,10000,10000,16,200,held_out_environment_trajectory_fixed_probe
variant_3,20260909T110146Z-8c31130d,3,half,initial,0,0,initial_checkpoint,experiments/gol_reward_state_action_symmetry_cycle_1/variant_3/results/20260909T110146Z-8c31130d/checkpoint_probes/steps_000000000/probe_initial_checkpoint.json,e_minus_s,post_final_layer_norm,saved,0.00673640497826089,0.19953251471418149,0.20088576256518734,0.9932635950217392,0.19902078602719295,0.19953251471418149,1.0025712323682543,-0.0005117286869885385,10000,0.19017085986662843,0.2074177184529825,10000,10000,16,200,held_out_environment_trajectory_fixed_probe
variant_3,20260909T110146Z-8c31130d,3,half,initial,0,0,initial_checkpoint,experiments/gol_reward_state_action_symmetry_cycle_1/variant_3/results/20260909T110146Z-8c31130d/checkpoint_probes/steps_000000000/probe_initial_checkpoint.json,fine_belief,categorical_plus_marginals,saved,0.7665358421584525,0.024744253630465982,0.10598737664588302,0.23346415784154753,0.07842647182534765,0.024744253630465982,0.3155089481211186,0.05368221819488167,10000,,,10000,10000,,,
variant_3,20260909T110146Z-8c31130d,3,half,initial,0,0,initial_checkpoint,experiments/gol_reward_state_action_symmetry_cycle_1/variant_3/results/20260909T110146Z-8c31130d/checkpoint_probes/steps_000000000/probe_initial_checkpoint.json,coarse_belief,categorical_plus_marginals,saved,0.7203431076564553,0.03299233817395464,0.1179743431226618,0.27965689234354474,0.0661082411924814,0.03299233817395464,0.49906543539547243,0.033115903018526766,10000,,,10000,10000,,,
variant_3,20260909T110146Z-8c31130d,3,half,initial,0,0,initial_checkpoint,experiments/gol_reward_state_action_symmetry_cycle_1/variant_3/results/20260909T110146Z-8c31130d/checkpoint_probes/steps_000000000/probe_initial_checkpoint.json,m1_minus_m2,categorical_plus_marginals,saved,0.9999999999999999,2.0027752545424512e-17,0.3090397198213544,6.480640274008108e-17,0.2966385478237913,2.0027752545424512e-17,6.7515677555573e-17,0.2966385478237913,10000,,,10000,10000,,,
variant_3,20260909T110146Z-8c31130d,3,half,initial,0,0,initial_checkpoint,experiments/gol_reward_state_action_symmetry_cycle_1/variant_3/results/20260909T110146Z-8c31130d/checkpoint_probes/steps_000000000/probe_initial_checkpoint.json,e_minus_s,categorical_plus_marginals,saved,0.01459403336514764,0.19795402904372786,0.20088576256518734,0.9854059666348524,0.19902078602719295,0.19795402904372786,0.994639972011168,0.0010667569834650892,10000,,,10000,10000,,,
variant_3,20260909T110146Z-8c31130d,3,half,initial,0,0,initial_checkpoint,experiments/gol_reward_state_action_symmetry_cycle_1/variant_3/results/20260909T110146Z-8c31130d/checkpoint_probes/steps_000000000/probe_initial_checkpoint.json,fine_belief,combined_marginals,saved,0.7647744609246648,0.024930937806708423,0.10598737664588302,0.23522553907533517,0.07842647182534765,0.024930937806708423,0.31788932010391263,0.053495534018639226,10000,,,10000,10000,,,
variant_3,20260909T110146Z-8c31130d,3,half,initial,0,0,initial_checkpoint,experiments/gol_reward_state_action_symmetry_cycle_1/variant_3/results/20260909T110146Z-8c31130d/checkpoint_probes/steps_000000000/probe_initial_checkpoint.json,coarse_belief,combined_marginals,saved,0.7182332231815647,0.03324125040894456,0.1179743431226618,0.2817667768184353,0.0661082411924814,0.03324125040894456,0.5028306578624442,0.032866990783536845,10000,,,10000,10000,,,
variant_3,20260909T110146Z-8c31130d,3,half,initial,0,0,initial_checkpoint,experiments/gol_reward_state_action_symmetry_cycle_1/variant_3/results/20260909T110146Z-8c31130d/checkpoint_probes/steps_000000000/probe_initial_checkpoint.json,m1_minus_m2,combined_marginals,saved,0.9999999999999999,1.984933504172119e-17,0.3090397198213544,6.42290740271038e-17,0.2966385478237913,1.984933504172119e-17,6.691421323135676e-17,0.2966385478237913,10000,,,10000,10000,,,
variant_3,20260909T110146Z-8c31130d,3,half,initial,0,0,initial_checkpoint,experiments/gol_reward_state_action_symmetry_cycle_1/variant_3/results/20260909T110146Z-8c31130d/checkpoint_probes/steps_000000000/probe_initial_checkpoint.json,e_minus_s,combined_marginals,saved,0.007159592064436504,0.19944750245366735,0.20088576256518734,0.9928404079355635,0.19902078602719295,0.19944750245366735,1.0021440796963594,-0.000426716426474405,10000,,,10000,10000,,,
variant_3,20260909T110146Z-8c31130d,3,half,initial,0,0,initial_checkpoint,experiments/gol_reward_state_action_symmetry_cycle_1/variant_3/results/20260909T110146Z-8c31130d/checkpoint_probes/steps_000000000/probe_initial_checkpoint.json,fine_belief,next_reward,saved,0.7647744609169321,0.024930937807527993,0.10598737664588302,0.23522553908306787,0.07842647182534765,0.024930937807527993,0.3178893201143628,0.05349553401781966,10000,,,10000,10000,,,
variant_3,20260909T110146Z-8c31130d,3,half,initial,0,0,initial_checkpoint,experiments/gol_reward_state_action_symmetry_cycle_1/variant_3/results/20260909T110146Z-8c31130d/checkpoint_probes/steps_000000000/probe_initial_checkpoint.json,coarse_belief,next_reward,saved,0.7182332231723022,0.03324125041003729,0.1179743431226618,0.28176677682769774,0.0661082411924814,0.03324125041003729,0.5028306578789736,0.032866990782444115,10000,,,10000,10000,,,
variant_3,20260909T110146Z-8c31130d,3,half,initial,0,0,initial_checkpoint,experiments/gol_reward_state_action_symmetry_cycle_1/variant_3/results/20260909T110146Z-8c31130d/checkpoint_probes/steps_000000000/probe_initial_checkpoint.json,m1_minus_m2,next_reward,saved,0.9999999999999994,1.7864398402555378e-16,0.3090397198213544,5.780615648008674e-16,0.2966385478237913,1.7864398402555378e-16,6.022278133982491e-16,0.2966385478237911,10000,,,10000,10000,,,
variant_3,20260909T110146Z-8c31130d,3,half,initial,0,0,initial_checkpoint,experiments/gol_reward_state_action_symmetry_cycle_1/variant_3/results/20260909T110146Z-8c31130d/checkpoint_probes/steps_000000000/probe_initial_checkpoint.json,e_minus_s,next_reward,saved,0.007159592031798945,0.19944750246022377,0.20088576256518734,0.992840407968201,0.19902078602719295,0.19944750246022377,1.0021440797293029,-0.00042671643303082707,10000,,,10000,10000,,,
variant_3,20260909T110146Z-8c31130d,3,half,initial,0,0,initial_checkpoint,experiments/gol_reward_state_action_symmetry_cycle_1/variant_3/results/20260909T110146Z-8c31130d/checkpoint_probes/steps_000000000/probe_initial_checkpoint.json,fine_belief,next_token,saved,0.7647744609225972,0.024930937806927574,0.10598737664588302,0.23522553907740287,0.07842647182534765,0.024930937806927574,0.31788932010670695,0.053495534018420075,10000,,,10000,10000,,,
variant_3,20260909T110146Z-8c31130d,3,half,initial,0,0,initial_checkpoint,experiments/gol_reward_state_action_symmetry_cycle_1/variant_3/results/20260909T110146Z-8c31130d/checkpoint_probes/steps_000000000/probe_initial_checkpoint.json,coarse_belief,next_token,saved,0.7182332231790879,0.033241250409236756,0.1179743431226618,0.2817667768209121,0.0661082411924814,0.033241250409236756,0.5028306578668642,0.03286699078324465,10000,,,10000,10000,,,
variant_3,20260909T110146Z-8c31130d,3,half,initial,0,0,initial_checkpoint,experiments/gol_reward_state_action_symmetry_cycle_1/variant_3/results/20260909T110146Z-8c31130d/checkpoint_probes/steps_000000000/probe_initial_checkpoint.json,m1_minus_m2,next_token,saved,0.9999999999999999,4.466100154026933e-17,0.3090397198213544,1.445154091069147e-16,0.2966385478237913,4.466100154026933e-17,1.5055697200486157e-16,0.29663854782379123,10000,,,10000,10000,,,
variant_3,20260909T110146Z-8c31130d,3,half,initial,0,0,initial_checkpoint,experiments/gol_reward_state_action_symmetry_cycle_1/variant_3/results/20260909T110146Z-8c31130d/checkpoint_probes/steps_000000000/probe_initial_checkpoint.json,e_minus_s,next_token,saved,0.007159592055709152,0.19944750245542053,0.20088576256518734,0.9928404079442907,0.19902078602719295,0.19944750245542053,1.0021440797051684,-0.00042671642822758593,10000,,,10000,10000,,,
variant_3,20260909T110146Z-8c31130d,3,half,initial,0,0,initial_checkpoint,experiments/gol_reward_state_action_symmetry_cycle_1/variant_3/results/20260909T110146Z-8c31130d/checkpoint_probes/steps_000000000/probe_initial_checkpoint.json,fine_belief,previous_action_latest_token,saved,0.2563347825114791,0.07881912550439837,0.10598737664588302,0.7436652174885209,0.07842647182534765,0.07881912550439837,1.0050066472443788,-0.0003926536790507251,10000,,,10000,10000,,,
variant_3,20260909T110146Z-8c31130d,3,half,initial,0,0,initial_checkpoint,experiments/gol_reward_state_action_symmetry_cycle_1/variant_3/results/20260909T110146Z-8c31130d/checkpoint_probes/steps_000000000/probe_initial_checkpoint.json,coarse_belief,previous_action_latest_token,saved,0.43664066012379465,0.0664619480639117,0.1179743431226618,0.5633593398762053,0.0661082411924814,0.0664619480639117,1.0053504202358137,-0.0003537068714302982,10000,,,10000,10000,,,
variant_3,20260909T110146Z-8c31130d,3,half,initial,0,0,initial_checkpoint,experiments/gol_reward_state_action_symmetry_cycle_1/variant_3/results/20260909T110146Z-8c31130d/checkpoint_probes/steps_000000000/probe_initial_checkpoint.json,m1_minus_m2,previous_action_latest_token,saved,0.03563887623601569,0.2980258914946282,0.3090397198213544,0.9643611237639843,0.2966385478237913,0.2980258914946282,1.004676882627072,-0.0013873436708369269,10000,,,10000,10000,,,
variant_3,20260909T110146Z-8c31130d,3,half,initial,0,0,initial_checkpoint,experiments/gol_reward_state_action_symmetry_cycle_1/variant_3/results/20260909T110146Z-8c31130d/checkpoint_probes/steps_000000000/probe_initial_checkpoint.json,e_minus_s,previous_action_latest_token,saved,0.004220317555736819,0.20003796085473588,0.20088576256518734,0.9957796824442631,0.19902078602719295,0.20003796085473588,1.0051108974486913,-0.0010171748275429326,10000,,,10000,10000,,,
variant_3,20260909T110146Z-8c31130d,3,half,initial,0,0,initial_checkpoint,experiments/gol_reward_state_action_symmetry_cycle_1/variant_3/results/20260909T110146Z-8c31130d/checkpoint_probes/steps_000000000/probe_initial_checkpoint.json,fine_belief,shuffled_history_broken_alignment,saved,-0.04015484319572682,0.11024328313582489,0.10598737664588302,1.0401548431957268,0.07842647182534765,0.11024328313582489,1.4056896934154057,-0.03181681131047724,10000,,,10000,10000,,,
variant_3,20260909T110146Z-8c31130d,3,half,initial,0,0,initial_checkpoint,experiments/gol_reward_state_action_symmetry_cycle_1/variant_3/results/20260909T110146Z-8c31130d/checkpoint_probes/steps_000000000/probe_initial_checkpoint.json,coarse_belief,shuffled_history_broken_alignment,saved,-0.023119469657928438,0.12070184736890023,0.1179743431226618,1.0231194696579284,0.0661082411924814,0.12070184736890023,1.825821488995049,-0.05459360617641883,10000,,,10000,10000,,,
variant_3,20260909T110146Z-8c31130d,3,half,initial,0,0,initial_checkpoint,experiments/gol_reward_state_action_symmetry_cycle_1/variant_3/results/20260909T110146Z-8c31130d/checkpoint_probes/steps_000000000/probe_initial_checkpoint.json,m1_minus_m2,shuffled_history_broken_alignment,saved,-0.0726607575113889,0.3314947799646814,0.3090397198213544,1.072660757511389,0.2966385478237913,0.3314947799646814,1.1175040546705863,-0.03485623214089012,10000,,,10000,10000,,,
variant_3,20260909T110146Z-8c31130d,3,half,initial,0,0,initial_checkpoint,experiments/gol_reward_state_action_symmetry_cycle_1/variant_3/results/20260909T110146Z-8c31130d/checkpoint_probes/steps_000000000/probe_initial_checkpoint.json,e_minus_s,shuffled_history_broken_alignment,saved,-0.010187503323441316,0.20293228693895224,0.20088576256518734,1.0101875033234413,0.19902078602719295,0.20293228693895224,1.0196537305968878,-0.003911500911759291,10000,,,10000,10000,,,
variant_3,20260909T110146Z-8c31130d,3,half,initial,0,0,initial_checkpoint,experiments/gol_reward_state_action_symmetry_cycle_1/variant_3/results/20260909T110146Z-8c31130d/checkpoint_probes/steps_000000000/probe_initial_checkpoint.json,fine_belief,single_permuted_training_labels,saved,-0.01663325787358727,0.10775029201297903,0.10598737664588302,1.0166332578735875,0.07842647182534765,0.10775029201297903,1.373902070374073,-0.029323820187631383,10000,,,10000,10000,,,
variant_3,20260909T110146Z-8c31130d,3,half,initial,0,0,initial_checkpoint,experiments/gol_reward_state_action_symmetry_cycle_1/variant_3/results/20260909T110146Z-8c31130d/checkpoint_probes/steps_000000000/probe_initial_checkpoint.json,coarse_belief,single_permuted_training_labels,saved,-0.019646667581884936,0.12029214582518398,0.1179743431226618,1.019646667581885,0.0661082411924814,0.12029214582518398,1.8196240537536037,-0.054183904632702576,10000,,,10000,10000,,,
variant_3,20260909T110146Z-8c31130d,3,half,initial,0,0,initial_checkpoint,experiments/gol_reward_state_action_symmetry_cycle_1/variant_3/results/20260909T110146Z-8c31130d/checkpoint_probes/steps_000000000/probe_initial_checkpoint.json,m1_minus_m2,single_permuted_training_labels,saved,-0.013640456761988773,0.3132551627573147,0.3090397198213544,1.0136404567619886,0.2966385478237913,0.3132551627573147,1.0560163709518764,-0.0166166149335234,10000,,,10000,10000,,,
variant_3,20260909T110146Z-8c31130d,3,half,initial,0,0,initial_checkpoint,experiments/gol_reward_state_action_symmetry_cycle_1/variant_3/results/20260909T110146Z-8c31130d/checkpoint_probes/steps_000000000/probe_initial_checkpoint.json,e_minus_s,single_permuted_training_labels,saved,-0.009209251808240948,0.20273577013734065,0.20088576256518734,1.009209251808241,0.19902078602719295,0.20273577013734065,1.018666312118977,-0.003714984110147701,10000,,,10000,10000,,,
variant_3,20260909T110146Z-8c31130d,3,half,initial,0,0,initial_checkpoint,experiments/gol_reward_state_action_symmetry_cycle_1/variant_3/results/20260909T110146Z-8c31130d/checkpoint_probes/steps_000000000/probe_initial_checkpoint.json,fine_belief,log_next_token,not_fitted_or_saved,,,,,,,,,,,,,,,,
variant_3,20260909T110146Z-8c31130d,3,half,initial,0,0,initial_checkpoint,experiments/gol_reward_state_action_symmetry_cycle_1/variant_3/results/20260909T110146Z-8c31130d/checkpoint_probes/steps_000000000/probe_initial_checkpoint.json,coarse_belief,log_next_token,not_fitted_or_saved,,,,,,,,,,,,,,,,
variant_3,20260909T110146Z-8c31130d,3,half,initial,0,0,initial_checkpoint,experiments/gol_reward_state_action_symmetry_cycle_1/variant_3/results/20260909T110146Z-8c31130d/checkpoint_probes/steps_000000000/probe_initial_checkpoint.json,m1_minus_m2,log_next_token,not_fitted_or_saved,,,,,,,,,,,,,,,,
variant_3,20260909T110146Z-8c31130d,3,half,initial,0,0,initial_checkpoint,experiments/gol_reward_state_action_symmetry_cycle_1/variant_3/results/20260909T110146Z-8c31130d/checkpoint_probes/steps_000000000/probe_initial_checkpoint.json,e_minus_s,log_next_token,not_fitted_or_saved,,,,,,,,,,,,,,,,
variant_3,20260909T110146Z-8c31130d,3,half,intermediate,32784,1,iteration_000001_steps_000032784,experiments/gol_reward_state_action_symmetry_cycle_1/variant_3/results/20260909T110146Z-8c31130d/checkpoint_probes/steps_000032784/probe_iteration_000001_steps_000032784.json,fine_belief,post_final_layer_norm,saved,0.23329185977628142,0.08444432617042437,0.11013881520259361,0.7667081402237186,0.08263012303754319,0.08444432617042437,1.0219557113821178,-0.0018142031328811786,10000,0.08063131491609547,0.08923961644045797,10000,10000,16,200,held_out_environment_trajectory_fixed_probe
variant_3,20260909T110146Z-8c31130d,3,half,intermediate,32784,1,iteration_000001_steps_000032784,experiments/gol_reward_state_action_symmetry_cycle_1/variant_3/results/20260909T110146Z-8c31130d/checkpoint_probes/steps_000032784/probe_iteration_000001_steps_000032784.json,coarse_belief,post_final_layer_norm,saved,0.43775211627757926,0.06906383049825357,0.12283519866897367,0.5622478837224208,0.07021675182516722,0.06906383049825357,0.9835805374508877,0.0011529213269136501,10000,0.0664208519683262,0.07214256364427776,10000,10000,16,200,held_out_environment_trajectory_fixed_probe
variant_3,20260909T110146Z-8c31130d,3,half,intermediate,32784,1,iteration_000001_steps_000032784,experiments/gol_reward_state_action_symmetry_cycle_1/variant_3/results/20260909T110146Z-8c31130d/checkpoint_probes/steps_000032784/probe_iteration_000001_steps_000032784.json,m1_minus_m2,post_final_layer_norm,saved,-0.02999395160995455,0.3271124955959742,0.31758681212124973,1.0299939516099546,0.30868125268412516,0.3271124955959742,1.0597096284649001,-0.018431242911849055,10000,0.30078516257482285,0.36591194944423383,10000,10000,16,200,held_out_environment_trajectory_fixed_probe
variant_3,20260909T110146Z-8c31130d,3,half,intermediate,32784,1,iteration_000001_steps_000032784,experiments/gol_reward_state_action_symmetry_cycle_1/variant_3/results/20260909T110146Z-8c31130d/checkpoint_probes/steps_000032784/probe_iteration_000001_steps_000032784.json,e_minus_s,post_final_layer_norm,saved,-5.371008931609467e-05,0.21656037532321962,0.2165487444708128,1.000053710089316,0.2144781729466544,0.21656037532321962,1.0097082250746472,-0.0020822023765652287,10000,0.20782037998602773,0.22643877052100156,10000,10000,16,200,held_out_environment_trajectory_fixed_probe
variant_3,20260909T110146Z-8c31130d,3,half,intermediate,32784,1,iteration_000001_steps_000032784,experiments/gol_reward_state_action_symmetry_cycle_1/variant_3/results/20260909T110146Z-8c31130d/checkpoint_probes/steps_000032784/probe_iteration_000001_steps_000032784.json,fine_belief,categorical_plus_marginals,saved,0.757573193841671,0.02670060120362718,0.11013881520259361,0.24242680615832898,0.08263012303754319,0.02670060120362718,0.32313398821269695,0.055929521833916016,10000,,,10000,10000,,,
variant_3,20260909T110146Z-8c31130d,3,half,intermediate,32784,1,iteration_000001_steps_000032784,experiments/gol_reward_state_action_symmetry_cycle_1/variant_3/results/20260909T110146Z-8c31130d/checkpoint_probes/steps_000032784/probe_iteration_000001_steps_000032784.json,coarse_belief,categorical_plus_marginals,saved,0.7101742660849503,0.03560080160483624,0.12283519866897367,0.28982573391504973,0.07021675182516722,0.03560080160483624,0.5070129375035564,0.03461595022033098,10000,,,10000,10000,,,
variant_3,20260909T110146Z-8c31130d,3,half,intermediate,32784,1,iteration_000001_steps_000032784,experiments/gol_reward_state_action_symmetry_cycle_1/variant_3/results/20260909T110146Z-8c31130d/checkpoint_probes/steps_000032784/probe_iteration_000001_steps_000032784.json,m1_minus_m2,categorical_plus_marginals,saved,0.9999999999999999,2.0828075397849233e-17,0.31758681212124973,6.558230569692987e-17,0.30868125268412516,2.0828075397849233e-17,6.747437758768814e-17,0.30868125268412516,10000,,,10000,10000,,,
variant_3,20260909T110146Z-8c31130d,3,half,intermediate,32784,1,iteration_000001_steps_000032784,experiments/gol_reward_state_action_symmetry_cycle_1/variant_3/results/20260909T110146Z-8c31130d/checkpoint_probes/steps_000032784/probe_iteration_000001_steps_000032784.json,e_minus_s,categorical_plus_marginals,saved,0.013594790627807884,0.21360480962901743,0.2165487444708128,0.9864052093721921,0.2144781729466544,0.21360480962901743,0.9959279617798023,0.0008733633176369604,10000,,,10000,10000,,,
variant_3,20260909T110146Z-8c31130d,3,half,intermediate,32784,1,iteration_000001_steps_000032784,experiments/gol_reward_state_action_symmetry_cycle_1/variant_3/results/20260909T110146Z-8c31130d/checkpoint_probes/steps_000032784/probe_iteration_000001_steps_000032784.json,fine_belief,combined_marginals,saved,0.7560294828800302,0.026870623699957547,0.11013881520259361,0.24397051711996973,0.08263012303754319,0.026870623699957547,0.3251916215560857,0.055759499337585644,10000,,,10000,10000,,,
variant_3,20260909T110146Z-8c31130d,3,half,intermediate,32784,1,iteration_000001_steps_000032784,experiments/gol_reward_state_action_symmetry_cycle_1/variant_3/results/20260909T110146Z-8c31130d/checkpoint_probes/steps_000032784/probe_iteration_000001_steps_000032784.json,coarse_belief,combined_marginals,saved,0.7083287310572849,0.03582749826661007,0.12283519866897367,0.29167126894271517,0.07021675182516722,0.03582749826661007,0.5102414642565211,0.034389253558557153,10000,,,10000,10000,,,
variant_3,20260909T110146Z-8c31130d,3,half,intermediate,32784,1,iteration_000001_steps_000032784,experiments/gol_reward_state_action_symmetry_cycle_1/variant_3/results/20260909T110146Z-8c31130d/checkpoint_probes/steps_000032784/probe_iteration_000001_steps_000032784.json,m1_minus_m2,combined_marginals,saved,0.9999999999999999,2.0593653937679818e-17,0.31758681212124973,6.484417221272236e-17,0.30868125268412516,2.0593653937679818e-17,6.671494870066953e-17,0.30868125268412516,10000,,,10000,10000,,,
variant_3,20260909T110146Z-8c31130d,3,half,intermediate,32784,1,iteration_000001_steps_000032784,experiments/gol_reward_state_action_symmetry_cycle_1/variant_3/results/20260909T110146Z-8c31130d/checkpoint_probes/steps_000032784/probe_iteration_000001_steps_000032784.json,e_minus_s,combined_marginals,saved,0.007313618349636175,0.21496498959966037,0.2165487444708128,0.9926863816503638,0.2144781729466544,0.21496498959966037,1.0022697724729643,-0.00048681665300598365,10000,,,10000,10000,,,
variant_3,20260909T110146Z-8c31130d,3,half,intermediate,32784,1,iteration_000001_steps_000032784,experiments/gol_reward_state_action_symmetry_cycle_1/variant_3/results/20260909T110146Z-8c31130d/checkpoint_probes/steps_000032784/probe_iteration_000001_steps_000032784.json,fine_belief,next_reward,saved,0.7560294828717401,0.02687062370087061,0.11013881520259361,0.24397051712825985,0.08263012303754319,0.02687062370087061,0.32519162156713577,0.05575949933667258,10000,,,10000,10000,,,
variant_3,20260909T110146Z-8c31130d,3,half,intermediate,32784,1,iteration_000001_steps_000032784,experiments/gol_reward_state_action_symmetry_cycle_1/variant_3/results/20260909T110146Z-8c31130d/checkpoint_probes/steps_000032784/probe_iteration_000001_steps_000032784.json,coarse_belief,next_reward,saved,0.7083287310473741,0.035827498267827454,0.12283519866897367,0.2916712689526259,0.07021675182516722,0.035827498267827454,0.5102414642738585,0.034389253557339766,10000,,,10000,10000,,,
variant_3,20260909T110146Z-8c31130d,3,half,intermediate,32784,1,iteration_000001_steps_000032784,experiments/gol_reward_state_action_symmetry_cycle_1/variant_3/results/20260909T110146Z-8c31130d/checkpoint_probes/steps_000032784/probe_iteration_000001_steps_000032784.json,m1_minus_m2,next_reward,saved,0.9999999999999994,1.8534288690272397e-16,0.31758681212124973,5.835975545230226e-16,0.30868125268412516,1.8534288690272397e-16,6.004345430475045e-16,0.308681252684125,10000,,,10000,10000,,,
variant_3,20260909T110146Z-8c31130d,3,half,intermediate,32784,1,iteration_000001_steps_000032784,experiments/gol_reward_state_action_symmetry_cycle_1/variant_3/results/20260909T110146Z-8c31130d/checkpoint_probes/steps_000032784/probe_iteration_000001_steps_000032784.json,e_minus_s,next_reward,saved,0.00731361831590549,0.21496498960696472,0.2165487444708128,0.9926863816840945,0.2144781729466544,0.21496498960696472,1.0022697725070207,-0.0004868166603103352,10000,,,10000,10000,,,
variant_3,20260909T110146Z-8c31130d,3,half,intermediate,32784,1,iteration_000001_steps_000032784,experiments/gol_reward_state_action_symmetry_cycle_1/variant_3/results/20260909T110146Z-8c31130d/checkpoint_probes/steps_000032784/probe_iteration_000001_steps_000032784.json,fine_belief,next_token,saved,0.756029482877809,0.02687062370020219,0.11013881520259361,0.24397051712219098,0.08263012303754319,0.02687062370020219,0.32519162155904646,0.055759499337341,10000,,,10000,10000,,,
variant_3,20260909T110146Z-8c31130d,3,half,intermediate,32784,1,iteration_000001_steps_000032784,experiments/gol_reward_state_action_symmetry_cycle_1/variant_3/results/20260909T110146Z-8c31130d/checkpoint_probes/steps_000032784/probe_iteration_000001_steps_000032784.json,coarse_belief,next_token,saved,0.7083287310546293,0.03582749826693626,0.12283519866897367,0.29167126894537065,0.07021675182516722,0.03582749826693626,0.5102414642611665,0.03438925355823096,10000,,,10000,10000,,,
variant_3,20260909T110146Z-8c31130d,3,half,intermediate,32784,1,iteration_000001_steps_000032784,experiments/gol_reward_state_action_symmetry_cycle_1/variant_3/results/20260909T110146Z-8c31130d/checkpoint_probes/steps_000032784/probe_iteration_000001_steps_000032784.json,m1_minus_m2,next_token,saved,0.9999999999999999,4.633572789417436e-17,0.31758681212124973,1.458994080537705e-16,0.30868125268412516,4.633572789417436e-17,1.5010865574525157e-16,0.3086812526841251,10000,,,10000,10000,,,
variant_3,20260909T110146Z-8c31130d,3,half,intermediate,32784,1,iteration_000001_steps_000032784,experiments/gol_reward_state_action_symmetry_cycle_1/variant_3/results/20260909T110146Z-8c31130d/checkpoint_probes/steps_000032784/probe_iteration_000001_steps_000032784.json,e_minus_s,next_token,saved,0.0073136183405982935,0.21496498960161753,0.2165487444708128,0.9926863816594017,0.2144781729466544,0.21496498960161753,1.0022697724820895,-0.0004868166549631403,10000,,,10000,10000,,,
variant_3,20260909T110146Z-8c31130d,3,half,intermediate,32784,1,iteration_000001_steps_000032784,experiments/gol_reward_state_action_symmetry_cycle_1/variant_3/results/20260909T110146Z-8c31130d/checkpoint_probes/steps_000032784/probe_iteration_000001_steps_000032784.json,fine_belief,previous_action_latest_token,saved,0.2474038360823415,0.08289004981990783,0.11013881520259361,0.7525961639176584,0.08263012303754319,0.08289004981990783,1.0031456661663996,-0.00025992678236463895,10000,,,10000,10000,,,
variant_3,20260909T110146Z-8c31130d,3,half,intermediate,32784,1,iteration_000001_steps_000032784,experiments/gol_reward_state_action_symmetry_cycle_1/variant_3/results/20260909T110146Z-8c31130d/checkpoint_probes/steps_000032784/probe_iteration_000001_steps_000032784.json,coarse_belief,previous_action_latest_token,saved,0.42543336785481745,0.07057700640811662,0.12283519866897367,0.5745666321451826,0.07021675182516722,0.07057700640811662,1.005130607349175,-0.0003602545829494014,10000,,,10000,10000,,,
variant_3,20260909T110146Z-8c31130d,3,half,intermediate,32784,1,iteration_000001_steps_000032784,experiments/gol_reward_state_action_symmetry_cycle_1/variant_3/results/20260909T110146Z-8c31130d/checkpoint_probes/steps_000032784/probe_iteration_000001_steps_000032784.json,m1_minus_m2,previous_action_latest_token,saved,0.027367322970253127,0.30889531126283437,0.31758681212124973,0.9726326770297469,0.30868125268412516,0.30889531126283437,1.0006934615460055,-0.00021405857870920864,10000,,,10000,10000,,,
variant_3,20260909T110146Z-8c31130d,3,half,intermediate,32784,1,iteration_000001_steps_000032784,experiments/gol_reward_state_action_symmetry_cycle_1/variant_3/results/20260909T110146Z-8c31130d/checkpoint_probes/steps_000032784/probe_iteration_000001_steps_000032784.json,e_minus_s,previous_action_latest_token,saved,0.0036830482710776824,0.21575118499188553,0.2165487444708128,0.9963169517289223,0.2144781729466544,0.21575118499188553,1.0059353920622391,-0.0012730120452311422,10000,,,10000,10000,,,
variant_3,20260909T110146Z-8c31130d,3,half,intermediate,32784,1,iteration_000001_steps_000032784,experiments/gol_reward_state_action_symmetry_cycle_1/variant_3/results/20260909T110146Z-8c31130d/checkpoint_probes/steps_000032784/probe_iteration_000001_steps_000032784.json,fine_belief,shuffled_history_broken_alignment,saved,-0.05709793902221105,0.11642751455700986,0.11013881520259361,1.057097939022211,0.08263012303754319,0.11642751455700986,1.4090202250347703,-0.033797391519466674,10000,,,10000,10000,,,
variant_3,20260909T110146Z-8c31130d,3,half,intermediate,32784,1,iteration_000001_steps_000032784,experiments/gol_reward_state_action_symmetry_cycle_1/variant_3/results/20260909T110146Z-8c31130d/checkpoint_probes/steps_000032784/probe_iteration_000001_steps_000032784.json,coarse_belief,shuffled_history_broken_alignment,saved,-0.03484439386986282,0.12711531671247825,0.12283519866897367,1.0348443938698628,0.07021675182516722,0.12711531671247825,1.8103274988991636,-0.05689856488731103,10000,,,10000,10000,,,
variant_3,20260909T110146Z-8c31130d,3,half,intermediate,32784,1,iteration_000001_steps_000032784,experiments/gol_reward_state_action_symmetry_cycle_1/variant_3/results/20260909T110146Z-8c31130d/checkpoint_probes/steps_000032784/probe_iteration_000001_steps_000032784.json,m1_minus_m2,shuffled_history_broken_alignment,saved,-0.10241847587297981,0.3501135693760665,0.31758681212124973,1.1024184758729798,0.30868125268412516,0.3501135693760665,1.1342236249583295,-0.04143231669194136,10000,,,10000,10000,,,
variant_3,20260909T110146Z-8c31130d,3,half,intermediate,32784,1,iteration_000001_steps_000032784,experiments/gol_reward_state_action_symmetry_cycle_1/variant_3/results/20260909T110146Z-8c31130d/checkpoint_probes/steps_000032784/probe_iteration_000001_steps_000032784.json,e_minus_s,shuffled_history_broken_alignment,saved,-0.009176207529350222,0.21853584069029722,0.2165487444708128,1.0091762075293502,0.2144781729466544,0.21853584069029722,1.0189187910727497,-0.004057667743642829,10000,,,10000,10000,,,
variant_3,20260909T110146Z-8c31130d,3,half,intermediate,32784,1,iteration_000001_steps_000032784,experiments/gol_reward_state_action_symmetry_cycle_1/variant_3/results/20260909T110146Z-8c31130d/checkpoint_probes/steps_000032784/probe_iteration_000001_steps_000032784.json,fine_belief,single_permuted_training_labels,saved,-0.006818792763061632,0.11088982895862923,0.11013881520259361,1.0068187927630616,0.08263012303754319,0.11088982895862923,1.3420024669241528,-0.028259705921086037,10000,,,10000,10000,,,
variant_3,20260909T110146Z-8c31130d,3,half,intermediate,32784,1,iteration_000001_steps_000032784,experiments/gol_reward_state_action_symmetry_cycle_1/variant_3/results/20260909T110146Z-8c31130d/checkpoint_probes/steps_000032784/probe_iteration_000001_steps_000032784.json,coarse_belief,single_permuted_training_labels,saved,0.0012151522758506728,0.12268593519775652,0.12283519866897367,0.9987848477241494,0.07021675182516722,0.12268593519775652,1.7472459492747883,-0.052469183372589295,10000,,,10000,10000,,,
variant_3,20260909T110146Z-8c31130d,3,half,intermediate,32784,1,iteration_000001_steps_000032784,experiments/gol_reward_state_action_symmetry_cycle_1/variant_3/results/20260909T110146Z-8c31130d/checkpoint_probes/steps_000032784/probe_iteration_000001_steps_000032784.json,m1_minus_m2,single_permuted_training_labels,saved,-0.017930879374786546,0.32328142294041884,0.31758681212124973,1.0179308793747865,0.30868125268412516,0.32328142294041884,1.0472985324807986,-0.014600170256293676,10000,,,10000,10000,,,
variant_3,20260909T110146Z-8c31130d,3,half,intermediate,32784,1,iteration_000001_steps_000032784,experiments/gol_reward_state_action_symmetry_cycle_1/variant_3/results/20260909T110146Z-8c31130d/checkpoint_probes/steps_000032784/probe_iteration_000001_steps_000032784.json,e_minus_s,single_permuted_training_labels,saved,-0.012614524035365227,0.219280403812768,0.2165487444708128,1.0126145240353652,0.2144781729466544,0.219280403812768,1.0223903010741706,-0.004802230866113616,10000,,,10000,10000,,,
variant_3,20260909T110146Z-8c31130d,3,half,intermediate,32784,1,iteration_000001_steps_000032784,experiments/gol_reward_state_action_symmetry_cycle_1/variant_3/results/20260909T110146Z-8c31130d/checkpoint_probes/steps_000032784/probe_iteration_000001_steps_000032784.json,fine_belief,log_next_token,not_fitted_or_saved,,,,,,,,,,,,,,,,
variant_3,20260909T110146Z-8c31130d,3,half,intermediate,32784,1,iteration_000001_steps_000032784,experiments/gol_reward_state_action_symmetry_cycle_1/variant_3/results/20260909T110146Z-8c31130d/checkpoint_probes/steps_000032784/probe_iteration_000001_steps_000032784.json,coarse_belief,log_next_token,not_fitted_or_saved,,,,,,,,,,,,,,,,
variant_3,20260909T110146Z-8c31130d,3,half,intermediate,32784,1,iteration_000001_steps_000032784,experiments/gol_reward_state_action_symmetry_cycle_1/variant_3/results/20260909T110146Z-8c31130d/checkpoint_probes/steps_000032784/probe_iteration_000001_steps_000032784.json,m1_minus_m2,log_next_token,not_fitted_or_saved,,,,,,,,,,,,,,,,
variant_3,20260909T110146Z-8c31130d,3,half,intermediate,32784,1,iteration_000001_steps_000032784,experiments/gol_reward_state_action_symmetry_cycle_1/variant_3/results/20260909T110146Z-8c31130d/checkpoint_probes/steps_000032784/probe_iteration_000001_steps_000032784.json,e_minus_s,log_next_token,not_fitted_or_saved,,,,,,,,,,,,,,,,
variant_3,20260909T110146Z-8c31130d,3,half,intermediate,65568,2,iteration_000002_steps_000065568,experiments/gol_reward_state_action_symmetry_cycle_1/variant_3/results/20260909T110146Z-8c31130d/checkpoint_probes/steps_000065568/probe_iteration_000002_steps_000065568.json,fine_belief,post_final_layer_norm,saved,0.2388865202994972,0.08409819670367434,0.11049363721263598,0.7611134797005028,0.08296158782724256,0.08409819670367434,1.0137004233670002,-0.0011366088764317855,10000,0.08001791196482846,0.0890346636153948,10000,10000,16,200,held_out_environment_trajectory_fixed_probe
variant_3,20260909T110146Z-8c31130d,3,half,intermediate,65568,2,iteration_000002_steps_000065568,experiments/gol_reward_state_action_symmetry_cycle_1/variant_3/results/20260909T110146Z-8c31130d/checkpoint_probes/steps_000065568/probe_iteration_000002_steps_000065568.json,coarse_belief,post_final_layer_norm,saved,0.46160110264884235,0.06571851965689812,0.12206287936365294,0.5383988973511576,0.06973873782411986,0.06571851965689812,0.9423531556111515,0.004020218167221742,10000,0.06275251254381704,0.06893600473555153,10000,10000,16,200,held_out_environment_trajectory_fixed_probe
variant_3,20260909T110146Z-8c31130d,3,half,intermediate,65568,2,iteration_000002_steps_000065568,experiments/gol_reward_state_action_symmetry_cycle_1/variant_3/results/20260909T110146Z-8c31130d/checkpoint_probes/steps_000065568/probe_iteration_000002_steps_000065568.json,m1_minus_m2,post_final_layer_norm,saved,-0.04385175822440446,0.33886003626528866,0.32462467356637953,1.0438517582244045,0.3141743030867652,0.33886003626528866,1.0785733681462357,-0.02468573317852346,10000,0.30971586729616357,0.37666764040708356,10000,10000,16,200,held_out_environment_trajectory_fixed_probe
variant_3,20260909T110146Z-8c31130d,3,half,intermediate,65568,2,iteration_000002_steps_000065568,experiments/gol_reward_state_action_symmetry_cycle_1/variant_3/results/20260909T110146Z-8c31130d/checkpoint_probes/steps_000065568/probe_iteration_000002_steps_000065568.json,e_minus_s,post_final_layer_norm,saved,0.0003017738345711951,0.2131543762095408,0.21321872004028974,0.9996982261654287,0.21169034470408743,0.2131543762095408,1.0069159106311623,-0.0014640315054533781,10000,0.20104894928284164,0.2261227960645475,10000,10000,16,200,held_out_environment_trajectory_fixed_probe
variant_3,20260909T110146Z-8c31130d,3,half,intermediate,65568,2,iteration_000002_steps_000065568,experiments/gol_reward_state_action_symmetry_cycle_1/variant_3/results/20260909T110146Z-8c31130d/checkpoint_probes/steps_000065568/probe_iteration_000002_steps_000065568.json,fine_belief,categorical_plus_marginals,saved,0.7617372706916341,0.026326515573491076,0.11049363721263598,0.23826272930836592,0.08296158782724256,0.026326515573491076,0.3173337958322694,0.05663507225375148,10000,,,10000,10000,,,
variant_3,20260909T110146Z-8c31130d,3,half,intermediate,65568,2,iteration_000002_steps_000065568,experiments/gol_reward_state_action_symmetry_cycle_1/variant_3/results/20260909T110146Z-8c31130d/checkpoint_probes/steps_000065568/probe_iteration_000002_steps_000065568.json,coarse_belief,categorical_plus_marginals,saved,0.7124267349119473,0.03510202076465477,0.12206287936365294,0.28757326508805275,0.06973873782411986,0.03510202076465477,0.5033360490862565,0.0346367170594651,10000,,,10000,10000,,,
variant_3,20260909T110146Z-8c31130d,3,half,intermediate,65568,2,iteration_000002_steps_000065568,experiments/gol_reward_state_action_symmetry_cycle_1/variant_3/results/20260909T110146Z-8c31130d/checkpoint_probes/steps_000065568/probe_iteration_000002_steps_000065568.json,m1_minus_m2,categorical_plus_marginals,saved,0.9999999999999999,1.995380343450972e-17,0.32462467356637953,6.146730381056371e-17,0.3141743030867652,1.995380343450972e-17,6.351188890518235e-17,0.3141743030867652,10000,,,10000,10000,,,
variant_3,20260909T110146Z-8c31130d,3,half,intermediate,65568,2,iteration_000002_steps_000065568,experiments/gol_reward_state_action_symmetry_cycle_1/variant_3/results/20260909T110146Z-8c31130d/checkpoint_probes/steps_000065568/probe_iteration_000002_steps_000065568.json,e_minus_s,categorical_plus_marginals,saved,0.012224984053316623,0.2106121245879286,0.21321872004028974,0.9877750159466833,0.21169034470408743,0.2106121245879286,0.9949066164653564,0.0010782201161588234,10000,,,10000,10000,,,
variant_3,20260909T110146Z-8c31130d,3,half,intermediate,65568,2,iteration_000002_steps_000065568,experiments/gol_reward_state_action_symmetry_cycle_1/variant_3/results/20260909T110146Z-8c31130d/checkpoint_probes/steps_000065568/probe_iteration_000002_steps_000065568.json,fine_belief,combined_marginals,saved,0.7602204863679772,0.026494110590279025,0.11049363721263598,0.23977951363202274,0.08296158782724256,0.026494110590279025,0.31935394782281407,0.056467477236963534,10000,,,10000,10000,,,
variant_3,20260909T110146Z-8c31130d,3,half,intermediate,65568,2,iteration_000002_steps_000065568,experiments/gol_reward_state_action_symmetry_cycle_1/variant_3/results/20260909T110146Z-8c31130d/checkpoint_probes/steps_000065568/probe_iteration_000002_steps_000065568.json,coarse_belief,combined_marginals,saved,0.7105960389333754,0.035325480787038704,0.12206287936365294,0.2894039610666245,0.06973873782411986,0.035325480787038704,0.5065402943788441,0.03441325703708116,10000,,,10000,10000,,,
variant_3,20260909T110146Z-8c31130d,3,half,intermediate,65568,2,iteration_000002_steps_000065568,experiments/gol_reward_state_action_symmetry_cycle_1/variant_3/results/20260909T110146Z-8c31130d/checkpoint_probes/steps_000065568/probe_iteration_000002_steps_000065568.json,m1_minus_m2,combined_marginals,saved,0.9999999999999999,1.970886533683085e-17,0.32462467356637953,6.071277675940663e-17,0.3141743030867652,1.970886533683085e-17,6.27322640432113e-17,0.3141743030867652,10000,,,10000,10000,,,
variant_3,20260909T110146Z-8c31130d,3,half,intermediate,65568,2,iteration_000002_steps_000065568,experiments/gol_reward_state_action_symmetry_cycle_1/variant_3/results/20260909T110146Z-8c31130d/checkpoint_probes/steps_000065568/probe_iteration_000002_steps_000065568.json,e_minus_s,combined_marginals,saved,0.005936792594094742,0.2119528847222322,0.21321872004028974,0.9940632074059053,0.21169034470408743,0.2119528847222322,1.0012402078068878,-0.000262540018144769,10000,,,10000,10000,,,
variant_3,20260909T110146Z-8c31130d,3,half,intermediate,65568,2,iteration_000002_steps_000065568,experiments/gol_reward_state_action_symmetry_cycle_1/variant_3/results/20260909T110146Z-8c31130d/checkpoint_probes/steps_000065568/probe_iteration_000002_steps_000065568.json,fine_belief,next_reward,saved,0.7602204863610468,0.026494110591044794,0.11049363721263598,0.23977951363895317,0.08296158782724256,0.026494110591044794,0.31935394783204446,0.05646747723619776,10000,,,10000,10000,,,
variant_3,20260909T110146Z-8c31130d,3,half,intermediate,65568,2,iteration_000002_steps_000065568,experiments/gol_reward_state_action_symmetry_cycle_1/variant_3/results/20260909T110146Z-8c31130d/checkpoint_probes/steps_000065568/probe_iteration_000002_steps_000065568.json,coarse_belief,next_reward,saved,0.710596038925011,0.0353254807880597,0.12206287936365294,0.28940396107498906,0.06973873782411986,0.0353254807880597,0.5065402943934844,0.034413257036060164,10000,,,10000,10000,,,
variant_3,20260909T110146Z-8c31130d,3,half,intermediate,65568,2,iteration_000002_steps_000065568,experiments/gol_reward_state_action_symmetry_cycle_1/variant_3/results/20260909T110146Z-8c31130d/checkpoint_probes/steps_000065568/probe_iteration_000002_steps_000065568.json,m1_minus_m2,next_reward,saved,0.9999999999999994,1.773797652764148e-16,0.32462467356637953,5.464149207381306e-16,0.3141743030867652,1.773797652764148e-16,5.64590303960754e-16,0.314174303086765,10000,,,10000,10000,,,
variant_3,20260909T110146Z-8c31130d,3,half,intermediate,65568,2,iteration_000002_steps_000065568,experiments/gol_reward_state_action_symmetry_cycle_1/variant_3/results/20260909T110146Z-8c31130d/checkpoint_probes/steps_000065568/probe_iteration_000002_steps_000065568.json,e_minus_s,next_reward,saved,0.005936792565363724,0.2119528847283582,0.21321872004028974,0.9940632074346363,0.21169034470408743,0.2119528847283582,1.0012402078358262,-0.0002625400242707576,10000,,,10000,10000,,,
variant_3,20260909T110146Z-8c31130d,3,half,intermediate,65568,2,iteration_000002_steps_000065568,experiments/gol_reward_state_action_symmetry_cycle_1/variant_3/results/20260909T110146Z-8c31130d/checkpoint_probes/steps_000065568/probe_iteration_000002_steps_000065568.json,fine_belief,next_token,saved,0.7602204863660006,0.02649411059049744,0.11049363721263598,0.23977951363399946,0.08296158782724256,0.02649411059049744,0.3193539478254468,0.05646747723674511,10000,,,10000,10000,,,
variant_3,20260909T110146Z-8c31130d,3,half,intermediate,65568,2,iteration_000002_steps_000065568,experiments/gol_reward_state_action_symmetry_cycle_1/variant_3/results/20260909T110146Z-8c31130d/checkpoint_probes/steps_000065568/probe_iteration_000002_steps_000065568.json,coarse_belief,next_token,saved,0.7105960389309898,0.03532548078732991,0.12206287936365294,0.28940396106901023,0.06973873782411986,0.03532548078732991,0.5065402943830197,0.034413257036789956,10000,,,10000,10000,,,
variant_3,20260909T110146Z-8c31130d,3,half,intermediate,65568,2,iteration_000002_steps_000065568,experiments/gol_reward_state_action_symmetry_cycle_1/variant_3/results/20260909T110146Z-8c31130d/checkpoint_probes/steps_000065568/probe_iteration_000002_steps_000065568.json,m1_minus_m2,next_token,saved,0.9999999999999999,4.434494685194409e-17,0.32462467356637953,1.3660374722834e-16,0.3141743030867652,4.434494685194409e-17,1.4114759360092348e-16,0.31417430308676514,10000,,,10000,10000,,,
variant_3,20260909T110146Z-8c31130d,3,half,intermediate,65568,2,iteration_000002_steps_000065568,experiments/gol_reward_state_action_symmetry_cycle_1/variant_3/results/20260909T110146Z-8c31130d/checkpoint_probes/steps_000065568/probe_iteration_000002_steps_000065568.json,e_minus_s,next_token,saved,0.005936792585899964,0.21195288472397947,0.21321872004028974,0.9940632074141,0.21169034470408743,0.21195288472397947,1.0012402078151417,-0.000262540019892038,10000,,,10000,10000,,,
variant_3,20260909T110146Z-8c31130d,3,half,intermediate,65568,2,iteration_000002_steps_000065568,experiments/gol_reward_state_action_symmetry_cycle_1/variant_3/results/20260909T110146Z-8c31130d/checkpoint_probes/steps_000065568/probe_iteration_000002_steps_000065568.json,fine_belief,previous_action_latest_token,saved,0.24657799782412593,0.08324833737643887,0.11049363721263598,0.7534220021758741,0.08296158782724256,0.08324833737643887,1.0034564134644268,-0.00028674954919631623,10000,,,10000,10000,,,
variant_3,20260909T110146Z-8c31130d,3,half,intermediate,65568,2,iteration_000002_steps_000065568,experiments/gol_reward_state_action_symmetry_cycle_1/variant_3/results/20260909T110146Z-8c31130d/checkpoint_probes/steps_000065568/probe_iteration_000002_steps_000065568.json,coarse_belief,previous_action_latest_token,saved,0.4261063339331794,0.07005111332867885,0.12206287936365294,0.5738936660668206,0.06973873782411986,0.07005111332867885,1.004479225095051,-0.00031237550455898155,10000,,,10000,10000,,,
variant_3,20260909T110146Z-8c31130d,3,half,intermediate,65568,2,iteration_000002_steps_000065568,experiments/gol_reward_state_action_symmetry_cycle_1/variant_3/results/20260909T110146Z-8c31130d/checkpoint_probes/steps_000065568/probe_iteration_000002_steps_000065568.json,m1_minus_m2,previous_action_latest_token,saved,0.029594002608783643,0.3150177301299806,0.32462467356637953,0.9704059973912165,0.3141743030867652,0.3150177301299806,1.0026845831595033,-0.0008434270432153834,10000,,,10000,10000,,,
variant_3,20260909T110146Z-8c31130d,3,half,intermediate,65568,2,iteration_000002_steps_000065568,experiments/gol_reward_state_action_symmetry_cycle_1/variant_3/results/20260909T110146Z-8c31130d/checkpoint_probes/steps_000065568/probe_iteration_000002_steps_000065568.json,e_minus_s,previous_action_latest_token,saved,0.004339081201076511,0.2122935467004453,0.21321872004028974,0.9956609187989234,0.21169034470408743,0.2122935467004453,1.002849454457647,-0.0006032019963578827,10000,,,10000,10000,,,
variant_3,20260909T110146Z-8c31130d,3,half,intermediate,65568,2,iteration_000002_steps_000065568,experiments/gol_reward_state_action_symmetry_cycle_1/variant_3/results/20260909T110146Z-8c31130d/checkpoint_probes/steps_000065568/probe_iteration_000002_steps_000065568.json,fine_belief,shuffled_history_broken_alignment,saved,-0.0567305064648671,0.11676199721285412,0.11049363721263598,1.056730506464867,0.08296158782724256,0.11676199721285412,1.4074224019915917,-0.03380040938561156,10000,,,10000,10000,,,
variant_3,20260909T110146Z-8c31130d,3,half,intermediate,65568,2,iteration_000002_steps_000065568,experiments/gol_reward_state_action_symmetry_cycle_1/variant_3/results/20260909T110146Z-8c31130d/checkpoint_probes/steps_000065568/probe_iteration_000002_steps_000065568.json,coarse_belief,shuffled_history_broken_alignment,saved,-0.024320484392136743,0.12503150771607593,0.12206287936365294,1.0243204843921367,0.06973873782411986,0.12503150771607593,1.7928559021444248,-0.05529276989195607,10000,,,10000,10000,,,
variant_3,20260909T110146Z-8c31130d,3,half,intermediate,65568,2,iteration_000002_steps_000065568,experiments/gol_reward_state_action_symmetry_cycle_1/variant_3/results/20260909T110146Z-8c31130d/checkpoint_probes/steps_000065568/probe_iteration_000002_steps_000065568.json,m1_minus_m2,shuffled_history_broken_alignment,saved,-0.11649386637116588,0.36244145690960466,0.32462467356637953,1.1164938663711659,0.3141743030867652,0.36244145690960466,1.1536317685711857,-0.04826715382283947,10000,,,10000,10000,,,
variant_3,20260909T110146Z-8c31130d,3,half,intermediate,65568,2,iteration_000002_steps_000065568,experiments/gol_reward_state_action_symmetry_cycle_1/variant_3/results/20260909T110146Z-8c31130d/checkpoint_probes/steps_000065568/probe_iteration_000002_steps_000065568.json,e_minus_s,shuffled_history_broken_alignment,saved,-0.00641008325265946,0.2145854697867735,0.21321872004028974,1.0064100832526595,0.21169034470408743,0.2145854697867735,1.0136762264085923,-0.0028951250826860786,10000,,,10000,10000,,,
variant_3,20260909T110146Z-8c31130d,3,half,intermediate,65568,2,iteration_000002_steps_000065568,experiments/gol_reward_state_action_symmetry_cycle_1/variant_3/results/20260909T110146Z-8c31130d/checkpoint_probes/steps_000065568/probe_iteration_000002_steps_000065568.json,fine_belief,single_permuted_training_labels,saved,-0.00431916429549517,0.11097087738536421,0.11049363721263598,1.0043191642954952,0.08296158782724256,0.11097087738536421,1.337617568463704,-0.028009289558121653,10000,,,10000,10000,,,
variant_3,20260909T110146Z-8c31130d,3,half,intermediate,65568,2,iteration_000002_steps_000065568,experiments/gol_reward_state_action_symmetry_cycle_1/variant_3/results/20260909T110146Z-8c31130d/checkpoint_probes/steps_000065568/probe_iteration_000002_steps_000065568.json,coarse_belief,single_permuted_training_labels,saved,-0.0030920458355880864,0.1224403033814692,0.12206287936365294,1.003092045835588,0.06973873782411986,0.1224403033814692,1.755700019840651,-0.05270156555734934,10000,,,10000,10000,,,
variant_3,20260909T110146Z-8c31130d,3,half,intermediate,65568,2,iteration_000002_steps_000065568,experiments/gol_reward_state_action_symmetry_cycle_1/variant_3/results/20260909T110146Z-8c31130d/checkpoint_probes/steps_000065568/probe_iteration_000002_steps_000065568.json,m1_minus_m2,single_permuted_training_labels,saved,-0.003919246585466718,0.3258969577098128,0.32462467356637953,1.0039192465854667,0.3141743030867652,0.3258969577098128,1.03731258256284,-0.011722654623047613,10000,,,10000,10000,,,
variant_3,20260909T110146Z-8c31130d,3,half,intermediate,65568,2,iteration_000002_steps_000065568,experiments/gol_reward_state_action_symmetry_cycle_1/variant_3/results/20260909T110146Z-8c31130d/checkpoint_probes/steps_000065568/probe_iteration_000002_steps_000065568.json,e_minus_s,single_permuted_training_labels,saved,-0.014575753483527354,0.21632654354167025,0.21321872004028974,1.0145757534835274,0.21169034470408743,0.21632654354167025,1.021900851661721,-0.004636198837582817,10000,,,10000,10000,,,
variant_3,20260909T110146Z-8c31130d,3,half,intermediate,65568,2,iteration_000002_steps_000065568,experiments/gol_reward_state_action_symmetry_cycle_1/variant_3/results/20260909T110146Z-8c31130d/checkpoint_probes/steps_000065568/probe_iteration_000002_steps_000065568.json,fine_belief,log_next_token,not_fitted_or_saved,,,,,,,,,,,,,,,,
variant_3,20260909T110146Z-8c31130d,3,half,intermediate,65568,2,iteration_000002_steps_000065568,experiments/gol_reward_state_action_symmetry_cycle_1/variant_3/results/20260909T110146Z-8c31130d/checkpoint_probes/steps_000065568/probe_iteration_000002_steps_000065568.json,coarse_belief,log_next_token,not_fitted_or_saved,,,,,,,,,,,,,,,,
variant_3,20260909T110146Z-8c31130d,3,half,intermediate,65568,2,iteration_000002_steps_000065568,experiments/gol_reward_state_action_symmetry_cycle_1/variant_3/results/20260909T110146Z-8c31130d/checkpoint_probes/steps_000065568/probe_iteration_000002_steps_000065568.json,m1_minus_m2,log_next_token,not_fitted_or_saved,,,,,,,,,,,,,,,,
variant_3,20260909T110146Z-8c31130d,3,half,intermediate,65568,2,iteration_000002_steps_000065568,experiments/gol_reward_state_action_symmetry_cycle_1/variant_3/results/20260909T110146Z-8c31130d/checkpoint_probes/steps_000065568/probe_iteration_000002_steps_000065568.json,e_minus_s,log_next_token,not_fitted_or_saved,,,,,,,,,,,,,,,,
variant_3,20260909T110146Z-8c31130d,3,half,intermediate,131136,4,iteration_000004_steps_000131136,experiments/gol_reward_state_action_symmetry_cycle_1/variant_3/results/20260909T110146Z-8c31130d/checkpoint_probes/steps_000131136/probe_iteration_000004_steps_000131136.json,fine_belief,post_final_layer_norm,saved,0.33943853497947973,0.07500233511629585,0.11354330987800797,0.6605614650205203,0.08639903562590363,0.07500233511629585,0.8680922717823613,0.011396700509607782,10000,0.07055001802672607,0.07954134724906615,10000,10000,16,200,held_out_environment_trajectory_fixed_probe
variant_3,20260909T110146Z-8c31130d,3,half,intermediate,131136,4,iteration_000004_steps_000131136,experiments/gol_reward_state_action_symmetry_cycle_1/variant_3/results/20260909T110146Z-8c31130d/checkpoint_probes/steps_000131136/probe_iteration_000004_steps_000131136.json,coarse_belief,post_final_layer_norm,saved,0.598129167974246,0.05156086364404338,0.12830208000947696,0.40187083202575413,0.075458829989795,0.05156086364404338,0.6832979473842417,0.02389796634575162,10000,0.049928530856935285,0.053820103480467556,10000,10000,16,200,held_out_environment_trajectory_fixed_probe
variant_3,20260909T110146Z-8c31130d,3,half,intermediate,131136,4,iteration_000004_steps_000131136,experiments/gol_reward_state_action_symmetry_cycle_1/variant_3/results/20260909T110146Z-8c31130d/checkpoint_probes/steps_000131136/probe_iteration_000004_steps_000131136.json,m1_minus_m2,post_final_layer_norm,saved,0.0019155829504117206,0.3146649510445154,0.3152688747257355,0.9980844170495884,0.3098073847002453,0.3146649510445154,1.0156793110305296,-0.004857566344270092,10000,0.28116135919171686,0.3536355096506064,10000,10000,16,200,held_out_environment_trajectory_fixed_probe
variant_3,20260909T110146Z-8c31130d,3,half,intermediate,131136,4,iteration_000004_steps_000131136,experiments/gol_reward_state_action_symmetry_cycle_1/variant_3/results/20260909T110146Z-8c31130d/checkpoint_probes/steps_000131136/probe_iteration_000004_steps_000131136.json,e_minus_s,post_final_layer_norm,saved,0.009503139508144631,0.23733082592903357,0.23960785278126087,0.9904968604918554,0.23864874104341097,0.23733082592903357,0.9944775945240052,0.0013179151143773993,10000,0.22894303075829014,0.24781616625324646,10000,10000,16,200,held_out_environment_trajectory_fixed_probe
variant_3,20260909T110146Z-8c31130d,3,half,intermediate,131136,4,iteration_000004_steps_000131136,experiments/gol_reward_state_action_symmetry_cycle_1/variant_3/results/20260909T110146Z-8c31130d/checkpoint_probes/steps_000131136/probe_iteration_000004_steps_000131136.json,fine_belief,categorical_plus_marginals,saved,0.7402264237812246,0.029495551662726747,0.11354330987800797,0.2597735762187755,0.08639903562590363,0.029495551662726747,0.3413875102777602,0.05690348396317689,10000,,,10000,10000,,,
variant_3,20260909T110146Z-8c31130d,3,half,intermediate,131136,4,iteration_000004_steps_000131136,experiments/gol_reward_state_action_symmetry_cycle_1/variant_3/results/20260909T110146Z-8c31130d/checkpoint_probes/steps_000131136/probe_iteration_000004_steps_000131136.json,coarse_belief,categorical_plus_marginals,saved,0.6934780619763601,0.039327402216968996,0.12830208000947696,0.30652193802364,0.075458829989795,0.039327402216968996,0.5211769414167647,0.036131427772826005,10000,,,10000,10000,,,
variant_3,20260909T110146Z-8c31130d,3,half,intermediate,131136,4,iteration_000004_steps_000131136,experiments/gol_reward_state_action_symmetry_cycle_1/variant_3/results/20260909T110146Z-8c31130d/checkpoint_probes/steps_000131136/probe_iteration_000004_steps_000131136.json,m1_minus_m2,categorical_plus_marginals,saved,0.9999999999999999,2.1895828014562313e-17,0.3152688747257355,6.945128355474461e-17,0.3098073847002453,2.1895828014562313e-17,7.067561683769306e-17,0.3098073847002453,10000,,,10000,10000,,,
variant_3,20260909T110146Z-8c31130d,3,half,intermediate,131136,4,iteration_000004_steps_000131136,experiments/gol_reward_state_action_symmetry_cycle_1/variant_3/results/20260909T110146Z-8c31130d/checkpoint_probes/steps_000131136/probe_iteration_000004_steps_000131136.json,e_minus_s,categorical_plus_marginals,saved,0.015205843369303085,0.23596441330181397,0.23960785278126087,0.9847941566306969,0.23864874104341097,0.23596441330181397,0.9887519719154575,0.0026843277415969924,10000,,,10000,10000,,,
variant_3,20260909T110146Z-8c31130d,3,half,intermediate,131136,4,iteration_000004_steps_000131136,experiments/gol_reward_state_action_symmetry_cycle_1/variant_3/results/20260909T110146Z-8c31130d/checkpoint_probes/steps_000131136/probe_iteration_000004_steps_000131136.json,fine_belief,combined_marginals,saved,0.7384909403301847,0.029692604197996308,0.11354330987800797,0.26150905966981525,0.08639903562590363,0.029692604197996308,0.3436682363743196,0.05670643142790732,10000,,,10000,10000,,,
variant_3,20260909T110146Z-8c31130d,3,half,intermediate,131136,4,iteration_000004_steps_000131136,experiments/gol_reward_state_action_symmetry_cycle_1/variant_3/results/20260909T110146Z-8c31130d/checkpoint_probes/steps_000131136/probe_iteration_000004_steps_000131136.json,coarse_belief,combined_marginals,saved,0.691430264203531,0.03959013893066174,0.12830208000947696,0.30856973579646907,0.075458829989795,0.03959013893066174,0.5246587965386673,0.03586869105913326,10000,,,10000,10000,,,
variant_3,20260909T110146Z-8c31130d,3,half,intermediate,131136,4,iteration_000004_steps_000131136,experiments/gol_reward_state_action_symmetry_cycle_1/variant_3/results/20260909T110146Z-8c31130d/checkpoint_probes/steps_000131136/probe_iteration_000004_steps_000131136.json,m1_minus_m2,combined_marginals,saved,0.9999999999999999,2.163693057548989e-17,0.3152688747257355,6.863008787122638e-17,0.3098073847002453,2.163693057548989e-17,6.983994457209192e-17,0.3098073847002453,10000,,,10000,10000,,,
variant_3,20260909T110146Z-8c31130d,3,half,intermediate,131136,4,iteration_000004_steps_000131136,experiments/gol_reward_state_action_symmetry_cycle_1/variant_3/results/20260909T110146Z-8c31130d/checkpoint_probes/steps_000131136/probe_iteration_000004_steps_000131136.json,e_minus_s,combined_marginals,saved,0.008626675517089288,0.23754083358397043,0.23960785278126087,0.9913733244829107,0.23864874104341097,0.23754083358397043,0.9953575809593774,0.0011079074594405325,10000,,,10000,10000,,,
variant_3,20260909T110146Z-8c31130d,3,half,intermediate,131136,4,iteration_000004_steps_000131136,experiments/gol_reward_state_action_symmetry_cycle_1/variant_3/results/20260909T110146Z-8c31130d/checkpoint_probes/steps_000131136/probe_iteration_000004_steps_000131136.json,fine_belief,next_reward,saved,0.7384909403258806,0.02969260419848502,0.11354330987800797,0.2615090596741194,0.08639903562590363,0.02969260419848502,0.34366823637997607,0.056706431427418616,10000,,,10000,10000,,,
variant_3,20260909T110146Z-8c31130d,3,half,intermediate,131136,4,iteration_000004_steps_000131136,experiments/gol_reward_state_action_symmetry_cycle_1/variant_3/results/20260909T110146Z-8c31130d/checkpoint_probes/steps_000131136/probe_iteration_000004_steps_000131136.json,coarse_belief,next_reward,saved,0.6914302641984524,0.03959013893131332,0.12830208000947696,0.30856973580154756,0.075458829989795,0.03959013893131332,0.5246587965473022,0.03586869105848168,10000,,,10000,10000,,,
variant_3,20260909T110146Z-8c31130d,3,half,intermediate,131136,4,iteration_000004_steps_000131136,experiments/gol_reward_state_action_symmetry_cycle_1/variant_3/results/20260909T110146Z-8c31130d/checkpoint_probes/steps_000131136/probe_iteration_000004_steps_000131136.json,m1_minus_m2,next_reward,saved,0.9999999999999993,1.9473236244815363e-16,0.3152688747257355,6.176707504588227e-16,0.3098073847002453,1.9473236244815363e-16,6.285594600547281e-16,0.3098073847002451,10000,,,10000,10000,,,
variant_3,20260909T110146Z-8c31130d,3,half,intermediate,131136,4,iteration_000004_steps_000131136,experiments/gol_reward_state_action_symmetry_cycle_1/variant_3/results/20260909T110146Z-8c31130d/checkpoint_probes/steps_000131136/probe_iteration_000004_steps_000131136.json,e_minus_s,next_reward,saved,0.008626675500773007,0.23754083358787995,0.23960785278126087,0.991373324499227,0.23864874104341097,0.23754083358787995,0.9953575809757593,0.0011079074555310209,10000,,,10000,10000,,,
variant_3,20260909T110146Z-8c31130d,3,half,intermediate,131136,4,iteration_000004_steps_000131136,experiments/gol_reward_state_action_symmetry_cycle_1/variant_3/results/20260909T110146Z-8c31130d/checkpoint_probes/steps_000131136/probe_iteration_000004_steps_000131136.json,fine_belief,next_token,saved,0.7384909403289315,0.02969260419813861,0.11354330987800797,0.2615090596710685,0.08639903562590363,0.02969260419813861,0.3436682363759666,0.05670643142776502,10000,,,10000,10000,,,
variant_3,20260909T110146Z-8c31130d,3,half,intermediate,131136,4,iteration_000004_steps_000131136,experiments/gol_reward_state_action_symmetry_cycle_1/variant_3/results/20260909T110146Z-8c31130d/checkpoint_probes/steps_000131136/probe_iteration_000004_steps_000131136.json,coarse_belief,next_token,saved,0.6914302642020522,0.03959013893085146,0.12830208000947696,0.3085697357979478,0.075458829989795,0.03959013893085146,0.5246587965411815,0.03586869105894354,10000,,,10000,10000,,,
variant_3,20260909T110146Z-8c31130d,3,half,intermediate,131136,4,iteration_000004_steps_000131136,experiments/gol_reward_state_action_symmetry_cycle_1/variant_3/results/20260909T110146Z-8c31130d/checkpoint_probes/steps_000131136/probe_iteration_000004_steps_000131136.json,m1_minus_m2,next_token,saved,0.9999999999999999,4.868309377966556e-17,0.3152688747257355,1.5441769766208875e-16,0.3098073847002453,4.868309377966556e-17,1.57139875238187e-16,0.30980738470024527,10000,,,10000,10000,,,
variant_3,20260909T110146Z-8c31130d,3,half,intermediate,131136,4,iteration_000004_steps_000131136,experiments/gol_reward_state_action_symmetry_cycle_1/variant_3/results/20260909T110146Z-8c31130d/checkpoint_probes/steps_000131136/probe_iteration_000004_steps_000131136.json,e_minus_s,next_token,saved,0.008626675512338311,0.2375408335851088,0.23960785278126087,0.9913733244876617,0.23864874104341097,0.2375408335851088,0.9953575809641475,0.0011079074583021653,10000,,,10000,10000,,,
variant_3,20260909T110146Z-8c31130d,3,half,intermediate,131136,4,iteration_000004_steps_000131136,experiments/gol_reward_state_action_symmetry_cycle_1/variant_3/results/20260909T110146Z-8c31130d/checkpoint_probes/steps_000131136/probe_iteration_000004_steps_000131136.json,fine_belief,previous_action_latest_token,saved,0.23794496961197065,0.08652625045944279,0.11354330987800797,0.7620550303880294,0.08639903562590363,0.08652625045944279,1.0014724103413606,-0.00012721483353915486,10000,,,10000,10000,,,
variant_3,20260909T110146Z-8c31130d,3,half,intermediate,131136,4,iteration_000004_steps_000131136,experiments/gol_reward_state_action_symmetry_cycle_1/variant_3/results/20260909T110146Z-8c31130d/checkpoint_probes/steps_000131136/probe_iteration_000004_steps_000131136.json,coarse_belief,previous_action_latest_token,saved,0.4106030088571855,0.07562085991495039,0.12830208000947696,0.5893969911428146,0.075458829989795,0.07562085991495039,1.0021472626222445,-0.00016202992515539083,10000,,,10000,10000,,,
variant_3,20260909T110146Z-8c31130d,3,half,intermediate,131136,4,iteration_000004_steps_000131136,experiments/gol_reward_state_action_symmetry_cycle_1/variant_3/results/20260909T110146Z-8c31130d/checkpoint_probes/steps_000131136/probe_iteration_000004_steps_000131136.json,m1_minus_m2,previous_action_latest_token,saved,0.016756054714274105,0.3099862122111235,0.3152688747257355,0.983243945285726,0.3098073847002453,0.3099862122111235,1.000577221588992,-0.00017882751087816562,10000,,,10000,10000,,,
variant_3,20260909T110146Z-8c31130d,3,half,intermediate,131136,4,iteration_000004_steps_000131136,experiments/gol_reward_state_action_symmetry_cycle_1/variant_3/results/20260909T110146Z-8c31130d/checkpoint_probes/steps_000131136/probe_iteration_000004_steps_000131136.json,e_minus_s,previous_action_latest_token,saved,0.001614293366929087,0.23922105541385194,0.23960785278126087,0.9983857066330708,0.23864874104341097,0.23922105541385194,1.0023981453576445,-0.0005723143704409739,10000,,,10000,10000,,,
variant_3,20260909T110146Z-8c31130d,3,half,intermediate,131136,4,iteration_000004_steps_000131136,experiments/gol_reward_state_action_symmetry_cycle_1/variant_3/results/20260909T110146Z-8c31130d/checkpoint_probes/steps_000131136/probe_iteration_000004_steps_000131136.json,fine_belief,shuffled_history_broken_alignment,saved,-0.03862354087396658,0.11792875454804666,0.11354330987800797,1.0386235408739666,0.08639903562590363,0.11792875454804666,1.3649313756077386,-0.03152971892214303,10000,,,10000,10000,,,
variant_3,20260909T110146Z-8c31130d,3,half,intermediate,131136,4,iteration_000004_steps_000131136,experiments/gol_reward_state_action_symmetry_cycle_1/variant_3/results/20260909T110146Z-8c31130d/checkpoint_probes/steps_000131136/probe_iteration_000004_steps_000131136.json,coarse_belief,shuffled_history_broken_alignment,saved,-0.023848675393183028,0.13136191466789318,0.12830208000947696,1.023848675393183,0.075458829989795,0.13136191466789318,1.7408421875300542,-0.05590308467809818,10000,,,10000,10000,,,
variant_3,20260909T110146Z-8c31130d,3,half,intermediate,131136,4,iteration_000004_steps_000131136,experiments/gol_reward_state_action_symmetry_cycle_1/variant_3/results/20260909T110146Z-8c31130d/checkpoint_probes/steps_000131136/probe_iteration_000004_steps_000131136.json,m1_minus_m2,shuffled_history_broken_alignment,saved,-0.07066804164256024,0.3375483086934569,0.3152688747257355,1.0706680416425602,0.3098073847002453,0.3375483086934569,1.0895424878914761,-0.027740923993211597,10000,,,10000,10000,,,
variant_3,20260909T110146Z-8c31130d,3,half,intermediate,131136,4,iteration_000004_steps_000131136,experiments/gol_reward_state_action_symmetry_cycle_1/variant_3/results/20260909T110146Z-8c31130d/checkpoint_probes/steps_000131136/probe_iteration_000004_steps_000131136.json,e_minus_s,shuffled_history_broken_alignment,saved,-0.007071363718268442,0.2413022070580305,0.23960785278126087,1.0070713637182684,0.23864874104341097,0.2413022070580305,1.0111187094598453,-0.002653466014619521,10000,,,10000,10000,,,
variant_3,20260909T110146Z-8c31130d,3,half,intermediate,131136,4,iteration_000004_steps_000131136,experiments/gol_reward_state_action_symmetry_cycle_1/variant_3/results/20260909T110146Z-8c31130d/checkpoint_probes/steps_000131136/probe_iteration_000004_steps_000131136.json,fine_belief,single_permuted_training_labels,saved,-0.013373497777484644,0.11506178108030976,0.11354330987800797,1.0133734977774846,0.08639903562590363,0.11506178108030976,1.3317484419445607,-0.028662745454406127,10000,,,10000,10000,,,
variant_3,20260909T110146Z-8c31130d,3,half,intermediate,131136,4,iteration_000004_steps_000131136,experiments/gol_reward_state_action_symmetry_cycle_1/variant_3/results/20260909T110146Z-8c31130d/checkpoint_probes/steps_000131136/probe_iteration_000004_steps_000131136.json,coarse_belief,single_permuted_training_labels,saved,-0.005690280116014135,0.12903215478419816,0.12830208000947696,1.0056902801160144,0.075458829989795,0.12903215478419816,1.709967604873391,-0.05357332479440316,10000,,,10000,10000,,,
variant_3,20260909T110146Z-8c31130d,3,half,intermediate,131136,4,iteration_000004_steps_000131136,experiments/gol_reward_state_action_symmetry_cycle_1/variant_3/results/20260909T110146Z-8c31130d/checkpoint_probes/steps_000131136/probe_iteration_000004_steps_000131136.json,m1_minus_m2,single_permuted_training_labels,saved,-0.02688292416078575,0.3237442239752438,0.3152688747257355,1.026882924160786,0.3098073847002453,0.3237442239752438,1.0449854973227415,-0.013936839274998447,10000,,,10000,10000,,,
variant_3,20260909T110146Z-8c31130d,3,half,intermediate,131136,4,iteration_000004_steps_000131136,experiments/gol_reward_state_action_symmetry_cycle_1/variant_3/results/20260909T110146Z-8c31130d/checkpoint_probes/steps_000131136/probe_iteration_000004_steps_000131136.json,e_minus_s,single_permuted_training_labels,saved,-0.00941690259262451,0.24186421659132992,0.23960785278126087,1.0094169025926245,0.23864874104341097,0.24186421659132992,1.013473674882425,-0.0032154755479189556,10000,,,10000,10000,,,
variant_3,20260909T110146Z-8c31130d,3,half,intermediate,131136,4,iteration_000004_steps_000131136,experiments/gol_reward_state_action_symmetry_cycle_1/variant_3/results/20260909T110146Z-8c31130d/checkpoint_probes/steps_000131136/probe_iteration_000004_steps_000131136.json,fine_belief,log_next_token,not_fitted_or_saved,,,,,,,,,,,,,,,,
variant_3,20260909T110146Z-8c31130d,3,half,intermediate,131136,4,iteration_000004_steps_000131136,experiments/gol_reward_state_action_symmetry_cycle_1/variant_3/results/20260909T110146Z-8c31130d/checkpoint_probes/steps_000131136/probe_iteration_000004_steps_000131136.json,coarse_belief,log_next_token,not_fitted_or_saved,,,,,,,,,,,,,,,,
variant_3,20260909T110146Z-8c31130d,3,half,intermediate,131136,4,iteration_000004_steps_000131136,experiments/gol_reward_state_action_symmetry_cycle_1/variant_3/results/20260909T110146Z-8c31130d/checkpoint_probes/steps_000131136/probe_iteration_000004_steps_000131136.json,m1_minus_m2,log_next_token,not_fitted_or_saved,,,,,,,,,,,,,,,,
variant_3,20260909T110146Z-8c31130d,3,half,intermediate,131136,4,iteration_000004_steps_000131136,experiments/gol_reward_state_action_symmetry_cycle_1/variant_3/results/20260909T110146Z-8c31130d/checkpoint_probes/steps_000131136/probe_iteration_000004_steps_000131136.json,e_minus_s,log_next_token,not_fitted_or_saved,,,,,,,,,,,,,,,,
variant_3,20260909T110146Z-8c31130d,3,half,intermediate,262272,8,iteration_000008_steps_000262272,experiments/gol_reward_state_action_symmetry_cycle_1/variant_3/results/20260909T110146Z-8c31130d/checkpoint_probes/steps_000262272/probe_iteration_000008_steps_000262272.json,fine_belief,post_final_layer_norm,saved,0.3462288992810756,0.06964674706414535,0.1065307826968151,0.6537711007189244,0.07890054550740401,0.06964674706414535,0.8827156595211336,0.00925379844325866,10000,0.06536567065082624,0.07338526654847571,10000,10000,16,200,held_out_environment_trajectory_fixed_probe
variant_3,20260909T110146Z-8c31130d,3,half,intermediate,262272,8,iteration_000008_steps_000262272,experiments/gol_reward_state_action_symmetry_cycle_1/variant_3/results/20260909T110146Z-8c31130d/checkpoint_probes/steps_000262272/probe_iteration_000008_steps_000262272.json,coarse_belief,post_final_layer_norm,saved,0.5847946334247518,0.0532642298202543,0.12828405918641025,0.41520536657524815,0.07439934391120474,0.0532642298202543,0.715923380773692,0.021135114090950445,10000,0.05126977759098791,0.05540285332563581,10000,10000,16,200,held_out_environment_trajectory_fixed_probe
variant_3,20260909T110146Z-8c31130d,3,half,intermediate,262272,8,iteration_000008_steps_000262272,experiments/gol_reward_state_action_symmetry_cycle_1/variant_3/results/20260909T110146Z-8c31130d/checkpoint_probes/steps_000262272/probe_iteration_000008_steps_000262272.json,m1_minus_m2,post_final_layer_norm,saved,-0.020208267692833015,0.25966145392979534,0.25451808434861156,1.020208267692833,0.24957429780933363,0.25966145392979534,1.040417447665897,-0.01008715612046171,10000,0.23025643601538187,0.2842036179274429,10000,10000,16,200,held_out_environment_trajectory_fixed_probe
variant_3,20260909T110146Z-8c31130d,3,half,intermediate,262272,8,iteration_000008_steps_000262272,experiments/gol_reward_state_action_symmetry_cycle_1/variant_3/results/20260909T110146Z-8c31130d/checkpoint_probes/steps_000262272/probe_iteration_000008_steps_000262272.json,e_minus_s,post_final_layer_norm,saved,0.0016117041073173688,0.25336680990705124,0.25377582144080524,0.9983882958926825,0.25209807181523847,0.25336680990705124,1.0050327163658064,-0.001268738091812771,10000,0.24353377493378564,0.26402783198457586,10000,10000,16,200,held_out_environment_trajectory_fixed_probe
variant_3,20260909T110146Z-8c31130d,3,half,intermediate,262272,8,iteration_000008_steps_000262272,experiments/gol_reward_state_action_symmetry_cycle_1/variant_3/results/20260909T110146Z-8c31130d/checkpoint_probes/steps_000262272/probe_iteration_000008_steps_000262272.json,fine_belief,categorical_plus_marginals,saved,0.7078610741218763,0.03112178843000338,0.1065307826968151,0.29213892587812385,0.07890054550740401,0.03112178843000338,0.394443260561271,0.04777875707740063,10000,,,10000,10000,,,
variant_3,20260909T110146Z-8c31130d,3,half,intermediate,262272,8,iteration_000008_steps_000262272,experiments/gol_reward_state_action_symmetry_cycle_1/variant_3/results/20260909T110146Z-8c31130d/checkpoint_probes/steps_000262272/probe_iteration_000008_steps_000262272.json,coarse_belief,categorical_plus_marginals,saved,0.6765325468351955,0.041495717906671156,0.12828405918641025,0.3234674531648044,0.07439934391120474,0.041495717906671156,0.5577430623070561,0.03290362600453359,10000,,,10000,10000,,,
variant_3,20260909T110146Z-8c31130d,3,half,intermediate,262272,8,iteration_000008_steps_000262272,experiments/gol_reward_state_action_symmetry_cycle_1/variant_3/results/20260909T110146Z-8c31130d/checkpoint_probes/steps_000262272/probe_iteration_000008_steps_000262272.json,m1_minus_m2,categorical_plus_marginals,saved,0.9999999999999999,2.651576323166044e-17,0.25451808434861156,1.041802719029662e-16,0.24957429780933363,2.651576323166044e-17,1.0624396608306835e-16,0.2495742978093336,10000,,,10000,10000,,,
variant_3,20260909T110146Z-8c31130d,3,half,intermediate,262272,8,iteration_000008_steps_000262272,experiments/gol_reward_state_action_symmetry_cycle_1/variant_3/results/20260909T110146Z-8c31130d/checkpoint_probes/steps_000262272/probe_iteration_000008_steps_000262272.json,e_minus_s,categorical_plus_marginals,saved,0.018920297345577652,0.248974307440027,0.25377582144080524,0.9810797026544223,0.25209807181523847,0.248974307440027,0.9876089319021017,0.003123764375211474,10000,,,10000,10000,,,
variant_3,20260909T110146Z-8c31130d,3,half,intermediate,262272,8,iteration_000008_steps_000262272,experiments/gol_reward_state_action_symmetry_cycle_1/variant_3/results/20260909T110146Z-8c31130d/checkpoint_probes/steps_000262272/probe_iteration_000008_steps_000262272.json,fine_belief,combined_marginals,saved,0.7062725784873846,0.031291012113256245,0.1065307826968151,0.29372742151261544,0.07890054550740401,0.031291012113256245,0.3965880325924984,0.047609533394147766,10000,,,10000,10000,,,
variant_3,20260909T110146Z-8c31130d,3,half,intermediate,262272,8,iteration_000008_steps_000262272,experiments/gol_reward_state_action_symmetry_cycle_1/variant_3/results/20260909T110146Z-8c31130d/checkpoint_probes/steps_000262272/probe_iteration_000008_steps_000262272.json,coarse_belief,combined_marginals,saved,0.6747737033818353,0.04172134948434165,0.12828405918641025,0.3252262966181646,0.07439934391120474,0.04172134948434165,0.5607757715462636,0.032677994426863095,10000,,,10000,10000,,,
variant_3,20260909T110146Z-8c31130d,3,half,intermediate,262272,8,iteration_000008_steps_000262272,experiments/gol_reward_state_action_symmetry_cycle_1/variant_3/results/20260909T110146Z-8c31130d/checkpoint_probes/steps_000262272/probe_iteration_000008_steps_000262272.json,m1_minus_m2,combined_marginals,saved,0.9999999999999999,2.6214821214733e-17,0.25451808434861156,1.0299787255520418e-16,0.24957429780933363,2.6214821214733e-17,1.0503814473219611e-16,0.2495742978093336,10000,,,10000,10000,,,
variant_3,20260909T110146Z-8c31130d,3,half,intermediate,262272,8,iteration_000008_steps_000262272,experiments/gol_reward_state_action_symmetry_cycle_1/variant_3/results/20260909T110146Z-8c31130d/checkpoint_probes/steps_000262272/probe_iteration_000008_steps_000262272.json,e_minus_s,combined_marginals,saved,0.013585709289328562,0.2503280969060499,0.25377582144080524,0.9864142907106714,0.25209807181523847,0.2503280969060499,0.9929790224239169,0.0017699749091885653,10000,,,10000,10000,,,
variant_3,20260909T110146Z-8c31130d,3,half,intermediate,262272,8,iteration_000008_steps_000262272,experiments/gol_reward_state_action_symmetry_cycle_1/variant_3/results/20260909T110146Z-8c31130d/checkpoint_probes/steps_000262272/probe_iteration_000008_steps_000262272.json,fine_belief,next_reward,saved,0.7062725784725183,0.031291012114839964,0.1065307826968151,0.2937274215274817,0.07890054550740401,0.031291012114839964,0.39658803261257075,0.047609533392564046,10000,,,10000,10000,,,
variant_3,20260909T110146Z-8c31130d,3,half,intermediate,262272,8,iteration_000008_steps_000262272,experiments/gol_reward_state_action_symmetry_cycle_1/variant_3/results/20260909T110146Z-8c31130d/checkpoint_probes/steps_000262272/probe_iteration_000008_steps_000262272.json,coarse_belief,next_reward,saved,0.674773703365375,0.04172134948645325,0.12828405918641025,0.325226296634625,0.07439934391120474,0.04172134948645325,0.5607757715746456,0.03267799442475149,10000,,,10000,10000,,,
variant_3,20260909T110146Z-8c31130d,3,half,intermediate,262272,8,iteration_000008_steps_000262272,experiments/gol_reward_state_action_symmetry_cycle_1/variant_3/results/20260909T110146Z-8c31130d/checkpoint_probes/steps_000262272/probe_iteration_000008_steps_000262272.json,m1_minus_m2,next_reward,saved,0.9999999999999991,2.359334089239154e-16,0.25451808434861156,9.269809236846176e-16,0.24957429780933363,2.359334089239154e-16,9.453433746777906e-16,0.24957429780933338,10000,,,10000,10000,,,
variant_3,20260909T110146Z-8c31130d,3,half,intermediate,262272,8,iteration_000008_steps_000262272,experiments/gol_reward_state_action_symmetry_cycle_1/variant_3/results/20260909T110146Z-8c31130d/checkpoint_probes/steps_000262272/probe_iteration_000008_steps_000262272.json,e_minus_s,next_reward,saved,0.013585709239404276,0.2503280969187195,0.25377582144080524,0.9864142907605957,0.25209807181523847,0.2503280969187195,0.9929790224741736,0.0017699748965189777,10000,,,10000,10000,,,
variant_3,20260909T110146Z-8c31130d,3,half,intermediate,262272,8,iteration_000008_steps_000262272,experiments/gol_reward_state_action_symmetry_cycle_1/variant_3/results/20260909T110146Z-8c31130d/checkpoint_probes/steps_000262272/probe_iteration_000008_steps_000262272.json,fine_belief,next_token,saved,0.706272578483659,0.03129101211365313,0.1065307826968151,0.29372742151634096,0.07890054550740401,0.03129101211365313,0.39658803259752856,0.04760953339375088,10000,,,10000,10000,,,
variant_3,20260909T110146Z-8c31130d,3,half,intermediate,262272,8,iteration_000008_steps_000262272,experiments/gol_reward_state_action_symmetry_cycle_1/variant_3/results/20260909T110146Z-8c31130d/checkpoint_probes/steps_000262272/probe_iteration_000008_steps_000262272.json,coarse_belief,next_token,saved,0.6747737033777101,0.04172134948487084,0.12828405918641025,0.3252262966222898,0.07439934391120474,0.04172134948487084,0.5607757715533764,0.0326779944263339,10000,,,10000,10000,,,
variant_3,20260909T110146Z-8c31130d,3,half,intermediate,262272,8,iteration_000008_steps_000262272,experiments/gol_reward_state_action_symmetry_cycle_1/variant_3/results/20260909T110146Z-8c31130d/checkpoint_probes/steps_000262272/probe_iteration_000008_steps_000262272.json,m1_minus_m2,next_token,saved,0.9999999999999998,5.898334673661586e-17,0.25451808434861156,2.317452093338358e-16,0.24957429780933363,5.898334673661586e-17,2.363358216545085e-16,0.24957429780933357,10000,,,10000,10000,,,
variant_3,20260909T110146Z-8c31130d,3,half,intermediate,262272,8,iteration_000008_steps_000262272,experiments/gol_reward_state_action_symmetry_cycle_1/variant_3/results/20260909T110146Z-8c31130d/checkpoint_probes/steps_000262272/probe_iteration_000008_steps_000262272.json,e_minus_s,next_token,saved,0.013585709276817015,0.25032809690922503,0.25377582144080524,0.986414290723183,0.25209807181523847,0.25032809690922503,0.9929790224365117,0.0017699749060134384,10000,,,10000,10000,,,
variant_3,20260909T110146Z-8c31130d,3,half,intermediate,262272,8,iteration_000008_steps_000262272,experiments/gol_reward_state_action_symmetry_cycle_1/variant_3/results/20260909T110146Z-8c31130d/checkpoint_probes/steps_000262272/probe_iteration_000008_steps_000262272.json,fine_belief,previous_action_latest_token,saved,0.2585431341995993,0.07898798024964408,0.1065307826968151,0.7414568658004007,0.07890054550740401,0.07898798024964408,1.001108163976279,-8.74347422400723e-05,10000,,,10000,10000,,,
variant_3,20260909T110146Z-8c31130d,3,half,intermediate,262272,8,iteration_000008_steps_000262272,experiments/gol_reward_state_action_symmetry_cycle_1/variant_3/results/20260909T110146Z-8c31130d/checkpoint_probes/steps_000262272/probe_iteration_000008_steps_000262272.json,coarse_belief,previous_action_latest_token,saved,0.41965389145668375,0.07444915453697365,0.12828405918641025,0.5803461085433163,0.07439934391120474,0.07444915453697365,1.000669503562133,-4.981062576890627e-05,10000,,,10000,10000,,,
variant_3,20260909T110146Z-8c31130d,3,half,intermediate,262272,8,iteration_000008_steps_000262272,experiments/gol_reward_state_action_symmetry_cycle_1/variant_3/results/20260909T110146Z-8c31130d/checkpoint_probes/steps_000262272/probe_iteration_000008_steps_000262272.json,m1_minus_m2,previous_action_latest_token,saved,0.017668037539787185,0.2500212492797856,0.25451808434861156,0.9823319624602128,0.24957429780933363,0.2500212492797856,1.0017908553660178,-0.00044695147045195616,10000,,,10000,10000,,,
variant_3,20260909T110146Z-8c31130d,3,half,intermediate,262272,8,iteration_000008_steps_000262272,experiments/gol_reward_state_action_symmetry_cycle_1/variant_3/results/20260909T110146Z-8c31130d/checkpoint_probes/steps_000262272/probe_iteration_000008_steps_000262272.json,e_minus_s,previous_action_latest_token,saved,0.005981254336090647,0.25225792370841743,0.25377582144080524,0.9940187456639092,0.25209807181523847,0.25225792370841743,1.0006340861396834,-0.00015985189317896387,10000,,,10000,10000,,,
variant_3,20260909T110146Z-8c31130d,3,half,intermediate,262272,8,iteration_000008_steps_000262272,experiments/gol_reward_state_action_symmetry_cycle_1/variant_3/results/20260909T110146Z-8c31130d/checkpoint_probes/steps_000262272/probe_iteration_000008_steps_000262272.json,fine_belief,shuffled_history_broken_alignment,saved,-0.055777210991041715,0.11247277264033617,0.1065307826968151,1.0557772109910417,0.07890054550740401,0.11247277264033617,1.425500570585811,-0.03357222713293216,10000,,,10000,10000,,,
variant_3,20260909T110146Z-8c31130d,3,half,intermediate,262272,8,iteration_000008_steps_000262272,experiments/gol_reward_state_action_symmetry_cycle_1/variant_3/results/20260909T110146Z-8c31130d/checkpoint_probes/steps_000262272/probe_iteration_000008_steps_000262272.json,coarse_belief,shuffled_history_broken_alignment,saved,-0.040375144346775915,0.1334635465934519,0.12828405918641025,1.0403751443467757,0.07439934391120474,0.1334635465934519,1.7938806927214301,-0.059064202682247144,10000,,,10000,10000,,,
variant_3,20260909T110146Z-8c31130d,3,half,intermediate,262272,8,iteration_000008_steps_000262272,experiments/gol_reward_state_action_symmetry_cycle_1/variant_3/results/20260909T110146Z-8c31130d/checkpoint_probes/steps_000262272/probe_iteration_000008_steps_000262272.json,m1_minus_m2,shuffled_history_broken_alignment,saved,-0.10257419317352134,0.2806250714987406,0.25451808434861156,1.1025741931735211,0.24957429780933363,0.2806250714987406,1.1244149496240543,-0.03105077368940698,10000,,,10000,10000,,,
variant_3,20260909T110146Z-8c31130d,3,half,intermediate,262272,8,iteration_000008_steps_000262272,experiments/gol_reward_state_action_symmetry_cycle_1/variant_3/results/20260909T110146Z-8c31130d/checkpoint_probes/steps_000262272/probe_iteration_000008_steps_000262272.json,e_minus_s,shuffled_history_broken_alignment,saved,-0.008404852351610037,0.25590876975042376,0.25377582144080524,1.00840485235161,0.25209807181523847,0.25590876975042376,1.0151159344763976,-0.003810697935185292,10000,,,10000,10000,,,
variant_3,20260909T110146Z-8c31130d,3,half,intermediate,262272,8,iteration_000008_steps_000262272,experiments/gol_reward_state_action_symmetry_cycle_1/variant_3/results/20260909T110146Z-8c31130d/checkpoint_probes/steps_000262272/probe_iteration_000008_steps_000262272.json,fine_belief,single_permuted_training_labels,saved,-0.000775375668436995,0.10661338407365774,0.1065307826968151,1.0007753756684368,0.07890054550740401,0.10661338407365774,1.3512376041006353,-0.027712838566253728,10000,,,10000,10000,,,
variant_3,20260909T110146Z-8c31130d,3,half,intermediate,262272,8,iteration_000008_steps_000262272,experiments/gol_reward_state_action_symmetry_cycle_1/variant_3/results/20260909T110146Z-8c31130d/checkpoint_probes/steps_000262272/probe_iteration_000008_steps_000262272.json,coarse_belief,single_permuted_training_labels,saved,0.010906573025675104,0.12688491972686364,0.12828405918641025,0.9890934269743249,0.07439934391120474,0.12688491972686364,1.7054575088498116,-0.052485575815658894,10000,,,10000,10000,,,
variant_3,20260909T110146Z-8c31130d,3,half,intermediate,262272,8,iteration_000008_steps_000262272,experiments/gol_reward_state_action_symmetry_cycle_1/variant_3/results/20260909T110146Z-8c31130d/checkpoint_probes/steps_000262272/probe_iteration_000008_steps_000262272.json,m1_minus_m2,single_permuted_training_labels,saved,-0.021599701868386667,0.26001559909065447,0.25451808434861156,1.0215997018683867,0.24957429780933363,0.26001559909065447,1.0418364445897295,-0.010441301281320842,10000,,,10000,10000,,,
variant_3,20260909T110146Z-8c31130d,3,half,intermediate,262272,8,iteration_000008_steps_000262272,experiments/gol_reward_state_action_symmetry_cycle_1/variant_3/results/20260909T110146Z-8c31130d/checkpoint_probes/steps_000262272/probe_iteration_000008_steps_000262272.json,e_minus_s,single_permuted_training_labels,saved,-0.008982582815455498,0.2560553837734575,0.25377582144080524,1.0089825828154555,0.25209807181523847,0.2560553837734575,1.0156975098211751,-0.003957311958219023,10000,,,10000,10000,,,
variant_3,20260909T110146Z-8c31130d,3,half,intermediate,262272,8,iteration_000008_steps_000262272,experiments/gol_reward_state_action_symmetry_cycle_1/variant_3/results/20260909T110146Z-8c31130d/checkpoint_probes/steps_000262272/probe_iteration_000008_steps_000262272.json,fine_belief,log_next_token,not_fitted_or_saved,,,,,,,,,,,,,,,,
variant_3,20260909T110146Z-8c31130d,3,half,intermediate,262272,8,iteration_000008_steps_000262272,experiments/gol_reward_state_action_symmetry_cycle_1/variant_3/results/20260909T110146Z-8c31130d/checkpoint_probes/steps_000262272/probe_iteration_000008_steps_000262272.json,coarse_belief,log_next_token,not_fitted_or_saved,,,,,,,,,,,,,,,,
variant_3,20260909T110146Z-8c31130d,3,half,intermediate,262272,8,iteration_000008_steps_000262272,experiments/gol_reward_state_action_symmetry_cycle_1/variant_3/results/20260909T110146Z-8c31130d/checkpoint_probes/steps_000262272/probe_iteration_000008_steps_000262272.json,m1_minus_m2,log_next_token,not_fitted_or_saved,,,,,,,,,,,,,,,,
variant_3,20260909T110146Z-8c31130d,3,half,intermediate,262272,8,iteration_000008_steps_000262272,experiments/gol_reward_state_action_symmetry_cycle_1/variant_3/results/20260909T110146Z-8c31130d/checkpoint_probes/steps_000262272/probe_iteration_000008_steps_000262272.json,e_minus_s,log_next_token,not_fitted_or_saved,,,,,,,,,,,,,,,,
variant_3,20260909T110146Z-8c31130d,3,half,intermediate,524544,16,iteration_000016_steps_000524544,experiments/gol_reward_state_action_symmetry_cycle_1/variant_3/results/20260909T110146Z-8c31130d/checkpoint_probes/steps_000524544/probe_iteration_000016_steps_000524544.json,fine_belief,post_final_layer_norm,saved,0.34020391457300425,0.06829903587009432,0.10351536994326618,0.6597960854269957,0.07537238026023509,0.06829903587009432,0.9061546900108645,0.007073344390140762,10000,0.06639085006855888,0.0702742782372267,10000,10000,16,200,held_out_environment_trajectory_fixed_probe
variant_3,20260909T110146Z-8c31130d,3,half,intermediate,524544,16,iteration_000016_steps_000524544,experiments/gol_reward_state_action_symmetry_cycle_1/variant_3/results/20260909T110146Z-8c31130d/checkpoint_probes/steps_000524544/probe_iteration_000016_steps_000524544.json,coarse_belief,post_final_layer_norm,saved,0.5666093363608293,0.05532255850030422,0.12765055443456505,0.4333906636391706,0.0724137628260506,0.05532255850030422,0.7639785082457022,0.017091204325746373,10000,0.05262846701486355,0.057479012045372126,10000,10000,16,200,held_out_environment_trajectory_fixed_probe
variant_3,20260909T110146Z-8c31130d,3,half,intermediate,524544,16,iteration_000016_steps_000524544,experiments/gol_reward_state_action_symmetry_cycle_1/variant_3/results/20260909T110146Z-8c31130d/checkpoint_probes/steps_000524544/probe_iteration_000016_steps_000524544.json,m1_minus_m2,post_final_layer_norm,saved,-0.036166689943478714,0.23397123023626273,0.22580462439786161,1.0361666899434787,0.22289801476129534,0.23397123023626273,1.0496783943402361,-0.011073215474967396,10000,0.22089904821002093,0.24794580768349697,10000,10000,16,200,held_out_environment_trajectory_fixed_probe
variant_3,20260909T110146Z-8c31130d,3,half,intermediate,524544,16,iteration_000016_steps_000524544,experiments/gol_reward_state_action_symmetry_cycle_1/variant_3/results/20260909T110146Z-8c31130d/checkpoint_probes/steps_000524544/probe_iteration_000016_steps_000524544.json,e_minus_s,post_final_layer_norm,saved,0.006381590316524188,0.27339246816982476,0.2751483522300235,0.9936184096834757,0.2712779280491488,0.27339246816982476,1.0077947370649811,-0.0021145401206759673,10000,0.26050572592983273,0.28473168656329606,10000,10000,16,200,held_out_environment_trajectory_fixed_probe
variant_3,20260909T110146Z-8c31130d,3,half,intermediate,524544,16,iteration_000016_steps_000524544,experiments/gol_reward_state_action_symmetry_cycle_1/variant_3/results/20260909T110146Z-8c31130d/checkpoint_probes/steps_000524544/probe_iteration_000016_steps_000524544.json,fine_belief,categorical_plus_marginals,saved,0.6783561936198081,0.03329507760740583,0.10351536994326618,0.3216438063801918,0.07537238026023509,0.03329507760740583,0.4417410925918659,0.04207730265282925,10000,,,10000,10000,,,
variant_3,20260909T110146Z-8c31130d,3,half,intermediate,524544,16,iteration_000016_steps_000524544,experiments/gol_reward_state_action_symmetry_cycle_1/variant_3/results/20260909T110146Z-8c31130d/checkpoint_probes/steps_000524544/probe_iteration_000016_steps_000524544.json,coarse_belief,categorical_plus_marginals,saved,0.65222683907236,0.04439343680987445,0.12765055443456505,0.3477731609276399,0.0724137628260506,0.04439343680987445,0.6130524789398745,0.02802032601617615,10000,,,10000,10000,,,
variant_3,20260909T110146Z-8c31130d,3,half,intermediate,524544,16,iteration_000016_steps_000524544,experiments/gol_reward_state_action_symmetry_cycle_1/variant_3/results/20260909T110146Z-8c31130d/checkpoint_probes/steps_000524544/probe_iteration_000016_steps_000524544.json,m1_minus_m2,categorical_plus_marginals,saved,0.9999999999999999,3.552399504030986e-17,0.22580462439786161,1.573218225049171e-16,0.22289801476129534,3.552399504030986e-17,1.5937331285051154e-16,0.2228980147612953,10000,,,10000,10000,,,
variant_3,20260909T110146Z-8c31130d,3,half,intermediate,524544,16,iteration_000016_steps_000524544,experiments/gol_reward_state_action_symmetry_cycle_1/variant_3/results/20260909T110146Z-8c31130d/checkpoint_probes/steps_000524544/probe_iteration_000016_steps_000524544.json,e_minus_s,categorical_plus_marginals,saved,0.031938157359671426,0.26636062085924667,0.2751483522300235,0.9680618426403285,0.2712779280491488,0.26636062085924667,0.9818735448723597,0.0049173071899021314,10000,,,10000,10000,,,
variant_3,20260909T110146Z-8c31130d,3,half,intermediate,524544,16,iteration_000016_steps_000524544,experiments/gol_reward_state_action_symmetry_cycle_1/variant_3/results/20260909T110146Z-8c31130d/checkpoint_probes/steps_000524544/probe_iteration_000016_steps_000524544.json,fine_belief,combined_marginals,saved,0.6749253407215874,0.033650223614386084,0.10351536994326618,0.32507465927841256,0.07537238026023509,0.033650223614386084,0.44645297784418314,0.041722156645849,10000,,,10000,10000,,,
variant_3,20260909T110146Z-8c31130d,3,half,intermediate,524544,16,iteration_000016_steps_000524544,experiments/gol_reward_state_action_symmetry_cycle_1/variant_3/results/20260909T110146Z-8c31130d/checkpoint_probes/steps_000524544/probe_iteration_000016_steps_000524544.json,coarse_belief,combined_marginals,saved,0.6485172742263279,0.04486696481918144,0.12765055443456505,0.3514827257736722,0.0724137628260506,0.04486696481918144,0.6195916779930225,0.027546798006869155,10000,,,10000,10000,,,
variant_3,20260909T110146Z-8c31130d,3,half,intermediate,524544,16,iteration_000016_steps_000524544,experiments/gol_reward_state_action_symmetry_cycle_1/variant_3/results/20260909T110146Z-8c31130d/checkpoint_probes/steps_000524544/probe_iteration_000016_steps_000524544.json,m1_minus_m2,combined_marginals,saved,0.9999999999999999,3.426602072215936e-17,0.22580462439786161,1.517507483008123e-16,0.22289801476129534,3.426602072215936e-17,1.5372959135080376e-16,0.2228980147612953,10000,,,10000,10000,,,
variant_3,20260909T110146Z-8c31130d,3,half,intermediate,524544,16,iteration_000016_steps_000524544,experiments/gol_reward_state_action_symmetry_cycle_1/variant_3/results/20260909T110146Z-8c31130d/checkpoint_probes/steps_000524544/probe_iteration_000016_steps_000524544.json,e_minus_s,combined_marginals,saved,0.021612207620867463,0.2692017889150886,0.2751483522300235,0.9783877923791324,0.2712779280491488,0.2692017889150886,0.9923468188179171,0.0020761391340601842,10000,,,10000,10000,,,
variant_3,20260909T110146Z-8c31130d,3,half,intermediate,524544,16,iteration_000016_steps_000524544,experiments/gol_reward_state_action_symmetry_cycle_1/variant_3/results/20260909T110146Z-8c31130d/checkpoint_probes/steps_000524544/probe_iteration_000016_steps_000524544.json,fine_belief,next_reward,saved,0.674925340698035,0.03365022361682412,0.10351536994326618,0.325074659301965,0.07537238026023509,0.03365022361682412,0.4464529778765297,0.04172215664341097,10000,,,10000,10000,,,
variant_3,20260909T110146Z-8c31130d,3,half,intermediate,524544,16,iteration_000016_steps_000524544,experiments/gol_reward_state_action_symmetry_cycle_1/variant_3/results/20260909T110146Z-8c31130d/checkpoint_probes/steps_000524544/probe_iteration_000016_steps_000524544.json,coarse_belief,next_reward,saved,0.6485172742008625,0.044866964822432104,0.12765055443456505,0.35148272579913753,0.0724137628260506,0.044866964822432104,0.6195916780379126,0.027546798003618492,10000,,,10000,10000,,,
variant_3,20260909T110146Z-8c31130d,3,half,intermediate,524544,16,iteration_000016_steps_000524544,experiments/gol_reward_state_action_symmetry_cycle_1/variant_3/results/20260909T110146Z-8c31130d/checkpoint_probes/steps_000524544/probe_iteration_000016_steps_000524544.json,m1_minus_m2,next_reward,saved,0.9999999999999987,3.083942032900937e-16,0.22580462439786161,1.3657568090665473e-15,0.22289801476129534,3.083942032900937e-16,1.3835663974861213e-15,0.22289801476129503,10000,,,10000,10000,,,
variant_3,20260909T110146Z-8c31130d,3,half,intermediate,524544,16,iteration_000016_steps_000524544,experiments/gol_reward_state_action_symmetry_cycle_1/variant_3/results/20260909T110146Z-8c31130d/checkpoint_probes/steps_000524544/probe_iteration_000016_steps_000524544.json,e_minus_s,next_reward,saved,0.021612207549981832,0.2692017889345927,0.2751483522300235,0.9783877924500181,0.2712779280491488,0.2692017889345927,0.9923468188898141,0.002076139114556119,10000,,,10000,10000,,,
variant_3,20260909T110146Z-8c31130d,3,half,intermediate,524544,16,iteration_000016_steps_000524544,experiments/gol_reward_state_action_symmetry_cycle_1/variant_3/results/20260909T110146Z-8c31130d/checkpoint_probes/steps_000524544/probe_iteration_000016_steps_000524544.json,fine_belief,next_token,saved,0.6749253407157636,0.03365022361498894,0.10351536994326618,0.3250746592842364,0.07537238026023509,0.03365022361498894,0.4464529778521816,0.041722156645246145,10000,,,10000,10000,,,
variant_3,20260909T110146Z-8c31130d,3,half,intermediate,524544,16,iteration_000016_steps_000524544,experiments/gol_reward_state_action_symmetry_cycle_1/variant_3/results/20260909T110146Z-8c31130d/checkpoint_probes/steps_000524544/probe_iteration_000016_steps_000524544.json,coarse_belief,next_token,saved,0.6485172742200309,0.04486696481998524,0.12765055443456505,0.3514827257799691,0.0724137628260506,0.04486696481998524,0.6195916780041226,0.027546798006065354,10000,,,10000,10000,,,
variant_3,20260909T110146Z-8c31130d,3,half,intermediate,524544,16,iteration_000016_steps_000524544,experiments/gol_reward_state_action_symmetry_cycle_1/variant_3/results/20260909T110146Z-8c31130d/checkpoint_probes/steps_000524544/probe_iteration_000016_steps_000524544.json,m1_minus_m2,next_token,saved,0.9999999999999997,7.709855535368041e-17,0.22580462439786161,3.414392223333516e-16,0.22289801476129534,7.709855535368041e-17,3.458916196999168e-16,0.22289801476129525,10000,,,10000,10000,,,
variant_3,20260909T110146Z-8c31130d,3,half,intermediate,524544,16,iteration_000016_steps_000524544,experiments/gol_reward_state_action_symmetry_cycle_1/variant_3/results/20260909T110146Z-8c31130d/checkpoint_probes/steps_000524544/probe_iteration_000016_steps_000524544.json,e_minus_s,next_token,saved,0.021612207603339373,0.2692017889199115,0.2751483522300235,0.9783877923966606,0.2712779280491488,0.2692017889199115,0.9923468188356954,0.00207613912923732,10000,,,10000,10000,,,
variant_3,20260909T110146Z-8c31130d,3,half,intermediate,524544,16,iteration_000016_steps_000524544,experiments/gol_reward_state_action_symmetry_cycle_1/variant_3/results/20260909T110146Z-8c31130d/checkpoint_probes/steps_000524544/probe_iteration_000016_steps_000524544.json,fine_belief,previous_action_latest_token,saved,0.270008799637814,0.07556530916082063,0.10351536994326618,0.729991200362186,0.07537238026023509,0.07556530916082063,1.0025596763684446,-0.00019292890058554557,10000,,,10000,10000,,,
variant_3,20260909T110146Z-8c31130d,3,half,intermediate,524544,16,iteration_000016_steps_000524544,experiments/gol_reward_state_action_symmetry_cycle_1/variant_3/results/20260909T110146Z-8c31130d/checkpoint_probes/steps_000524544/probe_iteration_000016_steps_000524544.json,coarse_belief,previous_action_latest_token,saved,0.4317705206645416,0.0725348080832355,0.12765055443456505,0.5682294793354584,0.0724137628260506,0.0725348080832355,1.0016715780600391,-0.00012104525718489856,10000,,,10000,10000,,,
variant_3,20260909T110146Z-8c31130d,3,half,intermediate,524544,16,iteration_000016_steps_000524544,experiments/gol_reward_state_action_symmetry_cycle_1/variant_3/results/20260909T110146Z-8c31130d/checkpoint_probes/steps_000524544/probe_iteration_000016_steps_000524544.json,m1_minus_m2,previous_action_latest_token,saved,0.00872617362188699,0.2238342140407409,0.22580462439786161,0.991273826378113,0.22289801476129534,0.2238342140407409,1.004200123901723,-0.0009361992794455487,10000,,,10000,10000,,,
variant_3,20260909T110146Z-8c31130d,3,half,intermediate,524544,16,iteration_000016_steps_000524544,experiments/gol_reward_state_action_symmetry_cycle_1/variant_3/results/20260909T110146Z-8c31130d/checkpoint_probes/steps_000524544/probe_iteration_000016_steps_000524544.json,e_minus_s,previous_action_latest_token,saved,0.012725031652924157,0.2716470807386465,0.2751483522300235,0.9872749683470758,0.2712779280491488,0.2716470807386465,1.0013607914663476,-0.0003691526894977204,10000,,,10000,10000,,,
variant_3,20260909T110146Z-8c31130d,3,half,intermediate,524544,16,iteration_000016_steps_000524544,experiments/gol_reward_state_action_symmetry_cycle_1/variant_3/results/20260909T110146Z-8c31130d/checkpoint_probes/steps_000524544/probe_iteration_000016_steps_000524544.json,fine_belief,shuffled_history_broken_alignment,saved,-0.034631902605124276,0.10710030415327479,0.10351536994326618,1.0346319026051243,0.07537238026023509,0.10710030415327479,1.4209489442086614,-0.0317279238930397,10000,,,10000,10000,,,
variant_3,20260909T110146Z-8c31130d,3,half,intermediate,524544,16,iteration_000016_steps_000524544,experiments/gol_reward_state_action_symmetry_cycle_1/variant_3/results/20260909T110146Z-8c31130d/checkpoint_probes/steps_000524544/probe_iteration_000016_steps_000524544.json,coarse_belief,shuffled_history_broken_alignment,saved,-0.0332982902311727,0.1319010996442973,0.12765055443456505,1.0332982902311727,0.0724137628260506,0.1319010996442973,1.8214921376361117,-0.05948733681824671,10000,,,10000,10000,,,
variant_3,20260909T110146Z-8c31130d,3,half,intermediate,524544,16,iteration_000016_steps_000524544,experiments/gol_reward_state_action_symmetry_cycle_1/variant_3/results/20260909T110146Z-8c31130d/checkpoint_probes/steps_000524544/probe_iteration_000016_steps_000524544.json,m1_minus_m2,shuffled_history_broken_alignment,saved,-0.049274188171315236,0.236930963950395,0.22580462439786161,1.0492741881713152,0.22289801476129534,0.236930963950395,1.0629568154930753,-0.01403294918909967,10000,,,10000,10000,,,
variant_3,20260909T110146Z-8c31130d,3,half,intermediate,524544,16,iteration_000016_steps_000524544,experiments/gol_reward_state_action_symmetry_cycle_1/variant_3/results/20260909T110146Z-8c31130d/checkpoint_probes/steps_000524544/probe_iteration_000016_steps_000524544.json,e_minus_s,shuffled_history_broken_alignment,saved,-0.00600715887419323,0.2768012120958417,0.2751483522300235,1.0060071588741932,0.2712779280491488,0.2768012120958417,1.0203602411976997,-0.005523284046692889,10000,,,10000,10000,,,
variant_3,20260909T110146Z-8c31130d,3,half,intermediate,524544,16,iteration_000016_steps_000524544,experiments/gol_reward_state_action_symmetry_cycle_1/variant_3/results/20260909T110146Z-8c31130d/checkpoint_probes/steps_000524544/probe_iteration_000016_steps_000524544.json,fine_belief,single_permuted_training_labels,saved,-0.006569362949637281,0.10419539997928948,0.10351536994326618,1.0065693629496373,0.07537238026023509,0.10419539997928948,1.3824082458261016,-0.02882301971905439,10000,,,10000,10000,,,
variant_3,20260909T110146Z-8c31130d,3,half,intermediate,524544,16,iteration_000016_steps_000524544,experiments/gol_reward_state_action_symmetry_cycle_1/variant_3/results/20260909T110146Z-8c31130d/checkpoint_probes/steps_000524544/probe_iteration_000016_steps_000524544.json,coarse_belief,single_permuted_training_labels,saved,-0.006459702713597082,0.12847513906743815,0.12765055443456505,1.0064597027135969,0.0724137628260506,0.12847513906743815,1.7741812336980185,-0.05606137624138756,10000,,,10000,10000,,,
variant_3,20260909T110146Z-8c31130d,3,half,intermediate,524544,16,iteration_000016_steps_000524544,experiments/gol_reward_state_action_symmetry_cycle_1/variant_3/results/20260909T110146Z-8c31130d/checkpoint_probes/steps_000524544/probe_iteration_000016_steps_000524544.json,m1_minus_m2,single_permuted_training_labels,saved,-0.005806041539248685,0.22711565542687004,0.22580462439786161,1.0058060415392487,0.22289801476129534,0.22711565542687004,1.0189218404214655,-0.004217640665574701,10000,,,10000,10000,,,
variant_3,20260909T110146Z-8c31130d,3,half,intermediate,524544,16,iteration_000016_steps_000524544,experiments/gol_reward_state_action_symmetry_cycle_1/variant_3/results/20260909T110146Z-8c31130d/checkpoint_probes/steps_000524544/probe_iteration_000016_steps_000524544.json,e_minus_s,single_permuted_training_labels,saved,-0.009059157225010495,0.27764096441307784,0.2751483522300235,1.0090591572250105,0.2712779280491488,0.27764096441307784,1.0234557835563247,-0.006363036363929042,10000,,,10000,10000,,,
variant_3,20260909T110146Z-8c31130d,3,half,intermediate,524544,16,iteration_000016_steps_000524544,experiments/gol_reward_state_action_symmetry_cycle_1/variant_3/results/20260909T110146Z-8c31130d/checkpoint_probes/steps_000524544/probe_iteration_000016_steps_000524544.json,fine_belief,log_next_token,not_fitted_or_saved,,,,,,,,,,,,,,,,
variant_3,20260909T110146Z-8c31130d,3,half,intermediate,524544,16,iteration_000016_steps_000524544,experiments/gol_reward_state_action_symmetry_cycle_1/variant_3/results/20260909T110146Z-8c31130d/checkpoint_probes/steps_000524544/probe_iteration_000016_steps_000524544.json,coarse_belief,log_next_token,not_fitted_or_saved,,,,,,,,,,,,,,,,
variant_3,20260909T110146Z-8c31130d,3,half,intermediate,524544,16,iteration_000016_steps_000524544,experiments/gol_reward_state_action_symmetry_cycle_1/variant_3/results/20260909T110146Z-8c31130d/checkpoint_probes/steps_000524544/probe_iteration_000016_steps_000524544.json,m1_minus_m2,log_next_token,not_fitted_or_saved,,,,,,,,,,,,,,,,
variant_3,20260909T110146Z-8c31130d,3,half,intermediate,524544,16,iteration_000016_steps_000524544,experiments/gol_reward_state_action_symmetry_cycle_1/variant_3/results/20260909T110146Z-8c31130d/checkpoint_probes/steps_000524544/probe_iteration_000016_steps_000524544.json,e_minus_s,log_next_token,not_fitted_or_saved,,,,,,,,,,,,,,,,
variant_3,20260909T110146Z-8c31130d,3,half,intermediate,1049088,32,iteration_000032_steps_001049088,experiments/gol_reward_state_action_symmetry_cycle_1/variant_3/results/20260909T110146Z-8c31130d/checkpoint_probes/steps_001049088/probe_iteration_000032_steps_001049088.json,fine_belief,post_final_layer_norm,saved,0.35736663124781265,0.06155227534626622,0.09578132468561876,0.6426333687521874,0.06784442715725607,0.06155227534626622,0.9072561730618594,0.0062921518109898475,10000,0.05873087194560418,0.06470052491526185,10000,10000,16,200,held_out_environment_trajectory_fixed_probe
variant_3,20260909T110146Z-8c31130d,3,half,intermediate,1049088,32,iteration_000032_steps_001049088,experiments/gol_reward_state_action_symmetry_cycle_1/variant_3/results/20260909T110146Z-8c31130d/checkpoint_probes/steps_001049088/probe_iteration_000032_steps_001049088.json,coarse_belief,post_final_layer_norm,saved,0.5644545369172457,0.053430689880233806,0.12267534484702437,0.43554546308275427,0.06818734447951334,0.053430689880233806,0.7835866066948373,0.014756654599279537,10000,0.05093525980644241,0.05622445653019095,10000,10000,16,200,held_out_environment_trajectory_fixed_probe
variant_3,20260909T110146Z-8c31130d,3,half,intermediate,1049088,32,iteration_000032_steps_001049088,experiments/gol_reward_state_action_symmetry_cycle_1/variant_3/results/20260909T110146Z-8c31130d/checkpoint_probes/steps_001049088/probe_iteration_000032_steps_001049088.json,m1_minus_m2,post_final_layer_norm,saved,-0.021309241993562322,0.1903713082022707,0.18639928081985443,1.0213092419935623,0.18289016989209292,0.1903713082022707,1.0409050869961558,-0.007481138310177771,10000,0.1784599781057805,0.20247813339017257,10000,10000,16,200,held_out_environment_trajectory_fixed_probe
variant_3,20260909T110146Z-8c31130d,3,half,intermediate,1049088,32,iteration_000032_steps_001049088,experiments/gol_reward_state_action_symmetry_cycle_1/variant_3/results/20260909T110146Z-8c31130d/checkpoint_probes/steps_001049088/probe_iteration_000032_steps_001049088.json,e_minus_s,post_final_layer_norm,saved,0.009263071352574426,0.26497240514077136,0.2674498118309944,0.9907369286474257,0.26134760834370674,0.26497240514077136,1.0138696382952834,-0.003624796797064622,10000,0.250105229473799,0.28032186916337515,10000,10000,16,200,held_out_environment_trajectory_fixed_probe
variant_3,20260909T110146Z-8c31130d,3,half,intermediate,1049088,32,iteration_000032_steps_001049088,experiments/gol_reward_state_action_symmetry_cycle_1/variant_3/results/20260909T110146Z-8c31130d/checkpoint_probes/steps_001049088/probe_iteration_000032_steps_001049088.json,fine_belief,categorical_plus_marginals,saved,0.6680531356446596,0.0317943103931919,0.09578132468561876,0.3319468643553404,0.06784442715725607,0.0317943103931919,0.4686355493797024,0.036050116764064166,10000,,,10000,10000,,,
variant_3,20260909T110146Z-8c31130d,3,half,intermediate,1049088,32,iteration_000032_steps_001049088,experiments/gol_reward_state_action_symmetry_cycle_1/variant_3/results/20260909T110146Z-8c31130d/checkpoint_probes/steps_001049088/probe_iteration_000032_steps_001049088.json,coarse_belief,categorical_plus_marginals,saved,0.6544341170554495,0.04239241385758919,0.12267534484702437,0.3455658829445505,0.06818734447951334,0.04239241385758919,0.6217050125822959,0.02579493062192415,10000,,,10000,10000,,,
variant_3,20260909T110146Z-8c31130d,3,half,intermediate,1049088,32,iteration_000032_steps_001049088,experiments/gol_reward_state_action_symmetry_cycle_1/variant_3/results/20260909T110146Z-8c31130d/checkpoint_probes/steps_001049088/probe_iteration_000032_steps_001049088.json,m1_minus_m2,categorical_plus_marginals,saved,0.9999999999999998,3.9179294408662334e-17,0.18639928081985443,2.101901586547813e-16,0.18289016989209292,3.9179294408662334e-17,2.1422307405465544e-16,0.1828901698920929,10000,,,10000,10000,,,
variant_3,20260909T110146Z-8c31130d,3,half,intermediate,1049088,32,iteration_000032_steps_001049088,experiments/gol_reward_state_action_symmetry_cycle_1/variant_3/results/20260909T110146Z-8c31130d/checkpoint_probes/steps_001049088/probe_iteration_000032_steps_001049088.json,e_minus_s,categorical_plus_marginals,saved,0.048963686292418984,0.25435448314553516,0.2674498118309944,0.9510363137075811,0.26134760834370674,0.25435448314553516,0.973242053973669,0.006993125198171579,10000,,,10000,10000,,,
variant_3,20260909T110146Z-8c31130d,3,half,intermediate,1049088,32,iteration_000032_steps_001049088,experiments/gol_reward_state_action_symmetry_cycle_1/variant_3/results/20260909T110146Z-8c31130d/checkpoint_probes/steps_001049088/probe_iteration_000032_steps_001049088.json,fine_belief,combined_marginals,saved,0.6610670282068877,0.03246344901797776,0.09578132468561876,0.3389329717931123,0.06784442715725607,0.03246344901797776,0.4784983878297179,0.03538097813927831,10000,,,10000,10000,,,
variant_3,20260909T110146Z-8c31130d,3,half,intermediate,1049088,32,iteration_000032_steps_001049088,experiments/gol_reward_state_action_symmetry_cycle_1/variant_3/results/20260909T110146Z-8c31130d/checkpoint_probes/steps_001049088/probe_iteration_000032_steps_001049088.json,coarse_belief,combined_marginals,saved,0.6471613856507783,0.043284598690637006,0.12267534484702437,0.35283861434922165,0.06818734447951334,0.043284598690637006,0.6347893296188081,0.024902745788876336,10000,,,10000,10000,,,
variant_3,20260909T110146Z-8c31130d,3,half,intermediate,1049088,32,iteration_000032_steps_001049088,experiments/gol_reward_state_action_symmetry_cycle_1/variant_3/results/20260909T110146Z-8c31130d/checkpoint_probes/steps_001049088/probe_iteration_000032_steps_001049088.json,m1_minus_m2,combined_marginals,saved,0.9999999999999998,3.841449055382824e-17,0.18639928081985443,2.0608711785188656e-16,0.18289016989209292,3.841449055382824e-17,2.1004130826983858e-16,0.1828901698920929,10000,,,10000,10000,,,
variant_3,20260909T110146Z-8c31130d,3,half,intermediate,1049088,32,iteration_000032_steps_001049088,experiments/gol_reward_state_action_symmetry_cycle_1/variant_3/results/20260909T110146Z-8c31130d/checkpoint_probes/steps_001049088/probe_iteration_000032_steps_001049088.json,e_minus_s,combined_marginals,saved,0.028948308597296024,0.25970759214382205,0.2674498118309944,0.971051691402704,0.26134760834370674,0.25970759214382205,0.9937247705832155,0.0016400161998846863,10000,,,10000,10000,,,
variant_3,20260909T110146Z-8c31130d,3,half,intermediate,1049088,32,iteration_000032_steps_001049088,experiments/gol_reward_state_action_symmetry_cycle_1/variant_3/results/20260909T110146Z-8c31130d/checkpoint_probes/steps_001049088/probe_iteration_000032_steps_001049088.json,fine_belief,next_reward,saved,0.6610670281835411,0.032463449020213926,0.09578132468561876,0.33893297181645893,0.06784442715725607,0.032463449020213926,0.4784983878626781,0.03538097813704214,10000,,,10000,10000,,,
variant_3,20260909T110146Z-8c31130d,3,half,intermediate,1049088,32,iteration_000032_steps_001049088,experiments/gol_reward_state_action_symmetry_cycle_1/variant_3/results/20260909T110146Z-8c31130d/checkpoint_probes/steps_001049088/probe_iteration_000032_steps_001049088.json,coarse_belief,next_reward,saved,0.6471613856264744,0.04328459869361851,0.12267534484702437,0.35283861437352565,0.06818734447951334,0.04328459869361851,0.6347893296625332,0.024902745785894832,10000,,,10000,10000,,,
variant_3,20260909T110146Z-8c31130d,3,half,intermediate,1049088,32,iteration_000032_steps_001049088,experiments/gol_reward_state_action_symmetry_cycle_1/variant_3/results/20260909T110146Z-8c31130d/checkpoint_probes/steps_001049088/probe_iteration_000032_steps_001049088.json,m1_minus_m2,next_reward,saved,0.9999999999999981,3.45730362918422e-16,0.18639928081985443,1.8547837813416945e-15,0.18289016989209292,3.45730362918422e-16,1.8903714897438526e-15,0.18289016989209259,10000,,,10000,10000,,,
variant_3,20260909T110146Z-8c31130d,3,half,intermediate,1049088,32,iteration_000032_steps_001049088,experiments/gol_reward_state_action_symmetry_cycle_1/variant_3/results/20260909T110146Z-8c31130d/checkpoint_probes/steps_001049088/probe_iteration_000032_steps_001049088.json,e_minus_s,next_reward,saved,0.02894830853040864,0.2597075921617111,0.2674498118309944,0.9710516914695915,0.26134760834370674,0.2597075921617111,0.9937247706516648,0.0016400161819956627,10000,,,10000,10000,,,
variant_3,20260909T110146Z-8c31130d,3,half,intermediate,1049088,32,iteration_000032_steps_001049088,experiments/gol_reward_state_action_symmetry_cycle_1/variant_3/results/20260909T110146Z-8c31130d/checkpoint_probes/steps_001049088/probe_iteration_000032_steps_001049088.json,fine_belief,next_token,saved,0.6610670282009705,0.03246344901854451,0.09578132468561876,0.33893297179902954,0.06784442715725607,0.03246344901854451,0.4784983878380716,0.03538097813871156,10000,,,10000,10000,,,
variant_3,20260909T110146Z-8c31130d,3,half,intermediate,1049088,32,iteration_000032_steps_001049088,experiments/gol_reward_state_action_symmetry_cycle_1/variant_3/results/20260909T110146Z-8c31130d/checkpoint_probes/steps_001049088/probe_iteration_000032_steps_001049088.json,coarse_belief,next_token,saved,0.6471613856446186,0.04328459869139267,0.12267534484702437,0.3528386143553815,0.06818734447951334,0.04328459869139267,0.6347893296298902,0.02490274578812067,10000,,,10000,10000,,,
variant_3,20260909T110146Z-8c31130d,3,half,intermediate,1049088,32,iteration_000032_steps_001049088,experiments/gol_reward_state_action_symmetry_cycle_1/variant_3/results/20260909T110146Z-8c31130d/checkpoint_probes/steps_001049088/probe_iteration_000032_steps_001049088.json,m1_minus_m2,next_token,saved,0.9999999999999996,8.643260550759083e-17,0.18639928081985443,4.636960246167667e-16,0.18289016989209292,8.643260550759083e-17,4.725929532384762e-16,0.18289016989209284,10000,,,10000,10000,,,
variant_3,20260909T110146Z-8c31130d,3,half,intermediate,1049088,32,iteration_000032_steps_001049088,experiments/gol_reward_state_action_symmetry_cycle_1/variant_3/results/20260909T110146Z-8c31130d/checkpoint_probes/steps_001049088/probe_iteration_000032_steps_001049088.json,e_minus_s,next_token,saved,0.02894830858034325,0.2597075921483561,0.2674498118309944,0.9710516914196569,0.26134760834370674,0.2597075921483561,0.9937247706005643,0.0016400161953506465,10000,,,10000,10000,,,
variant_3,20260909T110146Z-8c31130d,3,half,intermediate,1049088,32,iteration_000032_steps_001049088,experiments/gol_reward_state_action_symmetry_cycle_1/variant_3/results/20260909T110146Z-8c31130d/checkpoint_probes/steps_001049088/probe_iteration_000032_steps_001049088.json,fine_belief,previous_action_latest_token,saved,0.2889953043944654,0.06810097160279324,0.09578132468561876,0.7110046956055346,0.06784442715725607,0.06810097160279324,1.003781363573791,-0.00025654444553717404,10000,,,10000,10000,,,
variant_3,20260909T110146Z-8c31130d,3,half,intermediate,1049088,32,iteration_000032_steps_001049088,experiments/gol_reward_state_action_symmetry_cycle_1/variant_3/results/20260909T110146Z-8c31130d/checkpoint_probes/steps_001049088/probe_iteration_000032_steps_001049088.json,coarse_belief,previous_action_latest_token,saved,0.44342063911384644,0.06827856503144532,0.12267534484702437,0.5565793608861536,0.06818734447951334,0.06827856503144532,1.0013377929970477,-9.122055193197531e-05,10000,,,10000,10000,,,
variant_3,20260909T110146Z-8c31130d,3,half,intermediate,1049088,32,iteration_000032_steps_001049088,experiments/gol_reward_state_action_symmetry_cycle_1/variant_3/results/20260909T110146Z-8c31130d/checkpoint_probes/steps_001049088/probe_iteration_000032_steps_001049088.json,m1_minus_m2,previous_action_latest_token,saved,0.010239131114263111,0.1844907141439356,0.18639928081985443,0.989760868885737,0.18289016989209292,0.1844907141439356,1.0087513957299457,-0.0016005442518426949,10000,,,10000,10000,,,
variant_3,20260909T110146Z-8c31130d,3,half,intermediate,1049088,32,iteration_000032_steps_001049088,experiments/gol_reward_state_action_symmetry_cycle_1/variant_3/results/20260909T110146Z-8c31130d/checkpoint_probes/steps_001049088/probe_iteration_000032_steps_001049088.json,e_minus_s,previous_action_latest_token,saved,0.021841167631101,0.2616083956578873,0.2674498118309944,0.9781588323688991,0.26134760834370674,0.2616083956578873,1.000997856134339,-0.000260787314180555,10000,,,10000,10000,,,
variant_3,20260909T110146Z-8c31130d,3,half,intermediate,1049088,32,iteration_000032_steps_001049088,experiments/gol_reward_state_action_symmetry_cycle_1/variant_3/results/20260909T110146Z-8c31130d/checkpoint_probes/steps_001049088/probe_iteration_000032_steps_001049088.json,fine_belief,shuffled_history_broken_alignment,saved,-0.0394271595615705,0.09955771025701725,0.09578132468561876,1.0394271595615705,0.06784442715725607,0.09955771025701725,1.467441239149285,-0.03171328309976118,10000,,,10000,10000,,,
variant_3,20260909T110146Z-8c31130d,3,half,intermediate,1049088,32,iteration_000032_steps_001049088,experiments/gol_reward_state_action_symmetry_cycle_1/variant_3/results/20260909T110146Z-8c31130d/checkpoint_probes/steps_001049088/probe_iteration_000032_steps_001049088.json,coarse_belief,shuffled_history_broken_alignment,saved,-0.03449535166602469,0.12690707400827334,0.12267534484702437,1.0344953516660247,0.06818734447951334,0.12690707400827334,1.861152901274842,-0.05871972952875999,10000,,,10000,10000,,,
variant_3,20260909T110146Z-8c31130d,3,half,intermediate,1049088,32,iteration_000032_steps_001049088,experiments/gol_reward_state_action_symmetry_cycle_1/variant_3/results/20260909T110146Z-8c31130d/checkpoint_probes/steps_001049088/probe_iteration_000032_steps_001049088.json,m1_minus_m2,shuffled_history_broken_alignment,saved,-0.06648332185047767,0.19879172419929841,0.18639928081985443,1.066483321850478,0.18289016989209292,0.19879172419929841,1.0869459212410792,-0.015901554307205495,10000,,,10000,10000,,,
variant_3,20260909T110146Z-8c31130d,3,half,intermediate,1049088,32,iteration_000032_steps_001049088,experiments/gol_reward_state_action_symmetry_cycle_1/variant_3/results/20260909T110146Z-8c31130d/checkpoint_probes/steps_001049088/probe_iteration_000032_steps_001049088.json,e_minus_s,shuffled_history_broken_alignment,saved,-0.010002525789527983,0.27012498547123837,0.2674498118309944,1.010002525789528,0.26134760834370674,0.27012498547123837,1.0335850677308982,-0.008777377127531627,10000,,,10000,10000,,,
variant_3,20260909T110146Z-8c31130d,3,half,intermediate,1049088,32,iteration_000032_steps_001049088,experiments/gol_reward_state_action_symmetry_cycle_1/variant_3/results/20260909T110146Z-8c31130d/checkpoint_probes/steps_001049088/probe_iteration_000032_steps_001049088.json,fine_belief,single_permuted_training_labels,saved,-0.010287091920462288,0.09676663597692335,0.09578132468561876,1.0102870919204623,0.06784442715725607,0.09676663597692335,1.4263019091108062,-0.028922208819667283,10000,,,10000,10000,,,
variant_3,20260909T110146Z-8c31130d,3,half,intermediate,1049088,32,iteration_000032_steps_001049088,experiments/gol_reward_state_action_symmetry_cycle_1/variant_3/results/20260909T110146Z-8c31130d/checkpoint_probes/steps_001049088/probe_iteration_000032_steps_001049088.json,coarse_belief,single_permuted_training_labels,saved,-0.00431662773735364,0.12320488864328044,0.12267534484702437,1.0043166277373534,0.06818734447951334,0.12320488864328044,1.8068585832712247,-0.0550175441637671,10000,,,10000,10000,,,
variant_3,20260909T110146Z-8c31130d,3,half,intermediate,1049088,32,iteration_000032_steps_001049088,experiments/gol_reward_state_action_symmetry_cycle_1/variant_3/results/20260909T110146Z-8c31130d/checkpoint_probes/steps_001049088/probe_iteration_000032_steps_001049088.json,m1_minus_m2,single_permuted_training_labels,saved,-0.025615731896316385,0.19117403482300202,0.18639928081985443,1.0256157318963164,0.18289016989209292,0.19117403482300202,1.0452942054556387,-0.008283864930909102,10000,,,10000,10000,,,
variant_3,20260909T110146Z-8c31130d,3,half,intermediate,1049088,32,iteration_000032_steps_001049088,experiments/gol_reward_state_action_symmetry_cycle_1/variant_3/results/20260909T110146Z-8c31130d/checkpoint_probes/steps_001049088/probe_iteration_000032_steps_001049088.json,e_minus_s,single_permuted_training_labels,saved,-0.011099964537178764,0.2704184952577936,0.2674498118309944,1.0110999645371788,0.26134760834370674,0.2704184952577936,1.0347081305682255,-0.009070886914086862,10000,,,10000,10000,,,
variant_3,20260909T110146Z-8c31130d,3,half,intermediate,1049088,32,iteration_000032_steps_001049088,experiments/gol_reward_state_action_symmetry_cycle_1/variant_3/results/20260909T110146Z-8c31130d/checkpoint_probes/steps_001049088/probe_iteration_000032_steps_001049088.json,fine_belief,log_next_token,not_fitted_or_saved,,,,,,,,,,,,,,,,
variant_3,20260909T110146Z-8c31130d,3,half,intermediate,1049088,32,iteration_000032_steps_001049088,experiments/gol_reward_state_action_symmetry_cycle_1/variant_3/results/20260909T110146Z-8c31130d/checkpoint_probes/steps_001049088/probe_iteration_000032_steps_001049088.json,coarse_belief,log_next_token,not_fitted_or_saved,,,,,,,,,,,,,,,,
variant_3,20260909T110146Z-8c31130d,3,half,intermediate,1049088,32,iteration_000032_steps_001049088,experiments/gol_reward_state_action_symmetry_cycle_1/variant_3/results/20260909T110146Z-8c31130d/checkpoint_probes/steps_001049088/probe_iteration_000032_steps_001049088.json,m1_minus_m2,log_next_token,not_fitted_or_saved,,,,,,,,,,,,,,,,
variant_3,20260909T110146Z-8c31130d,3,half,intermediate,1049088,32,iteration_000032_steps_001049088,experiments/gol_reward_state_action_symmetry_cycle_1/variant_3/results/20260909T110146Z-8c31130d/checkpoint_probes/steps_001049088/probe_iteration_000032_steps_001049088.json,e_minus_s,log_next_token,not_fitted_or_saved,,,,,,,,,,,,,,,,
variant_3,20260909T110146Z-8c31130d,3,half,intermediate,2098176,64,iteration_000064_steps_002098176,experiments/gol_reward_state_action_symmetry_cycle_1/variant_3/results/20260909T110146Z-8c31130d/checkpoint_probes/steps_002098176/probe_iteration_000064_steps_002098176.json,fine_belief,post_final_layer_norm,saved,0.38761029741002173,0.0525608654787181,0.08582911380845,0.6123897025899784,0.059779857422972246,0.0525608654787181,0.8792403954198789,0.007218991944254148,10000,0.04809328231046193,0.05690673478218524,10000,10000,16,200,held_out_environment_trajectory_fixed_probe
variant_3,20260909T110146Z-8c31130d,3,half,intermediate,2098176,64,iteration_000064_steps_002098176,experiments/gol_reward_state_action_symmetry_cycle_1/variant_3/results/20260909T110146Z-8c31130d/checkpoint_probes/steps_002098176/probe_iteration_000064_steps_002098176.json,coarse_belief,post_final_layer_norm,saved,0.5831784920547696,0.04718742785106412,0.11320775668146293,0.4168215079452305,0.06272365586942115,0.04718742785106412,0.7523067205983571,0.01553622801835703,10000,0.043990386334778114,0.05074501572465478,10000,10000,16,200,held_out_environment_trajectory_fixed_probe
variant_3,20260909T110146Z-8c31130d,3,half,intermediate,2098176,64,iteration_000064_steps_002098176,experiments/gol_reward_state_action_symmetry_cycle_1/variant_3/results/20260909T110146Z-8c31130d/checkpoint_probes/steps_002098176/probe_iteration_000064_steps_002098176.json,m1_minus_m2,post_final_layer_norm,saved,-0.004262908360723738,0.15267642571016168,0.15202834281650224,1.0042629083607237,0.1485554775299006,0.15267642571016168,1.0277401294707,-0.004120948180261097,10000,0.13131887845864507,0.18023037251799276,10000,10000,16,200,held_out_environment_trajectory_fixed_probe
variant_3,20260909T110146Z-8c31130d,3,half,intermediate,2098176,64,iteration_000064_steps_002098176,experiments/gol_reward_state_action_symmetry_cycle_1/variant_3/results/20260909T110146Z-8c31130d/checkpoint_probes/steps_002098176/probe_iteration_000064_steps_002098176.json,e_minus_s,post_final_layer_norm,saved,0.033173984876104234,0.23718236014597943,0.24532062277573824,0.9668260151238958,0.23636627512857858,0.23718236014597943,1.0034526288361438,-0.0008160850174008527,10000,0.22164981010768925,0.2568504145617865,10000,10000,16,200,held_out_environment_trajectory_fixed_probe
variant_3,20260909T110146Z-8c31130d,3,half,intermediate,2098176,64,iteration_000064_steps_002098176,experiments/gol_reward_state_action_symmetry_cycle_1/variant_3/results/20260909T110146Z-8c31130d/checkpoint_probes/steps_002098176/probe_iteration_000064_steps_002098176.json,fine_belief,categorical_plus_marginals,saved,0.668412198773471,0.02845988712896546,0.08582911380845,0.3315878012265291,0.059779857422972246,0.02845988712896546,0.47607820352594005,0.03131997029400679,10000,,,10000,10000,,,
variant_3,20260909T110146Z-8c31130d,3,half,intermediate,2098176,64,iteration_000064_steps_002098176,experiments/gol_reward_state_action_symmetry_cycle_1/variant_3/results/20260909T110146Z-8c31130d/checkpoint_probes/steps_002098176/probe_iteration_000064_steps_002098176.json,coarse_belief,categorical_plus_marginals,saved,0.6648063941526063,0.03794651617195393,0.11320775668146293,0.3351936058473936,0.06272365586942115,0.03794651617195393,0.6049793438531619,0.02477713969746722,10000,,,10000,10000,,,
variant_3,20260909T110146Z-8c31130d,3,half,intermediate,2098176,64,iteration_000064_steps_002098176,experiments/gol_reward_state_action_symmetry_cycle_1/variant_3/results/20260909T110146Z-8c31130d/checkpoint_probes/steps_002098176/probe_iteration_000064_steps_002098176.json,m1_minus_m2,categorical_plus_marginals,saved,0.9999999999999997,5.4586487353146487e-17,0.15202834281650224,3.5905467587075007e-16,0.1485554775299006,5.4586487353146487e-17,3.674484997845977e-16,0.14855547752990053,10000,,,10000,10000,,,
variant_3,20260909T110146Z-8c31130d,3,half,intermediate,2098176,64,iteration_000064_steps_002098176,experiments/gol_reward_state_action_symmetry_cycle_1/variant_3/results/20260909T110146Z-8c31130d/checkpoint_probes/steps_002098176/probe_iteration_000064_steps_002098176.json,e_minus_s,categorical_plus_marginals,saved,0.07191211869758618,0.2276790970317236,0.24532062277573824,0.9280878813024138,0.23636627512857858,0.2276790970317236,0.9632469645167047,0.008687178096854986,10000,,,10000,10000,,,
variant_3,20260909T110146Z-8c31130d,3,half,intermediate,2098176,64,iteration_000064_steps_002098176,experiments/gol_reward_state_action_symmetry_cycle_1/variant_3/results/20260909T110146Z-8c31130d/checkpoint_probes/steps_002098176/probe_iteration_000064_steps_002098176.json,fine_belief,combined_marginals,saved,0.6554044319561318,0.029576332227524642,0.08582911380845,0.3445955680438682,0.059779857422972246,0.029576332227524642,0.4947541446654409,0.030203525195447604,10000,,,10000,10000,,,
variant_3,20260909T110146Z-8c31130d,3,half,intermediate,2098176,64,iteration_000064_steps_002098176,experiments/gol_reward_state_action_symmetry_cycle_1/variant_3/results/20260909T110146Z-8c31130d/checkpoint_probes/steps_002098176/probe_iteration_000064_steps_002098176.json,coarse_belief,combined_marginals,saved,0.6516571762157639,0.039435109636699515,0.11320775668146293,0.34834282378423603,0.06272365586942115,0.039435109636699515,0.628711912436928,0.023288546232721634,10000,,,10000,10000,,,
variant_3,20260909T110146Z-8c31130d,3,half,intermediate,2098176,64,iteration_000064_steps_002098176,experiments/gol_reward_state_action_symmetry_cycle_1/variant_3/results/20260909T110146Z-8c31130d/checkpoint_probes/steps_002098176/probe_iteration_000064_steps_002098176.json,m1_minus_m2,combined_marginals,saved,0.9999999999999997,4.904375269483484e-17,0.15202834281650224,3.2259611455497153e-16,0.1485554775299006,4.904375269483484e-17,3.301376260930098e-16,0.14855547752990053,10000,,,10000,10000,,,
variant_3,20260909T110146Z-8c31130d,3,half,intermediate,2098176,64,iteration_000064_steps_002098176,experiments/gol_reward_state_action_symmetry_cycle_1/variant_3/results/20260909T110146Z-8c31130d/checkpoint_probes/steps_002098176/probe_iteration_000064_steps_002098176.json,e_minus_s,combined_marginals,saved,0.03550441400722926,0.2366106578201971,0.24532062277573824,0.9644955859927707,0.23636627512857858,0.2366106578201971,1.0010339152295968,-0.00024438269161852766,10000,,,10000,10000,,,
variant_3,20260909T110146Z-8c31130d,3,half,intermediate,2098176,64,iteration_000064_steps_002098176,experiments/gol_reward_state_action_symmetry_cycle_1/variant_3/results/20260909T110146Z-8c31130d/checkpoint_probes/steps_002098176/probe_iteration_000064_steps_002098176.json,fine_belief,next_reward,saved,0.65540443197649,0.02957633222577731,0.08582911380845,0.34459556802351,0.059779857422972246,0.02957633222577731,0.4947541446362115,0.030203525197194936,10000,,,10000,10000,,,
variant_3,20260909T110146Z-8c31130d,3,half,intermediate,2098176,64,iteration_000064_steps_002098176,experiments/gol_reward_state_action_symmetry_cycle_1/variant_3/results/20260909T110146Z-8c31130d/checkpoint_probes/steps_002098176/probe_iteration_000064_steps_002098176.json,coarse_belief,next_reward,saved,0.6516571762363441,0.03943510963436967,0.11320775668146293,0.34834282376365583,0.06272365586942115,0.03943510963436967,0.6287119123997834,0.02328854623505148,10000,,,10000,10000,,,
variant_3,20260909T110146Z-8c31130d,3,half,intermediate,2098176,64,iteration_000064_steps_002098176,experiments/gol_reward_state_action_symmetry_cycle_1/variant_3/results/20260909T110146Z-8c31130d/checkpoint_probes/steps_002098176/probe_iteration_000064_steps_002098176.json,m1_minus_m2,next_reward,saved,0.9999999999999971,4.413937113480082e-16,0.15202834281650224,2.90336461721989e-15,0.1485554775299006,4.413937113480082e-16,2.9712382113891857e-15,0.14855547752990014,10000,,,10000,10000,,,
variant_3,20260909T110146Z-8c31130d,3,half,intermediate,2098176,64,iteration_000064_steps_002098176,experiments/gol_reward_state_action_symmetry_cycle_1/variant_3/results/20260909T110146Z-8c31130d/checkpoint_probes/steps_002098176/probe_iteration_000064_steps_002098176.json,e_minus_s,next_reward,saved,0.03550441406421212,0.236610657806218,0.24532062277573824,0.9644955859357878,0.23636627512857858,0.236610657806218,1.0010339151704553,-0.000244382677639432,10000,,,10000,10000,,,
variant_3,20260909T110146Z-8c31130d,3,half,intermediate,2098176,64,iteration_000064_steps_002098176,experiments/gol_reward_state_action_symmetry_cycle_1/variant_3/results/20260909T110146Z-8c31130d/checkpoint_probes/steps_002098176/probe_iteration_000064_steps_002098176.json,fine_belief,next_token,saved,0.6554044319609621,0.02957633222711006,0.08582911380845,0.3445955680390379,0.059779857422972246,0.02957633222711006,0.49475414465850576,0.030203525195862186,10000,,,10000,10000,,,
variant_3,20260909T110146Z-8c31130d,3,half,intermediate,2098176,64,iteration_000064_steps_002098176,experiments/gol_reward_state_action_symmetry_cycle_1/variant_3/results/20260909T110146Z-8c31130d/checkpoint_probes/steps_002098176/probe_iteration_000064_steps_002098176.json,coarse_belief,next_token,saved,0.6516571762206469,0.039435109636146735,0.11320775668146293,0.34834282377935316,0.06272365586942115,0.039435109636146735,0.6287119124281151,0.023288546233274414,10000,,,10000,10000,,,
variant_3,20260909T110146Z-8c31130d,3,half,intermediate,2098176,64,iteration_000064_steps_002098176,experiments/gol_reward_state_action_symmetry_cycle_1/variant_3/results/20260909T110146Z-8c31130d/checkpoint_probes/steps_002098176/probe_iteration_000064_steps_002098176.json,m1_minus_m2,next_token,saved,0.9999999999999992,1.1034842965567302e-16,0.15202834281650224,7.258411662676824e-16,0.1485554775299006,1.1034842965567302e-16,7.428095650896654e-16,0.14855547752990048,10000,,,10000,10000,,,
variant_3,20260909T110146Z-8c31130d,3,half,intermediate,2098176,64,iteration_000064_steps_002098176,experiments/gol_reward_state_action_symmetry_cycle_1/variant_3/results/20260909T110146Z-8c31130d/checkpoint_probes/steps_002098176/probe_iteration_000064_steps_002098176.json,e_minus_s,next_token,saved,0.03550441402074911,0.2366106578168804,0.24532062277573824,0.9644955859792508,0.23636627512857858,0.2366106578168804,1.0010339152155647,-0.00024438268830181964,10000,,,10000,10000,,,
variant_3,20260909T110146Z-8c31130d,3,half,intermediate,2098176,64,iteration_000064_steps_002098176,experiments/gol_reward_state_action_symmetry_cycle_1/variant_3/results/20260909T110146Z-8c31130d/checkpoint_probes/steps_002098176/probe_iteration_000064_steps_002098176.json,fine_belief,previous_action_latest_token,saved,0.29931750415493985,0.06013895767947447,0.08582911380845,0.7006824958450603,0.059779857422972246,0.06013895767947447,1.0060070443788685,-0.0003591002565022233,10000,,,10000,10000,,,
variant_3,20260909T110146Z-8c31130d,3,half,intermediate,2098176,64,iteration_000064_steps_002098176,experiments/gol_reward_state_action_symmetry_cycle_1/variant_3/results/20260909T110146Z-8c31130d/checkpoint_probes/steps_002098176/probe_iteration_000064_steps_002098176.json,coarse_belief,previous_action_latest_token,saved,0.44551504248356977,0.06277199815405135,0.11320775668146293,0.5544849575164302,0.06272365586942115,0.06277199815405135,1.0007707185424721,-4.834228463020118e-05,10000,,,10000,10000,,,
variant_3,20260909T110146Z-8c31130d,3,half,intermediate,2098176,64,iteration_000064_steps_002098176,experiments/gol_reward_state_action_symmetry_cycle_1/variant_3/results/20260909T110146Z-8c31130d/checkpoint_probes/steps_002098176/probe_iteration_000064_steps_002098176.json,m1_minus_m2,previous_action_latest_token,saved,0.005664868014612856,0.15116712231996643,0.15202834281650224,0.9943351319853871,0.1485554775299006,0.15116712231996643,1.0175802658608815,-0.0026116447900658424,10000,,,10000,10000,,,
variant_3,20260909T110146Z-8c31130d,3,half,intermediate,2098176,64,iteration_000064_steps_002098176,experiments/gol_reward_state_action_symmetry_cycle_1/variant_3/results/20260909T110146Z-8c31130d/checkpoint_probes/steps_002098176/probe_iteration_000064_steps_002098176.json,e_minus_s,previous_action_latest_token,saved,0.03567161691443399,0.23656963949887172,0.24532062277573824,0.9643283830855659,0.23636627512857858,0.23656963949887172,1.000860378115205,-0.00020336437029314092,10000,,,10000,10000,,,
variant_3,20260909T110146Z-8c31130d,3,half,intermediate,2098176,64,iteration_000064_steps_002098176,experiments/gol_reward_state_action_symmetry_cycle_1/variant_3/results/20260909T110146Z-8c31130d/checkpoint_probes/steps_002098176/probe_iteration_000064_steps_002098176.json,fine_belief,shuffled_history_broken_alignment,saved,-0.03253867462451754,0.08862187941597385,0.08582911380845,1.0325386746245178,0.059779857422972246,0.08862187941597385,1.4824705718002964,-0.028842021993001607,10000,,,10000,10000,,,
variant_3,20260909T110146Z-8c31130d,3,half,intermediate,2098176,64,iteration_000064_steps_002098176,experiments/gol_reward_state_action_symmetry_cycle_1/variant_3/results/20260909T110146Z-8c31130d/checkpoint_probes/steps_002098176/probe_iteration_000064_steps_002098176.json,coarse_belief,shuffled_history_broken_alignment,saved,-0.026095046979160097,0.11616191841047102,0.11320775668146293,1.0260950469791599,0.06272365586942115,0.11616191841047102,1.8519634546222605,-0.05343826254104987,10000,,,10000,10000,,,
variant_3,20260909T110146Z-8c31130d,3,half,intermediate,2098176,64,iteration_000064_steps_002098176,experiments/gol_reward_state_action_symmetry_cycle_1/variant_3/results/20260909T110146Z-8c31130d/checkpoint_probes/steps_002098176/probe_iteration_000064_steps_002098176.json,m1_minus_m2,shuffled_history_broken_alignment,saved,-0.06386110087467078,0.16173704015291593,0.15202834281650224,1.0638611008746708,0.1485554775299006,0.16173704015291593,1.0887315825857866,-0.013181562623015342,10000,,,10000,10000,,,
variant_3,20260909T110146Z-8c31130d,3,half,intermediate,2098176,64,iteration_000064_steps_002098176,experiments/gol_reward_state_action_symmetry_cycle_1/variant_3/results/20260909T110146Z-8c31130d/checkpoint_probes/steps_002098176/probe_iteration_000064_steps_002098176.json,e_minus_s,shuffled_history_broken_alignment,saved,-0.009988323833149737,0.2477709645989723,0.24532062277573824,1.0099883238331497,0.23636627512857858,0.2477709645989723,1.0482500706337645,-0.01140468947039372,10000,,,10000,10000,,,
variant_3,20260909T110146Z-8c31130d,3,half,intermediate,2098176,64,iteration_000064_steps_002098176,experiments/gol_reward_state_action_symmetry_cycle_1/variant_3/results/20260909T110146Z-8c31130d/checkpoint_probes/steps_002098176/probe_iteration_000064_steps_002098176.json,fine_belief,single_permuted_training_labels,saved,-0.005515008697141166,0.08630246211757153,0.08582911380845,1.0055150086971414,0.059779857422972246,0.08630246211757153,1.4436712604872683,-0.026522604694599286,10000,,,10000,10000,,,
variant_3,20260909T110146Z-8c31130d,3,half,intermediate,2098176,64,iteration_000064_steps_002098176,experiments/gol_reward_state_action_symmetry_cycle_1/variant_3/results/20260909T110146Z-8c31130d/checkpoint_probes/steps_002098176/probe_iteration_000064_steps_002098176.json,coarse_belief,single_permuted_training_labels,saved,-0.0008501136485052907,0.11330399614053452,0.11320775668146293,1.0008501136485053,0.06272365586942115,0.11330399614053452,1.8063997477508664,-0.05058034027111337,10000,,,10000,10000,,,
variant_3,20260909T110146Z-8c31130d,3,half,intermediate,2098176,64,iteration_000064_steps_002098176,experiments/gol_reward_state_action_symmetry_cycle_1/variant_3/results/20260909T110146Z-8c31130d/checkpoint_probes/steps_002098176/probe_iteration_000064_steps_002098176.json,m1_minus_m2,single_permuted_training_labels,saved,-0.014095055874235651,0.15417119080296826,0.15202834281650224,1.0140950558742354,0.1485554775299006,0.15417119080296826,1.0378021286487895,-0.005615713273067674,10000,,,10000,10000,,,
variant_3,20260909T110146Z-8c31130d,3,half,intermediate,2098176,64,iteration_000064_steps_002098176,experiments/gol_reward_state_action_symmetry_cycle_1/variant_3/results/20260909T110146Z-8c31130d/checkpoint_probes/steps_002098176/probe_iteration_000064_steps_002098176.json,e_minus_s,single_permuted_training_labels,saved,-0.01539594147415646,0.2490975647263971,0.24532062277573824,1.0153959414741565,0.23636627512857858,0.2490975647263971,1.053862546976691,-0.012731289597818524,10000,,,10000,10000,,,
variant_3,20260909T110146Z-8c31130d,3,half,intermediate,2098176,64,iteration_000064_steps_002098176,experiments/gol_reward_state_action_symmetry_cycle_1/variant_3/results/20260909T110146Z-8c31130d/checkpoint_probes/steps_002098176/probe_iteration_000064_steps_002098176.json,fine_belief,log_next_token,not_fitted_or_saved,,,,,,,,,,,,,,,,
variant_3,20260909T110146Z-8c31130d,3,half,intermediate,2098176,64,iteration_000064_steps_002098176,experiments/gol_reward_state_action_symmetry_cycle_1/variant_3/results/20260909T110146Z-8c31130d/checkpoint_probes/steps_002098176/probe_iteration_000064_steps_002098176.json,coarse_belief,log_next_token,not_fitted_or_saved,,,,,,,,,,,,,,,,
variant_3,20260909T110146Z-8c31130d,3,half,intermediate,2098176,64,iteration_000064_steps_002098176,experiments/gol_reward_state_action_symmetry_cycle_1/variant_3/results/20260909T110146Z-8c31130d/checkpoint_probes/steps_002098176/probe_iteration_000064_steps_002098176.json,m1_minus_m2,log_next_token,not_fitted_or_saved,,,,,,,,,,,,,,,,
variant_3,20260909T110146Z-8c31130d,3,half,intermediate,2098176,64,iteration_000064_steps_002098176,experiments/gol_reward_state_action_symmetry_cycle_1/variant_3/results/20260909T110146Z-8c31130d/checkpoint_probes/steps_002098176/probe_iteration_000064_steps_002098176.json,e_minus_s,log_next_token,not_fitted_or_saved,,,,,,,,,,,,,,,,
variant_3,20260909T110146Z-8c31130d,3,half,final,2524368,77,checkpoint_000000,experiments/gol_reward_state_action_symmetry_cycle_1/variant_3/results/20260909T110146Z-8c31130d/checkpoint_probes/steps_002524368/probe_checkpoint_000000.json,fine_belief,post_final_layer_norm,saved,0.400362214445396,0.052050487175354376,0.08680321425577436,0.599637785554604,0.062196149068121986,0.052050487175354376,0.836876365421671,0.01014566189276761,10000,0.04777283275476116,0.05681306174282556,10000,10000,16,200,held_out_environment_trajectory_fixed_probe
variant_3,20260909T110146Z-8c31130d,3,half,final,2524368,77,checkpoint_000000,experiments/gol_reward_state_action_symmetry_cycle_1/variant_3/results/20260909T110146Z-8c31130d/checkpoint_probes/steps_002524368/probe_checkpoint_000000.json,coarse_belief,post_final_layer_norm,saved,0.5880530857560744,0.04730319799521635,0.11482838288043776,0.41194691424392565,0.06713871454416659,0.04730319799521635,0.7045591849110899,0.019835516548950237,10000,0.04351933521128136,0.05041176693093259,10000,10000,16,200,held_out_environment_trajectory_fixed_probe
variant_3,20260909T110146Z-8c31130d,3,half,final,2524368,77,checkpoint_000000,experiments/gol_reward_state_action_symmetry_cycle_1/variant_3/results/20260909T110146Z-8c31130d/checkpoint_probes/steps_002524368/probe_checkpoint_000000.json,m1_minus_m2,post_final_layer_norm,saved,0.03308874488492819,0.14736471735715448,0.15240769675353158,0.9669112551150718,0.14983907322576134,0.14736471735715448,0.9834865778642479,0.0024743558686068645,10000,0.12357033017858077,0.17551673510495497,10000,10000,16,200,held_out_environment_trajectory_fixed_probe
variant_3,20260909T110146Z-8c31130d,3,half,final,2524368,77,checkpoint_000000,experiments/gol_reward_state_action_symmetry_cycle_1/variant_3/results/20260909T110146Z-8c31130d/checkpoint_probes/steps_002524368/probe_checkpoint_000000.json,e_minus_s,post_final_layer_norm,saved,0.034799777536486776,0.239479164194445,0.24811345731273687,0.9652002224635132,0.23752578342764483,0.239479164194445,1.0082238683254159,-0.0019533807668001835,10000,0.22103486669383068,0.25623414251584287,10000,10000,16,200,held_out_environment_trajectory_fixed_probe
variant_3,20260909T110146Z-8c31130d,3,half,final,2524368,77,checkpoint_000000,experiments/gol_reward_state_action_symmetry_cycle_1/variant_3/results/20260909T110146Z-8c31130d/checkpoint_probes/steps_002524368/probe_checkpoint_000000.json,fine_belief,categorical_plus_marginals,saved,0.6728561516666047,0.028397137559342263,0.08680321425577436,0.32714384833339527,0.062196149068121986,0.028397137559342263,0.4565738873678424,0.033799011508779724,10000,,,10000,10000,,,
variant_3,20260909T110146Z-8c31130d,3,half,final,2524368,77,checkpoint_000000,experiments/gol_reward_state_action_symmetry_cycle_1/variant_3/results/20260909T110146Z-8c31130d/checkpoint_probes/steps_002524368/probe_checkpoint_000000.json,coarse_belief,categorical_plus_marginals,saved,0.6702657554748744,0.037862850079123,0.11482838288043776,0.32973424452512556,0.06713871454416659,0.037862850079123,0.5639495831308369,0.029275864465043586,10000,,,10000,10000,,,
variant_3,20260909T110146Z-8c31130d,3,half,final,2524368,77,checkpoint_000000,experiments/gol_reward_state_action_symmetry_cycle_1/variant_3/results/20260909T110146Z-8c31130d/checkpoint_probes/steps_002524368/probe_checkpoint_000000.json,m1_minus_m2,categorical_plus_marginals,saved,0.9999999999999997,4.9824186591766973e-17,0.15240769675353158,3.2691384787699344e-16,0.14983907322576134,4.9824186591766973e-17,3.3251798425566383e-16,0.1498390732257613,10000,,,10000,10000,,,
variant_3,20260909T110146Z-8c31130d,3,half,final,2524368,77,checkpoint_000000,experiments/gol_reward_state_action_symmetry_cycle_1/variant_3/results/20260909T110146Z-8c31130d/checkpoint_probes/steps_002524368/probe_checkpoint_000000.json,e_minus_s,categorical_plus_marginals,saved,0.08438218976413436,0.22717710047473808,0.24811345731273687,0.9156178102358657,0.23752578342764483,0.22717710047473808,0.9564313279865082,0.010348682952906751,10000,,,10000,10000,,,
variant_3,20260909T110146Z-8c31130d,3,half,final,2524368,77,checkpoint_000000,experiments/gol_reward_state_action_symmetry_cycle_1/variant_3/results/20260909T110146Z-8c31130d/checkpoint_probes/steps_002524368/probe_checkpoint_000000.json,fine_belief,combined_marginals,saved,0.6565881383977943,0.0298092534006306,0.08680321425577436,0.34341186160220577,0.062196149068121986,0.0298092534006306,0.4792781200646558,0.03238689566749139,10000,,,10000,10000,,,
variant_3,20260909T110146Z-8c31130d,3,half,final,2524368,77,checkpoint_000000,experiments/gol_reward_state_action_symmetry_cycle_1/variant_3/results/20260909T110146Z-8c31130d/checkpoint_probes/steps_002524368/probe_checkpoint_000000.json,coarse_belief,combined_marginals,saved,0.6538689285363792,0.0397456712008408,0.11482838288043776,0.34613107146362065,0.06713871454416659,0.0397456712008408,0.5919933300881784,0.02739304334332579,10000,,,10000,10000,,,
variant_3,20260909T110146Z-8c31130d,3,half,final,2524368,77,checkpoint_000000,experiments/gol_reward_state_action_symmetry_cycle_1/variant_3/results/20260909T110146Z-8c31130d/checkpoint_probes/steps_002524368/probe_checkpoint_000000.json,m1_minus_m2,combined_marginals,saved,0.9999999999999997,4.7570313299441596e-17,0.15240769675353158,3.1212539991579723e-16,0.14983907322576134,4.7570313299441596e-17,3.1747602461320474e-16,0.1498390732257613,10000,,,10000,10000,,,
variant_3,20260909T110146Z-8c31130d,3,half,final,2524368,77,checkpoint_000000,experiments/gol_reward_state_action_symmetry_cycle_1/variant_3/results/20260909T110146Z-8c31130d/checkpoint_probes/steps_002524368/probe_checkpoint_000000.json,e_minus_s,combined_marginals,saved,0.038850895925173545,0.23847402720504474,0.24811345731273687,0.9611491040748265,0.23752578342764483,0.23847402720504474,1.0039921719811473,-0.0009482437773999097,10000,,,10000,10000,,,
variant_3,20260909T110146Z-8c31130d,3,half,final,2524368,77,checkpoint_000000,experiments/gol_reward_state_action_symmetry_cycle_1/variant_3/results/20260909T110146Z-8c31130d/checkpoint_probes/steps_002524368/probe_checkpoint_000000.json,fine_belief,next_reward,saved,0.6565881383540737,0.02980925340442568,0.08680321425577436,0.3434118616459263,0.062196149068121986,0.02980925340442568,0.4792781201256738,0.032386895663696305,10000,,,10000,10000,,,
variant_3,20260909T110146Z-8c31130d,3,half,final,2524368,77,checkpoint_000000,experiments/gol_reward_state_action_symmetry_cycle_1/variant_3/results/20260909T110146Z-8c31130d/checkpoint_probes/steps_002524368/probe_checkpoint_000000.json,coarse_belief,next_reward,saved,0.6538689284923133,0.039745671205900834,0.11482838288043776,0.34613107150768674,0.06713871454416659,0.039745671205900834,0.5919933301635454,0.027393043338265755,10000,,,10000,10000,,,
variant_3,20260909T110146Z-8c31130d,3,half,final,2524368,77,checkpoint_000000,experiments/gol_reward_state_action_symmetry_cycle_1/variant_3/results/20260909T110146Z-8c31130d/checkpoint_probes/steps_002524368/probe_checkpoint_000000.json,m1_minus_m2,next_reward,saved,0.9999999999999972,4.2813284332250986e-16,0.15240769675353158,2.809128754270668e-15,0.14983907322576134,4.2813284332250986e-16,2.8572843792049187e-15,0.14983907322576093,10000,,,10000,10000,,,
variant_3,20260909T110146Z-8c31130d,3,half,final,2524368,77,checkpoint_000000,experiments/gol_reward_state_action_symmetry_cycle_1/variant_3/results/20260909T110146Z-8c31130d/checkpoint_probes/steps_002524368/probe_checkpoint_000000.json,e_minus_s,next_reward,saved,0.03885089580280909,0.23847402723540498,0.24811345731273687,0.9611491041971908,0.23752578342764483,0.23847402723540498,1.003992172108966,-0.0009482438077601518,10000,,,10000,10000,,,
variant_3,20260909T110146Z-8c31130d,3,half,final,2524368,77,checkpoint_000000,experiments/gol_reward_state_action_symmetry_cycle_1/variant_3/results/20260909T110146Z-8c31130d/checkpoint_probes/steps_002524368/probe_checkpoint_000000.json,fine_belief,next_token,saved,0.6565881383868645,0.029809253401579337,0.08680321425577436,0.3434118616131355,0.062196149068121986,0.029809253401579337,0.4792781200799098,0.03238689566654265,10000,,,10000,10000,,,
variant_3,20260909T110146Z-8c31130d,3,half,final,2524368,77,checkpoint_000000,experiments/gol_reward_state_action_symmetry_cycle_1/variant_3/results/20260909T110146Z-8c31130d/checkpoint_probes/steps_002524368/probe_checkpoint_000000.json,coarse_belief,next_token,saved,0.6538689285253632,0.039745671202105766,0.11482838288043776,0.34613107147463684,0.06713871454416659,0.039745671202105766,0.5919933301070196,0.027393043342060823,10000,,,10000,10000,,,
variant_3,20260909T110146Z-8c31130d,3,half,final,2524368,77,checkpoint_000000,experiments/gol_reward_state_action_symmetry_cycle_1/variant_3/results/20260909T110146Z-8c31130d/checkpoint_probes/steps_002524368/probe_checkpoint_000000.json,m1_minus_m2,next_token,saved,0.9999999999999993,1.070331976886507e-16,0.15240769675353158,7.022821023385785e-16,0.14983907322576134,1.070331976886507e-16,7.143210070939549e-16,0.14983907322576123,10000,,,10000,10000,,,
variant_3,20260909T110146Z-8c31130d,3,half,final,2524368,77,checkpoint_000000,experiments/gol_reward_state_action_symmetry_cycle_1/variant_3/results/20260909T110146Z-8c31130d/checkpoint_probes/steps_002524368/probe_checkpoint_000000.json,e_minus_s,next_token,saved,0.03885089589458324,0.2384740272126346,0.24811345731273687,0.9611491041054168,0.23752578342764483,0.2384740272126346,1.0039921720131013,-0.0009482437849897829,10000,,,10000,10000,,,
variant_3,20260909T110146Z-8c31130d,3,half,final,2524368,77,checkpoint_000000,experiments/gol_reward_state_action_symmetry_cycle_1/variant_3/results/20260909T110146Z-8c31130d/checkpoint_probes/steps_002524368/probe_checkpoint_000000.json,fine_belief,previous_action_latest_token,saved,0.281350503307888,0.062381086236169815,0.08680321425577436,0.7186494966921121,0.062196149068121986,0.062381086236169815,1.002973450459855,-0.00018493716804782873,10000,,,10000,10000,,,
variant_3,20260909T110146Z-8c31130d,3,half,final,2524368,77,checkpoint_000000,experiments/gol_reward_state_action_symmetry_cycle_1/variant_3/results/20260909T110146Z-8c31130d/checkpoint_probes/steps_002524368/probe_checkpoint_000000.json,coarse_belief,previous_action_latest_token,saved,0.4150229894223998,0.06717196414685855,0.11482838288043776,0.5849770105776001,0.06713871454416659,0.06717196414685855,1.000495237403899,-3.3249602691964864e-05,10000,,,10000,10000,,,
variant_3,20260909T110146Z-8c31130d,3,half,final,2524368,77,checkpoint_000000,experiments/gol_reward_state_action_symmetry_cycle_1/variant_3/results/20260909T110146Z-8c31130d/checkpoint_probes/steps_002524368/probe_checkpoint_000000.json,m1_minus_m2,previous_action_latest_token,saved,0.008345541929217992,0.15113577192993943,0.15240769675353158,0.991654458070782,0.14983907322576134,0.15113577192993943,1.0086539423680523,-0.0012966987041780897,10000,,,10000,10000,,,
variant_3,20260909T110146Z-8c31130d,3,half,final,2524368,77,checkpoint_000000,experiments/gol_reward_state_action_symmetry_cycle_1/variant_3/results/20260909T110146Z-8c31130d/checkpoint_probes/steps_002524368/probe_checkpoint_000000.json,e_minus_s,previous_action_latest_token,saved,0.042070564449978476,0.23767518411595437,0.24811345731273687,0.9579294355500214,0.23752578342764483,0.23767518411595437,1.0006289872457363,-0.00014940068830954223,10000,,,10000,10000,,,
variant_3,20260909T110146Z-8c31130d,3,half,final,2524368,77,checkpoint_000000,experiments/gol_reward_state_action_symmetry_cycle_1/variant_3/results/20260909T110146Z-8c31130d/checkpoint_probes/steps_002524368/probe_checkpoint_000000.json,fine_belief,shuffled_history_broken_alignment,saved,-0.03615617910447044,0.08994168681724987,0.08680321425577436,1.0361561791044704,0.062196149068121986,0.08994168681724987,1.4460973575508485,-0.027745537749127885,10000,,,10000,10000,,,
variant_3,20260909T110146Z-8c31130d,3,half,final,2524368,77,checkpoint_000000,experiments/gol_reward_state_action_symmetry_cycle_1/variant_3/results/20260909T110146Z-8c31130d/checkpoint_probes/steps_002524368/probe_checkpoint_000000.json,coarse_belief,shuffled_history_broken_alignment,saved,-0.03439245836356686,0.11877761325760892,0.11482838288043776,1.0343924583635669,0.06713871454416659,0.11877761325760892,1.7691374352940903,-0.051638898713442336,10000,,,10000,10000,,,
variant_3,20260909T110146Z-8c31130d,3,half,final,2524368,77,checkpoint_000000,experiments/gol_reward_state_action_symmetry_cycle_1/variant_3/results/20260909T110146Z-8c31130d/checkpoint_probes/steps_002524368/probe_checkpoint_000000.json,m1_minus_m2,shuffled_history_broken_alignment,saved,-0.05659789632044743,0.16103365177282616,0.15240769675353158,1.0565978963204474,0.14983907322576134,0.16103365177282616,1.0747106766350458,-0.01119457854706482,10000,,,10000,10000,,,
variant_3,20260909T110146Z-8c31130d,3,half,final,2524368,77,checkpoint_000000,experiments/gol_reward_state_action_symmetry_cycle_1/variant_3/results/20260909T110146Z-8c31130d/checkpoint_probes/steps_002524368/probe_checkpoint_000000.json,e_minus_s,shuffled_history_broken_alignment,saved,-0.008281339971350388,0.2501681692042108,0.24811345731273687,1.0082813399713506,0.23752578342764483,0.2501681692042108,1.0532253197700414,-0.012642385776565984,10000,,,10000,10000,,,
variant_3,20260909T110146Z-8c31130d,3,half,final,2524368,77,checkpoint_000000,experiments/gol_reward_state_action_symmetry_cycle_1/variant_3/results/20260909T110146Z-8c31130d/checkpoint_probes/steps_002524368/probe_checkpoint_000000.json,fine_belief,single_permuted_training_labels,saved,0.0020865424920868403,0.08662209566077997,0.08680321425577436,0.9979134575079132,0.062196149068121986,0.08662209566077997,1.392724420380188,-0.024425946592657982,10000,,,10000,10000,,,
variant_3,20260909T110146Z-8c31130d,3,half,final,2524368,77,checkpoint_000000,experiments/gol_reward_state_action_symmetry_cycle_1/variant_3/results/20260909T110146Z-8c31130d/checkpoint_probes/steps_002524368/probe_checkpoint_000000.json,coarse_belief,single_permuted_training_labels,saved,0.003580923806143388,0.11441719119056025,0.11482838288043776,0.9964190761938566,0.06713871454416659,0.11441719119056025,1.704190971891366,-0.04727847664639366,10000,,,10000,10000,,,
variant_3,20260909T110146Z-8c31130d,3,half,final,2524368,77,checkpoint_000000,experiments/gol_reward_state_action_symmetry_cycle_1/variant_3/results/20260909T110146Z-8c31130d/checkpoint_probes/steps_002524368/probe_checkpoint_000000.json,m1_minus_m2,single_permuted_training_labels,saved,0.00393288435097483,0.1518082949080015,0.15240769675353158,0.9960671156490252,0.14983907322576134,0.1518082949080015,1.0131422441413072,-0.0019692216822401465,10000,,,10000,10000,,,
variant_3,20260909T110146Z-8c31130d,3,half,final,2524368,77,checkpoint_000000,experiments/gol_reward_state_action_symmetry_cycle_1/variant_3/results/20260909T110146Z-8c31130d/checkpoint_probes/steps_002524368/probe_checkpoint_000000.json,e_minus_s,single_permuted_training_labels,saved,-0.009615196052225272,0.25049911684799425,0.24811345731273687,1.0096151960522253,0.23752578342764483,0.25049911684799425,1.054618632272826,-0.012973333420349425,10000,,,10000,10000,,,
variant_3,20260909T110146Z-8c31130d,3,half,final,2524368,77,checkpoint_000000,experiments/gol_reward_state_action_symmetry_cycle_1/variant_3/results/20260909T110146Z-8c31130d/checkpoint_probes/steps_002524368/probe_checkpoint_000000.json,fine_belief,log_next_token,not_fitted_or_saved,,,,,,,,,,,,,,,,
variant_3,20260909T110146Z-8c31130d,3,half,final,2524368,77,checkpoint_000000,experiments/gol_reward_state_action_symmetry_cycle_1/variant_3/results/20260909T110146Z-8c31130d/checkpoint_probes/steps_002524368/probe_checkpoint_000000.json,coarse_belief,log_next_token,not_fitted_or_saved,,,,,,,,,,,,,,,,
variant_3,20260909T110146Z-8c31130d,3,half,final,2524368,77,checkpoint_000000,experiments/gol_reward_state_action_symmetry_cycle_1/variant_3/results/20260909T110146Z-8c31130d/checkpoint_probes/steps_002524368/probe_checkpoint_000000.json,m1_minus_m2,log_next_token,not_fitted_or_saved,,,,,,,,,,,,,,,,
variant_3,20260909T110146Z-8c31130d,3,half,final,2524368,77,checkpoint_000000,experiments/gol_reward_state_action_symmetry_cycle_1/variant_3/results/20260909T110146Z-8c31130d/checkpoint_probes/steps_002524368/probe_checkpoint_000000.json,e_minus_s,log_next_token,not_fitted_or_saved,,,,,,,,,,,,,,,,
variant_3_quarter,20260909T113037Z-a43b263e,3,quarter,initial,0,0,initial_checkpoint,experiments/gol_reward_state_action_symmetry_cycle_1/variant_3_quarter/results/20260909T113037Z-a43b263e/checkpoint_probes/steps_000000000/probe_initial_checkpoint.json,fine_belief,post_final_layer_norm,saved,0.19588748885446017,0.0919637515178244,0.11436677112113666,0.8041125111455398,0.0897753204028549,0.0919637515178244,1.024376756386379,-0.0021884311149695107,10000,0.0846105331833106,0.09955218326339817,10000,10000,16,200,held_out_environment_trajectory_fixed_probe
variant_3_quarter,20260909T113037Z-a43b263e,3,quarter,initial,0,0,initial_checkpoint,experiments/gol_reward_state_action_symmetry_cycle_1/variant_3_quarter/results/20260909T113037Z-a43b263e/checkpoint_probes/steps_000000000/probe_initial_checkpoint.json,coarse_belief,post_final_layer_norm,saved,0.510755367495337,0.04640137251221619,0.09484288519358246,0.48924463250466294,0.04881522688669131,0.04640137251221619,0.9505512003441448,0.0024138543744751176,10000,0.04319975454003567,0.04965859302047017,10000,10000,16,200,held_out_environment_trajectory_fixed_probe
variant_3_quarter,20260909T113037Z-a43b263e,3,quarter,initial,0,0,initial_checkpoint,experiments/gol_reward_state_action_symmetry_cycle_1/variant_3_quarter/results/20260909T113037Z-a43b263e/checkpoint_probes/steps_000000000/probe_initial_checkpoint.json,m1_minus_m2,post_final_layer_norm,saved,-0.030940945052834845,0.5004160068135906,0.4853973539560451,1.0309409450528348,0.47308421388581173,0.5004160068135906,1.0577736312596047,-0.02733179292777882,10000,0.43820514838152586,0.5607288914631234,10000,10000,16,200,held_out_environment_trajectory_fixed_probe
variant_3_quarter,20260909T113037Z-a43b263e,3,quarter,initial,0,0,initial_checkpoint,experiments/gol_reward_state_action_symmetry_cycle_1/variant_3_quarter/results/20260909T113037Z-a43b263e/checkpoint_probes/steps_000000000/probe_initial_checkpoint.json,e_minus_s,post_final_layer_norm,saved,0.00950376462232505,0.14906554584041723,0.15049582271615472,0.990496235377675,0.1495723253707868,0.14906554584041723,0.9966118095101265,0.0005067795303695666,10000,0.13772272490192475,0.160636061775301,10000,10000,16,200,held_out_environment_trajectory_fixed_probe
variant_3_quarter,20260909T113037Z-a43b263e,3,quarter,initial,0,0,initial_checkpoint,experiments/gol_reward_state_action_symmetry_cycle_1/variant_3_quarter/results/20260909T113037Z-a43b263e/checkpoint_probes/steps_000000000/probe_initial_checkpoint.json,fine_belief,categorical_plus_marginals,saved,0.8377169705928147,0.018559786081056247,0.11436677112113666,0.16228302940718525,0.0897753204028549,0.018559786081056247,0.2067359492316113,0.07121553432179864,10000,,,10000,10000,,,
variant_3_quarter,20260909T113037Z-a43b263e,3,quarter,initial,0,0,initial_checkpoint,experiments/gol_reward_state_action_symmetry_cycle_1/variant_3_quarter/results/20260909T113037Z-a43b263e/checkpoint_probes/steps_000000000/probe_initial_checkpoint.json,coarse_belief,categorical_plus_marginals,saved,0.7390802547718913,0.02474638144140829,0.09484288519358246,0.2609197452281086,0.04881522688669131,0.02474638144140829,0.5069398017722826,0.024068845445283017,10000,,,10000,10000,,,
variant_3_quarter,20260909T113037Z-a43b263e,3,quarter,initial,0,0,initial_checkpoint,experiments/gol_reward_state_action_symmetry_cycle_1/variant_3_quarter/results/20260909T113037Z-a43b263e/checkpoint_probes/steps_000000000/probe_initial_checkpoint.json,m1_minus_m2,categorical_plus_marginals,saved,0.9999999999999996,2.3514851293994453e-16,0.4853973539560451,4.84445395145764e-16,0.47308421388581173,2.3514851293994453e-16,4.970542369369829e-16,0.4730842138858115,10000,,,10000,10000,,,
variant_3_quarter,20260909T113037Z-a43b263e,3,quarter,initial,0,0,initial_checkpoint,experiments/gol_reward_state_action_symmetry_cycle_1/variant_3_quarter/results/20260909T113037Z-a43b263e/checkpoint_probes/steps_000000000/probe_initial_checkpoint.json,e_minus_s,categorical_plus_marginals,saved,0.013405914073177927,0.14847828864844972,0.15049582271615472,0.9865940859268221,0.1495723253707868,0.14847828864844972,0.9926855672021881,0.0010940367223370717,10000,,,10000,10000,,,
variant_3_quarter,20260909T113037Z-a43b263e,3,quarter,initial,0,0,initial_checkpoint,experiments/gol_reward_state_action_symmetry_cycle_1/variant_3_quarter/results/20260909T113037Z-a43b263e/checkpoint_probes/steps_000000000/probe_initial_checkpoint.json,fine_belief,combined_marginals,saved,0.8363366385425143,0.01871765020072413,0.11436677112113666,0.16366336145748572,0.0897753204028549,0.01871765020072413,0.20849438483461988,0.07105767020213076,10000,,,10000,10000,,,
variant_3_quarter,20260909T113037Z-a43b263e,3,quarter,initial,0,0,initial_checkpoint,experiments/gol_reward_state_action_symmetry_cycle_1/variant_3_quarter/results/20260909T113037Z-a43b263e/checkpoint_probes/steps_000000000/probe_initial_checkpoint.json,coarse_belief,combined_marginals,saved,0.736860947625542,0.0249568669342988,0.09484288519358246,0.26313905237445795,0.04881522688669131,0.0249568669342988,0.5112516836647725,0.023858359952392508,10000,,,10000,10000,,,
variant_3_quarter,20260909T113037Z-a43b263e,3,quarter,initial,0,0,initial_checkpoint,experiments/gol_reward_state_action_symmetry_cycle_1/variant_3_quarter/results/20260909T113037Z-a43b263e/checkpoint_probes/steps_000000000/probe_initial_checkpoint.json,m1_minus_m2,combined_marginals,saved,0.9999999999999996,2.3387876442256737e-16,0.4853973539560451,4.818295001330933e-16,0.47308421388581173,2.3387876442256737e-16,4.943702570448031e-16,0.4730842138858115,10000,,,10000,10000,,,
variant_3_quarter,20260909T113037Z-a43b263e,3,quarter,initial,0,0,initial_checkpoint,experiments/gol_reward_state_action_symmetry_cycle_1/variant_3_quarter/results/20260909T113037Z-a43b263e/checkpoint_probes/steps_000000000/probe_initial_checkpoint.json,e_minus_s,combined_marginals,saved,0.005014232931801477,0.14974120160579282,0.15049582271615472,0.9949857670681985,0.1495723253707868,0.14974120160579282,1.0011290607041603,-0.0001688762350060269,10000,,,10000,10000,,,
variant_3_quarter,20260909T113037Z-a43b263e,3,quarter,initial,0,0,initial_checkpoint,experiments/gol_reward_state_action_symmetry_cycle_1/variant_3_quarter/results/20260909T113037Z-a43b263e/checkpoint_probes/steps_000000000/probe_initial_checkpoint.json,fine_belief,next_reward,saved,0.836336638534023,0.01871765020169526,0.11436677112113666,0.1636633614659771,0.0897753204028549,0.01871765020169526,0.20849438484543723,0.07105767020115963,10000,,,10000,10000,,,
variant_3_quarter,20260909T113037Z-a43b263e,3,quarter,initial,0,0,initial_checkpoint,experiments/gol_reward_state_action_symmetry_cycle_1/variant_3_quarter/results/20260909T113037Z-a43b263e/checkpoint_probes/steps_000000000/probe_initial_checkpoint.json,coarse_belief,next_reward,saved,0.7368609476118928,0.02495686693559333,0.09484288519358246,0.2631390523881072,0.04881522688669131,0.02495686693559333,0.5112516836912915,0.023858359951097977,10000,,,10000,10000,,,
variant_3_quarter,20260909T113037Z-a43b263e,3,quarter,initial,0,0,initial_checkpoint,experiments/gol_reward_state_action_symmetry_cycle_1/variant_3_quarter/results/20260909T113037Z-a43b263e/checkpoint_probes/steps_000000000/probe_initial_checkpoint.json,m1_minus_m2,next_reward,saved,0.9999999999999957,2.1049086555161682e-15,0.4853973539560451,4.336465039129111e-15,0.47308421388581173,2.1049086555161682e-15,4.449331839308064e-15,0.4730842138858096,10000,,,10000,10000,,,
variant_3_quarter,20260909T113037Z-a43b263e,3,quarter,initial,0,0,initial_checkpoint,experiments/gol_reward_state_action_symmetry_cycle_1/variant_3_quarter/results/20260909T113037Z-a43b263e/checkpoint_probes/steps_000000000/probe_initial_checkpoint.json,e_minus_s,next_reward,saved,0.005014232880191205,0.14974120161355994,0.15049582271615472,0.9949857671198088,0.1495723253707868,0.14974120161355994,1.0011290607560892,-0.00016887624277314717,10000,,,10000,10000,,,
variant_3_quarter,20260909T113037Z-a43b263e,3,quarter,initial,0,0,initial_checkpoint,experiments/gol_reward_state_action_symmetry_cycle_1/variant_3_quarter/results/20260909T113037Z-a43b263e/checkpoint_probes/steps_000000000/probe_initial_checkpoint.json,fine_belief,next_token,saved,0.8363366385403642,0.018717650200970024,0.11436677112113666,0.16366336145963578,0.0897753204028549,0.018717650200970024,0.20849438483735888,0.07105767020188487,10000,,,10000,10000,,,
variant_3_quarter,20260909T113037Z-a43b263e,3,quarter,initial,0,0,initial_checkpoint,experiments/gol_reward_state_action_symmetry_cycle_1/variant_3_quarter/results/20260909T113037Z-a43b263e/checkpoint_probes/steps_000000000/probe_initial_checkpoint.json,coarse_belief,next_token,saved,0.7368609476220858,0.02495686693462661,0.09484288519358246,0.26313905237791435,0.04881522688669131,0.02495686693462661,0.5112516836714878,0.023858359952064697,10000,,,10000,10000,,,
variant_3_quarter,20260909T113037Z-a43b263e,3,quarter,initial,0,0,initial_checkpoint,experiments/gol_reward_state_action_symmetry_cycle_1/variant_3_quarter/results/20260909T113037Z-a43b263e/checkpoint_probes/steps_000000000/probe_initial_checkpoint.json,m1_minus_m2,next_token,saved,0.9999999999999989,5.262273256697913e-16,0.4853973539560451,1.0841165930983701e-15,0.47308421388581173,5.262273256697913e-16,1.112333301818451e-15,0.47308421388581123,10000,,,10000,10000,,,
variant_3_quarter,20260909T113037Z-a43b263e,3,quarter,initial,0,0,initial_checkpoint,experiments/gol_reward_state_action_symmetry_cycle_1/variant_3_quarter/results/20260909T113037Z-a43b263e/checkpoint_probes/steps_000000000/probe_initial_checkpoint.json,e_minus_s,next_token,saved,0.005014232918732486,0.14974120160775964,0.15049582271615472,0.9949857670812674,0.1495723253707868,0.14974120160775964,1.0011290607173098,-0.00016887623697284249,10000,,,10000,10000,,,
variant_3_quarter,20260909T113037Z-a43b263e,3,quarter,initial,0,0,initial_checkpoint,experiments/gol_reward_state_action_symmetry_cycle_1/variant_3_quarter/results/20260909T113037Z-a43b263e/checkpoint_probes/steps_000000000/probe_initial_checkpoint.json,fine_belief,previous_action_latest_token,saved,0.2091282303973071,0.09044945066031951,0.11436677112113666,0.7908717696026929,0.0897753204028549,0.09044945066031951,1.0075090821668977,-0.0006741302574646141,10000,,,10000,10000,,,
variant_3_quarter,20260909T113037Z-a43b263e,3,quarter,initial,0,0,initial_checkpoint,experiments/gol_reward_state_action_symmetry_cycle_1/variant_3_quarter/results/20260909T113037Z-a43b263e/checkpoint_probes/steps_000000000/probe_initial_checkpoint.json,coarse_belief,previous_action_latest_token,saved,0.4845650228648979,0.04888534036118129,0.09484288519358246,0.5154349771351021,0.04881522688669131,0.04888534036118129,1.0014363033619147,-7.011347448998562e-05,10000,,,10000,10000,,,
variant_3_quarter,20260909T113037Z-a43b263e,3,quarter,initial,0,0,initial_checkpoint,experiments/gol_reward_state_action_symmetry_cycle_1/variant_3_quarter/results/20260909T113037Z-a43b263e/checkpoint_probes/steps_000000000/probe_initial_checkpoint.json,m1_minus_m2,previous_action_latest_token,saved,0.014971644088702107,0.47813015753101745,0.4853973539560451,0.9850283559112979,0.47308421388581173,0.47813015753101745,1.0106660579598703,-0.005045943645205719,10000,,,10000,10000,,,
variant_3_quarter,20260909T113037Z-a43b263e,3,quarter,initial,0,0,initial_checkpoint,experiments/gol_reward_state_action_symmetry_cycle_1/variant_3_quarter/results/20260909T113037Z-a43b263e/checkpoint_probes/steps_000000000/probe_initial_checkpoint.json,e_minus_s,previous_action_latest_token,saved,0.004807866309216258,0.14977225892043994,0.15049582271615472,0.9951921336907837,0.1495723253707868,0.14977225892043994,1.001336701486438,-0.0001999335496531418,10000,,,10000,10000,,,
variant_3_quarter,20260909T113037Z-a43b263e,3,quarter,initial,0,0,initial_checkpoint,experiments/gol_reward_state_action_symmetry_cycle_1/variant_3_quarter/results/20260909T113037Z-a43b263e/checkpoint_probes/steps_000000000/probe_initial_checkpoint.json,fine_belief,shuffled_history_broken_alignment,saved,-0.05076988339766908,0.12017315875552467,0.11436677112113666,1.050769883397669,0.0897753204028549,0.12017315875552467,1.3385990516799438,-0.03039783835266978,10000,,,10000,10000,,,
variant_3_quarter,20260909T113037Z-a43b263e,3,quarter,initial,0,0,initial_checkpoint,experiments/gol_reward_state_action_symmetry_cycle_1/variant_3_quarter/results/20260909T113037Z-a43b263e/checkpoint_probes/steps_000000000/probe_initial_checkpoint.json,coarse_belief,shuffled_history_broken_alignment,saved,-0.020843969141956853,0.09681978736589164,0.09484288519358246,1.0208439691419569,0.04881522688669131,0.09681978736589164,1.9833931652233703,-0.048004560479200334,10000,,,10000,10000,,,
variant_3_quarter,20260909T113037Z-a43b263e,3,quarter,initial,0,0,initial_checkpoint,experiments/gol_reward_state_action_symmetry_cycle_1/variant_3_quarter/results/20260909T113037Z-a43b263e/checkpoint_probes/steps_000000000/probe_initial_checkpoint.json,m1_minus_m2,shuffled_history_broken_alignment,saved,-0.07839431870645996,0.5234497488213476,0.4853973539560451,1.07839431870646,0.47308421388581173,0.5234497488213476,1.10646209164716,-0.050365534935535916,10000,,,10000,10000,,,
variant_3_quarter,20260909T113037Z-a43b263e,3,quarter,initial,0,0,initial_checkpoint,experiments/gol_reward_state_action_symmetry_cycle_1/variant_3_quarter/results/20260909T113037Z-a43b263e/checkpoint_probes/steps_000000000/probe_initial_checkpoint.json,e_minus_s,shuffled_history_broken_alignment,saved,-0.00978959106701649,0.1519691152778401,0.15049582271615472,1.0097895910670165,0.1495723253707868,0.1519691152778401,1.0160242872544216,-0.002396789907053304,10000,,,10000,10000,,,
variant_3_quarter,20260909T113037Z-a43b263e,3,quarter,initial,0,0,initial_checkpoint,experiments/gol_reward_state_action_symmetry_cycle_1/variant_3_quarter/results/20260909T113037Z-a43b263e/checkpoint_probes/steps_000000000/probe_initial_checkpoint.json,fine_belief,single_permuted_training_labels,saved,-0.023696640696165616,0.11707687940397483,0.11436677112113666,1.0236966406961654,0.0897753204028549,0.11707687940397483,1.3041098475461608,-0.02730155900111994,10000,,,10000,10000,,,
variant_3_quarter,20260909T113037Z-a43b263e,3,quarter,initial,0,0,initial_checkpoint,experiments/gol_reward_state_action_symmetry_cycle_1/variant_3_quarter/results/20260909T113037Z-a43b263e/checkpoint_probes/steps_000000000/probe_initial_checkpoint.json,coarse_belief,single_permuted_training_labels,saved,-0.014982176804739566,0.09626383806822432,0.09484288519358246,1.0149821768047396,0.04881522688669131,0.09626383806822432,1.972004315204138,-0.04744861118153301,10000,,,10000,10000,,,
variant_3_quarter,20260909T113037Z-a43b263e,3,quarter,initial,0,0,initial_checkpoint,experiments/gol_reward_state_action_symmetry_cycle_1/variant_3_quarter/results/20260909T113037Z-a43b263e/checkpoint_probes/steps_000000000/probe_initial_checkpoint.json,m1_minus_m2,single_permuted_training_labels,saved,-0.03163090476752428,0.5007509114334371,0.4853973539560451,1.0316309047675243,0.47308421388581173,0.5007509114334371,1.0584815488142736,-0.027666697547625352,10000,,,10000,10000,,,
variant_3_quarter,20260909T113037Z-a43b263e,3,quarter,initial,0,0,initial_checkpoint,experiments/gol_reward_state_action_symmetry_cycle_1/variant_3_quarter/results/20260909T113037Z-a43b263e/checkpoint_probes/steps_000000000/probe_initial_checkpoint.json,e_minus_s,single_permuted_training_labels,saved,-0.012827544481927688,0.1524263145763905,0.15049582271615472,1.0128275444819277,0.1495723253707868,0.1524263145763905,1.0190809977616428,-0.002853989205603702,10000,,,10000,10000,,,
variant_3_quarter,20260909T113037Z-a43b263e,3,quarter,initial,0,0,initial_checkpoint,experiments/gol_reward_state_action_symmetry_cycle_1/variant_3_quarter/results/20260909T113037Z-a43b263e/checkpoint_probes/steps_000000000/probe_initial_checkpoint.json,fine_belief,log_next_token,not_fitted_or_saved,,,,,,,,,,,,,,,,
variant_3_quarter,20260909T113037Z-a43b263e,3,quarter,initial,0,0,initial_checkpoint,experiments/gol_reward_state_action_symmetry_cycle_1/variant_3_quarter/results/20260909T113037Z-a43b263e/checkpoint_probes/steps_000000000/probe_initial_checkpoint.json,coarse_belief,log_next_token,not_fitted_or_saved,,,,,,,,,,,,,,,,
variant_3_quarter,20260909T113037Z-a43b263e,3,quarter,initial,0,0,initial_checkpoint,experiments/gol_reward_state_action_symmetry_cycle_1/variant_3_quarter/results/20260909T113037Z-a43b263e/checkpoint_probes/steps_000000000/probe_initial_checkpoint.json,m1_minus_m2,log_next_token,not_fitted_or_saved,,,,,,,,,,,,,,,,
variant_3_quarter,20260909T113037Z-a43b263e,3,quarter,initial,0,0,initial_checkpoint,experiments/gol_reward_state_action_symmetry_cycle_1/variant_3_quarter/results/20260909T113037Z-a43b263e/checkpoint_probes/steps_000000000/probe_initial_checkpoint.json,e_minus_s,log_next_token,not_fitted_or_saved,,,,,,,,,,,,,,,,
variant_3_quarter,20260909T113037Z-a43b263e,3,quarter,intermediate,32784,1,iteration_000001_steps_000032784,experiments/gol_reward_state_action_symmetry_cycle_1/variant_3_quarter/results/20260909T113037Z-a43b263e/checkpoint_probes/steps_000032784/probe_iteration_000001_steps_000032784.json,fine_belief,post_final_layer_norm,saved,0.13760670342104497,0.09815136859367013,0.11381276847005738,0.862393296578955,0.08915443867979787,0.09815136859367013,1.1009139875377953,-0.008996929913872256,10000,0.08829519291674541,0.10941289322300335,10000,10000,16,200,held_out_environment_trajectory_fixed_probe
variant_3_quarter,20260909T113037Z-a43b263e,3,quarter,intermediate,32784,1,iteration_000001_steps_000032784,experiments/gol_reward_state_action_symmetry_cycle_1/variant_3_quarter/results/20260909T113037Z-a43b263e/checkpoint_probes/steps_000032784/probe_iteration_000001_steps_000032784.json,coarse_belief,post_final_layer_norm,saved,0.4939927145396503,0.04865024567587581,0.09614534627029199,0.5060072854603497,0.049717542389159354,0.04865024567587581,0.9785327942212151,0.0010672967132835456,10000,0.0452533889279783,0.051916480461690964,10000,10000,16,200,held_out_environment_trajectory_fixed_probe
variant_3_quarter,20260909T113037Z-a43b263e,3,quarter,intermediate,32784,1,iteration_000001_steps_000032784,experiments/gol_reward_state_action_symmetry_cycle_1/variant_3_quarter/results/20260909T113037Z-a43b263e/checkpoint_probes/steps_000032784/probe_iteration_000001_steps_000032784.json,m1_minus_m2,post_final_layer_norm,saved,-0.1357587030204579,0.5396055711676205,0.47510582109789995,1.135758703020458,0.4637507554247953,0.5396055711676205,1.1635680693896493,-0.07585481574282521,10000,0.4652251825183358,0.6271596707150602,10000,10000,16,200,held_out_environment_trajectory_fixed_probe
variant_3_quarter,20260909T113037Z-a43b263e,3,quarter,intermediate,32784,1,iteration_000001_steps_000032784,experiments/gol_reward_state_action_symmetry_cycle_1/variant_3_quarter/results/20260909T113037Z-a43b263e/checkpoint_probes/steps_000032784/probe_iteration_000001_steps_000032784.json,e_minus_s,post_final_layer_norm,saved,-0.0037282990189582144,0.15301318463471236,0.15244482474417342,1.003728299018958,0.15184375337085063,0.15301318463471236,1.007701543447794,-0.0011694312638617366,10000,0.1409619115825279,0.1655107011071446,10000,10000,16,200,held_out_environment_trajectory_fixed_probe
variant_3_quarter,20260909T113037Z-a43b263e,3,quarter,intermediate,32784,1,iteration_000001_steps_000032784,experiments/gol_reward_state_action_symmetry_cycle_1/variant_3_quarter/results/20260909T113037Z-a43b263e/checkpoint_probes/steps_000032784/probe_iteration_000001_steps_000032784.json,fine_belief,categorical_plus_marginals,saved,0.8339185080984259,0.018902194384955554,0.11381276847005738,0.16608149190157404,0.08915443867979787,0.018902194384955554,0.21201630187862688,0.07025224429484232,10000,,,10000,10000,,,
variant_3_quarter,20260909T113037Z-a43b263e,3,quarter,intermediate,32784,1,iteration_000001_steps_000032784,experiments/gol_reward_state_action_symmetry_cycle_1/variant_3_quarter/results/20260909T113037Z-a43b263e/checkpoint_probes/steps_000032784/probe_iteration_000001_steps_000032784.json,coarse_belief,categorical_plus_marginals,saved,0.7378663989023998,0.025202925846607365,0.09614534627029199,0.2621336010976002,0.049717542389159354,0.025202925846607365,0.5069221975884055,0.02451461654255199,10000,,,10000,10000,,,
variant_3_quarter,20260909T113037Z-a43b263e,3,quarter,intermediate,32784,1,iteration_000001_steps_000032784,experiments/gol_reward_state_action_symmetry_cycle_1/variant_3_quarter/results/20260909T113037Z-a43b263e/checkpoint_probes/steps_000032784/probe_iteration_000001_steps_000032784.json,m1_minus_m2,categorical_plus_marginals,saved,0.9999999999999996,2.227691130663683e-16,0.47510582109789995,4.68883148077583e-16,0.4637507554247953,2.227691130663683e-16,4.80363881806105e-16,0.4637507554247951,10000,,,10000,10000,,,
variant_3_quarter,20260909T113037Z-a43b263e,3,quarter,intermediate,32784,1,iteration_000001_steps_000032784,experiments/gol_reward_state_action_symmetry_cycle_1/variant_3_quarter/results/20260909T113037Z-a43b263e/checkpoint_probes/steps_000032784/probe_iteration_000001_steps_000032784.json,e_minus_s,categorical_plus_marginals,saved,0.00805058267205061,0.15121755507964418,0.15244482474417342,0.9919494173279494,0.15184375337085063,0.15121755507964418,0.995876035218406,0.0006261982912064423,10000,,,10000,10000,,,
variant_3_quarter,20260909T113037Z-a43b263e,3,quarter,intermediate,32784,1,iteration_000001_steps_000032784,experiments/gol_reward_state_action_symmetry_cycle_1/variant_3_quarter/results/20260909T113037Z-a43b263e/checkpoint_probes/steps_000032784/probe_iteration_000001_steps_000032784.json,fine_belief,combined_marginals,saved,0.8334238356175518,0.018958494429489794,0.11381276847005738,0.16657616438244818,0.08915443867979787,0.018958494429489794,0.21264779084729665,0.07019594425030808,10000,,,10000,10000,,,
variant_3_quarter,20260909T113037Z-a43b263e,3,quarter,intermediate,32784,1,iteration_000001_steps_000032784,experiments/gol_reward_state_action_symmetry_cycle_1/variant_3_quarter/results/20260909T113037Z-a43b263e/checkpoint_probes/steps_000032784/probe_iteration_000001_steps_000032784.json,coarse_belief,combined_marginals,saved,0.737085635933024,0.025277992572653018,0.09614534627029199,0.262914364066976,0.049717542389159354,0.025277992572653018,0.5084320615607248,0.024439549816506336,10000,,,10000,10000,,,
variant_3_quarter,20260909T113037Z-a43b263e,3,quarter,intermediate,32784,1,iteration_000001_steps_000032784,experiments/gol_reward_state_action_symmetry_cycle_1/variant_3_quarter/results/20260909T113037Z-a43b263e/checkpoint_probes/steps_000032784/probe_iteration_000001_steps_000032784.json,m1_minus_m2,combined_marginals,saved,0.9999999999999996,2.2092568611370072e-16,0.47510582109789995,4.650031136288203e-16,0.4637507554247953,2.2092568611370072e-16,4.763888436393661e-16,0.4637507554247951,10000,,,10000,10000,,,
variant_3_quarter,20260909T113037Z-a43b263e,3,quarter,intermediate,32784,1,iteration_000001_steps_000032784,experiments/gol_reward_state_action_symmetry_cycle_1/variant_3_quarter/results/20260909T113037Z-a43b263e/checkpoint_probes/steps_000032784/probe_iteration_000001_steps_000032784.json,e_minus_s,combined_marginals,saved,0.005096068755098826,0.1516679554359181,0.15244482474417342,0.9949039312449011,0.15184375337085063,0.1516679554359181,0.9988422445373623,0.0001757979349325256,10000,,,10000,10000,,,
variant_3_quarter,20260909T113037Z-a43b263e,3,quarter,intermediate,32784,1,iteration_000001_steps_000032784,experiments/gol_reward_state_action_symmetry_cycle_1/variant_3_quarter/results/20260909T113037Z-a43b263e/checkpoint_probes/steps_000032784/probe_iteration_000001_steps_000032784.json,fine_belief,next_reward,saved,0.8334238356084905,0.018958494430521083,0.11381276847005738,0.16657616439150946,0.08915443867979787,0.018958494430521083,0.21264779085886412,0.07019594424927679,10000,,,10000,10000,,,
variant_3_quarter,20260909T113037Z-a43b263e,3,quarter,intermediate,32784,1,iteration_000001_steps_000032784,experiments/gol_reward_state_action_symmetry_cycle_1/variant_3_quarter/results/20260909T113037Z-a43b263e/checkpoint_probes/steps_000032784/probe_iteration_000001_steps_000032784.json,coarse_belief,next_reward,saved,0.7370856359187252,0.02527799257402778,0.09614534627029199,0.2629143640812747,0.049717542389159354,0.02527799257402778,0.5084320615883763,0.024439549815131575,10000,,,10000,10000,,,
variant_3_quarter,20260909T113037Z-a43b263e,3,quarter,intermediate,32784,1,iteration_000001_steps_000032784,experiments/gol_reward_state_action_symmetry_cycle_1/variant_3_quarter/results/20260909T113037Z-a43b263e/checkpoint_probes/steps_000032784/probe_iteration_000001_steps_000032784.json,m1_minus_m2,next_reward,saved,0.9999999999999958,1.9883304029336467e-15,0.47510582109789995,4.185026397569507e-15,0.4637507554247953,1.9883304029336467e-15,4.2874979278736435e-15,0.4637507554247933,10000,,,10000,10000,,,
variant_3_quarter,20260909T113037Z-a43b263e,3,quarter,intermediate,32784,1,iteration_000001_steps_000032784,experiments/gol_reward_state_action_symmetry_cycle_1/variant_3_quarter/results/20260909T113037Z-a43b263e/checkpoint_probes/steps_000032784/probe_iteration_000001_steps_000032784.json,e_minus_s,next_reward,saved,0.0050960687009902195,0.15166795544416667,0.15244482474417342,0.9949039312990096,0.15184375337085063,0.15166795544416667,0.9988422445916849,0.0001757979266839571,10000,,,10000,10000,,,
variant_3_quarter,20260909T113037Z-a43b263e,3,quarter,intermediate,32784,1,iteration_000001_steps_000032784,experiments/gol_reward_state_action_symmetry_cycle_1/variant_3_quarter/results/20260909T113037Z-a43b263e/checkpoint_probes/steps_000032784/probe_iteration_000001_steps_000032784.json,fine_belief,next_token,saved,0.8334238356152844,0.01895849442974785,0.11381276847005738,0.16657616438471556,0.08915443867979787,0.01895849442974785,0.21264779085019117,0.07019594425005002,10000,,,10000,10000,,,
variant_3_quarter,20260909T113037Z-a43b263e,3,quarter,intermediate,32784,1,iteration_000001_steps_000032784,experiments/gol_reward_state_action_symmetry_cycle_1/variant_3_quarter/results/20260909T113037Z-a43b263e/checkpoint_probes/steps_000032784/probe_iteration_000001_steps_000032784.json,coarse_belief,next_token,saved,0.7370856359294458,0.02527799257299705,0.09614534627029199,0.26291436407055424,0.049717542389159354,0.02527799257299705,0.5084320615676446,0.024439549816162302,10000,,,10000,10000,,,
variant_3_quarter,20260909T113037Z-a43b263e,3,quarter,intermediate,32784,1,iteration_000001_steps_000032784,experiments/gol_reward_state_action_symmetry_cycle_1/variant_3_quarter/results/20260909T113037Z-a43b263e/checkpoint_probes/steps_000032784/probe_iteration_000001_steps_000032784.json,m1_minus_m2,next_token,saved,0.999999999999999,4.970827943951625e-16,0.47510582109789995,1.046257007010516e-15,0.4637507554247953,4.970827943951625e-16,1.0718748995671931e-15,0.4637507554247948,10000,,,10000,10000,,,
variant_3_quarter,20260909T113037Z-a43b263e,3,quarter,intermediate,32784,1,iteration_000001_steps_000032784,experiments/gol_reward_state_action_symmetry_cycle_1/variant_3_quarter/results/20260909T113037Z-a43b263e/checkpoint_probes/steps_000032784/probe_iteration_000001_steps_000032784.json,e_minus_s,next_token,saved,0.005096068741558324,0.1516679554379823,0.15244482474417342,0.9949039312584417,0.15184375337085063,0.1516679554379823,0.9988422445509565,0.0001757979328683157,10000,,,10000,10000,,,
variant_3_quarter,20260909T113037Z-a43b263e,3,quarter,intermediate,32784,1,iteration_000001_steps_000032784,experiments/gol_reward_state_action_symmetry_cycle_1/variant_3_quarter/results/20260909T113037Z-a43b263e/checkpoint_probes/steps_000032784/probe_iteration_000001_steps_000032784.json,fine_belief,previous_action_latest_token,saved,0.20738191473408063,0.09021005862355028,0.11381276847005738,0.7926180852659194,0.08915443867979787,0.09021005862355028,1.0118403520832395,-0.0010556199437524033,10000,,,10000,10000,,,
variant_3_quarter,20260909T113037Z-a43b263e,3,quarter,intermediate,32784,1,iteration_000001_steps_000032784,experiments/gol_reward_state_action_symmetry_cycle_1/variant_3_quarter/results/20260909T113037Z-a43b263e/checkpoint_probes/steps_000032784/probe_iteration_000001_steps_000032784.json,coarse_belief,previous_action_latest_token,saved,0.4818019883117012,0.04982232727034831,0.09614534627029199,0.5181980116882989,0.049717542389159354,0.04982232727034831,1.0021076037984493,-0.00010478488118895873,10000,,,10000,10000,,,
variant_3_quarter,20260909T113037Z-a43b263e,3,quarter,intermediate,32784,1,iteration_000001_steps_000032784,experiments/gol_reward_state_action_symmetry_cycle_1/variant_3_quarter/results/20260909T113037Z-a43b263e/checkpoint_probes/steps_000032784/probe_iteration_000001_steps_000032784.json,m1_minus_m2,previous_action_latest_token,saved,0.007352176659726761,0.47161275916912365,0.47510582109789995,0.9926478233402732,0.4637507554247953,0.47161275916912365,1.0169530801887896,-0.007862003744328327,10000,,,10000,10000,,,
variant_3_quarter,20260909T113037Z-a43b263e,3,quarter,intermediate,32784,1,iteration_000001_steps_000032784,experiments/gol_reward_state_action_symmetry_cycle_1/variant_3_quarter/results/20260909T113037Z-a43b263e/checkpoint_probes/steps_000032784/probe_iteration_000001_steps_000032784.json,e_minus_s,previous_action_latest_token,saved,0.0007190964383402276,0.15233520221365648,0.15244482474417342,0.9992809035616598,0.15184375337085063,0.15233520221365648,1.0032365430378,-0.0004914488428058583,10000,,,10000,10000,,,
variant_3_quarter,20260909T113037Z-a43b263e,3,quarter,intermediate,32784,1,iteration_000001_steps_000032784,experiments/gol_reward_state_action_symmetry_cycle_1/variant_3_quarter/results/20260909T113037Z-a43b263e/checkpoint_probes/steps_000032784/probe_iteration_000001_steps_000032784.json,fine_belief,shuffled_history_broken_alignment,saved,-0.08262069397534666,0.12321605838430899,0.11381276847005738,1.0826206939753469,0.08915443867979787,0.12321605838430899,1.3820518665015091,-0.03406161970451112,10000,,,10000,10000,,,
variant_3_quarter,20260909T113037Z-a43b263e,3,quarter,intermediate,32784,1,iteration_000001_steps_000032784,experiments/gol_reward_state_action_symmetry_cycle_1/variant_3_quarter/results/20260909T113037Z-a43b263e/checkpoint_probes/steps_000032784/probe_iteration_000001_steps_000032784.json,coarse_belief,shuffled_history_broken_alignment,saved,-0.023850748354584006,0.09843848472964907,0.09614534627029199,1.023850748354584,0.049717542389159354,0.09843848472964907,1.9799547604169803,-0.048720942340489716,10000,,,10000,10000,,,
variant_3_quarter,20260909T113037Z-a43b263e,3,quarter,intermediate,32784,1,iteration_000001_steps_000032784,experiments/gol_reward_state_action_symmetry_cycle_1/variant_3_quarter/results/20260909T113037Z-a43b263e/checkpoint_probes/steps_000032784/probe_iteration_000001_steps_000032784.json,m1_minus_m2,shuffled_history_broken_alignment,saved,-0.13813386989929688,0.5407340267778359,0.47510582109789995,1.1381338698992969,0.4637507554247953,0.5407340267778359,1.166001392887272,-0.07698327135304056,10000,,,10000,10000,,,
variant_3_quarter,20260909T113037Z-a43b263e,3,quarter,intermediate,32784,1,iteration_000001_steps_000032784,experiments/gol_reward_state_action_symmetry_cycle_1/variant_3_quarter/results/20260909T113037Z-a43b263e/checkpoint_probes/steps_000032784/probe_iteration_000001_steps_000032784.json,e_minus_s,shuffled_history_broken_alignment,saved,-0.008374698138086334,0.15372150413411934,0.15244482474417342,1.0083746981380863,0.15184375337085063,0.15372150413411934,1.0123663352728292,-0.0018777507632687096,10000,,,10000,10000,,,
variant_3_quarter,20260909T113037Z-a43b263e,3,quarter,intermediate,32784,1,iteration_000001_steps_000032784,experiments/gol_reward_state_action_symmetry_cycle_1/variant_3_quarter/results/20260909T113037Z-a43b263e/checkpoint_probes/steps_000032784/probe_iteration_000001_steps_000032784.json,fine_belief,single_permuted_training_labels,saved,-0.018938897959095646,0.11596825687855399,0.11381276847005738,1.0189388979590959,0.08915443867979787,0.11596825687855399,1.3007569628143714,-0.026813818198756112,10000,,,10000,10000,,,
variant_3_quarter,20260909T113037Z-a43b263e,3,quarter,intermediate,32784,1,iteration_000001_steps_000032784,experiments/gol_reward_state_action_symmetry_cycle_1/variant_3_quarter/results/20260909T113037Z-a43b263e/checkpoint_probes/steps_000032784/probe_iteration_000001_steps_000032784.json,coarse_belief,single_permuted_training_labels,saved,-0.002776143259040076,0.09641225952522833,0.09614534627029199,1.00277614325904,0.049717542389159354,0.09641225952522833,1.9392000266338691,-0.04669471713606898,10000,,,10000,10000,,,
variant_3_quarter,20260909T113037Z-a43b263e,3,quarter,intermediate,32784,1,iteration_000001_steps_000032784,experiments/gol_reward_state_action_symmetry_cycle_1/variant_3_quarter/results/20260909T113037Z-a43b263e/checkpoint_probes/steps_000032784/probe_iteration_000001_steps_000032784.json,m1_minus_m2,single_permuted_training_labels,saved,-0.03262726784604042,0.4906072259780741,0.47510582109789995,1.0326272678460404,0.4637507554247953,0.4906072259780741,1.057911432464791,-0.026856470553278777,10000,,,10000,10000,,,
variant_3_quarter,20260909T113037Z-a43b263e,3,quarter,intermediate,32784,1,iteration_000001_steps_000032784,experiments/gol_reward_state_action_symmetry_cycle_1/variant_3_quarter/results/20260909T113037Z-a43b263e/checkpoint_probes/steps_000032784/probe_iteration_000001_steps_000032784.json,e_minus_s,single_permuted_training_labels,saved,-0.013280530234847765,0.15446937284833448,0.15244482474417342,1.0132805302348478,0.15184375337085063,0.15446937284833448,1.0172915870373098,-0.0026256194774838537,10000,,,10000,10000,,,
variant_3_quarter,20260909T113037Z-a43b263e,3,quarter,intermediate,32784,1,iteration_000001_steps_000032784,experiments/gol_reward_state_action_symmetry_cycle_1/variant_3_quarter/results/20260909T113037Z-a43b263e/checkpoint_probes/steps_000032784/probe_iteration_000001_steps_000032784.json,fine_belief,log_next_token,not_fitted_or_saved,,,,,,,,,,,,,,,,
variant_3_quarter,20260909T113037Z-a43b263e,3,quarter,intermediate,32784,1,iteration_000001_steps_000032784,experiments/gol_reward_state_action_symmetry_cycle_1/variant_3_quarter/results/20260909T113037Z-a43b263e/checkpoint_probes/steps_000032784/probe_iteration_000001_steps_000032784.json,coarse_belief,log_next_token,not_fitted_or_saved,,,,,,,,,,,,,,,,
variant_3_quarter,20260909T113037Z-a43b263e,3,quarter,intermediate,32784,1,iteration_000001_steps_000032784,experiments/gol_reward_state_action_symmetry_cycle_1/variant_3_quarter/results/20260909T113037Z-a43b263e/checkpoint_probes/steps_000032784/probe_iteration_000001_steps_000032784.json,m1_minus_m2,log_next_token,not_fitted_or_saved,,,,,,,,,,,,,,,,
variant_3_quarter,20260909T113037Z-a43b263e,3,quarter,intermediate,32784,1,iteration_000001_steps_000032784,experiments/gol_reward_state_action_symmetry_cycle_1/variant_3_quarter/results/20260909T113037Z-a43b263e/checkpoint_probes/steps_000032784/probe_iteration_000001_steps_000032784.json,e_minus_s,log_next_token,not_fitted_or_saved,,,,,,,,,,,,,,,,
variant_3_quarter,20260909T113037Z-a43b263e,3,quarter,intermediate,65568,2,iteration_000002_steps_000065568,experiments/gol_reward_state_action_symmetry_cycle_1/variant_3_quarter/results/20260909T113037Z-a43b263e/checkpoint_probes/steps_000065568/probe_iteration_000002_steps_000065568.json,fine_belief,post_final_layer_norm,saved,0.19913713231710428,0.09375365093629989,0.11706579830271512,0.8008628676828957,0.09180314668249451,0.09375365093629989,1.0212465947442009,-0.0019505042538053852,10000,0.0857240159404145,0.10407545304308218,10000,10000,16,200,held_out_environment_trajectory_fixed_probe
variant_3_quarter,20260909T113037Z-a43b263e,3,quarter,intermediate,65568,2,iteration_000002_steps_000065568,experiments/gol_reward_state_action_symmetry_cycle_1/variant_3_quarter/results/20260909T113037Z-a43b263e/checkpoint_probes/steps_000065568/probe_iteration_000002_steps_000065568.json,coarse_belief,post_final_layer_norm,saved,0.583400405772739,0.04222299446552032,0.10135150165913764,0.41659959422726106,0.053487889212621785,0.04222299446552032,0.7893935447270699,0.011264894747101468,10000,0.039233715616334604,0.045092169341245304,10000,10000,16,200,held_out_environment_trajectory_fixed_probe
variant_3_quarter,20260909T113037Z-a43b263e,3,quarter,intermediate,65568,2,iteration_000002_steps_000065568,experiments/gol_reward_state_action_symmetry_cycle_1/variant_3_quarter/results/20260909T113037Z-a43b263e/checkpoint_probes/steps_000065568/probe_iteration_000002_steps_000065568.json,m1_minus_m2,post_final_layer_norm,saved,-0.10530237996149672,0.5271874065339943,0.476962156321747,1.1053023799614965,0.46646850218457264,0.5271874065339943,1.1301672118590258,-0.060718904349421676,10000,0.4673620862283688,0.6054064431055579,10000,10000,16,200,held_out_environment_trajectory_fixed_probe
variant_3_quarter,20260909T113037Z-a43b263e,3,quarter,intermediate,65568,2,iteration_000002_steps_000065568,experiments/gol_reward_state_action_symmetry_cycle_1/variant_3_quarter/results/20260909T113037Z-a43b263e/checkpoint_probes/steps_000065568/probe_iteration_000002_steps_000065568.json,e_minus_s,post_final_layer_norm,saved,0.0038479912333179156,0.16184946928297203,0.16247467039027,0.9961520087666821,0.16201534327468886,0.16184946928297203,0.99897618343816,0.0001658739917168306,10000,0.14739872909739987,0.17354109868883386,10000,10000,16,200,held_out_environment_trajectory_fixed_probe
variant_3_quarter,20260909T113037Z-a43b263e,3,quarter,intermediate,65568,2,iteration_000002_steps_000065568,experiments/gol_reward_state_action_symmetry_cycle_1/variant_3_quarter/results/20260909T113037Z-a43b263e/checkpoint_probes/steps_000065568/probe_iteration_000002_steps_000065568.json,fine_belief,categorical_plus_marginals,saved,0.8275314962422083,0.0201901630744807,0.11706579830271512,0.17246850375779163,0.09180314668249451,0.0201901630744807,0.2199288783020622,0.07161298360801381,10000,,,10000,10000,,,
variant_3_quarter,20260909T113037Z-a43b263e,3,quarter,intermediate,65568,2,iteration_000002_steps_000065568,experiments/gol_reward_state_action_symmetry_cycle_1/variant_3_quarter/results/20260909T113037Z-a43b263e/checkpoint_probes/steps_000065568/probe_iteration_000002_steps_000065568.json,coarse_belief,categorical_plus_marginals,saved,0.7343875819109402,0.026920217432640902,0.10135150165913764,0.2656124180890598,0.053487889212621785,0.026920217432640902,0.5032955652003634,0.026567671779980883,10000,,,10000,10000,,,
variant_3_quarter,20260909T113037Z-a43b263e,3,quarter,intermediate,65568,2,iteration_000002_steps_000065568,experiments/gol_reward_state_action_symmetry_cycle_1/variant_3_quarter/results/20260909T113037Z-a43b263e/checkpoint_probes/steps_000065568/probe_iteration_000002_steps_000065568.json,m1_minus_m2,categorical_plus_marginals,saved,0.9999999999999996,2.0488016033817423e-16,0.476962156321747,4.2955223516720074e-16,0.46646850218457264,2.0488016033817423e-16,4.392154226462799e-16,0.4664685021845724,10000,,,10000,10000,,,
variant_3_quarter,20260909T113037Z-a43b263e,3,quarter,intermediate,65568,2,iteration_000002_steps_000065568,experiments/gol_reward_state_action_symmetry_cycle_1/variant_3_quarter/results/20260909T113037Z-a43b263e/checkpoint_probes/steps_000065568/probe_iteration_000002_steps_000065568.json,e_minus_s,categorical_plus_marginals,saved,0.005867781064793576,0.1615213045958454,0.16247467039027,0.9941322189352065,0.16201534327468886,0.1615213045958454,0.9969506673327486,0.0004940386788434559,10000,,,10000,10000,,,
variant_3_quarter,20260909T113037Z-a43b263e,3,quarter,intermediate,65568,2,iteration_000002_steps_000065568,experiments/gol_reward_state_action_symmetry_cycle_1/variant_3_quarter/results/20260909T113037Z-a43b263e/checkpoint_probes/steps_000065568/probe_iteration_000002_steps_000065568.json,fine_belief,combined_marginals,saved,0.8272454456469851,0.020223649815765476,0.11706579830271512,0.17275455435301487,0.09180314668249451,0.020223649815765476,0.2202936451155636,0.07157949686672903,10000,,,10000,10000,,,
variant_3_quarter,20260909T113037Z-a43b263e,3,quarter,intermediate,65568,2,iteration_000002_steps_000065568,experiments/gol_reward_state_action_symmetry_cycle_1/variant_3_quarter/results/20260909T113037Z-a43b263e/checkpoint_probes/steps_000065568/probe_iteration_000002_steps_000065568.json,coarse_belief,combined_marginals,saved,0.733947045878925,0.026964866421020604,0.10135150165913764,0.266052954121075,0.053487889212621785,0.026964866421020604,0.5041303146929489,0.02652302279160118,10000,,,10000,10000,,,
variant_3_quarter,20260909T113037Z-a43b263e,3,quarter,intermediate,65568,2,iteration_000002_steps_000065568,experiments/gol_reward_state_action_symmetry_cycle_1/variant_3_quarter/results/20260909T113037Z-a43b263e/checkpoint_probes/steps_000065568/probe_iteration_000002_steps_000065568.json,m1_minus_m2,combined_marginals,saved,0.9999999999999996,2.035848207903692e-16,0.476962156321747,4.26836423166948e-16,0.46646850218457264,2.035848207903692e-16,4.3643851586320954e-16,0.4664685021845724,10000,,,10000,10000,,,
variant_3_quarter,20260909T113037Z-a43b263e,3,quarter,intermediate,65568,2,iteration_000002_steps_000065568,experiments/gol_reward_state_action_symmetry_cycle_1/variant_3_quarter/results/20260909T113037Z-a43b263e/checkpoint_probes/steps_000065568/probe_iteration_000002_steps_000065568.json,e_minus_s,combined_marginals,saved,0.004218946020938974,0.1617891985261236,0.16247467039027,0.9957810539790611,0.16201534327468886,0.1617891985261236,0.9986041769625372,0.00022614474856524902,10000,,,10000,10000,,,
variant_3_quarter,20260909T113037Z-a43b263e,3,quarter,intermediate,65568,2,iteration_000002_steps_000065568,experiments/gol_reward_state_action_symmetry_cycle_1/variant_3_quarter/results/20260909T113037Z-a43b263e/checkpoint_probes/steps_000065568/probe_iteration_000002_steps_000065568.json,fine_belief,next_reward,saved,0.8272454456365586,0.020223649816986076,0.11706579830271512,0.1727545543634415,0.09180314668249451,0.020223649816986076,0.22029364512885946,0.07157949686550844,10000,,,10000,10000,,,
variant_3_quarter,20260909T113037Z-a43b263e,3,quarter,intermediate,65568,2,iteration_000002_steps_000065568,experiments/gol_reward_state_action_symmetry_cycle_1/variant_3_quarter/results/20260909T113037Z-a43b263e/checkpoint_probes/steps_000065568/probe_iteration_000002_steps_000065568.json,coarse_belief,next_reward,saved,0.7339470458628701,0.026964866422647796,0.10135150165913764,0.2660529541371299,0.053487889212621785,0.026964866422647796,0.5041303147233706,0.02652302278997399,10000,,,10000,10000,,,
variant_3_quarter,20260909T113037Z-a43b263e,3,quarter,intermediate,65568,2,iteration_000002_steps_000065568,experiments/gol_reward_state_action_symmetry_cycle_1/variant_3_quarter/results/20260909T113037Z-a43b263e/checkpoint_probes/steps_000065568/probe_iteration_000002_steps_000065568.json,m1_minus_m2,next_reward,saved,0.9999999999999961,1.832261786038903e-15,0.476962156321747,3.8415244516860665e-15,0.46646850218457264,1.832261786038903e-15,3.92794321043763e-15,0.4664685021845708,10000,,,10000,10000,,,
variant_3_quarter,20260909T113037Z-a43b263e,3,quarter,intermediate,65568,2,iteration_000002_steps_000065568,experiments/gol_reward_state_action_symmetry_cycle_1/variant_3_quarter/results/20260909T113037Z-a43b263e/checkpoint_probes/steps_000065568/probe_iteration_000002_steps_000065568.json,e_minus_s,next_reward,saved,0.004218945960848597,0.16178919853588677,0.16247467039027,0.9957810540391515,0.16201534327468886,0.16178919853588677,0.9986041770227979,0.00022614473880208652,10000,,,10000,10000,,,
variant_3_quarter,20260909T113037Z-a43b263e,3,quarter,intermediate,65568,2,iteration_000002_steps_000065568,experiments/gol_reward_state_action_symmetry_cycle_1/variant_3_quarter/results/20260909T113037Z-a43b263e/checkpoint_probes/steps_000065568/probe_iteration_000002_steps_000065568.json,fine_belief,next_token,saved,0.827245445644298,0.020223649816080047,0.11706579830271512,0.17275455435570203,0.09180314668249451,0.020223649816080047,0.2202936451189902,0.07157949686641446,10000,,,10000,10000,,,
variant_3_quarter,20260909T113037Z-a43b263e,3,quarter,intermediate,65568,2,iteration_000002_steps_000065568,experiments/gol_reward_state_action_symmetry_cycle_1/variant_3_quarter/results/20260909T113037Z-a43b263e/checkpoint_probes/steps_000065568/probe_iteration_000002_steps_000065568.json,coarse_belief,next_token,saved,0.7339470458747871,0.026964866421439988,0.10135150165913764,0.2660529541252129,0.053487889212621785,0.026964866421439988,0.5041303147007895,0.026523022791181797,10000,,,10000,10000,,,
variant_3_quarter,20260909T113037Z-a43b263e,3,quarter,intermediate,65568,2,iteration_000002_steps_000065568,experiments/gol_reward_state_action_symmetry_cycle_1/variant_3_quarter/results/20260909T113037Z-a43b263e/checkpoint_probes/steps_000065568/probe_iteration_000002_steps_000065568.json,m1_minus_m2,next_token,saved,0.999999999999999,4.580658778426915e-16,0.476962156321747,9.603820172552461e-16,0.46646850218457264,4.580658778426915e-16,9.819867272869874e-16,0.4664685021845722,10000,,,10000,10000,,,
variant_3_quarter,20260909T113037Z-a43b263e,3,quarter,intermediate,65568,2,iteration_000002_steps_000065568,experiments/gol_reward_state_action_symmetry_cycle_1/variant_3_quarter/results/20260909T113037Z-a43b263e/checkpoint_probes/steps_000065568/probe_iteration_000002_steps_000065568.json,e_minus_s,next_token,saved,0.004218946005451474,0.16178919852863993,0.16247467039027,0.9957810539945485,0.16201534327468886,0.16178919852863993,0.9986041769780686,0.00022614474604892854,10000,,,10000,10000,,,
variant_3_quarter,20260909T113037Z-a43b263e,3,quarter,intermediate,65568,2,iteration_000002_steps_000065568,experiments/gol_reward_state_action_symmetry_cycle_1/variant_3_quarter/results/20260909T113037Z-a43b263e/checkpoint_probes/steps_000065568/probe_iteration_000002_steps_000065568.json,fine_belief,previous_action_latest_token,saved,0.20852862509521497,0.09265422833697619,0.11706579830271512,0.791471374904785,0.09180314668249451,0.09265422833697619,1.0092707242097614,-0.0008510816544816807,10000,,,10000,10000,,,
variant_3_quarter,20260909T113037Z-a43b263e,3,quarter,intermediate,65568,2,iteration_000002_steps_000065568,experiments/gol_reward_state_action_symmetry_cycle_1/variant_3_quarter/results/20260909T113037Z-a43b263e/checkpoint_probes/steps_000065568/probe_iteration_000002_steps_000065568.json,coarse_belief,previous_action_latest_token,saved,0.4708970522769719,0.053625378284005105,0.10135150165913764,0.5291029477230281,0.053487889212621785,0.053625378284005105,1.002570471061903,-0.00013748907138332045,10000,,,10000,10000,,,
variant_3_quarter,20260909T113037Z-a43b263e,3,quarter,intermediate,65568,2,iteration_000002_steps_000065568,experiments/gol_reward_state_action_symmetry_cycle_1/variant_3_quarter/results/20260909T113037Z-a43b263e/checkpoint_probes/steps_000065568/probe_iteration_000002_steps_000065568.json,m1_minus_m2,previous_action_latest_token,saved,0.009234087576082795,0.4725578459997947,0.476962156321747,0.9907659124239173,0.46646850218457264,0.4725578459997947,1.0130541371747597,-0.006089343815222081,10000,,,10000,10000,,,
variant_3_quarter,20260909T113037Z-a43b263e,3,quarter,intermediate,65568,2,iteration_000002_steps_000065568,experiments/gol_reward_state_action_symmetry_cycle_1/variant_3_quarter/results/20260909T113037Z-a43b263e/checkpoint_probes/steps_000065568/probe_iteration_000002_steps_000065568.json,e_minus_s,previous_action_latest_token,saved,-0.00029993776627690316,0.16252340267998344,0.16247467039027,1.000299937766277,0.16201534327468886,0.16252340267998344,1.0031358721651022,-0.0005080594052945808,10000,,,10000,10000,,,
variant_3_quarter,20260909T113037Z-a43b263e,3,quarter,intermediate,65568,2,iteration_000002_steps_000065568,experiments/gol_reward_state_action_symmetry_cycle_1/variant_3_quarter/results/20260909T113037Z-a43b263e/checkpoint_probes/steps_000065568/probe_iteration_000002_steps_000065568.json,fine_belief,shuffled_history_broken_alignment,saved,-0.07573633198892149,0.12593193246751766,0.11706579830271512,1.0757363319889215,0.09180314668249451,0.12593193246751766,1.3717605225783727,-0.03412878578502315,10000,,,10000,10000,,,
variant_3_quarter,20260909T113037Z-a43b263e,3,quarter,intermediate,65568,2,iteration_000002_steps_000065568,experiments/gol_reward_state_action_symmetry_cycle_1/variant_3_quarter/results/20260909T113037Z-a43b263e/checkpoint_probes/steps_000065568/probe_iteration_000002_steps_000065568.json,coarse_belief,shuffled_history_broken_alignment,saved,-0.024615320356634163,0.10384630134110326,0.10135150165913764,1.0246153203566342,0.053487889212621785,0.10384630134110326,1.9414918567509702,-0.050358412128481474,10000,,,10000,10000,,,
variant_3_quarter,20260909T113037Z-a43b263e,3,quarter,intermediate,65568,2,iteration_000002_steps_000065568,experiments/gol_reward_state_action_symmetry_cycle_1/variant_3_quarter/results/20260909T113037Z-a43b263e/checkpoint_probes/steps_000065568/probe_iteration_000002_steps_000065568.json,m1_minus_m2,shuffled_history_broken_alignment,saved,-0.12705592706401703,0.5375630252676592,0.476962156321747,1.127055927064017,0.46646850218457264,0.5375630252676592,1.1524101257644097,-0.07109452308308656,10000,,,10000,10000,,,
variant_3_quarter,20260909T113037Z-a43b263e,3,quarter,intermediate,65568,2,iteration_000002_steps_000065568,experiments/gol_reward_state_action_symmetry_cycle_1/variant_3_quarter/results/20260909T113037Z-a43b263e/checkpoint_probes/steps_000065568/probe_iteration_000002_steps_000065568.json,e_minus_s,shuffled_history_broken_alignment,saved,-0.006444185616274911,0.163521687324208,0.16247467039027,1.006444185616275,0.16201534327468886,0.163521687324208,1.0092975394741792,-0.0015063440495191316,10000,,,10000,10000,,,
variant_3_quarter,20260909T113037Z-a43b263e,3,quarter,intermediate,65568,2,iteration_000002_steps_000065568,experiments/gol_reward_state_action_symmetry_cycle_1/variant_3_quarter/results/20260909T113037Z-a43b263e/checkpoint_probes/steps_000065568/probe_iteration_000002_steps_000065568.json,fine_belief,single_permuted_training_labels,saved,-0.017397891546363953,0.11910249636537429,0.11706579830271512,1.0173978915463642,0.09180314668249451,0.11910249636537429,1.2973683437812416,-0.02729934968287978,10000,,,10000,10000,,,
variant_3_quarter,20260909T113037Z-a43b263e,3,quarter,intermediate,65568,2,iteration_000002_steps_000065568,experiments/gol_reward_state_action_symmetry_cycle_1/variant_3_quarter/results/20260909T113037Z-a43b263e/checkpoint_probes/steps_000065568/probe_iteration_000002_steps_000065568.json,coarse_belief,single_permuted_training_labels,saved,-0.00525822202898385,0.10188443035783232,0.10135150165913764,1.0052582220289838,0.053487889212621785,0.10188443035783232,1.9048130681101951,-0.04839654114521053,10000,,,10000,10000,,,
variant_3_quarter,20260909T113037Z-a43b263e,3,quarter,intermediate,65568,2,iteration_000002_steps_000065568,experiments/gol_reward_state_action_symmetry_cycle_1/variant_3_quarter/results/20260909T113037Z-a43b263e/checkpoint_probes/steps_000065568/probe_iteration_000002_steps_000065568.json,m1_minus_m2,single_permuted_training_labels,saved,-0.027915876275097284,0.49027697286552846,0.476962156321747,1.0279158762750973,0.46646850218457264,0.49027697286552846,1.051039824917343,-0.023808470680955818,10000,,,10000,10000,,,
variant_3_quarter,20260909T113037Z-a43b263e,3,quarter,intermediate,65568,2,iteration_000002_steps_000065568,experiments/gol_reward_state_action_symmetry_cycle_1/variant_3_quarter/results/20260909T113037Z-a43b263e/checkpoint_probes/steps_000065568/probe_iteration_000002_steps_000065568.json,e_minus_s,single_permuted_training_labels,saved,-0.01564034247328805,0.16501582987840843,0.16247467039027,1.015640342473288,0.16201534327468886,0.16501582987840843,1.0185197682088196,-0.003000486603719571,10000,,,10000,10000,,,
variant_3_quarter,20260909T113037Z-a43b263e,3,quarter,intermediate,65568,2,iteration_000002_steps_000065568,experiments/gol_reward_state_action_symmetry_cycle_1/variant_3_quarter/results/20260909T113037Z-a43b263e/checkpoint_probes/steps_000065568/probe_iteration_000002_steps_000065568.json,fine_belief,log_next_token,not_fitted_or_saved,,,,,,,,,,,,,,,,
variant_3_quarter,20260909T113037Z-a43b263e,3,quarter,intermediate,65568,2,iteration_000002_steps_000065568,experiments/gol_reward_state_action_symmetry_cycle_1/variant_3_quarter/results/20260909T113037Z-a43b263e/checkpoint_probes/steps_000065568/probe_iteration_000002_steps_000065568.json,coarse_belief,log_next_token,not_fitted_or_saved,,,,,,,,,,,,,,,,
variant_3_quarter,20260909T113037Z-a43b263e,3,quarter,intermediate,65568,2,iteration_000002_steps_000065568,experiments/gol_reward_state_action_symmetry_cycle_1/variant_3_quarter/results/20260909T113037Z-a43b263e/checkpoint_probes/steps_000065568/probe_iteration_000002_steps_000065568.json,m1_minus_m2,log_next_token,not_fitted_or_saved,,,,,,,,,,,,,,,,
variant_3_quarter,20260909T113037Z-a43b263e,3,quarter,intermediate,65568,2,iteration_000002_steps_000065568,experiments/gol_reward_state_action_symmetry_cycle_1/variant_3_quarter/results/20260909T113037Z-a43b263e/checkpoint_probes/steps_000065568/probe_iteration_000002_steps_000065568.json,e_minus_s,log_next_token,not_fitted_or_saved,,,,,,,,,,,,,,,,
variant_3_quarter,20260909T113037Z-a43b263e,3,quarter,intermediate,131136,4,iteration_000004_steps_000131136,experiments/gol_reward_state_action_symmetry_cycle_1/variant_3_quarter/results/20260909T113037Z-a43b263e/checkpoint_probes/steps_000131136/probe_iteration_000004_steps_000131136.json,fine_belief,post_final_layer_norm,saved,0.24740892719372554,0.09647804422314642,0.12819451055059347,0.7525910728062745,0.10221639637081165,0.09647804422314642,0.9438607468918377,0.005738352147665229,10000,0.09094724319239145,0.10138526717993979,10000,10000,16,200,held_out_environment_trajectory_fixed_probe
variant_3_quarter,20260909T113037Z-a43b263e,3,quarter,intermediate,131136,4,iteration_000004_steps_000131136,experiments/gol_reward_state_action_symmetry_cycle_1/variant_3_quarter/results/20260909T113037Z-a43b263e/checkpoint_probes/steps_000131136/probe_iteration_000004_steps_000131136.json,coarse_belief,post_final_layer_norm,saved,0.6164049600088348,0.04407136650043768,0.11489034504057383,0.3835950399911651,0.06350220783632983,0.04407136650043768,0.6940131375278624,0.01943084133589215,10000,0.041297559153993524,0.04713302417827155,10000,10000,16,200,held_out_environment_trajectory_fixed_probe
variant_3_quarter,20260909T113037Z-a43b263e,3,quarter,intermediate,131136,4,iteration_000004_steps_000131136,experiments/gol_reward_state_action_symmetry_cycle_1/variant_3_quarter/results/20260909T113037Z-a43b263e/checkpoint_probes/steps_000131136/probe_iteration_000004_steps_000131136.json,m1_minus_m2,post_final_layer_norm,saved,-0.0596279996828295,0.5307072842367297,0.5008430169791496,1.0596279996828297,0.49871929262303927,0.5307072842367297,1.0641402730691407,-0.03198799161369048,10000,0.4906675593175651,0.567464919087902,10000,10000,16,200,held_out_environment_trajectory_fixed_probe
variant_3_quarter,20260909T113037Z-a43b263e,3,quarter,intermediate,131136,4,iteration_000004_steps_000131136,experiments/gol_reward_state_action_symmetry_cycle_1/variant_3_quarter/results/20260909T113037Z-a43b263e/checkpoint_probes/steps_000131136/probe_iteration_000004_steps_000131136.json,e_minus_s,post_final_layer_norm,saved,0.004912899881136745,0.19449481064007315,0.19545506178990837,0.9950871001188633,0.19500914099440364,0.19449481064007315,0.9973625320756362,0.0005143303543304889,10000,0.18066194543046668,0.207856079118484,10000,10000,16,200,held_out_environment_trajectory_fixed_probe
variant_3_quarter,20260909T113037Z-a43b263e,3,quarter,intermediate,131136,4,iteration_000004_steps_000131136,experiments/gol_reward_state_action_symmetry_cycle_1/variant_3_quarter/results/20260909T113037Z-a43b263e/checkpoint_probes/steps_000131136/probe_iteration_000004_steps_000131136.json,fine_belief,categorical_plus_marginals,saved,0.81122308129585,0.02420016469652769,0.12819451055059347,0.18877691870415006,0.10221639637081165,0.02420016469652769,0.23675423469965096,0.07801623167428395,10000,,,10000,10000,,,
variant_3_quarter,20260909T113037Z-a43b263e,3,quarter,intermediate,131136,4,iteration_000004_steps_000131136,experiments/gol_reward_state_action_symmetry_cycle_1/variant_3_quarter/results/20260909T113037Z-a43b263e/checkpoint_probes/steps_000131136/probe_iteration_000004_steps_000131136.json,coarse_belief,categorical_plus_marginals,saved,0.7191505844060113,0.03226688626203688,0.11489034504057383,0.28084941559398874,0.06350220783632983,0.03226688626203688,0.5081222741924397,0.03123532157429295,10000,,,10000,10000,,,
variant_3_quarter,20260909T113037Z-a43b263e,3,quarter,intermediate,131136,4,iteration_000004_steps_000131136,experiments/gol_reward_state_action_symmetry_cycle_1/variant_3_quarter/results/20260909T113037Z-a43b263e/checkpoint_probes/steps_000131136/probe_iteration_000004_steps_000131136.json,m1_minus_m2,categorical_plus_marginals,saved,0.9999999999999996,2.3840466651516025e-16,0.5008430169791496,4.760067694526431e-16,0.49871929262303927,2.3840466651516025e-16,4.780337757965185e-16,0.49871929262303905,10000,,,10000,10000,,,
variant_3_quarter,20260909T113037Z-a43b263e,3,quarter,intermediate,131136,4,iteration_000004_steps_000131136,experiments/gol_reward_state_action_symmetry_cycle_1/variant_3_quarter/results/20260909T113037Z-a43b263e/checkpoint_probes/steps_000131136/probe_iteration_000004_steps_000131136.json,e_minus_s,categorical_plus_marginals,saved,0.009484247686967873,0.19360131757222127,0.19545506178990837,0.9905157523130321,0.19500914099440364,0.19360131757222127,0.9927807311236616,0.0014078234221823749,10000,,,10000,10000,,,
variant_3_quarter,20260909T113037Z-a43b263e,3,quarter,intermediate,131136,4,iteration_000004_steps_000131136,experiments/gol_reward_state_action_symmetry_cycle_1/variant_3_quarter/results/20260909T113037Z-a43b263e/checkpoint_probes/steps_000131136/probe_iteration_000004_steps_000131136.json,fine_belief,combined_marginals,saved,0.8106072151204976,0.024279115359441644,0.12819451055059347,0.18939278487950234,0.10221639637081165,0.024279115359441644,0.23752662216112574,0.07793728101137,10000,,,10000,10000,,,
variant_3_quarter,20260909T113037Z-a43b263e,3,quarter,intermediate,131136,4,iteration_000004_steps_000131136,experiments/gol_reward_state_action_symmetry_cycle_1/variant_3_quarter/results/20260909T113037Z-a43b263e/checkpoint_probes/steps_000131136/probe_iteration_000004_steps_000131136.json,coarse_belief,combined_marginals,saved,0.7182343407432843,0.032372153812588816,0.11489034504057383,0.28176565925671565,0.06350220783632983,0.032372153812588816,0.5097799732573801,0.031130054023741013,10000,,,10000,10000,,,
variant_3_quarter,20260909T113037Z-a43b263e,3,quarter,intermediate,131136,4,iteration_000004_steps_000131136,experiments/gol_reward_state_action_symmetry_cycle_1/variant_3_quarter/results/20260909T113037Z-a43b263e/checkpoint_probes/steps_000131136/probe_iteration_000004_steps_000131136.json,m1_minus_m2,combined_marginals,saved,0.9999999999999996,2.3670717585022494e-16,0.5008430169791496,4.726175025418777e-16,0.49871929262303927,2.3670717585022494e-16,4.746300761802328e-16,0.49871929262303905,10000,,,10000,10000,,,
variant_3_quarter,20260909T113037Z-a43b263e,3,quarter,intermediate,131136,4,iteration_000004_steps_000131136,experiments/gol_reward_state_action_symmetry_cycle_1/variant_3_quarter/results/20260909T113037Z-a43b263e/checkpoint_probes/steps_000131136/probe_iteration_000004_steps_000131136.json,e_minus_s,combined_marginals,saved,0.006252787229880652,0.1942329228755329,0.19545506178990837,0.9937472127701193,0.19500914099440364,0.1942329228755329,0.9960195808518894,0.0007762181188707418,10000,,,10000,10000,,,
variant_3_quarter,20260909T113037Z-a43b263e,3,quarter,intermediate,131136,4,iteration_000004_steps_000131136,experiments/gol_reward_state_action_symmetry_cycle_1/variant_3_quarter/results/20260909T113037Z-a43b263e/checkpoint_probes/steps_000131136/probe_iteration_000004_steps_000131136.json,fine_belief,next_reward,saved,0.8106072151096934,0.024279115360826695,0.12819451055059347,0.18939278489030664,0.10221639637081165,0.024279115360826695,0.23752662217467593,0.07793728100998495,10000,,,10000,10000,,,
variant_3_quarter,20260909T113037Z-a43b263e,3,quarter,intermediate,131136,4,iteration_000004_steps_000131136,experiments/gol_reward_state_action_symmetry_cycle_1/variant_3_quarter/results/20260909T113037Z-a43b263e/checkpoint_probes/steps_000131136/probe_iteration_000004_steps_000131136.json,coarse_belief,next_reward,saved,0.7182343407272131,0.03237215381443524,0.11489034504057383,0.28176565927278685,0.06350220783632983,0.03237215381443524,0.5097799732864567,0.031130054021894588,10000,,,10000,10000,,,
variant_3_quarter,20260909T113037Z-a43b263e,3,quarter,intermediate,131136,4,iteration_000004_steps_000131136,experiments/gol_reward_state_action_symmetry_cycle_1/variant_3_quarter/results/20260909T113037Z-a43b263e/checkpoint_probes/steps_000131136/probe_iteration_000004_steps_000131136.json,m1_minus_m2,next_reward,saved,0.9999999999999958,2.1303651854380285e-15,0.5008430169791496,4.253558726419694e-15,0.49871929262303927,2.1303651854380285e-15,4.271671894290003e-15,0.49871929262303716,10000,,,10000,10000,,,
variant_3_quarter,20260909T113037Z-a43b263e,3,quarter,intermediate,131136,4,iteration_000004_steps_000131136,experiments/gol_reward_state_action_symmetry_cycle_1/variant_3_quarter/results/20260909T113037Z-a43b263e/checkpoint_probes/steps_000131136/probe_iteration_000004_steps_000131136.json,e_minus_s,next_reward,saved,0.006252787173200103,0.19423292288661143,0.19545506178990837,0.9937472128268,0.19500914099440364,0.19423292288661143,0.9960195809086996,0.0007762181077922148,10000,,,10000,10000,,,
variant_3_quarter,20260909T113037Z-a43b263e,3,quarter,intermediate,131136,4,iteration_000004_steps_000131136,experiments/gol_reward_state_action_symmetry_cycle_1/variant_3_quarter/results/20260909T113037Z-a43b263e/checkpoint_probes/steps_000131136/probe_iteration_000004_steps_000131136.json,fine_belief,next_token,saved,0.8106072151177681,0.024279115359791558,0.12819451055059347,0.1893927848822319,0.10221639637081165,0.024279115359791558,0.23752662216454903,0.07793728101102008,10000,,,10000,10000,,,
variant_3_quarter,20260909T113037Z-a43b263e,3,quarter,intermediate,131136,4,iteration_000004_steps_000131136,experiments/gol_reward_state_action_symmetry_cycle_1/variant_3_quarter/results/20260909T113037Z-a43b263e/checkpoint_probes/steps_000131136/probe_iteration_000004_steps_000131136.json,coarse_belief,next_token,saved,0.7182343407392239,0.032372153813055325,0.11489034504057383,0.2817656592607761,0.06350220783632983,0.032372153813055325,0.5097799732647265,0.031130054023274505,10000,,,10000,10000,,,
variant_3_quarter,20260909T113037Z-a43b263e,3,quarter,intermediate,131136,4,iteration_000004_steps_000131136,experiments/gol_reward_state_action_symmetry_cycle_1/variant_3_quarter/results/20260909T113037Z-a43b263e/checkpoint_probes/steps_000131136/probe_iteration_000004_steps_000131136.json,m1_minus_m2,next_token,saved,0.9999999999999989,5.325911371901095e-16,0.5008430169791496,1.0633893638019548e-15,0.49871929262303927,5.325911371901095e-16,1.067917654416214e-15,0.4987192926230387,10000,,,10000,10000,,,
variant_3_quarter,20260909T113037Z-a43b263e,3,quarter,intermediate,131136,4,iteration_000004_steps_000131136,experiments/gol_reward_state_action_symmetry_cycle_1/variant_3_quarter/results/20260909T113037Z-a43b263e/checkpoint_probes/steps_000131136/probe_iteration_000004_steps_000131136.json,e_minus_s,next_token,saved,0.006252787215560107,0.19423292287833194,0.19545506178990837,0.99374721278444,0.19500914099440364,0.19423292287833194,0.9960195808662426,0.000776218116071703,10000,,,10000,10000,,,
variant_3_quarter,20260909T113037Z-a43b263e,3,quarter,intermediate,131136,4,iteration_000004_steps_000131136,experiments/gol_reward_state_action_symmetry_cycle_1/variant_3_quarter/results/20260909T113037Z-a43b263e/checkpoint_probes/steps_000131136/probe_iteration_000004_steps_000131136.json,fine_belief,previous_action_latest_token,saved,0.20072125631552484,0.10246314734012453,0.12819451055059347,0.799278743684475,0.10221639637081165,0.10246314734012453,1.0024140057571365,-0.00024675096931288387,10000,,,10000,10000,,,
variant_3_quarter,20260909T113037Z-a43b263e,3,quarter,intermediate,131136,4,iteration_000004_steps_000131136,experiments/gol_reward_state_action_symmetry_cycle_1/variant_3_quarter/results/20260909T113037Z-a43b263e/checkpoint_probes/steps_000131136/probe_iteration_000004_steps_000131136.json,coarse_belief,previous_action_latest_token,saved,0.44589951618935997,0.06366079577215332,0.11489034504057383,0.55410048381064,0.06350220783632983,0.06366079577215332,1.0024973609773102,-0.00015858793582348985,10000,,,10000,10000,,,
variant_3_quarter,20260909T113037Z-a43b263e,3,quarter,intermediate,131136,4,iteration_000004_steps_000131136,experiments/gol_reward_state_action_symmetry_cycle_1/variant_3_quarter/results/20260909T113037Z-a43b263e/checkpoint_probes/steps_000131136/probe_iteration_000004_steps_000131136.json,m1_minus_m2,previous_action_latest_token,saved,0.0020920762199087006,0.49979521521342024,0.5008430169791496,0.9979079237800914,0.49871929262303927,0.49979521521342024,1.0021573711029348,-0.0010759225903809733,10000,,,10000,10000,,,
variant_3_quarter,20260909T113037Z-a43b263e,3,quarter,intermediate,131136,4,iteration_000004_steps_000131136,experiments/gol_reward_state_action_symmetry_cycle_1/variant_3_quarter/results/20260909T113037Z-a43b263e/checkpoint_probes/steps_000131136/probe_iteration_000004_steps_000131136.json,e_minus_s,previous_action_latest_token,saved,-0.0017665414434300253,0.19580034125688842,0.19545506178990837,1.00176654144343,0.19500914099440364,0.19580034125688842,1.00405724705237,-0.0007912002624847758,10000,,,10000,10000,,,
variant_3_quarter,20260909T113037Z-a43b263e,3,quarter,intermediate,131136,4,iteration_000004_steps_000131136,experiments/gol_reward_state_action_symmetry_cycle_1/variant_3_quarter/results/20260909T113037Z-a43b263e/checkpoint_probes/steps_000131136/probe_iteration_000004_steps_000131136.json,fine_belief,shuffled_history_broken_alignment,saved,-0.061726242808446186,0.13610747603554932,0.12819451055059347,1.0617262428084462,0.10221639637081165,0.13610747603554932,1.3315620670268065,-0.03389107966473767,10000,,,10000,10000,,,
variant_3_quarter,20260909T113037Z-a43b263e,3,quarter,intermediate,131136,4,iteration_000004_steps_000131136,experiments/gol_reward_state_action_symmetry_cycle_1/variant_3_quarter/results/20260909T113037Z-a43b263e/checkpoint_probes/steps_000131136/probe_iteration_000004_steps_000131136.json,coarse_belief,shuffled_history_broken_alignment,saved,-0.03883825541908559,0.11935248560644651,0.11489034504057383,1.0388382554190856,0.06350220783632983,0.11935248560644651,1.8795013539381942,-0.05585027777011668,10000,,,10000,10000,,,
variant_3_quarter,20260909T113037Z-a43b263e,3,quarter,intermediate,131136,4,iteration_000004_steps_000131136,experiments/gol_reward_state_action_symmetry_cycle_1/variant_3_quarter/results/20260909T113037Z-a43b263e/checkpoint_probes/steps_000131136/probe_iteration_000004_steps_000131136.json,m1_minus_m2,shuffled_history_broken_alignment,saved,-0.0893609260854149,0.5455988127998196,0.5008430169791496,1.089360926085415,0.49871929262303927,0.5455988127998196,1.0939998128610888,-0.04687952017678032,10000,,,10000,10000,,,
variant_3_quarter,20260909T113037Z-a43b263e,3,quarter,intermediate,131136,4,iteration_000004_steps_000131136,experiments/gol_reward_state_action_symmetry_cycle_1/variant_3_quarter/results/20260909T113037Z-a43b263e/checkpoint_probes/steps_000131136/probe_iteration_000004_steps_000131136.json,e_minus_s,shuffled_history_broken_alignment,saved,-0.010734423387385394,0.19755315917636884,0.19545506178990837,1.0107344233873854,0.19500914099440364,0.19755315917636884,1.0130456355481214,-0.002544018181965202,10000,,,10000,10000,,,
variant_3_quarter,20260909T113037Z-a43b263e,3,quarter,intermediate,131136,4,iteration_000004_steps_000131136,experiments/gol_reward_state_action_symmetry_cycle_1/variant_3_quarter/results/20260909T113037Z-a43b263e/checkpoint_probes/steps_000131136/probe_iteration_000004_steps_000131136.json,fine_belief,single_permuted_training_labels,saved,-0.0017754562967178256,0.12842211430155517,0.12819451055059347,1.0017754562967178,0.10221639637081165,0.12842211430155517,1.2563748954294645,-0.026205717930743527,10000,,,10000,10000,,,
variant_3_quarter,20260909T113037Z-a43b263e,3,quarter,intermediate,131136,4,iteration_000004_steps_000131136,experiments/gol_reward_state_action_symmetry_cycle_1/variant_3_quarter/results/20260909T113037Z-a43b263e/checkpoint_probes/steps_000131136/probe_iteration_000004_steps_000131136.json,coarse_belief,single_permuted_training_labels,saved,0.0074595137705780745,0.1140333189296372,0.11489034504057383,0.9925404862294219,0.06350220783632983,0.1140333189296372,1.795737861958216,-0.050531111093307365,10000,,,10000,10000,,,
variant_3_quarter,20260909T113037Z-a43b263e,3,quarter,intermediate,131136,4,iteration_000004_steps_000131136,experiments/gol_reward_state_action_symmetry_cycle_1/variant_3_quarter/results/20260909T113037Z-a43b263e/checkpoint_probes/steps_000131136/probe_iteration_000004_steps_000131136.json,m1_minus_m2,single_permuted_training_labels,saved,-0.009350727436505446,0.5055262635193987,0.5008430169791496,1.0093507274365054,0.49871929262303927,0.5055262635193987,1.0136489022924255,-0.006806970896359399,10000,,,10000,10000,,,
variant_3_quarter,20260909T113037Z-a43b263e,3,quarter,intermediate,131136,4,iteration_000004_steps_000131136,experiments/gol_reward_state_action_symmetry_cycle_1/variant_3_quarter/results/20260909T113037Z-a43b263e/checkpoint_probes/steps_000131136/probe_iteration_000004_steps_000131136.json,e_minus_s,single_permuted_training_labels,saved,-0.00868262872309411,0.1971521255234796,0.19545506178990837,1.0086826287230943,0.19500914099440364,0.1971521255234796,1.0109891491144893,-0.002142984529075964,10000,,,10000,10000,,,
variant_3_quarter,20260909T113037Z-a43b263e,3,quarter,intermediate,131136,4,iteration_000004_steps_000131136,experiments/gol_reward_state_action_symmetry_cycle_1/variant_3_quarter/results/20260909T113037Z-a43b263e/checkpoint_probes/steps_000131136/probe_iteration_000004_steps_000131136.json,fine_belief,log_next_token,not_fitted_or_saved,,,,,,,,,,,,,,,,
variant_3_quarter,20260909T113037Z-a43b263e,3,quarter,intermediate,131136,4,iteration_000004_steps_000131136,experiments/gol_reward_state_action_symmetry_cycle_1/variant_3_quarter/results/20260909T113037Z-a43b263e/checkpoint_probes/steps_000131136/probe_iteration_000004_steps_000131136.json,coarse_belief,log_next_token,not_fitted_or_saved,,,,,,,,,,,,,,,,
variant_3_quarter,20260909T113037Z-a43b263e,3,quarter,intermediate,131136,4,iteration_000004_steps_000131136,experiments/gol_reward_state_action_symmetry_cycle_1/variant_3_quarter/results/20260909T113037Z-a43b263e/checkpoint_probes/steps_000131136/probe_iteration_000004_steps_000131136.json,m1_minus_m2,log_next_token,not_fitted_or_saved,,,,,,,,,,,,,,,,
variant_3_quarter,20260909T113037Z-a43b263e,3,quarter,intermediate,131136,4,iteration_000004_steps_000131136,experiments/gol_reward_state_action_symmetry_cycle_1/variant_3_quarter/results/20260909T113037Z-a43b263e/checkpoint_probes/steps_000131136/probe_iteration_000004_steps_000131136.json,e_minus_s,log_next_token,not_fitted_or_saved,,,,,,,,,,,,,,,,
variant_3_quarter,20260909T113037Z-a43b263e,3,quarter,intermediate,262272,8,iteration_000008_steps_000262272,experiments/gol_reward_state_action_symmetry_cycle_1/variant_3_quarter/results/20260909T113037Z-a43b263e/checkpoint_probes/steps_000262272/probe_iteration_000008_steps_000262272.json,fine_belief,post_final_layer_norm,saved,0.3036098846535056,0.08872471771228267,0.12740662992916976,0.6963901153464945,0.09996560223656628,0.08872471771228267,0.8875524753236387,0.01124088452428361,10000,0.0824974534404209,0.09561163742328332,10000,10000,16,200,held_out_environment_trajectory_fixed_probe
variant_3_quarter,20260909T113037Z-a43b263e,3,quarter,intermediate,262272,8,iteration_000008_steps_000262272,experiments/gol_reward_state_action_symmetry_cycle_1/variant_3_quarter/results/20260909T113037Z-a43b263e/checkpoint_probes/steps_000262272/probe_iteration_000008_steps_000262272.json,coarse_belief,post_final_layer_norm,saved,0.6544598589903898,0.04275237997966185,0.12372623294864261,0.3455401410096102,0.06974752453132942,0.04275237997966185,0.6129591016589873,0.026995144551667564,10000,0.04089299904725692,0.044613289394980334,10000,10000,16,200,held_out_environment_trajectory_fixed_probe
variant_3_quarter,20260909T113037Z-a43b263e,3,quarter,intermediate,262272,8,iteration_000008_steps_000262272,experiments/gol_reward_state_action_symmetry_cycle_1/variant_3_quarter/results/20260909T113037Z-a43b263e/checkpoint_probes/steps_000262272/probe_iteration_000008_steps_000262272.json,m1_minus_m2,post_final_layer_norm,saved,-0.03752097205253846,0.46926483473482455,0.45229431247685825,1.0375209720525385,0.4490526690972713,0.46926483473482455,1.045010679210939,-0.020212165637553237,10000,0.42299643810867904,0.5204123256236951,10000,10000,16,200,held_out_environment_trajectory_fixed_probe
variant_3_quarter,20260909T113037Z-a43b263e,3,quarter,intermediate,262272,8,iteration_000008_steps_000262272,experiments/gol_reward_state_action_symmetry_cycle_1/variant_3_quarter/results/20260909T113037Z-a43b263e/checkpoint_probes/steps_000262272/probe_iteration_000008_steps_000262272.json,e_minus_s,post_final_layer_norm,saved,0.03511831835440027,0.20857016113437093,0.21616138548578911,0.9648816816455997,0.2150461520098238,0.20857016113437093,0.969885576584709,0.006475990875452864,10000,0.19689937118129208,0.21893894088628676,10000,10000,16,200,held_out_environment_trajectory_fixed_probe
variant_3_quarter,20260909T113037Z-a43b263e,3,quarter,intermediate,262272,8,iteration_000008_steps_000262272,experiments/gol_reward_state_action_symmetry_cycle_1/variant_3_quarter/results/20260909T113037Z-a43b263e/checkpoint_probes/steps_000262272/probe_iteration_000008_steps_000262272.json,fine_belief,categorical_plus_marginals,saved,0.7911511765506312,0.026608724760356244,0.12740662992916976,0.2088488234493688,0.09996560223656628,0.026608724760356244,0.26617880715996,0.07335687747621003,10000,,,10000,10000,,,
variant_3_quarter,20260909T113037Z-a43b263e,3,quarter,intermediate,262272,8,iteration_000008_steps_000262272,experiments/gol_reward_state_action_symmetry_cycle_1/variant_3_quarter/results/20260909T113037Z-a43b263e/checkpoint_probes/steps_000262272/probe_iteration_000008_steps_000262272.json,coarse_belief,categorical_plus_marginals,saved,0.7132515972162379,0.03547829968047495,0.12372623294864261,0.2867484027837621,0.06974752453132942,0.03547829968047495,0.5086675106947874,0.034269224850854464,10000,,,10000,10000,,,
variant_3_quarter,20260909T113037Z-a43b263e,3,quarter,intermediate,262272,8,iteration_000008_steps_000262272,experiments/gol_reward_state_action_symmetry_cycle_1/variant_3_quarter/results/20260909T113037Z-a43b263e/checkpoint_probes/steps_000262272/probe_iteration_000008_steps_000262272.json,m1_minus_m2,categorical_plus_marginals,saved,0.9999999999999994,2.480605839154962e-16,0.45229431247685825,5.48449487584897e-16,0.4490526690972713,2.480605839154962e-16,5.524086615812157e-16,0.4490526690972711,10000,,,10000,10000,,,
variant_3_quarter,20260909T113037Z-a43b263e,3,quarter,intermediate,262272,8,iteration_000008_steps_000262272,experiments/gol_reward_state_action_symmetry_cycle_1/variant_3_quarter/results/20260909T113037Z-a43b263e/checkpoint_probes/steps_000262272/probe_iteration_000008_steps_000262272.json,e_minus_s,categorical_plus_marginals,saved,0.015227453300884597,0.21286979808284973,0.21616138548578911,0.9847725466991153,0.2150461520098238,0.21286979808284973,0.9898795960465516,0.002176353926974073,10000,,,10000,10000,,,
variant_3_quarter,20260909T113037Z-a43b263e,3,quarter,intermediate,262272,8,iteration_000008_steps_000262272,experiments/gol_reward_state_action_symmetry_cycle_1/variant_3_quarter/results/20260909T113037Z-a43b263e/checkpoint_probes/steps_000262272/probe_iteration_000008_steps_000262272.json,fine_belief,combined_marginals,saved,0.7894629673254243,0.02682381380835519,0.12740662992916976,0.2105370326745757,0.09996560223656628,0.02682381380835519,0.2683304377527508,0.07314178842821109,10000,,,10000,10000,,,
variant_3_quarter,20260909T113037Z-a43b263e,3,quarter,intermediate,262272,8,iteration_000008_steps_000262272,experiments/gol_reward_state_action_symmetry_cycle_1/variant_3_quarter/results/20260909T113037Z-a43b263e/checkpoint_probes/steps_000262272/probe_iteration_000008_steps_000262272.json,coarse_belief,combined_marginals,saved,0.7109336942905828,0.03576508507780688,0.12372623294864261,0.2890663057094171,0.06974752453132942,0.03576508507780688,0.5127792752234784,0.033982439453522535,10000,,,10000,10000,,,
variant_3_quarter,20260909T113037Z-a43b263e,3,quarter,intermediate,262272,8,iteration_000008_steps_000262272,experiments/gol_reward_state_action_symmetry_cycle_1/variant_3_quarter/results/20260909T113037Z-a43b263e/checkpoint_probes/steps_000262272/probe_iteration_000008_steps_000262272.json,m1_minus_m2,combined_marginals,saved,0.9999999999999994,2.4673630942864216e-16,0.45229431247685825,5.455215832307564e-16,0.4490526690972713,2.4673630942864216e-16,5.494596211278627e-16,0.4490526690972711,10000,,,10000,10000,,,
variant_3_quarter,20260909T113037Z-a43b263e,3,quarter,intermediate,262272,8,iteration_000008_steps_000262272,experiments/gol_reward_state_action_symmetry_cycle_1/variant_3_quarter/results/20260909T113037Z-a43b263e/checkpoint_probes/steps_000262272/probe_iteration_000008_steps_000262272.json,e_minus_s,combined_marginals,saved,0.007267139852094817,0.2145905104668413,0.21616138548578911,0.9927328601479052,0.2150461520098238,0.2145905104668413,0.997881191833827,0.0004556415429824989,10000,,,10000,10000,,,
variant_3_quarter,20260909T113037Z-a43b263e,3,quarter,intermediate,262272,8,iteration_000008_steps_000262272,experiments/gol_reward_state_action_symmetry_cycle_1/variant_3_quarter/results/20260909T113037Z-a43b263e/checkpoint_probes/steps_000262272/probe_iteration_000008_steps_000262272.json,fine_belief,next_reward,saved,0.7894629673166553,0.026823813809472415,0.12740662992916976,0.21053703268334467,0.09996560223656628,0.026823813809472415,0.26833043776392684,0.07314178842709387,10000,,,10000,10000,,,
variant_3_quarter,20260909T113037Z-a43b263e,3,quarter,intermediate,262272,8,iteration_000008_steps_000262272,experiments/gol_reward_state_action_symmetry_cycle_1/variant_3_quarter/results/20260909T113037Z-a43b263e/checkpoint_probes/steps_000262272/probe_iteration_000008_steps_000262272.json,coarse_belief,next_reward,saved,0.7109336942785458,0.03576508507929619,0.12372623294864261,0.28906630572145425,0.06974752453132942,0.03576508507929619,0.5127792752448312,0.033982439452033227,10000,,,10000,10000,,,
variant_3_quarter,20260909T113037Z-a43b263e,3,quarter,intermediate,262272,8,iteration_000008_steps_000262272,experiments/gol_reward_state_action_symmetry_cycle_1/variant_3_quarter/results/20260909T113037Z-a43b263e/checkpoint_probes/steps_000262272/probe_iteration_000008_steps_000262272.json,m1_minus_m2,next_reward,saved,0.9999999999999951,2.2206263347014665e-15,0.45229431247685825,4.909693253803817e-15,0.4490526690972713,2.2206263347014665e-15,4.945135587693048e-15,0.4490526690972691,10000,,,10000,10000,,,
variant_3_quarter,20260909T113037Z-a43b263e,3,quarter,intermediate,262272,8,iteration_000008_steps_000262272,experiments/gol_reward_state_action_symmetry_cycle_1/variant_3_quarter/results/20260909T113037Z-a43b263e/checkpoint_probes/steps_000262272/probe_iteration_000008_steps_000262272.json,e_minus_s,next_reward,saved,0.007267139810756107,0.21459051047577712,0.21616138548578911,0.9927328601892438,0.2150461520098238,0.21459051047577712,0.99788119187538,0.0004556415340466746,10000,,,10000,10000,,,
variant_3_quarter,20260909T113037Z-a43b263e,3,quarter,intermediate,262272,8,iteration_000008_steps_000262272,experiments/gol_reward_state_action_symmetry_cycle_1/variant_3_quarter/results/20260909T113037Z-a43b263e/checkpoint_probes/steps_000262272/probe_iteration_000008_steps_000262272.json,fine_belief,next_token,saved,0.7894629673232432,0.02682381380863309,0.12740662992916976,0.2105370326767569,0.09996560223656628,0.02682381380863309,0.2683304377555307,0.07314178842793319,10000,,,10000,10000,,,
variant_3_quarter,20260909T113037Z-a43b263e,3,quarter,intermediate,262272,8,iteration_000008_steps_000262272,experiments/gol_reward_state_action_symmetry_cycle_1/variant_3_quarter/results/20260909T113037Z-a43b263e/checkpoint_probes/steps_000262272/probe_iteration_000008_steps_000262272.json,coarse_belief,next_token,saved,0.7109336942875886,0.03576508507817736,0.12372623294864261,0.2890663057124115,0.06974752453132942,0.03576508507817736,0.5127792752287902,0.033982439453152054,10000,,,10000,10000,,,
variant_3_quarter,20260909T113037Z-a43b263e,3,quarter,intermediate,262272,8,iteration_000008_steps_000262272,experiments/gol_reward_state_action_symmetry_cycle_1/variant_3_quarter/results/20260909T113037Z-a43b263e/checkpoint_probes/steps_000262272/probe_iteration_000008_steps_000262272.json,m1_minus_m2,next_token,saved,0.9999999999999988,5.551566114669783e-16,0.45229431247685825,1.2274233748968114e-15,0.4490526690972713,5.551566114669783e-16,1.2362839588126873e-15,0.44905266909727076,10000,,,10000,10000,,,
variant_3_quarter,20260909T113037Z-a43b263e,3,quarter,intermediate,262272,8,iteration_000008_steps_000262272,experiments/gol_reward_state_action_symmetry_cycle_1/variant_3_quarter/results/20260909T113037Z-a43b263e/checkpoint_probes/steps_000262272/probe_iteration_000008_steps_000262272.json,e_minus_s,next_token,saved,0.007267139841811487,0.21459051046906416,0.21616138548578911,0.9927328601581885,0.2150461520098238,0.21459051046906416,0.9978811918441637,0.00045564154075963814,10000,,,10000,10000,,,
variant_3_quarter,20260909T113037Z-a43b263e,3,quarter,intermediate,262272,8,iteration_000008_steps_000262272,experiments/gol_reward_state_action_symmetry_cycle_1/variant_3_quarter/results/20260909T113037Z-a43b263e/checkpoint_probes/steps_000262272/probe_iteration_000008_steps_000262272.json,fine_belief,previous_action_latest_token,saved,0.20764583531141023,0.1009511738333156,0.12740662992916976,0.7923541646885899,0.09996560223656628,0.1009511738333156,1.009859107279892,-0.0009855715967493212,10000,,,10000,10000,,,
variant_3_quarter,20260909T113037Z-a43b263e,3,quarter,intermediate,262272,8,iteration_000008_steps_000262272,experiments/gol_reward_state_action_symmetry_cycle_1/variant_3_quarter/results/20260909T113037Z-a43b263e/checkpoint_probes/steps_000262272/probe_iteration_000008_steps_000262272.json,coarse_belief,previous_action_latest_token,saved,0.43569041198413094,0.06981989954200396,0.12372623294864261,0.5643095880158691,0.06974752453132942,0.06981989954200396,1.0010376713892124,-7.23750106745441e-05,10000,,,10000,10000,,,
variant_3_quarter,20260909T113037Z-a43b263e,3,quarter,intermediate,262272,8,iteration_000008_steps_000262272,experiments/gol_reward_state_action_symmetry_cycle_1/variant_3_quarter/results/20260909T113037Z-a43b263e/checkpoint_probes/steps_000262272/probe_iteration_000008_steps_000262272.json,m1_minus_m2,previous_action_latest_token,saved,-0.009423335927938759,0.45655643372162374,0.45229431247685825,1.0094233359279388,0.4490526690972713,0.45655643372162374,1.0167102104958805,-0.007503764624352427,10000,,,10000,10000,,,
variant_3_quarter,20260909T113037Z-a43b263e,3,quarter,intermediate,262272,8,iteration_000008_steps_000262272,experiments/gol_reward_state_action_symmetry_cycle_1/variant_3_quarter/results/20260909T113037Z-a43b263e/checkpoint_probes/steps_000262272/probe_iteration_000008_steps_000262272.json,e_minus_s,previous_action_latest_token,saved,0.0038920418336674256,0.21532007633065492,0.21616138548578911,0.9961079581663326,0.2150461520098238,0.21532007633065492,1.0012737931754232,-0.0002739243208311204,10000,,,10000,10000,,,
variant_3_quarter,20260909T113037Z-a43b263e,3,quarter,intermediate,262272,8,iteration_000008_steps_000262272,experiments/gol_reward_state_action_symmetry_cycle_1/variant_3_quarter/results/20260909T113037Z-a43b263e/checkpoint_probes/steps_000262272/probe_iteration_000008_steps_000262272.json,fine_belief,shuffled_history_broken_alignment,saved,-0.05535222834267883,0.13445887080138036,0.12740662992916976,1.0553522283426788,0.09996560223656628,0.13445887080138036,1.3450513756040459,-0.03449326856481408,10000,,,10000,10000,,,
variant_3_quarter,20260909T113037Z-a43b263e,3,quarter,intermediate,262272,8,iteration_000008_steps_000262272,experiments/gol_reward_state_action_symmetry_cycle_1/variant_3_quarter/results/20260909T113037Z-a43b263e/checkpoint_probes/steps_000262272/probe_iteration_000008_steps_000262272.json,coarse_belief,shuffled_history_broken_alignment,saved,-0.021468125583267383,0.12638240325552866,0.12372623294864261,1.0214681255832674,0.06974752453132942,0.12638240325552866,1.8119984057464262,-0.05663487872419924,10000,,,10000,10000,,,
variant_3_quarter,20260909T113037Z-a43b263e,3,quarter,intermediate,262272,8,iteration_000008_steps_000262272,experiments/gol_reward_state_action_symmetry_cycle_1/variant_3_quarter/results/20260909T113037Z-a43b263e/checkpoint_probes/steps_000262272/probe_iteration_000008_steps_000262272.json,m1_minus_m2,shuffled_history_broken_alignment,saved,-0.1000800630863179,0.497559955803125,0.45229431247685825,1.100080063086318,0.4490526690972713,0.497559955803125,1.108021374872056,-0.04850728670585369,10000,,,10000,10000,,,
variant_3_quarter,20260909T113037Z-a43b263e,3,quarter,intermediate,262272,8,iteration_000008_steps_000262272,experiments/gol_reward_state_action_symmetry_cycle_1/variant_3_quarter/results/20260909T113037Z-a43b263e/checkpoint_probes/steps_000262272/probe_iteration_000008_steps_000262272.json,e_minus_s,shuffled_history_broken_alignment,saved,-0.007322340519160031,0.21774419275740947,0.21616138548578911,1.00732234051916,0.2150461520098238,0.21774419275740947,1.0125463335305922,-0.0026980407475856727,10000,,,10000,10000,,,
variant_3_quarter,20260909T113037Z-a43b263e,3,quarter,intermediate,262272,8,iteration_000008_steps_000262272,experiments/gol_reward_state_action_symmetry_cycle_1/variant_3_quarter/results/20260909T113037Z-a43b263e/checkpoint_probes/steps_000262272/probe_iteration_000008_steps_000262272.json,fine_belief,single_permuted_training_labels,saved,-0.01918939615978954,0.12985148622426432,0.12740662992916976,1.0191893961597898,0.09996560223656628,0.12985148622426432,1.2989616760070508,-0.029885883987698036,10000,,,10000,10000,,,
variant_3_quarter,20260909T113037Z-a43b263e,3,quarter,intermediate,262272,8,iteration_000008_steps_000262272,experiments/gol_reward_state_action_symmetry_cycle_1/variant_3_quarter/results/20260909T113037Z-a43b263e/checkpoint_probes/steps_000262272/probe_iteration_000008_steps_000262272.json,coarse_belief,single_permuted_training_labels,saved,-0.013938690428664025,0.1254508146076185,0.12372623294864261,1.013938690428664,0.06974752453132942,0.1254508146076185,1.7986418220659302,-0.05570329007628909,10000,,,10000,10000,,,
variant_3_quarter,20260909T113037Z-a43b263e,3,quarter,intermediate,262272,8,iteration_000008_steps_000262272,experiments/gol_reward_state_action_symmetry_cycle_1/variant_3_quarter/results/20260909T113037Z-a43b263e/checkpoint_probes/steps_000262272/probe_iteration_000008_steps_000262272.json,m1_minus_m2,single_permuted_training_labels,saved,-0.027158276870067333,0.46457784664186147,0.45229431247685825,1.0271582768700673,0.4490526690972713,0.46457784664186147,1.0345731772974434,-0.015525177544590152,10000,,,10000,10000,,,
variant_3_quarter,20260909T113037Z-a43b263e,3,quarter,intermediate,262272,8,iteration_000008_steps_000262272,experiments/gol_reward_state_action_symmetry_cycle_1/variant_3_quarter/results/20260909T113037Z-a43b263e/checkpoint_probes/steps_000262272/probe_iteration_000008_steps_000262272.json,e_minus_s,single_permuted_training_labels,saved,-0.005232056951355091,0.21729235416533457,0.21616138548578911,1.005232056951355,0.2150461520098238,0.21729235416533457,1.0104452097120444,-0.0022462021555107736,10000,,,10000,10000,,,
variant_3_quarter,20260909T113037Z-a43b263e,3,quarter,intermediate,262272,8,iteration_000008_steps_000262272,experiments/gol_reward_state_action_symmetry_cycle_1/variant_3_quarter/results/20260909T113037Z-a43b263e/checkpoint_probes/steps_000262272/probe_iteration_000008_steps_000262272.json,fine_belief,log_next_token,not_fitted_or_saved,,,,,,,,,,,,,,,,
variant_3_quarter,20260909T113037Z-a43b263e,3,quarter,intermediate,262272,8,iteration_000008_steps_000262272,experiments/gol_reward_state_action_symmetry_cycle_1/variant_3_quarter/results/20260909T113037Z-a43b263e/checkpoint_probes/steps_000262272/probe_iteration_000008_steps_000262272.json,coarse_belief,log_next_token,not_fitted_or_saved,,,,,,,,,,,,,,,,
variant_3_quarter,20260909T113037Z-a43b263e,3,quarter,intermediate,262272,8,iteration_000008_steps_000262272,experiments/gol_reward_state_action_symmetry_cycle_1/variant_3_quarter/results/20260909T113037Z-a43b263e/checkpoint_probes/steps_000262272/probe_iteration_000008_steps_000262272.json,m1_minus_m2,log_next_token,not_fitted_or_saved,,,,,,,,,,,,,,,,
variant_3_quarter,20260909T113037Z-a43b263e,3,quarter,intermediate,262272,8,iteration_000008_steps_000262272,experiments/gol_reward_state_action_symmetry_cycle_1/variant_3_quarter/results/20260909T113037Z-a43b263e/checkpoint_probes/steps_000262272/probe_iteration_000008_steps_000262272.json,e_minus_s,log_next_token,not_fitted_or_saved,,,,,,,,,,,,,,,,
variant_3_quarter,20260909T113037Z-a43b263e,3,quarter,intermediate,524544,16,iteration_000016_steps_000524544,experiments/gol_reward_state_action_symmetry_cycle_1/variant_3_quarter/results/20260909T113037Z-a43b263e/checkpoint_probes/steps_000524544/probe_iteration_000016_steps_000524544.json,fine_belief,post_final_layer_norm,saved,0.31006839793083896,0.08680883073789229,0.12582237206926825,0.6899316020691609,0.09575717146159839,0.08680883073789229,0.9065517434660791,0.008948340723706094,10000,0.08134885304492735,0.09302249345733148,10000,10000,16,200,held_out_environment_trajectory_fixed_probe
variant_3_quarter,20260909T113037Z-a43b263e,3,quarter,intermediate,524544,16,iteration_000016_steps_000524544,experiments/gol_reward_state_action_symmetry_cycle_1/variant_3_quarter/results/20260909T113037Z-a43b263e/checkpoint_probes/steps_000524544/probe_iteration_000016_steps_000524544.json,coarse_belief,post_final_layer_norm,saved,0.6664169789342794,0.043451773210285774,0.1302577483454266,0.3335830210657206,0.07138047591101868,0.043451773210285774,0.6087347086961398,0.027928702700732902,10000,0.04038807793913084,0.046501237618744334,10000,10000,16,200,held_out_environment_trajectory_fixed_probe
variant_3_quarter,20260909T113037Z-a43b263e,3,quarter,intermediate,524544,16,iteration_000016_steps_000524544,experiments/gol_reward_state_action_symmetry_cycle_1/variant_3_quarter/results/20260909T113037Z-a43b263e/checkpoint_probes/steps_000524544/probe_iteration_000016_steps_000524544.json,m1_minus_m2,post_final_layer_norm,saved,-0.09508789858079969,0.4465359187713517,0.4077626274110494,1.0950878985807997,0.4036590869352121,0.4465359187713517,1.1062204053467064,-0.042876831836139606,10000,0.40237768543778407,0.5000037494552809,10000,10000,16,200,held_out_environment_trajectory_fixed_probe
variant_3_quarter,20260909T113037Z-a43b263e,3,quarter,intermediate,524544,16,iteration_000016_steps_000524544,experiments/gol_reward_state_action_symmetry_cycle_1/variant_3_quarter/results/20260909T113037Z-a43b263e/checkpoint_probes/steps_000524544/probe_iteration_000016_steps_000524544.json,e_minus_s,post_final_layer_norm,saved,0.047023265946957715,0.22238290287193085,0.23335606728417055,0.9529767340530424,0.23062914334050139,0.22238290287193085,0.9642445861389002,0.008246240468570532,10000,0.2055014803750732,0.23871482850994916,10000,10000,16,200,held_out_environment_trajectory_fixed_probe
variant_3_quarter,20260909T113037Z-a43b263e,3,quarter,intermediate,524544,16,iteration_000016_steps_000524544,experiments/gol_reward_state_action_symmetry_cycle_1/variant_3_quarter/results/20260909T113037Z-a43b263e/checkpoint_probes/steps_000524544/probe_iteration_000016_steps_000524544.json,fine_belief,categorical_plus_marginals,saved,0.772422496278855,0.02863434134779719,0.12582237206926825,0.22757750372114505,0.09575717146159839,0.02863434134779719,0.2990307766064337,0.0671228301138012,10000,,,10000,10000,,,
variant_3_quarter,20260909T113037Z-a43b263e,3,quarter,intermediate,524544,16,iteration_000016_steps_000524544,experiments/gol_reward_state_action_symmetry_cycle_1/variant_3_quarter/results/20260909T113037Z-a43b263e/checkpoint_probes/steps_000524544/probe_iteration_000016_steps_000524544.json,coarse_belief,categorical_plus_marginals,saved,0.7068955798635734,0.03817912179706286,0.1302577483454266,0.2931044201364267,0.07138047591101868,0.03817912179706286,0.5348678516049137,0.03320135411395582,10000,,,10000,10000,,,
variant_3_quarter,20260909T113037Z-a43b263e,3,quarter,intermediate,524544,16,iteration_000016_steps_000524544,experiments/gol_reward_state_action_symmetry_cycle_1/variant_3_quarter/results/20260909T113037Z-a43b263e/checkpoint_probes/steps_000524544/probe_iteration_000016_steps_000524544.json,m1_minus_m2,categorical_plus_marginals,saved,0.9999999999999991,3.7056017571354926e-16,0.4077626274110494,9.08764439905382e-16,0.4036590869352121,3.7056017571354926e-16,9.180028090709741e-16,0.4036590869352117,10000,,,10000,10000,,,
variant_3_quarter,20260909T113037Z-a43b263e,3,quarter,intermediate,524544,16,iteration_000016_steps_000524544,experiments/gol_reward_state_action_symmetry_cycle_1/variant_3_quarter/results/20260909T113037Z-a43b263e/checkpoint_probes/steps_000524544/probe_iteration_000016_steps_000524544.json,e_minus_s,categorical_plus_marginals,saved,0.01834679745686585,0.22907473078237714,0.23335606728417055,0.9816532025431343,0.23062914334050139,0.22907473078237714,0.9932601208346453,0.0015544125581242463,10000,,,10000,10000,,,
variant_3_quarter,20260909T113037Z-a43b263e,3,quarter,intermediate,524544,16,iteration_000016_steps_000524544,experiments/gol_reward_state_action_symmetry_cycle_1/variant_3_quarter/results/20260909T113037Z-a43b263e/checkpoint_probes/steps_000524544/probe_iteration_000016_steps_000524544.json,fine_belief,combined_marginals,saved,0.7699784719931311,0.028941854280821872,0.12582237206926825,0.23002152800686895,0.09575717146159839,0.028941854280821872,0.30224215940242616,0.06681531718077652,10000,,,10000,10000,,,
variant_3_quarter,20260909T113037Z-a43b263e,3,quarter,intermediate,524544,16,iteration_000016_steps_000524544,experiments/gol_reward_state_action_symmetry_cycle_1/variant_3_quarter/results/20260909T113037Z-a43b263e/checkpoint_probes/steps_000524544/probe_iteration_000016_steps_000524544.json,coarse_belief,combined_marginals,saved,0.7037478420188688,0.03858913904109577,0.1302577483454266,0.2962521579811313,0.07138047591101868,0.03858913904109577,0.5406119607440014,0.03279133686992291,10000,,,10000,10000,,,
variant_3_quarter,20260909T113037Z-a43b263e,3,quarter,intermediate,524544,16,iteration_000016_steps_000524544,experiments/gol_reward_state_action_symmetry_cycle_1/variant_3_quarter/results/20260909T113037Z-a43b263e/checkpoint_probes/steps_000524544/probe_iteration_000016_steps_000524544.json,m1_minus_m2,combined_marginals,saved,0.9999999999999991,3.6917830466165477e-16,0.4077626274110494,9.0537552939961e-16,0.4036590869352121,3.6917830466165477e-16,9.145794473862755e-16,0.4036590869352117,10000,,,10000,10000,,,
variant_3_quarter,20260909T113037Z-a43b263e,3,quarter,intermediate,524544,16,iteration_000016_steps_000524544,experiments/gol_reward_state_action_symmetry_cycle_1/variant_3_quarter/results/20260909T113037Z-a43b263e/checkpoint_probes/steps_000524544/probe_iteration_000016_steps_000524544.json,e_minus_s,combined_marginals,saved,0.007804524042557381,0.23153483424657462,0.23335606728417055,0.9921954759574427,0.23062914334050139,0.23153483424657462,1.0039270444877648,-0.000905690906073231,10000,,,10000,10000,,,
variant_3_quarter,20260909T113037Z-a43b263e,3,quarter,intermediate,524544,16,iteration_000016_steps_000524544,experiments/gol_reward_state_action_symmetry_cycle_1/variant_3_quarter/results/20260909T113037Z-a43b263e/checkpoint_probes/steps_000524544/probe_iteration_000016_steps_000524544.json,fine_belief,next_reward,saved,0.7699784720056684,0.028941854279244398,0.12582237206926825,0.23002152799433165,0.09575717146159839,0.028941854279244398,0.30224215938595245,0.06681531718235399,10000,,,10000,10000,,,
variant_3_quarter,20260909T113037Z-a43b263e,3,quarter,intermediate,524544,16,iteration_000016_steps_000524544,experiments/gol_reward_state_action_symmetry_cycle_1/variant_3_quarter/results/20260909T113037Z-a43b263e/checkpoint_probes/steps_000524544/probe_iteration_000016_steps_000524544.json,coarse_belief,next_reward,saved,0.7037478420350197,0.03858913903899197,0.1302577483454266,0.2962521579649803,0.07138047591101868,0.03858913903899197,0.5406119607145284,0.032791336872026705,10000,,,10000,10000,,,
variant_3_quarter,20260909T113037Z-a43b263e,3,quarter,intermediate,524544,16,iteration_000016_steps_000524544,experiments/gol_reward_state_action_symmetry_cycle_1/variant_3_quarter/results/20260909T113037Z-a43b263e/checkpoint_probes/steps_000524544/probe_iteration_000016_steps_000524544.json,m1_minus_m2,next_reward,saved,0.9999999999999919,3.3226044829209133e-15,0.4077626274110494,8.148379129339695e-15,0.4036590869352121,3.3226044829209133e-15,8.231214384761754e-15,0.40365908693520874,10000,,,10000,10000,,,
variant_3_quarter,20260909T113037Z-a43b263e,3,quarter,intermediate,524544,16,iteration_000016_steps_000524544,experiments/gol_reward_state_action_symmetry_cycle_1/variant_3_quarter/results/20260909T113037Z-a43b263e/checkpoint_probes/steps_000524544/probe_iteration_000016_steps_000524544.json,e_minus_s,next_reward,saved,0.007804524096649779,0.23153483423395183,0.23335606728417055,0.9921954759033502,0.23062914334050139,0.23153483423395183,1.0039270444330328,-0.0009056908934504393,10000,,,10000,10000,,,
variant_3_quarter,20260909T113037Z-a43b263e,3,quarter,intermediate,524544,16,iteration_000016_steps_000524544,experiments/gol_reward_state_action_symmetry_cycle_1/variant_3_quarter/results/20260909T113037Z-a43b263e/checkpoint_probes/steps_000524544/probe_iteration_000016_steps_000524544.json,fine_belief,next_token,saved,0.7699784719962509,0.02894185428042932,0.12582237206926825,0.2300215280037491,0.09575717146159839,0.02894185428042932,0.3022421593983267,0.06681531718116906,10000,,,10000,10000,,,
variant_3_quarter,20260909T113037Z-a43b263e,3,quarter,intermediate,524544,16,iteration_000016_steps_000524544,experiments/gol_reward_state_action_symmetry_cycle_1/variant_3_quarter/results/20260909T113037Z-a43b263e/checkpoint_probes/steps_000524544/probe_iteration_000016_steps_000524544.json,coarse_belief,next_token,saved,0.7037478420228875,0.03858913904057228,0.1302577483454266,0.29625215797711246,0.07138047591101868,0.03858913904057228,0.5406119607366677,0.03279133687044639,10000,,,10000,10000,,,
variant_3_quarter,20260909T113037Z-a43b263e,3,quarter,intermediate,524544,16,iteration_000016_steps_000524544,experiments/gol_reward_state_action_symmetry_cycle_1/variant_3_quarter/results/20260909T113037Z-a43b263e/checkpoint_probes/steps_000524544/probe_iteration_000016_steps_000524544.json,m1_minus_m2,next_token,saved,0.999999999999998,8.306511379640824e-16,0.4077626274110494,2.0370948245993514e-15,0.4036590869352121,8.306511379640824e-16,2.0578036388845205e-15,0.40365908693521124,10000,,,10000,10000,,,
variant_3_quarter,20260909T113037Z-a43b263e,3,quarter,intermediate,524544,16,iteration_000016_steps_000524544,experiments/gol_reward_state_action_symmetry_cycle_1/variant_3_quarter/results/20260909T113037Z-a43b263e/checkpoint_probes/steps_000524544/probe_iteration_000016_steps_000524544.json,e_minus_s,next_token,saved,0.007804524056017059,0.2315348342434337,0.23335606728417055,0.9921954759439829,0.23062914334050139,0.2315348342434337,1.003927044474146,-0.0009056909029323268,10000,,,10000,10000,,,
variant_3_quarter,20260909T113037Z-a43b263e,3,quarter,intermediate,524544,16,iteration_000016_steps_000524544,experiments/gol_reward_state_action_symmetry_cycle_1/variant_3_quarter/results/20260909T113037Z-a43b263e/checkpoint_probes/steps_000524544/probe_iteration_000016_steps_000524544.json,fine_belief,previous_action_latest_token,saved,0.23728141161729066,0.09596706201163631,0.12582237206926825,0.7627185883827093,0.09575717146159839,0.09596706201163631,1.0021919042389644,-0.00020989055003792223,10000,,,10000,10000,,,
variant_3_quarter,20260909T113037Z-a43b263e,3,quarter,intermediate,524544,16,iteration_000016_steps_000524544,experiments/gol_reward_state_action_symmetry_cycle_1/variant_3_quarter/results/20260909T113037Z-a43b263e/checkpoint_probes/steps_000524544/probe_iteration_000016_steps_000524544.json,coarse_belief,previous_action_latest_token,saved,0.45121514137463925,0.07148348001060276,0.1302577483454266,0.5487848586253607,0.07138047591101868,0.07148348001060276,1.001443029039376,-0.00010300409958408085,10000,,,10000,10000,,,
variant_3_quarter,20260909T113037Z-a43b263e,3,quarter,intermediate,524544,16,iteration_000016_steps_000524544,experiments/gol_reward_state_action_symmetry_cycle_1/variant_3_quarter/results/20260909T113037Z-a43b263e/checkpoint_probes/steps_000524544/probe_iteration_000016_steps_000524544.json,m1_minus_m2,previous_action_latest_token,saved,0.007257010341730097,0.40480348980695635,0.4077626274110494,0.9927429896582698,0.4036590869352121,0.40480348980695635,1.002835072735345,-0.0011444028717442767,10000,,,10000,10000,,,
variant_3_quarter,20260909T113037Z-a43b263e,3,quarter,intermediate,524544,16,iteration_000016_steps_000524544,experiments/gol_reward_state_action_symmetry_cycle_1/variant_3_quarter/results/20260909T113037Z-a43b263e/checkpoint_probes/steps_000524544/probe_iteration_000016_steps_000524544.json,e_minus_s,previous_action_latest_token,saved,0.010108194659147474,0.23099725873116905,0.23335606728417055,0.9898918053408526,0.23062914334050139,0.23099725873116905,1.0015961356198777,-0.0003681153906676671,10000,,,10000,10000,,,
variant_3_quarter,20260909T113037Z-a43b263e,3,quarter,intermediate,524544,16,iteration_000016_steps_000524544,experiments/gol_reward_state_action_symmetry_cycle_1/variant_3_quarter/results/20260909T113037Z-a43b263e/checkpoint_probes/steps_000524544/probe_iteration_000016_steps_000524544.json,fine_belief,shuffled_history_broken_alignment,saved,-0.040369684701954345,0.1309017815581566,0.12582237206926825,1.0403696847019543,0.09575717146159839,0.1309017815581566,1.3670180474227176,-0.03514461009655821,10000,,,10000,10000,,,
variant_3_quarter,20260909T113037Z-a43b263e,3,quarter,intermediate,524544,16,iteration_000016_steps_000524544,experiments/gol_reward_state_action_symmetry_cycle_1/variant_3_quarter/results/20260909T113037Z-a43b263e/checkpoint_probes/steps_000524544/probe_iteration_000016_steps_000524544.json,coarse_belief,shuffled_history_broken_alignment,saved,-0.027686985429035804,0.13386419272588546,0.1302577483454266,1.0276869854290358,0.07138047591101868,0.13386419272588546,1.8753614488751462,-0.06248371681486678,10000,,,10000,10000,,,
variant_3_quarter,20260909T113037Z-a43b263e,3,quarter,intermediate,524544,16,iteration_000016_steps_000524544,experiments/gol_reward_state_action_symmetry_cycle_1/variant_3_quarter/results/20260909T113037Z-a43b263e/checkpoint_probes/steps_000524544/probe_iteration_000016_steps_000524544.json,m1_minus_m2,shuffled_history_broken_alignment,saved,-0.06247645242879085,0.4332381898047346,0.4077626274110494,1.0624764524287909,0.4036590869352121,0.4332381898047346,1.073277435902911,-0.029579102869522533,10000,,,10000,10000,,,
variant_3_quarter,20260909T113037Z-a43b263e,3,quarter,intermediate,524544,16,iteration_000016_steps_000524544,experiments/gol_reward_state_action_symmetry_cycle_1/variant_3_quarter/results/20260909T113037Z-a43b263e/checkpoint_probes/steps_000524544/probe_iteration_000016_steps_000524544.json,e_minus_s,shuffled_history_broken_alignment,saved,-0.009435400640678271,0.2355578752709298,0.23335606728417055,1.0094354006406785,0.23062914334050139,0.2355578752709298,1.0213708114206175,-0.0049287319304284205,10000,,,10000,10000,,,
variant_3_quarter,20260909T113037Z-a43b263e,3,quarter,intermediate,524544,16,iteration_000016_steps_000524544,experiments/gol_reward_state_action_symmetry_cycle_1/variant_3_quarter/results/20260909T113037Z-a43b263e/checkpoint_probes/steps_000524544/probe_iteration_000016_steps_000524544.json,fine_belief,single_permuted_training_labels,saved,-0.008670116268691297,0.12691326666431135,0.12582237206926825,1.0086701162686915,0.09575717146159839,0.12691326666431135,1.3253656590640581,-0.031156095202712966,10000,,,10000,10000,,,
variant_3_quarter,20260909T113037Z-a43b263e,3,quarter,intermediate,524544,16,iteration_000016_steps_000524544,experiments/gol_reward_state_action_symmetry_cycle_1/variant_3_quarter/results/20260909T113037Z-a43b263e/checkpoint_probes/steps_000524544/probe_iteration_000016_steps_000524544.json,coarse_belief,single_permuted_training_labels,saved,-0.0038181100173309,0.13075508675921926,0.1302577483454266,1.003818110017331,0.07138047591101868,0.13075508675921926,1.8318046369180232,-0.05937461084820059,10000,,,10000,10000,,,
variant_3_quarter,20260909T113037Z-a43b263e,3,quarter,intermediate,524544,16,iteration_000016_steps_000524544,experiments/gol_reward_state_action_symmetry_cycle_1/variant_3_quarter/results/20260909T113037Z-a43b263e/checkpoint_probes/steps_000524544/probe_iteration_000016_steps_000524544.json,m1_minus_m2,single_permuted_training_labels,saved,-0.014351066018132075,0.4136144557967524,0.4077626274110494,1.014351066018132,0.4036590869352121,0.4136144557967524,1.024662813705314,-0.009955368861540304,10000,,,10000,10000,,,
variant_3_quarter,20260909T113037Z-a43b263e,3,quarter,intermediate,524544,16,iteration_000016_steps_000524544,experiments/gol_reward_state_action_symmetry_cycle_1/variant_3_quarter/results/20260909T113037Z-a43b263e/checkpoint_probes/steps_000524544/probe_iteration_000016_steps_000524544.json,e_minus_s,single_permuted_training_labels,saved,-0.011389993795135833,0.23601399144259458,0.23335606728417055,1.011389993795136,0.23062914334050139,0.23601399144259458,1.0233485153875068,-0.005384848102093193,10000,,,10000,10000,,,
variant_3_quarter,20260909T113037Z-a43b263e,3,quarter,intermediate,524544,16,iteration_000016_steps_000524544,experiments/gol_reward_state_action_symmetry_cycle_1/variant_3_quarter/results/20260909T113037Z-a43b263e/checkpoint_probes/steps_000524544/probe_iteration_000016_steps_000524544.json,fine_belief,log_next_token,not_fitted_or_saved,,,,,,,,,,,,,,,,
variant_3_quarter,20260909T113037Z-a43b263e,3,quarter,intermediate,524544,16,iteration_000016_steps_000524544,experiments/gol_reward_state_action_symmetry_cycle_1/variant_3_quarter/results/20260909T113037Z-a43b263e/checkpoint_probes/steps_000524544/probe_iteration_000016_steps_000524544.json,coarse_belief,log_next_token,not_fitted_or_saved,,,,,,,,,,,,,,,,
variant_3_quarter,20260909T113037Z-a43b263e,3,quarter,intermediate,524544,16,iteration_000016_steps_000524544,experiments/gol_reward_state_action_symmetry_cycle_1/variant_3_quarter/results/20260909T113037Z-a43b263e/checkpoint_probes/steps_000524544/probe_iteration_000016_steps_000524544.json,m1_minus_m2,log_next_token,not_fitted_or_saved,,,,,,,,,,,,,,,,
variant_3_quarter,20260909T113037Z-a43b263e,3,quarter,intermediate,524544,16,iteration_000016_steps_000524544,experiments/gol_reward_state_action_symmetry_cycle_1/variant_3_quarter/results/20260909T113037Z-a43b263e/checkpoint_probes/steps_000524544/probe_iteration_000016_steps_000524544.json,e_minus_s,log_next_token,not_fitted_or_saved,,,,,,,,,,,,,,,,
variant_3_quarter,20260909T113037Z-a43b263e,3,quarter,intermediate,1049088,32,iteration_000032_steps_001049088,experiments/gol_reward_state_action_symmetry_cycle_1/variant_3_quarter/results/20260909T113037Z-a43b263e/checkpoint_probes/steps_001049088/probe_iteration_000032_steps_001049088.json,fine_belief,post_final_layer_norm,saved,0.2950557122336127,0.08934899332593119,0.12674617679225836,0.7049442877663874,0.09864805186422668,0.08934899332593119,0.9057350007165457,0.00929905853829549,10000,0.08523216060367547,0.09456241874747637,10000,10000,16,200,held_out_environment_trajectory_fixed_probe
variant_3_quarter,20260909T113037Z-a43b263e,3,quarter,intermediate,1049088,32,iteration_000032_steps_001049088,experiments/gol_reward_state_action_symmetry_cycle_1/variant_3_quarter/results/20260909T113037Z-a43b263e/checkpoint_probes/steps_001049088/probe_iteration_000032_steps_001049088.json,coarse_belief,post_final_layer_norm,saved,0.6250141928674002,0.048162925811880544,0.12843932995802562,0.3749858071325998,0.07309415873498255,0.048162925811880544,0.6589162067861651,0.02493123292310201,10000,0.04531606102787779,0.050462731868814434,10000,10000,16,200,held_out_environment_trajectory_fixed_probe
variant_3_quarter,20260909T113037Z-a43b263e,3,quarter,intermediate,1049088,32,iteration_000032_steps_001049088,experiments/gol_reward_state_action_symmetry_cycle_1/variant_3_quarter/results/20260909T113037Z-a43b263e/checkpoint_probes/steps_001049088/probe_iteration_000032_steps_001049088.json,m1_minus_m2,post_final_layer_norm,saved,-0.0548754323729852,0.44787312626669834,0.4245744213221362,1.054875432372985,0.4220167918452817,0.44787312626669834,1.0612684967068704,-0.02585633442141666,10000,0.4180083617228996,0.48304596998611893,10000,10000,16,200,held_out_environment_trajectory_fixed_probe
variant_3_quarter,20260909T113037Z-a43b263e,3,quarter,intermediate,1049088,32,iteration_000032_steps_001049088,experiments/gol_reward_state_action_symmetry_cycle_1/variant_3_quarter/results/20260909T113037Z-a43b263e/checkpoint_probes/steps_001049088/probe_iteration_000032_steps_001049088.json,e_minus_s,post_final_layer_norm,saved,0.018120019203506255,0.22280135127968614,0.22691301955148466,0.9818799807964936,0.22437296438580423,0.22280135127968614,0.9929955326372756,0.001571613106118086,10000,0.2074706435798008,0.236619769050755,10000,10000,16,200,held_out_environment_trajectory_fixed_probe
variant_3_quarter,20260909T113037Z-a43b263e,3,quarter,intermediate,1049088,32,iteration_000032_steps_001049088,experiments/gol_reward_state_action_symmetry_cycle_1/variant_3_quarter/results/20260909T113037Z-a43b263e/checkpoint_probes/steps_001049088/probe_iteration_000032_steps_001049088.json,fine_belief,categorical_plus_marginals,saved,0.7799649617942392,0.027888599852918673,0.12674617679225836,0.22003503820576073,0.09864805186422668,0.027888599852918673,0.2827080649428626,0.07075945201130801,10000,,,10000,10000,,,
variant_3_quarter,20260909T113037Z-a43b263e,3,quarter,intermediate,1049088,32,iteration_000032_steps_001049088,experiments/gol_reward_state_action_symmetry_cycle_1/variant_3_quarter/results/20260909T113037Z-a43b263e/checkpoint_probes/steps_001049088/probe_iteration_000032_steps_001049088.json,coarse_belief,categorical_plus_marginals,saved,0.710487435460434,0.037184799803891506,0.12843932995802562,0.28951256453956603,0.07309415873498255,0.037184799803891506,0.5087246429459898,0.03590935893109105,10000,,,10000,10000,,,
variant_3_quarter,20260909T113037Z-a43b263e,3,quarter,intermediate,1049088,32,iteration_000032_steps_001049088,experiments/gol_reward_state_action_symmetry_cycle_1/variant_3_quarter/results/20260909T113037Z-a43b263e/checkpoint_probes/steps_001049088/probe_iteration_000032_steps_001049088.json,m1_minus_m2,categorical_plus_marginals,saved,0.9999999999999992,3.4564714054054887e-16,0.4245744213221362,8.141026005857685e-16,0.4220167918452817,3.4564714054054887e-16,8.190364630497186e-16,0.42201679184528135,10000,,,10000,10000,,,
variant_3_quarter,20260909T113037Z-a43b263e,3,quarter,intermediate,1049088,32,iteration_000032_steps_001049088,experiments/gol_reward_state_action_symmetry_cycle_1/variant_3_quarter/results/20260909T113037Z-a43b263e/checkpoint_probes/steps_001049088/probe_iteration_000032_steps_001049088.json,e_minus_s,categorical_plus_marginals,saved,0.01676510557065003,0.22310879882334902,0.22691301955148466,0.9832348944293499,0.22437296438580423,0.22310879882334902,0.9943657848176329,0.001264165562455205,10000,,,10000,10000,,,
variant_3_quarter,20260909T113037Z-a43b263e,3,quarter,intermediate,1049088,32,iteration_000032_steps_001049088,experiments/gol_reward_state_action_symmetry_cycle_1/variant_3_quarter/results/20260909T113037Z-a43b263e/checkpoint_probes/steps_001049088/probe_iteration_000032_steps_001049088.json,fine_belief,combined_marginals,saved,0.7785216836736857,0.028071529836746767,0.12674617679225836,0.2214783163263144,0.09864805186422668,0.028071529836746767,0.28456243490122596,0.07057652202747991,10000,,,10000,10000,,,
variant_3_quarter,20260909T113037Z-a43b263e,3,quarter,intermediate,1049088,32,iteration_000032_steps_001049088,experiments/gol_reward_state_action_symmetry_cycle_1/variant_3_quarter/results/20260909T113037Z-a43b263e/checkpoint_probes/steps_001049088/probe_iteration_000032_steps_001049088.json,coarse_belief,combined_marginals,saved,0.708588432676911,0.03742870644899563,0.12843932995802562,0.29141156732308904,0.07309415873498255,0.03742870644899563,0.5120615258012733,0.03566545228598692,10000,,,10000,10000,,,
variant_3_quarter,20260909T113037Z-a43b263e,3,quarter,intermediate,1049088,32,iteration_000032_steps_001049088,experiments/gol_reward_state_action_symmetry_cycle_1/variant_3_quarter/results/20260909T113037Z-a43b263e/checkpoint_probes/steps_001049088/probe_iteration_000032_steps_001049088.json,m1_minus_m2,combined_marginals,saved,0.9999999999999992,3.44144906608069e-16,0.4245744213221362,8.105643894806298e-16,0.4220167918452817,3.44144906608069e-16,8.154768086437617e-16,0.42201679184528135,10000,,,10000,10000,,,
variant_3_quarter,20260909T113037Z-a43b263e,3,quarter,intermediate,1049088,32,iteration_000032_steps_001049088,experiments/gol_reward_state_action_symmetry_cycle_1/variant_3_quarter/results/20260909T113037Z-a43b263e/checkpoint_probes/steps_001049088/probe_iteration_000032_steps_001049088.json,e_minus_s,combined_marginals,saved,0.010315762674780293,0.22457223869397375,0.22691301955148466,0.9896842373252196,0.22437296438580423,0.22457223869397375,1.0008881386788957,-0.00019927430816951697,10000,,,10000,10000,,,
variant_3_quarter,20260909T113037Z-a43b263e,3,quarter,intermediate,1049088,32,iteration_000032_steps_001049088,experiments/gol_reward_state_action_symmetry_cycle_1/variant_3_quarter/results/20260909T113037Z-a43b263e/checkpoint_probes/steps_001049088/probe_iteration_000032_steps_001049088.json,fine_belief,next_reward,saved,0.778521683673639,0.028071529836752665,0.12674617679225836,0.22147831632636095,0.09864805186422668,0.028071529836752665,0.28456243490128574,0.07057652202747401,10000,,,10000,10000,,,
variant_3_quarter,20260909T113037Z-a43b263e,3,quarter,intermediate,1049088,32,iteration_000032_steps_001049088,experiments/gol_reward_state_action_symmetry_cycle_1/variant_3_quarter/results/20260909T113037Z-a43b263e/checkpoint_probes/steps_001049088/probe_iteration_000032_steps_001049088.json,coarse_belief,next_reward,saved,0.7085884326768532,0.03742870644900304,0.12843932995802562,0.29141156732314677,0.07309415873498255,0.03742870644900304,0.5120615258013747,0.03566545228597951,10000,,,10000,10000,,,
variant_3_quarter,20260909T113037Z-a43b263e,3,quarter,intermediate,1049088,32,iteration_000032_steps_001049088,experiments/gol_reward_state_action_symmetry_cycle_1/variant_3_quarter/results/20260909T113037Z-a43b263e/checkpoint_probes/steps_001049088/probe_iteration_000032_steps_001049088.json,m1_minus_m2,next_reward,saved,0.9999999999999927,3.097303704415287e-15,0.4245744213221362,7.295078433529274e-15,0.4220167918452817,3.097303704415287e-15,7.339290199501847e-15,0.42201679184527857,10000,,,10000,10000,,,
variant_3_quarter,20260909T113037Z-a43b263e,3,quarter,intermediate,1049088,32,iteration_000032_steps_001049088,experiments/gol_reward_state_action_symmetry_cycle_1/variant_3_quarter/results/20260909T113037Z-a43b263e/checkpoint_probes/steps_001049088/probe_iteration_000032_steps_001049088.json,e_minus_s,next_reward,saved,0.010315762674584228,0.22457223869401824,0.22691301955148466,0.9896842373254158,0.22437296438580423,0.22457223869401824,1.000888138679094,-0.00019927430821400915,10000,,,10000,10000,,,
variant_3_quarter,20260909T113037Z-a43b263e,3,quarter,intermediate,1049088,32,iteration_000032_steps_001049088,experiments/gol_reward_state_action_symmetry_cycle_1/variant_3_quarter/results/20260909T113037Z-a43b263e/checkpoint_probes/steps_001049088/probe_iteration_000032_steps_001049088.json,fine_belief,next_token,saved,0.7785216836736839,0.028071529836746975,0.12674617679225836,0.22147831632631607,0.09864805186422668,0.028071529836746975,0.28456243490122807,0.0705765220274797,10000,,,10000,10000,,,
variant_3_quarter,20260909T113037Z-a43b263e,3,quarter,intermediate,1049088,32,iteration_000032_steps_001049088,experiments/gol_reward_state_action_symmetry_cycle_1/variant_3_quarter/results/20260909T113037Z-a43b263e/checkpoint_probes/steps_001049088/probe_iteration_000032_steps_001049088.json,coarse_belief,next_token,saved,0.7085884326769094,0.03742870644899583,0.12843932995802562,0.2914115673230906,0.07309415873498255,0.03742870644899583,0.512061525801276,0.03566545228598672,10000,,,10000,10000,,,
variant_3_quarter,20260909T113037Z-a43b263e,3,quarter,intermediate,1049088,32,iteration_000032_steps_001049088,experiments/gol_reward_state_action_symmetry_cycle_1/variant_3_quarter/results/20260909T113037Z-a43b263e/checkpoint_probes/steps_001049088/probe_iteration_000032_steps_001049088.json,m1_minus_m2,next_token,saved,0.9999999999999982,7.743259812761529e-16,0.4245744213221362,1.8237697383296924e-15,0.4220167918452817,7.743259812761529e-16,1.834822680610381e-15,0.4220167918452809,10000,,,10000,10000,,,
variant_3_quarter,20260909T113037Z-a43b263e,3,quarter,intermediate,1049088,32,iteration_000032_steps_001049088,experiments/gol_reward_state_action_symmetry_cycle_1/variant_3_quarter/results/20260909T113037Z-a43b263e/checkpoint_probes/steps_001049088/probe_iteration_000032_steps_001049088.json,e_minus_s,next_token,saved,0.010315762674774631,0.22457223869397502,0.22691301955148466,0.9896842373252253,0.22437296438580423,0.22457223869397502,1.0008881386789015,-0.00019927430817079372,10000,,,10000,10000,,,
variant_3_quarter,20260909T113037Z-a43b263e,3,quarter,intermediate,1049088,32,iteration_000032_steps_001049088,experiments/gol_reward_state_action_symmetry_cycle_1/variant_3_quarter/results/20260909T113037Z-a43b263e/checkpoint_probes/steps_001049088/probe_iteration_000032_steps_001049088.json,fine_belief,previous_action_latest_token,saved,0.2190479214771135,0.09898269021074341,0.12674617679225836,0.7809520785228865,0.09864805186422668,0.09898269021074341,1.0033922448562624,-0.0003346383465167302,10000,,,10000,10000,,,
variant_3_quarter,20260909T113037Z-a43b263e,3,quarter,intermediate,1049088,32,iteration_000032_steps_001049088,experiments/gol_reward_state_action_symmetry_cycle_1/variant_3_quarter/results/20260909T113037Z-a43b263e/checkpoint_probes/steps_001049088/probe_iteration_000032_steps_001049088.json,coarse_belief,previous_action_latest_token,saved,0.4293178330322155,0.07329803514433633,0.12843932995802562,0.5706821669677844,0.07309415873498255,0.07329803514433633,1.0027892298493095,-0.0002038764093537787,10000,,,10000,10000,,,
variant_3_quarter,20260909T113037Z-a43b263e,3,quarter,intermediate,1049088,32,iteration_000032_steps_001049088,experiments/gol_reward_state_action_symmetry_cycle_1/variant_3_quarter/results/20260909T113037Z-a43b263e/checkpoint_probes/steps_001049088/probe_iteration_000032_steps_001049088.json,m1_minus_m2,previous_action_latest_token,saved,0.00231521399843726,0.42359144067851273,0.4245744213221362,0.9976847860015626,0.4220167918452817,0.42359144067851273,1.0037312468689832,-0.0015746488332310515,10000,,,10000,10000,,,
variant_3_quarter,20260909T113037Z-a43b263e,3,quarter,intermediate,1049088,32,iteration_000032_steps_001049088,experiments/gol_reward_state_action_symmetry_cycle_1/variant_3_quarter/results/20260909T113037Z-a43b263e/checkpoint_probes/steps_001049088/probe_iteration_000032_steps_001049088.json,e_minus_s,previous_action_latest_token,saved,0.007400184725124936,0.22523382129026778,0.22691301955148466,0.9925998152748751,0.22437296438580423,0.22523382129026778,1.0038367229617884,-0.0008608569044635528,10000,,,10000,10000,,,
variant_3_quarter,20260909T113037Z-a43b263e,3,quarter,intermediate,1049088,32,iteration_000032_steps_001049088,experiments/gol_reward_state_action_symmetry_cycle_1/variant_3_quarter/results/20260909T113037Z-a43b263e/checkpoint_probes/steps_001049088/probe_iteration_000032_steps_001049088.json,fine_belief,shuffled_history_broken_alignment,saved,-0.061000271044602705,0.13447772793045326,0.12674617679225836,1.0610002710446027,0.09864805186422668,0.13447772793045326,1.363207132722098,-0.035829676066226585,10000,,,10000,10000,,,
variant_3_quarter,20260909T113037Z-a43b263e,3,quarter,intermediate,1049088,32,iteration_000032_steps_001049088,experiments/gol_reward_state_action_symmetry_cycle_1/variant_3_quarter/results/20260909T113037Z-a43b263e/checkpoint_probes/steps_001049088/probe_iteration_000032_steps_001049088.json,coarse_belief,shuffled_history_broken_alignment,saved,-0.025687711371239708,0.1317386423947028,0.12843932995802562,1.0256877113712395,0.07309415873498255,0.1317386423947028,1.8023142296821215,-0.058644483659720234,10000,,,10000,10000,,,
variant_3_quarter,20260909T113037Z-a43b263e,3,quarter,intermediate,1049088,32,iteration_000032_steps_001049088,experiments/gol_reward_state_action_symmetry_cycle_1/variant_3_quarter/results/20260909T113037Z-a43b263e/checkpoint_probes/steps_001049088/probe_iteration_000032_steps_001049088.json,m1_minus_m2,shuffled_history_broken_alignment,saved,-0.11302932220937567,0.4725637803916152,0.4245744213221362,1.1130293222093757,0.4220167918452817,0.4725637803916152,1.1197748277392356,-0.05054698854633349,10000,,,10000,10000,,,
variant_3_quarter,20260909T113037Z-a43b263e,3,quarter,intermediate,1049088,32,iteration_000032_steps_001049088,experiments/gol_reward_state_action_symmetry_cycle_1/variant_3_quarter/results/20260909T113037Z-a43b263e/checkpoint_probes/steps_001049088/probe_iteration_000032_steps_001049088.json,e_minus_s,shuffled_history_broken_alignment,saved,-0.008802495652570963,0.22891042041959836,0.22691301955148466,1.008802495652571,0.22437296438580423,0.22891042041959836,1.0202228287450537,-0.004537456033794129,10000,,,10000,10000,,,
variant_3_quarter,20260909T113037Z-a43b263e,3,quarter,intermediate,1049088,32,iteration_000032_steps_001049088,experiments/gol_reward_state_action_symmetry_cycle_1/variant_3_quarter/results/20260909T113037Z-a43b263e/checkpoint_probes/steps_001049088/probe_iteration_000032_steps_001049088.json,fine_belief,single_permuted_training_labels,saved,-0.011884060045994183,0.12825243596785776,0.12674617679225836,1.0118840600459942,0.09864805186422668,0.12825243596785776,1.3001010516089746,-0.029604384103631087,10000,,,10000,10000,,,
variant_3_quarter,20260909T113037Z-a43b263e,3,quarter,intermediate,1049088,32,iteration_000032_steps_001049088,experiments/gol_reward_state_action_symmetry_cycle_1/variant_3_quarter/results/20260909T113037Z-a43b263e/checkpoint_probes/steps_001049088/probe_iteration_000032_steps_001049088.json,coarse_belief,single_permuted_training_labels,saved,-0.008549108708278963,0.12953737175225527,0.12843932995802562,1.0085491087082787,0.07309415873498255,0.12953737175225527,1.7721986817293955,-0.05644321301727272,10000,,,10000,10000,,,
variant_3_quarter,20260909T113037Z-a43b263e,3,quarter,intermediate,1049088,32,iteration_000032_steps_001049088,experiments/gol_reward_state_action_symmetry_cycle_1/variant_3_quarter/results/20260909T113037Z-a43b263e/checkpoint_probes/steps_001049088/probe_iteration_000032_steps_001049088.json,m1_minus_m2,single_permuted_training_labels,saved,-0.015574846705391332,0.43118710284925876,0.4245744213221362,1.0155748467053916,0.4220167918452817,0.43118710284925876,1.0217297301462334,-0.009170311003977083,10000,,,10000,10000,,,
variant_3_quarter,20260909T113037Z-a43b263e,3,quarter,intermediate,1049088,32,iteration_000032_steps_001049088,experiments/gol_reward_state_action_symmetry_cycle_1/variant_3_quarter/results/20260909T113037Z-a43b263e/checkpoint_probes/steps_001049088/probe_iteration_000032_steps_001049088.json,e_minus_s,single_permuted_training_labels,saved,-0.013818837316872612,0.23004869365374694,0.22691301955148466,1.0138188373168726,0.22437296438580423,0.23004869365374694,1.025295958822309,-0.005675729267942714,10000,,,10000,10000,,,
variant_3_quarter,20260909T113037Z-a43b263e,3,quarter,intermediate,1049088,32,iteration_000032_steps_001049088,experiments/gol_reward_state_action_symmetry_cycle_1/variant_3_quarter/results/20260909T113037Z-a43b263e/checkpoint_probes/steps_001049088/probe_iteration_000032_steps_001049088.json,fine_belief,log_next_token,not_fitted_or_saved,,,,,,,,,,,,,,,,
variant_3_quarter,20260909T113037Z-a43b263e,3,quarter,intermediate,1049088,32,iteration_000032_steps_001049088,experiments/gol_reward_state_action_symmetry_cycle_1/variant_3_quarter/results/20260909T113037Z-a43b263e/checkpoint_probes/steps_001049088/probe_iteration_000032_steps_001049088.json,coarse_belief,log_next_token,not_fitted_or_saved,,,,,,,,,,,,,,,,
variant_3_quarter,20260909T113037Z-a43b263e,3,quarter,intermediate,1049088,32,iteration_000032_steps_001049088,experiments/gol_reward_state_action_symmetry_cycle_1/variant_3_quarter/results/20260909T113037Z-a43b263e/checkpoint_probes/steps_001049088/probe_iteration_000032_steps_001049088.json,m1_minus_m2,log_next_token,not_fitted_or_saved,,,,,,,,,,,,,,,,
variant_3_quarter,20260909T113037Z-a43b263e,3,quarter,intermediate,1049088,32,iteration_000032_steps_001049088,experiments/gol_reward_state_action_symmetry_cycle_1/variant_3_quarter/results/20260909T113037Z-a43b263e/checkpoint_probes/steps_001049088/probe_iteration_000032_steps_001049088.json,e_minus_s,log_next_token,not_fitted_or_saved,,,,,,,,,,,,,,,,
variant_3_quarter,20260909T113037Z-a43b263e,3,quarter,intermediate,2098176,64,iteration_000064_steps_002098176,experiments/gol_reward_state_action_symmetry_cycle_1/variant_3_quarter/results/20260909T113037Z-a43b263e/checkpoint_probes/steps_002098176/probe_iteration_000064_steps_002098176.json,fine_belief,post_final_layer_norm,saved,0.23270141449205084,0.09624472793823806,0.12543321433927104,0.767298585507949,0.0998969545455836,0.09624472793823806,0.9634400605708254,0.0036522266073455434,10000,0.09122189232042412,0.10309657632191128,10000,10000,16,200,held_out_environment_trajectory_fixed_probe
variant_3_quarter,20260909T113037Z-a43b263e,3,quarter,intermediate,2098176,64,iteration_000064_steps_002098176,experiments/gol_reward_state_action_symmetry_cycle_1/variant_3_quarter/results/20260909T113037Z-a43b263e/checkpoint_probes/steps_002098176/probe_iteration_000064_steps_002098176.json,coarse_belief,post_final_layer_norm,saved,0.5227166731006431,0.060195743005406956,0.12612161291379076,0.477283326899357,0.07558183136624944,0.060195743005406956,0.7964313898893823,0.01538608836084248,10000,0.058002079340984676,0.06303227354981585,10000,10000,16,200,held_out_environment_trajectory_fixed_probe
variant_3_quarter,20260909T113037Z-a43b263e,3,quarter,intermediate,2098176,64,iteration_000064_steps_002098176,experiments/gol_reward_state_action_symmetry_cycle_1/variant_3_quarter/results/20260909T113037Z-a43b263e/checkpoint_probes/steps_002098176/probe_iteration_000064_steps_002098176.json,m1_minus_m2,post_final_layer_norm,saved,-0.07273468868451394,0.45626594299734563,0.42532971834523303,1.0727346886845142,0.42348825586783534,0.45626594299734563,1.0773992824484364,-0.03277768712951029,10000,0.4174123945929488,0.5162927427998024,10000,10000,16,200,held_out_environment_trajectory_fixed_probe
variant_3_quarter,20260909T113037Z-a43b263e,3,quarter,intermediate,2098176,64,iteration_000064_steps_002098176,experiments/gol_reward_state_action_symmetry_cycle_1/variant_3_quarter/results/20260909T113037Z-a43b263e/checkpoint_probes/steps_002098176/probe_iteration_000064_steps_002098176.json,e_minus_s,post_final_layer_norm,saved,0.010056222746792187,0.21872672546079147,0.22094863414131605,0.9899437772532078,0.2200801650955074,0.21872672546079147,0.993850242550806,0.0013534396347159305,10000,0.20782544653923413,0.2310918576625173,10000,10000,16,200,held_out_environment_trajectory_fixed_probe
variant_3_quarter,20260909T113037Z-a43b263e,3,quarter,intermediate,2098176,64,iteration_000064_steps_002098176,experiments/gol_reward_state_action_symmetry_cycle_1/variant_3_quarter/results/20260909T113037Z-a43b263e/checkpoint_probes/steps_002098176/probe_iteration_000064_steps_002098176.json,fine_belief,categorical_plus_marginals,saved,0.7819823626991542,0.027346653029298437,0.12543321433927104,0.21801763730084575,0.0998969545455836,0.027346653029298437,0.2737486157980921,0.07255030151628516,10000,,,10000,10000,,,
variant_3_quarter,20260909T113037Z-a43b263e,3,quarter,intermediate,2098176,64,iteration_000064_steps_002098176,experiments/gol_reward_state_action_symmetry_cycle_1/variant_3_quarter/results/20260909T113037Z-a43b263e/checkpoint_probes/steps_002098176/probe_iteration_000064_steps_002098176.json,coarse_belief,categorical_plus_marginals,saved,0.7108964657470094,0.03646220403906453,0.12612161291379076,0.28910353425299057,0.07558183136624944,0.03646220403906453,0.4824202242782183,0.03911962732718491,10000,,,10000,10000,,,
variant_3_quarter,20260909T113037Z-a43b263e,3,quarter,intermediate,2098176,64,iteration_000064_steps_002098176,experiments/gol_reward_state_action_symmetry_cycle_1/variant_3_quarter/results/20260909T113037Z-a43b263e/checkpoint_probes/steps_002098176/probe_iteration_000064_steps_002098176.json,m1_minus_m2,categorical_plus_marginals,saved,0.9999999999999992,3.120592438197669e-16,0.42532971834523303,7.336878434778771e-16,0.42348825586783534,3.120592438197669e-16,7.368781530441215e-16,0.423488255867835,10000,,,10000,10000,,,
variant_3_quarter,20260909T113037Z-a43b263e,3,quarter,intermediate,2098176,64,iteration_000064_steps_002098176,experiments/gol_reward_state_action_symmetry_cycle_1/variant_3_quarter/results/20260909T113037Z-a43b263e/checkpoint_probes/steps_002098176/probe_iteration_000064_steps_002098176.json,e_minus_s,categorical_plus_marginals,saved,0.009845772142395348,0.2187732242343872,0.22094863414131605,0.9901542278576048,0.2200801650955074,0.2187732242343872,0.9940615236245709,0.0013069408611202094,10000,,,10000,10000,,,
variant_3_quarter,20260909T113037Z-a43b263e,3,quarter,intermediate,2098176,64,iteration_000064_steps_002098176,experiments/gol_reward_state_action_symmetry_cycle_1/variant_3_quarter/results/20260909T113037Z-a43b263e/checkpoint_probes/steps_002098176/probe_iteration_000064_steps_002098176.json,fine_belief,combined_marginals,saved,0.7816624063549378,0.02738678618200176,0.12543321433927104,0.21833759364506228,0.0998969545455836,0.02738678618200176,0.27415036130560916,0.07251016836358185,10000,,,10000,10000,,,
variant_3_quarter,20260909T113037Z-a43b263e,3,quarter,intermediate,2098176,64,iteration_000064_steps_002098176,experiments/gol_reward_state_action_symmetry_cycle_1/variant_3_quarter/results/20260909T113037Z-a43b263e/checkpoint_probes/steps_002098176/probe_iteration_000064_steps_002098176.json,coarse_belief,combined_marginals,saved,0.7104721858077124,0.036515714909335625,0.12612161291379076,0.28952781419228757,0.07558183136624944,0.036515714909335625,0.4831282101698514,0.03906611645691381,10000,,,10000,10000,,,
variant_3_quarter,20260909T113037Z-a43b263e,3,quarter,intermediate,2098176,64,iteration_000064_steps_002098176,experiments/gol_reward_state_action_symmetry_cycle_1/variant_3_quarter/results/20260909T113037Z-a43b263e/checkpoint_probes/steps_002098176/probe_iteration_000064_steps_002098176.json,m1_minus_m2,combined_marginals,saved,0.9999999999999992,3.10593641308683e-16,0.42532971834523303,7.30242040262466e-16,0.42348825586783534,3.10593641308683e-16,7.334173663734724e-16,0.423488255867835,10000,,,10000,10000,,,
variant_3_quarter,20260909T113037Z-a43b263e,3,quarter,intermediate,2098176,64,iteration_000064_steps_002098176,experiments/gol_reward_state_action_symmetry_cycle_1/variant_3_quarter/results/20260909T113037Z-a43b263e/checkpoint_probes/steps_002098176/probe_iteration_000064_steps_002098176.json,e_minus_s,combined_marginals,saved,0.008392650592790152,0.21909428945601375,0.22094863414131605,0.9916073494072098,0.2200801650955074,0.21909428945601375,0.9955203794078135,0.0009858756394936496,10000,,,10000,10000,,,
variant_3_quarter,20260909T113037Z-a43b263e,3,quarter,intermediate,2098176,64,iteration_000064_steps_002098176,experiments/gol_reward_state_action_symmetry_cycle_1/variant_3_quarter/results/20260909T113037Z-a43b263e/checkpoint_probes/steps_002098176/probe_iteration_000064_steps_002098176.json,fine_belief,next_reward,saved,0.7816624063629951,0.027386786180991093,0.12543321433927104,0.21833759363700486,0.0998969545455836,0.027386786180991093,0.2741503612954921,0.07251016836459251,10000,,,10000,10000,,,
variant_3_quarter,20260909T113037Z-a43b263e,3,quarter,intermediate,2098176,64,iteration_000064_steps_002098176,experiments/gol_reward_state_action_symmetry_cycle_1/variant_3_quarter/results/20260909T113037Z-a43b263e/checkpoint_probes/steps_002098176/probe_iteration_000064_steps_002098176.json,coarse_belief,next_reward,saved,0.7104721858184002,0.03651571490798766,0.12612161291379076,0.28952781418159973,0.07558183136624944,0.03651571490798766,0.4831282101520169,0.039066116458261774,10000,,,10000,10000,,,
variant_3_quarter,20260909T113037Z-a43b263e,3,quarter,intermediate,2098176,64,iteration_000064_steps_002098176,experiments/gol_reward_state_action_symmetry_cycle_1/variant_3_quarter/results/20260909T113037Z-a43b263e/checkpoint_probes/steps_002098176/probe_iteration_000064_steps_002098176.json,m1_minus_m2,next_reward,saved,0.9999999999999934,2.7953432972995362e-15,0.42532971834523303,6.5721795979245514e-15,0.42348825586783534,2.7953432972995362e-15,6.6007575382962285e-15,0.42348825586783256,10000,,,10000,10000,,,
variant_3_quarter,20260909T113037Z-a43b263e,3,quarter,intermediate,2098176,64,iteration_000064_steps_002098176,experiments/gol_reward_state_action_symmetry_cycle_1/variant_3_quarter/results/20260909T113037Z-a43b263e/checkpoint_probes/steps_002098176/probe_iteration_000064_steps_002098176.json,e_minus_s,next_reward,saved,0.008392650629395093,0.21909428944792594,0.22094863414131605,0.9916073493706049,0.2200801650955074,0.21909428944792594,0.9955203793710641,0.0009858756475814578,10000,,,10000,10000,,,
variant_3_quarter,20260909T113037Z-a43b263e,3,quarter,intermediate,2098176,64,iteration_000064_steps_002098176,experiments/gol_reward_state_action_symmetry_cycle_1/variant_3_quarter/results/20260909T113037Z-a43b263e/checkpoint_probes/steps_002098176/probe_iteration_000064_steps_002098176.json,fine_belief,next_token,saved,0.7816624063569102,0.027386786181754347,0.12543321433927104,0.21833759364308983,0.0998969545455836,0.027386786181754347,0.2741503613031325,0.07251016836382926,10000,,,10000,10000,,,
variant_3_quarter,20260909T113037Z-a43b263e,3,quarter,intermediate,2098176,64,iteration_000064_steps_002098176,experiments/gol_reward_state_action_symmetry_cycle_1/variant_3_quarter/results/20260909T113037Z-a43b263e/checkpoint_probes/steps_002098176/probe_iteration_000064_steps_002098176.json,coarse_belief,next_token,saved,0.7104721858103284,0.03651571490900568,0.12612161291379076,0.2895278141896715,0.07558183136624944,0.03651571490900568,0.483128210165486,0.039066116457243755,10000,,,10000,10000,,,
variant_3_quarter,20260909T113037Z-a43b263e,3,quarter,intermediate,2098176,64,iteration_000064_steps_002098176,experiments/gol_reward_state_action_symmetry_cycle_1/variant_3_quarter/results/20260909T113037Z-a43b263e/checkpoint_probes/steps_002098176/probe_iteration_000064_steps_002098176.json,m1_minus_m2,next_token,saved,0.9999999999999983,6.988355836852915e-16,0.42532971834523303,1.643044333709262e-15,0.42348825586783534,6.988355836852915e-16,1.650188816342024e-15,0.4234882558678346,10000,,,10000,10000,,,
variant_3_quarter,20260909T113037Z-a43b263e,3,quarter,intermediate,2098176,64,iteration_000064_steps_002098176,experiments/gol_reward_state_action_symmetry_cycle_1/variant_3_quarter/results/20260909T113037Z-a43b263e/checkpoint_probes/steps_002098176/probe_iteration_000064_steps_002098176.json,e_minus_s,next_token,saved,0.008392650601749985,0.2190942894540341,0.22094863414131605,0.9916073493982501,0.2200801650955074,0.2190942894540341,0.9955203793988183,0.0009858756414732883,10000,,,10000,10000,,,
variant_3_quarter,20260909T113037Z-a43b263e,3,quarter,intermediate,2098176,64,iteration_000064_steps_002098176,experiments/gol_reward_state_action_symmetry_cycle_1/variant_3_quarter/results/20260909T113037Z-a43b263e/checkpoint_probes/steps_002098176/probe_iteration_000064_steps_002098176.json,fine_belief,previous_action_latest_token,saved,0.19498754360734816,0.10097529998848258,0.12543321433927104,0.8050124563926518,0.0998969545455836,0.10097529998848258,1.0107945777506853,-0.0010783454428989758,10000,,,10000,10000,,,
variant_3_quarter,20260909T113037Z-a43b263e,3,quarter,intermediate,2098176,64,iteration_000064_steps_002098176,experiments/gol_reward_state_action_symmetry_cycle_1/variant_3_quarter/results/20260909T113037Z-a43b263e/checkpoint_probes/steps_002098176/probe_iteration_000064_steps_002098176.json,coarse_belief,previous_action_latest_token,saved,0.3999075925555433,0.07568462232421458,0.12612161291379076,0.6000924074444567,0.07558183136624944,0.07568462232421458,1.0013599955982417,-0.00010279095796514315,10000,,,10000,10000,,,
variant_3_quarter,20260909T113037Z-a43b263e,3,quarter,intermediate,2098176,64,iteration_000064_steps_002098176,experiments/gol_reward_state_action_symmetry_cycle_1/variant_3_quarter/results/20260909T113037Z-a43b263e/checkpoint_probes/steps_002098176/probe_iteration_000064_steps_002098176.json,m1_minus_m2,previous_action_latest_token,saved,-0.014672615754388607,0.43157041787143496,0.42532971834523303,1.0146726157543886,0.42348825586783534,0.43157041787143496,1.0190847370419687,-0.008082162003599624,10000,,,10000,10000,,,
variant_3_quarter,20260909T113037Z-a43b263e,3,quarter,intermediate,2098176,64,iteration_000064_steps_002098176,experiments/gol_reward_state_action_symmetry_cycle_1/variant_3_quarter/results/20260909T113037Z-a43b263e/checkpoint_probes/steps_002098176/probe_iteration_000064_steps_002098176.json,e_minus_s,previous_action_latest_token,saved,0.002118845062943353,0.22048047821870165,0.22094863414131605,0.9978811549370566,0.2200801650955074,0.22048047821870165,1.001818942306866,-0.00040031312319424583,10000,,,10000,10000,,,
variant_3_quarter,20260909T113037Z-a43b263e,3,quarter,intermediate,2098176,64,iteration_000064_steps_002098176,experiments/gol_reward_state_action_symmetry_cycle_1/variant_3_quarter/results/20260909T113037Z-a43b263e/checkpoint_probes/steps_002098176/probe_iteration_000064_steps_002098176.json,fine_belief,shuffled_history_broken_alignment,saved,-0.06164639120857429,0.1331657193409787,0.12543321433927104,1.0616463912085743,0.0998969545455836,0.1331657193409787,1.3330308210768764,-0.0332687647953951,10000,,,10000,10000,,,
variant_3_quarter,20260909T113037Z-a43b263e,3,quarter,intermediate,2098176,64,iteration_000064_steps_002098176,experiments/gol_reward_state_action_symmetry_cycle_1/variant_3_quarter/results/20260909T113037Z-a43b263e/checkpoint_probes/steps_002098176/probe_iteration_000064_steps_002098176.json,coarse_belief,shuffled_history_broken_alignment,saved,-0.030434276663215076,0.12996003297442,0.12612161291379076,1.030434276663215,0.07558183136624944,0.12996003297442,1.7194612862007572,-0.05437820160817056,10000,,,10000,10000,,,
variant_3_quarter,20260909T113037Z-a43b263e,3,quarter,intermediate,2098176,64,iteration_000064_steps_002098176,experiments/gol_reward_state_action_symmetry_cycle_1/variant_3_quarter/results/20260909T113037Z-a43b263e/checkpoint_probes/steps_002098176/probe_iteration_000064_steps_002098176.json,m1_minus_m2,shuffled_history_broken_alignment,saved,-0.10711992156073413,0.4708910044118235,0.42532971834523303,1.1071199215607341,0.42348825586783534,0.4708910044118235,1.1119340333224776,-0.04740274854398818,10000,,,10000,10000,,,
variant_3_quarter,20260909T113037Z-a43b263e,3,quarter,intermediate,2098176,64,iteration_000064_steps_002098176,experiments/gol_reward_state_action_symmetry_cycle_1/variant_3_quarter/results/20260909T113037Z-a43b263e/checkpoint_probes/steps_002098176/probe_iteration_000064_steps_002098176.json,e_minus_s,shuffled_history_broken_alignment,saved,-0.012832037295371412,0.2237838552549788,0.22094863414131605,1.0128320372953714,0.2200801650955074,0.2237838552549788,1.0168288230693763,-0.00370369015947139,10000,,,10000,10000,,,
variant_3_quarter,20260909T113037Z-a43b263e,3,quarter,intermediate,2098176,64,iteration_000064_steps_002098176,experiments/gol_reward_state_action_symmetry_cycle_1/variant_3_quarter/results/20260909T113037Z-a43b263e/checkpoint_probes/steps_002098176/probe_iteration_000064_steps_002098176.json,fine_belief,single_permuted_training_labels,saved,-0.009573774152938919,0.1266340836046324,0.12543321433927104,1.009573774152939,0.0998969545455836,0.1266340836046324,1.267647088749322,-0.026737129059048806,10000,,,10000,10000,,,
variant_3_quarter,20260909T113037Z-a43b263e,3,quarter,intermediate,2098176,64,iteration_000064_steps_002098176,experiments/gol_reward_state_action_symmetry_cycle_1/variant_3_quarter/results/20260909T113037Z-a43b263e/checkpoint_probes/steps_002098176/probe_iteration_000064_steps_002098176.json,coarse_belief,single_permuted_training_labels,saved,-0.0006382239323181604,0.12620210674553492,0.12612161291379076,1.0006382239323182,0.07558183136624944,0.12620210674553492,1.66974131830695,-0.050620275379285484,10000,,,10000,10000,,,
variant_3_quarter,20260909T113037Z-a43b263e,3,quarter,intermediate,2098176,64,iteration_000064_steps_002098176,experiments/gol_reward_state_action_symmetry_cycle_1/variant_3_quarter/results/20260909T113037Z-a43b263e/checkpoint_probes/steps_002098176/probe_iteration_000064_steps_002098176.json,m1_minus_m2,single_permuted_training_labels,saved,-0.02017606078303169,0.4339111965953962,0.42532971834523303,1.0201760607830317,0.42348825586783534,0.4339111965953962,1.024612112811019,-0.010422940727560837,10000,,,10000,10000,,,
variant_3_quarter,20260909T113037Z-a43b263e,3,quarter,intermediate,2098176,64,iteration_000064_steps_002098176,experiments/gol_reward_state_action_symmetry_cycle_1/variant_3_quarter/results/20260909T113037Z-a43b263e/checkpoint_probes/steps_002098176/probe_iteration_000064_steps_002098176.json,e_minus_s,single_permuted_training_labels,saved,-0.009552001285087597,0.22305913577857228,0.22094863414131605,1.0095520012850878,0.2200801650955074,0.22305913577857228,1.013535843549427,-0.00297897068306488,10000,,,10000,10000,,,
variant_3_quarter,20260909T113037Z-a43b263e,3,quarter,intermediate,2098176,64,iteration_000064_steps_002098176,experiments/gol_reward_state_action_symmetry_cycle_1/variant_3_quarter/results/20260909T113037Z-a43b263e/checkpoint_probes/steps_002098176/probe_iteration_000064_steps_002098176.json,fine_belief,log_next_token,not_fitted_or_saved,,,,,,,,,,,,,,,,
variant_3_quarter,20260909T113037Z-a43b263e,3,quarter,intermediate,2098176,64,iteration_000064_steps_002098176,experiments/gol_reward_state_action_symmetry_cycle_1/variant_3_quarter/results/20260909T113037Z-a43b263e/checkpoint_probes/steps_002098176/probe_iteration_000064_steps_002098176.json,coarse_belief,log_next_token,not_fitted_or_saved,,,,,,,,,,,,,,,,
variant_3_quarter,20260909T113037Z-a43b263e,3,quarter,intermediate,2098176,64,iteration_000064_steps_002098176,experiments/gol_reward_state_action_symmetry_cycle_1/variant_3_quarter/results/20260909T113037Z-a43b263e/checkpoint_probes/steps_002098176/probe_iteration_000064_steps_002098176.json,m1_minus_m2,log_next_token,not_fitted_or_saved,,,,,,,,,,,,,,,,
variant_3_quarter,20260909T113037Z-a43b263e,3,quarter,intermediate,2098176,64,iteration_000064_steps_002098176,experiments/gol_reward_state_action_symmetry_cycle_1/variant_3_quarter/results/20260909T113037Z-a43b263e/checkpoint_probes/steps_002098176/probe_iteration_000064_steps_002098176.json,e_minus_s,log_next_token,not_fitted_or_saved,,,,,,,,,,,,,,,,
variant_3_quarter,20260909T113037Z-a43b263e,3,quarter,final,2524368,77,checkpoint_000000,experiments/gol_reward_state_action_symmetry_cycle_1/variant_3_quarter/results/20260909T113037Z-a43b263e/checkpoint_probes/steps_002524368/probe_checkpoint_000000.json,fine_belief,post_final_layer_norm,saved,0.23490683430317794,0.09393570981740489,0.122776825135866,0.7650931656968222,0.0970951422358105,0.09393570981740489,0.9674604481166272,0.0031594324184056194,10000,0.08615226231533264,0.10130194430325519,10000,10000,16,200,held_out_environment_trajectory_fixed_probe
variant_3_quarter,20260909T113037Z-a43b263e,3,quarter,final,2524368,77,checkpoint_000000,experiments/gol_reward_state_action_symmetry_cycle_1/variant_3_quarter/results/20260909T113037Z-a43b263e/checkpoint_probes/steps_002524368/probe_checkpoint_000000.json,coarse_belief,post_final_layer_norm,saved,0.5528798818499084,0.05652388677831418,0.12641767722771077,0.44712011815009156,0.07547899561150098,0.05652388677831418,0.7488690902731282,0.018955108833186803,10000,0.054110342791667904,0.059825436420320816,10000,10000,16,200,held_out_environment_trajectory_fixed_probe
variant_3_quarter,20260909T113037Z-a43b263e,3,quarter,final,2524368,77,checkpoint_000000,experiments/gol_reward_state_action_symmetry_cycle_1/variant_3_quarter/results/20260909T113037Z-a43b263e/checkpoint_probes/steps_002524368/probe_checkpoint_000000.json,m1_minus_m2,post_final_layer_norm,saved,-0.12321596884157837,0.4522025031250149,0.4025962198448719,1.1232159688415784,0.4012679722269221,0.4522025031250149,1.1269339554199174,-0.0509345308980928,10000,0.3946775993006304,0.5045387912135186,10000,10000,16,200,held_out_environment_trajectory_fixed_probe
variant_3_quarter,20260909T113037Z-a43b263e,3,quarter,final,2524368,77,checkpoint_000000,experiments/gol_reward_state_action_symmetry_cycle_1/variant_3_quarter/results/20260909T113037Z-a43b263e/checkpoint_probes/steps_002524368/probe_checkpoint_000000.json,e_minus_s,post_final_layer_norm,saved,0.010278133256729993,0.21956288490290357,0.22184301699363923,0.9897218667432699,0.2207315496406738,0.21956288490290357,0.9947054929860608,0.0011686647377702197,10000,0.21021161032302774,0.23058010174290816,10000,10000,16,200,held_out_environment_trajectory_fixed_probe
variant_3_quarter,20260909T113037Z-a43b263e,3,quarter,final,2524368,77,checkpoint_000000,experiments/gol_reward_state_action_symmetry_cycle_1/variant_3_quarter/results/20260909T113037Z-a43b263e/checkpoint_probes/steps_002524368/probe_checkpoint_000000.json,fine_belief,categorical_plus_marginals,saved,0.7770117405597357,0.027377790536648457,0.122776825135866,0.22298825944026435,0.0970951422358105,0.027377790536648457,0.28196869489265775,0.06971735169916204,10000,,,10000,10000,,,
variant_3_quarter,20260909T113037Z-a43b263e,3,quarter,final,2524368,77,checkpoint_000000,experiments/gol_reward_state_action_symmetry_cycle_1/variant_3_quarter/results/20260909T113037Z-a43b263e/checkpoint_probes/steps_002524368/probe_checkpoint_000000.json,coarse_belief,categorical_plus_marginals,saved,0.7112451239728237,0.03650372071553122,0.12641767722771077,0.28875487602717637,0.07547899561150098,0.03650372071553122,0.48362753663840524,0.03897527489596976,10000,,,10000,10000,,,
variant_3_quarter,20260909T113037Z-a43b263e,3,quarter,final,2524368,77,checkpoint_000000,experiments/gol_reward_state_action_symmetry_cycle_1/variant_3_quarter/results/20260909T113037Z-a43b263e/checkpoint_probes/steps_002524368/probe_checkpoint_000000.json,m1_minus_m2,categorical_plus_marginals,saved,0.9999999999999992,3.1929555878347777e-16,0.4025962198448719,7.930912985385419e-16,0.4012679722269221,3.1929555878347777e-16,7.957165308047862e-16,0.4012679722269218,10000,,,10000,10000,,,
variant_3_quarter,20260909T113037Z-a43b263e,3,quarter,final,2524368,77,checkpoint_000000,experiments/gol_reward_state_action_symmetry_cycle_1/variant_3_quarter/results/20260909T113037Z-a43b263e/checkpoint_probes/steps_002524368/probe_checkpoint_000000.json,e_minus_s,categorical_plus_marginals,saved,0.012714814009821995,0.21902232429318733,0.22184301699363923,0.987285185990178,0.2207315496406738,0.21902232429318733,0.9922565426180857,0.001709225347486465,10000,,,10000,10000,,,
variant_3_quarter,20260909T113037Z-a43b263e,3,quarter,final,2524368,77,checkpoint_000000,experiments/gol_reward_state_action_symmetry_cycle_1/variant_3_quarter/results/20260909T113037Z-a43b263e/checkpoint_probes/steps_002524368/probe_checkpoint_000000.json,fine_belief,combined_marginals,saved,0.7764087503602233,0.02745182375893263,0.122776825135866,0.22359124963977672,0.0970951422358105,0.02745182375893263,0.28273117611035214,0.06964331847687788,10000,,,10000,10000,,,
variant_3_quarter,20260909T113037Z-a43b263e,3,quarter,final,2524368,77,checkpoint_000000,experiments/gol_reward_state_action_symmetry_cycle_1/variant_3_quarter/results/20260909T113037Z-a43b263e/checkpoint_probes/steps_002524368/probe_checkpoint_000000.json,coarse_belief,combined_marginals,saved,0.7104642920099979,0.03660243167857679,0.12641767722771077,0.289535707990002,0.07547899561150098,0.03660243167857679,0.48493533044575327,0.03887656393292419,10000,,,10000,10000,,,
variant_3_quarter,20260909T113037Z-a43b263e,3,quarter,final,2524368,77,checkpoint_000000,experiments/gol_reward_state_action_symmetry_cycle_1/variant_3_quarter/results/20260909T113037Z-a43b263e/checkpoint_probes/steps_002524368/probe_checkpoint_000000.json,m1_minus_m2,combined_marginals,saved,0.9999999999999992,3.1548648741631667e-16,0.4025962198448719,7.836300289602314e-16,0.4012679722269221,3.1548648741631667e-16,7.862239432303983e-16,0.4012679722269218,10000,,,10000,10000,,,
variant_3_quarter,20260909T113037Z-a43b263e,3,quarter,final,2524368,77,checkpoint_000000,experiments/gol_reward_state_action_symmetry_cycle_1/variant_3_quarter/results/20260909T113037Z-a43b263e/checkpoint_probes/steps_002524368/probe_checkpoint_000000.json,e_minus_s,combined_marginals,saved,0.010045062280425121,0.21961459007146072,0.22184301699363923,0.9899549377195749,0.2207315496406738,0.21961459007146072,0.9949397375634278,0.0011169595692130663,10000,,,10000,10000,,,
variant_3_quarter,20260909T113037Z-a43b263e,3,quarter,final,2524368,77,checkpoint_000000,experiments/gol_reward_state_action_symmetry_cycle_1/variant_3_quarter/results/20260909T113037Z-a43b263e/checkpoint_probes/steps_002524368/probe_checkpoint_000000.json,fine_belief,next_reward,saved,0.7764087503400372,0.027451823761411014,0.122776825135866,0.22359124965996283,0.0970951422358105,0.027451823761411014,0.28273117613587745,0.06964331847439949,10000,,,10000,10000,,,
variant_3_quarter,20260909T113037Z-a43b263e,3,quarter,final,2524368,77,checkpoint_000000,experiments/gol_reward_state_action_symmetry_cycle_1/variant_3_quarter/results/20260909T113037Z-a43b263e/checkpoint_probes/steps_002524368/probe_checkpoint_000000.json,coarse_belief,next_reward,saved,0.7104642919838617,0.03660243168188088,0.12641767722771077,0.2895357080161383,0.07547899561150098,0.03660243168188088,0.48493533048952825,0.0388765639296201,10000,,,10000,10000,,,
variant_3_quarter,20260909T113037Z-a43b263e,3,quarter,final,2524368,77,checkpoint_000000,experiments/gol_reward_state_action_symmetry_cycle_1/variant_3_quarter/results/20260909T113037Z-a43b263e/checkpoint_probes/steps_002524368/probe_checkpoint_000000.json,m1_minus_m2,next_reward,saved,0.9999999999999929,2.8393780148281486e-15,0.4025962198448719,7.0526693368413035e-15,0.4012679722269221,2.8393780148281486e-15,7.076014562214909e-15,0.4012679722269193,10000,,,10000,10000,,,
variant_3_quarter,20260909T113037Z-a43b263e,3,quarter,final,2524368,77,checkpoint_000000,experiments/gol_reward_state_action_symmetry_cycle_1/variant_3_quarter/results/20260909T113037Z-a43b263e/checkpoint_probes/steps_002524368/probe_checkpoint_000000.json,e_minus_s,next_reward,saved,0.010045062191062049,0.2196145900912853,0.22184301699363923,0.9899549378089381,0.2207315496406738,0.2196145900912853,0.994939737653241,0.0011169595493884799,10000,,,10000,10000,,,
variant_3_quarter,20260909T113037Z-a43b263e,3,quarter,final,2524368,77,checkpoint_000000,experiments/gol_reward_state_action_symmetry_cycle_1/variant_3_quarter/results/20260909T113037Z-a43b263e/checkpoint_probes/steps_002524368/probe_checkpoint_000000.json,fine_belief,next_token,saved,0.7764087503551409,0.027451823759556633,0.122776825135866,0.22359124964485913,0.0970951422358105,0.027451823759556633,0.28273117611677884,0.06964331847625388,10000,,,10000,10000,,,
variant_3_quarter,20260909T113037Z-a43b263e,3,quarter,final,2524368,77,checkpoint_000000,experiments/gol_reward_state_action_symmetry_cycle_1/variant_3_quarter/results/20260909T113037Z-a43b263e/checkpoint_probes/steps_002524368/probe_checkpoint_000000.json,coarse_belief,next_token,saved,0.7104642920034172,0.03660243167940873,0.12641767722771077,0.28953570799658285,0.07547899561150098,0.03660243167940873,0.4849353304567754,0.038876563932092253,10000,,,10000,10000,,,
variant_3_quarter,20260909T113037Z-a43b263e,3,quarter,final,2524368,77,checkpoint_000000,experiments/gol_reward_state_action_symmetry_cycle_1/variant_3_quarter/results/20260909T113037Z-a43b263e/checkpoint_probes/steps_002524368/probe_checkpoint_000000.json,m1_minus_m2,next_token,saved,0.9999999999999982,7.098445897148863e-16,0.4025962198448719,1.7631675478433531e-15,0.4012679722269221,7.098445897148863e-16,1.7690038548939067e-15,0.4012679722269214,10000,,,10000,10000,,,
variant_3_quarter,20260909T113037Z-a43b263e,3,quarter,final,2524368,77,checkpoint_000000,experiments/gol_reward_state_action_symmetry_cycle_1/variant_3_quarter/results/20260909T113037Z-a43b263e/checkpoint_probes/steps_002524368/probe_checkpoint_000000.json,e_minus_s,next_token,saved,0.01004506225792412,0.2196145900764524,0.22184301699363923,0.9899549377420759,0.2207315496406738,0.2196145900764524,0.994939737586042,0.0011169595642213925,10000,,,10000,10000,,,
variant_3_quarter,20260909T113037Z-a43b263e,3,quarter,final,2524368,77,checkpoint_000000,experiments/gol_reward_state_action_symmetry_cycle_1/variant_3_quarter/results/20260909T113037Z-a43b263e/checkpoint_probes/steps_002524368/probe_checkpoint_000000.json,fine_belief,previous_action_latest_token,saved,0.2075935475967633,0.09728914844324413,0.122776825135866,0.7924064524032367,0.0970951422358105,0.09728914844324413,1.0019981041581096,-0.0001940062074336224,10000,,,10000,10000,,,
variant_3_quarter,20260909T113037Z-a43b263e,3,quarter,final,2524368,77,checkpoint_000000,experiments/gol_reward_state_action_symmetry_cycle_1/variant_3_quarter/results/20260909T113037Z-a43b263e/checkpoint_probes/steps_002524368/probe_checkpoint_000000.json,coarse_belief,previous_action_latest_token,saved,0.4012731609689857,0.0756896562841903,0.12641767722771077,0.5987268390310142,0.07547899561150098,0.0756896562841903,1.002790984047716,-0.00021066067268932231,10000,,,10000,10000,,,
variant_3_quarter,20260909T113037Z-a43b263e,3,quarter,final,2524368,77,checkpoint_000000,experiments/gol_reward_state_action_symmetry_cycle_1/variant_3_quarter/results/20260909T113037Z-a43b263e/checkpoint_probes/steps_002524368/probe_checkpoint_000000.json,m1_minus_m2,previous_action_latest_token,saved,0.0017974858785009262,0.4018725588249629,0.4025962198448719,0.9982025141214991,0.4012679722269221,0.4018725588249629,1.0015066903911756,-0.0006045865980408016,10000,,,10000,10000,,,
variant_3_quarter,20260909T113037Z-a43b263e,3,quarter,final,2524368,77,checkpoint_000000,experiments/gol_reward_state_action_symmetry_cycle_1/variant_3_quarter/results/20260909T113037Z-a43b263e/checkpoint_probes/steps_002524368/probe_checkpoint_000000.json,e_minus_s,previous_action_latest_token,saved,0.003592658681592864,0.2210460107526863,0.22184301699363923,0.9964073413184071,0.2207315496406738,0.2210460107526863,1.0014246314698756,-0.0003144611120124985,10000,,,10000,10000,,,
variant_3_quarter,20260909T113037Z-a43b263e,3,quarter,final,2524368,77,checkpoint_000000,experiments/gol_reward_state_action_symmetry_cycle_1/variant_3_quarter/results/20260909T113037Z-a43b263e/checkpoint_probes/steps_002524368/probe_checkpoint_000000.json,fine_belief,shuffled_history_broken_alignment,saved,-0.03414438540782894,0.12696896437245464,0.122776825135866,1.034144385407829,0.0970951422358105,0.12696896437245464,1.307675764706034,-0.029873822136644135,10000,,,10000,10000,,,
variant_3_quarter,20260909T113037Z-a43b263e,3,quarter,final,2524368,77,checkpoint_000000,experiments/gol_reward_state_action_symmetry_cycle_1/variant_3_quarter/results/20260909T113037Z-a43b263e/checkpoint_probes/steps_002524368/probe_checkpoint_000000.json,coarse_belief,shuffled_history_broken_alignment,saved,-0.022414435958760137,0.1292512581579865,0.12641767722771077,1.0224144359587601,0.07547899561150098,0.1292512581579865,1.7124135941508483,-0.05377226254648551,10000,,,10000,10000,,,
variant_3_quarter,20260909T113037Z-a43b263e,3,quarter,final,2524368,77,checkpoint_000000,experiments/gol_reward_state_action_symmetry_cycle_1/variant_3_quarter/results/20260909T113037Z-a43b263e/checkpoint_probes/steps_002524368/probe_checkpoint_000000.json,m1_minus_m2,shuffled_history_broken_alignment,saved,-0.054412000241895964,0.4245022854564575,0.4025962198448719,1.054412000241896,0.4012679722269221,0.4245022854564575,1.057902237002848,-0.023234313229535397,10000,,,10000,10000,,,
variant_3_quarter,20260909T113037Z-a43b263e,3,quarter,final,2524368,77,checkpoint_000000,experiments/gol_reward_state_action_symmetry_cycle_1/variant_3_quarter/results/20260909T113037Z-a43b263e/checkpoint_probes/steps_002524368/probe_checkpoint_000000.json,e_minus_s,shuffled_history_broken_alignment,saved,-0.004012628804487495,0.2227331906737023,0.22184301699363923,1.0040126288044875,0.2207315496406738,0.2227331906737023,1.0090682144726795,-0.002001641033028523,10000,,,10000,10000,,,
variant_3_quarter,20260909T113037Z-a43b263e,3,quarter,final,2524368,77,checkpoint_000000,experiments/gol_reward_state_action_symmetry_cycle_1/variant_3_quarter/results/20260909T113037Z-a43b263e/checkpoint_probes/steps_002524368/probe_checkpoint_000000.json,fine_belief,single_permuted_training_labels,saved,-0.021855352333677525,0.12546015590762066,0.122776825135866,1.0218553523336775,0.0970951422358105,0.12546015590762066,1.292136280133576,-0.028365013671810158,10000,,,10000,10000,,,
variant_3_quarter,20260909T113037Z-a43b263e,3,quarter,final,2524368,77,checkpoint_000000,experiments/gol_reward_state_action_symmetry_cycle_1/variant_3_quarter/results/20260909T113037Z-a43b263e/checkpoint_probes/steps_002524368/probe_checkpoint_000000.json,coarse_belief,single_permuted_training_labels,saved,-0.03136535906823901,0.13038281306653066,0.12641767722771077,1.031365359068239,0.07547899561150098,0.13038281306653066,1.7274052471183625,-0.054903817455029674,10000,,,10000,10000,,,
variant_3_quarter,20260909T113037Z-a43b263e,3,quarter,final,2524368,77,checkpoint_000000,experiments/gol_reward_state_action_symmetry_cycle_1/variant_3_quarter/results/20260909T113037Z-a43b263e/checkpoint_probes/steps_002524368/probe_checkpoint_000000.json,m1_minus_m2,single_permuted_training_labels,saved,-0.011236752321242216,0.4071200938527372,0.4025962198448719,1.0112367523212422,0.4012679722269221,0.4071200938527372,1.0145840735639515,-0.005852121625815054,10000,,,10000,10000,,,
variant_3_quarter,20260909T113037Z-a43b263e,3,quarter,final,2524368,77,checkpoint_000000,experiments/gol_reward_state_action_symmetry_cycle_1/variant_3_quarter/results/20260909T113037Z-a43b263e/checkpoint_probes/steps_002524368/probe_checkpoint_000000.json,e_minus_s,single_permuted_training_labels,saved,-0.014635062562150525,0.22508970342631737,0.22184301699363923,1.0146350625621505,0.2207315496406738,0.22508970342631737,1.019744136226734,-0.0043581537856435815,10000,,,10000,10000,,,
variant_3_quarter,20260909T113037Z-a43b263e,3,quarter,final,2524368,77,checkpoint_000000,experiments/gol_reward_state_action_symmetry_cycle_1/variant_3_quarter/results/20260909T113037Z-a43b263e/checkpoint_probes/steps_002524368/probe_checkpoint_000000.json,fine_belief,log_next_token,not_fitted_or_saved,,,,,,,,,,,,,,,,
variant_3_quarter,20260909T113037Z-a43b263e,3,quarter,final,2524368,77,checkpoint_000000,experiments/gol_reward_state_action_symmetry_cycle_1/variant_3_quarter/results/20260909T113037Z-a43b263e/checkpoint_probes/steps_002524368/probe_checkpoint_000000.json,coarse_belief,log_next_token,not_fitted_or_saved,,,,,,,,,,,,,,,,
variant_3_quarter,20260909T113037Z-a43b263e,3,quarter,final,2524368,77,checkpoint_000000,experiments/gol_reward_state_action_symmetry_cycle_1/variant_3_quarter/results/20260909T113037Z-a43b263e/checkpoint_probes/steps_002524368/probe_checkpoint_000000.json,m1_minus_m2,log_next_token,not_fitted_or_saved,,,,,,,,,,,,,,,,
variant_3_quarter,20260909T113037Z-a43b263e,3,quarter,final,2524368,77,checkpoint_000000,experiments/gol_reward_state_action_symmetry_cycle_1/variant_3_quarter/results/20260909T113037Z-a43b263e/checkpoint_probes/steps_002524368/probe_checkpoint_000000.json,e_minus_s,log_next_token,not_fitted_or_saved,,,,,,,,,,,,,,,,
