arm,run_id,variant,speed,phase,agent_steps,training_iteration,checkpoint_label,source,target,control,availability,r_squared,mse,target_variance,global_mse_ratio,branch_baseline_mse,fine_evaluation_mse,fine_mse_ratio,fine_mse_improvement,n_evaluated,mse_ci95_low,mse_ci95_high,n_fit,n_test,bootstrap_clusters,bootstrap_resamples,bootstrap_unit
variant_2,20260909T104731Z-c4aff136,2,half,initial,0,0,initial_checkpoint,experiments/gol_reward_state_action_symmetry_cycle_1/variant_2/results/20260909T104731Z-c4aff136/checkpoint_probes/steps_000000000/probe_initial_checkpoint.json,fine_belief,post_final_layer_norm,saved,0.2435545445977304,0.07954322098068477,0.10515394125592907,0.7564454554022696,0.07787630169164463,0.07954322098068477,1.0214047053189608,-0.0016669192890401419,10000,0.07666296766622889,0.08305825404806552,10000,10000,16,200,held_out_environment_trajectory_fixed_probe
variant_2,20260909T104731Z-c4aff136,2,half,initial,0,0,initial_checkpoint,experiments/gol_reward_state_action_symmetry_cycle_1/variant_2/results/20260909T104731Z-c4aff136/checkpoint_probes/steps_000000000/probe_initial_checkpoint.json,coarse_belief,post_final_layer_norm,saved,0.455097058928812,0.06532846726925573,0.1198900984840179,0.544902941071188,0.06807518779579168,0.06532846726925573,0.959651664351255,0.002746720526535948,10000,0.06281578003761339,0.06717122983176564,10000,10000,16,200,held_out_environment_trajectory_fixed_probe
variant_2,20260909T104731Z-c4aff136,2,half,initial,0,0,initial_checkpoint,experiments/gol_reward_state_action_symmetry_cycle_1/variant_2/results/20260909T104731Z-c4aff136/checkpoint_probes/steps_000000000/probe_initial_checkpoint.json,m1_minus_m2,post_final_layer_norm,saved,-0.05060562529349988,0.30658909887450236,0.29182129953744806,1.0506056252934999,0.282286178641823,0.30658909887450236,1.0860931992831147,-0.02430292023267938,10000,0.28049633378499933,0.33464360704943596,10000,10000,16,200,held_out_environment_trajectory_fixed_probe
variant_2,20260909T104731Z-c4aff136,2,half,initial,0,0,initial_checkpoint,experiments/gol_reward_state_action_symmetry_cycle_1/variant_2/results/20260909T104731Z-c4aff136/checkpoint_probes/steps_000000000/probe_initial_checkpoint.json,e_minus_s,post_final_layer_norm,saved,0.020143736177130944,0.20532839968185648,0.20954950972173833,0.979856263822869,0.20527045112450196,0.20532839968185648,1.00028230345399,-5.7948557354525754e-05,10000,0.19788828130731478,0.21202568474357686,10000,10000,16,200,held_out_environment_trajectory_fixed_probe
variant_2,20260909T104731Z-c4aff136,2,half,initial,0,0,initial_checkpoint,experiments/gol_reward_state_action_symmetry_cycle_1/variant_2/results/20260909T104731Z-c4aff136/checkpoint_probes/steps_000000000/probe_initial_checkpoint.json,fine_belief,categorical_plus_marginals,saved,0.43668128317342125,0.05923518325754741,0.10515394125592907,0.5633187168265789,0.07787630169164463,0.05923518325754741,0.7606316937351787,0.018641118434097215,10000,,,10000,10000,,,
variant_2,20260909T104731Z-c4aff136,2,half,initial,0,0,initial_checkpoint,experiments/gol_reward_state_action_symmetry_cycle_1/variant_2/results/20260909T104731Z-c4aff136/checkpoint_probes/steps_000000000/probe_initial_checkpoint.json,coarse_belief,categorical_plus_marginals,saved,0.7146617025382278,0.03420923658395387,0.1198900984840179,0.28533829746177225,0.06807518779579168,0.03420923658395387,0.5025213692626588,0.03386595121183781,10000,,,10000,10000,,,
variant_2,20260909T104731Z-c4aff136,2,half,initial,0,0,initial_checkpoint,experiments/gol_reward_state_action_symmetry_cycle_1/variant_2/results/20260909T104731Z-c4aff136/checkpoint_probes/steps_000000000/probe_initial_checkpoint.json,m1_minus_m2,categorical_plus_marginals,saved,0.0794844413946405,0.26862604655665595,0.29182129953744806,0.9205155586053595,0.282286178641823,0.26862604655665595,0.9516089234305035,0.013660132085167032,10000,,,10000,10000,,,
variant_2,20260909T104731Z-c4aff136,2,half,initial,0,0,initial_checkpoint,experiments/gol_reward_state_action_symmetry_cycle_1/variant_2/results/20260909T104731Z-c4aff136/checkpoint_probes/steps_000000000/probe_initial_checkpoint.json,e_minus_s,categorical_plus_marginals,saved,0.020492007944648782,0.20525541950372322,0.20954950972173833,0.9795079920553513,0.20527045112450196,0.20525541950372322,0.9999267716288615,1.5031620778732657e-05,10000,,,10000,10000,,,
variant_2,20260909T104731Z-c4aff136,2,half,initial,0,0,initial_checkpoint,experiments/gol_reward_state_action_symmetry_cycle_1/variant_2/results/20260909T104731Z-c4aff136/checkpoint_probes/steps_000000000/probe_initial_checkpoint.json,fine_belief,combined_marginals,saved,0.4250617612130948,0.060457021787185546,0.10515394125592907,0.5749382387869052,0.07787630169164463,0.060457021787185546,0.7763211718318154,0.01741927990445908,10000,,,10000,10000,,,
variant_2,20260909T104731Z-c4aff136,2,half,initial,0,0,initial_checkpoint,experiments/gol_reward_state_action_symmetry_cycle_1/variant_2/results/20260909T104731Z-c4aff136/checkpoint_probes/steps_000000000/probe_initial_checkpoint.json,coarse_belief,combined_marginals,saved,0.7085808610677523,0.034938269266714866,0.1198900984840179,0.2914191389322477,0.06807518779579168,0.034938269266714866,0.5132305969029543,0.03313691852907681,10000,,,10000,10000,,,
variant_2,20260909T104731Z-c4aff136,2,half,initial,0,0,initial_checkpoint,experiments/gol_reward_state_action_symmetry_cycle_1/variant_2/results/20260909T104731Z-c4aff136/checkpoint_probes/steps_000000000/probe_initial_checkpoint.json,m1_minus_m2,combined_marginals,saved,0.06097821121507785,0.27402655869719506,0.29182129953744806,0.9390217887849222,0.282286178641823,0.27402655869719506,0.970740260878631,0.008259619944627927,10000,,,10000,10000,,,
variant_2,20260909T104731Z-c4aff136,2,half,initial,0,0,initial_checkpoint,experiments/gol_reward_state_action_symmetry_cycle_1/variant_2/results/20260909T104731Z-c4aff136/checkpoint_probes/steps_000000000/probe_initial_checkpoint.json,e_minus_s,combined_marginals,saved,-0.00038227662120182693,0.20962961560028925,0.20954950972173833,1.0003822766212018,0.20527045112450196,0.20962961560028925,1.0212362005924727,-0.004359164475787297,10000,,,10000,10000,,,
variant_2,20260909T104731Z-c4aff136,2,half,initial,0,0,initial_checkpoint,experiments/gol_reward_state_action_symmetry_cycle_1/variant_2/results/20260909T104731Z-c4aff136/checkpoint_probes/steps_000000000/probe_initial_checkpoint.json,fine_belief,next_reward,saved,0.42506176119496164,0.060457021789092326,0.10515394125592907,0.5749382388050384,0.07787630169164463,0.060457021789092326,0.7763211718563001,0.0174192799025523,10000,,,10000,10000,,,
variant_2,20260909T104731Z-c4aff136,2,half,initial,0,0,initial_checkpoint,experiments/gol_reward_state_action_symmetry_cycle_1/variant_2/results/20260909T104731Z-c4aff136/checkpoint_probes/steps_000000000/probe_initial_checkpoint.json,coarse_belief,next_reward,saved,0.7085808610680323,0.0349382692666813,0.1198900984840179,0.2914191389319677,0.06807518779579168,0.0349382692666813,0.5132305969024612,0.033136918529110375,10000,,,10000,10000,,,
variant_2,20260909T104731Z-c4aff136,2,half,initial,0,0,initial_checkpoint,experiments/gol_reward_state_action_symmetry_cycle_1/variant_2/results/20260909T104731Z-c4aff136/checkpoint_probes/steps_000000000/probe_initial_checkpoint.json,m1_minus_m2,next_reward,saved,0.060978211162115215,0.2740265587126507,0.29182129953744806,0.9390217888378848,0.282286178641823,0.2740265587126507,0.9707402609333826,0.00825961992917229,10000,,,10000,10000,,,
variant_2,20260909T104731Z-c4aff136,2,half,initial,0,0,initial_checkpoint,experiments/gol_reward_state_action_symmetry_cycle_1/variant_2/results/20260909T104731Z-c4aff136/checkpoint_probes/steps_000000000/probe_initial_checkpoint.json,e_minus_s,next_reward,saved,-0.0003822766202403738,0.2096296156000878,0.20954950972173833,1.0003822766202404,0.20527045112450196,0.2096296156000878,1.0212362005914914,-0.004359164475585847,10000,,,10000,10000,,,
variant_2,20260909T104731Z-c4aff136,2,half,initial,0,0,initial_checkpoint,experiments/gol_reward_state_action_symmetry_cycle_1/variant_2/results/20260909T104731Z-c4aff136/checkpoint_probes/steps_000000000/probe_initial_checkpoint.json,fine_belief,next_token,saved,0.4250617612123997,0.06045702178725865,0.10515394125592907,0.5749382387876003,0.07787630169164463,0.06045702178725865,0.7763211718327541,0.01741927990438598,10000,,,10000,10000,,,
variant_2,20260909T104731Z-c4aff136,2,half,initial,0,0,initial_checkpoint,experiments/gol_reward_state_action_symmetry_cycle_1/variant_2/results/20260909T104731Z-c4aff136/checkpoint_probes/steps_000000000/probe_initial_checkpoint.json,coarse_belief,next_token,saved,0.7085808610677631,0.03493826926671358,0.1198900984840179,0.291419138932237,0.06807518779579168,0.03493826926671358,0.5132305969029354,0.033136918529078095,10000,,,10000,10000,,,
variant_2,20260909T104731Z-c4aff136,2,half,initial,0,0,initial_checkpoint,experiments/gol_reward_state_action_symmetry_cycle_1/variant_2/results/20260909T104731Z-c4aff136/checkpoint_probes/steps_000000000/probe_initial_checkpoint.json,m1_minus_m2,next_token,saved,0.06097821121304747,0.2740265586977875,0.29182129953744806,0.9390217887869524,0.282286178641823,0.2740265586977875,0.9707402608807297,0.008259619944035457,10000,,,10000,10000,,,
variant_2,20260909T104731Z-c4aff136,2,half,initial,0,0,initial_checkpoint,experiments/gol_reward_state_action_symmetry_cycle_1/variant_2/results/20260909T104731Z-c4aff136/checkpoint_probes/steps_000000000/probe_initial_checkpoint.json,e_minus_s,next_token,saved,-0.0003822766211649675,0.2096296156002815,0.20954950972173833,1.000382276621165,0.20527045112450196,0.2096296156002815,1.021236200592435,-0.004359164475779553,10000,,,10000,10000,,,
variant_2,20260909T104731Z-c4aff136,2,half,initial,0,0,initial_checkpoint,experiments/gol_reward_state_action_symmetry_cycle_1/variant_2/results/20260909T104731Z-c4aff136/checkpoint_probes/steps_000000000/probe_initial_checkpoint.json,fine_belief,previous_action_latest_token,saved,0.24788220496174052,0.07908815043699204,0.10515394125592907,0.7521177950382595,0.07787630169164463,0.07908815043699204,1.0155612005067445,-0.0012118487453474103,10000,,,10000,10000,,,
variant_2,20260909T104731Z-c4aff136,2,half,initial,0,0,initial_checkpoint,experiments/gol_reward_state_action_symmetry_cycle_1/variant_2/results/20260909T104731Z-c4aff136/checkpoint_probes/steps_000000000/probe_initial_checkpoint.json,coarse_belief,previous_action_latest_token,saved,0.4306428864758549,0.06826028041298592,0.1198900984840179,0.5693571135241451,0.06807518779579168,0.06826028041298592,1.0027189439087478,-0.00018509261719423797,10000,,,10000,10000,,,
variant_2,20260909T104731Z-c4aff136,2,half,initial,0,0,initial_checkpoint,experiments/gol_reward_state_action_symmetry_cycle_1/variant_2/results/20260909T104731Z-c4aff136/checkpoint_probes/steps_000000000/probe_initial_checkpoint.json,m1_minus_m2,previous_action_latest_token,saved,0.0028048671461912145,0.2910027795618167,0.29182129953744806,0.9971951328538089,0.282286178641823,0.2910027795618167,1.0308785961889184,-0.008716600919993711,10000,,,10000,10000,,,
variant_2,20260909T104731Z-c4aff136,2,half,initial,0,0,initial_checkpoint,experiments/gol_reward_state_action_symmetry_cycle_1/variant_2/results/20260909T104731Z-c4aff136/checkpoint_probes/steps_000000000/probe_initial_checkpoint.json,e_minus_s,previous_action_latest_token,saved,0.017015562956674724,0.20598390684652776,0.20954950972173833,0.9829844370433253,0.20527045112450196,0.20598390684652776,1.0034756864327885,-0.000713455722025802,10000,,,10000,10000,,,
variant_2,20260909T104731Z-c4aff136,2,half,initial,0,0,initial_checkpoint,experiments/gol_reward_state_action_symmetry_cycle_1/variant_2/results/20260909T104731Z-c4aff136/checkpoint_probes/steps_000000000/probe_initial_checkpoint.json,fine_belief,shuffled_history_broken_alignment,saved,-0.04150417212576274,0.1095182685335175,0.10515394125592907,1.0415041721257627,0.07787630169164463,0.1095182685335175,1.4063105996887337,-0.03164196684187287,10000,,,10000,10000,,,
variant_2,20260909T104731Z-c4aff136,2,half,initial,0,0,initial_checkpoint,experiments/gol_reward_state_action_symmetry_cycle_1/variant_2/results/20260909T104731Z-c4aff136/checkpoint_probes/steps_000000000/probe_initial_checkpoint.json,coarse_belief,shuffled_history_broken_alignment,saved,-0.02598525705062693,0.12300547351095009,0.1198900984840179,1.025985257050627,0.06807518779579168,0.12300547351095009,1.8069061209193482,-0.054930285715158414,10000,,,10000,10000,,,
variant_2,20260909T104731Z-c4aff136,2,half,initial,0,0,initial_checkpoint,experiments/gol_reward_state_action_symmetry_cycle_1/variant_2/results/20260909T104731Z-c4aff136/checkpoint_probes/steps_000000000/probe_initial_checkpoint.json,m1_minus_m2,shuffled_history_broken_alignment,saved,-0.0752922210316398,0.31379317332396195,0.29182129953744806,1.0752922210316398,0.282286178641823,0.31379317332396195,1.111613663955246,-0.03150699468213897,10000,,,10000,10000,,,
variant_2,20260909T104731Z-c4aff136,2,half,initial,0,0,initial_checkpoint,experiments/gol_reward_state_action_symmetry_cycle_1/variant_2/results/20260909T104731Z-c4aff136/checkpoint_probes/steps_000000000/probe_initial_checkpoint.json,e_minus_s,shuffled_history_broken_alignment,saved,-0.006889698674605205,0.21099324270113237,0.20954950972173833,1.0068896986746052,0.20527045112450196,0.21099324270113237,1.027879276073493,-0.005722791576630415,10000,,,10000,10000,,,
variant_2,20260909T104731Z-c4aff136,2,half,initial,0,0,initial_checkpoint,experiments/gol_reward_state_action_symmetry_cycle_1/variant_2/results/20260909T104731Z-c4aff136/checkpoint_probes/steps_000000000/probe_initial_checkpoint.json,fine_belief,single_permuted_training_labels,saved,-0.006033052588031662,0.10578834051336487,0.10515394125592907,1.0060330525880317,0.07787630169164463,0.10578834051336487,1.3584150533013168,-0.027912038821720248,10000,,,10000,10000,,,
variant_2,20260909T104731Z-c4aff136,2,half,initial,0,0,initial_checkpoint,experiments/gol_reward_state_action_symmetry_cycle_1/variant_2/results/20260909T104731Z-c4aff136/checkpoint_probes/steps_000000000/probe_initial_checkpoint.json,coarse_belief,single_permuted_training_labels,saved,0.010988555905667274,0.11857267943429031,0.1198900984840179,0.9890114440943327,0.06807518779579168,0.11857267943429031,1.7417899718466927,-0.050497491638498634,10000,,,10000,10000,,,
variant_2,20260909T104731Z-c4aff136,2,half,initial,0,0,initial_checkpoint,experiments/gol_reward_state_action_symmetry_cycle_1/variant_2/results/20260909T104731Z-c4aff136/checkpoint_probes/steps_000000000/probe_initial_checkpoint.json,m1_minus_m2,single_permuted_training_labels,saved,-0.0348608922789817,0.3019944504253355,0.29182129953744806,1.0348608922789817,0.282286178641823,0.3019944504253355,1.069816637422122,-0.019708271783512532,10000,,,10000,10000,,,
variant_2,20260909T104731Z-c4aff136,2,half,initial,0,0,initial_checkpoint,experiments/gol_reward_state_action_symmetry_cycle_1/variant_2/results/20260909T104731Z-c4aff136/checkpoint_probes/steps_000000000/probe_initial_checkpoint.json,e_minus_s,single_permuted_training_labels,saved,-0.0024584076203066907,0.21006466783326977,0.20954950972173833,1.0024584076203067,0.20527045112450196,0.21006466783326977,1.0233556105250627,-0.004794216708767812,10000,,,10000,10000,,,
variant_2,20260909T104731Z-c4aff136,2,half,initial,0,0,initial_checkpoint,experiments/gol_reward_state_action_symmetry_cycle_1/variant_2/results/20260909T104731Z-c4aff136/checkpoint_probes/steps_000000000/probe_initial_checkpoint.json,fine_belief,log_next_token,not_fitted_or_saved,,,,,,,,,,,,,,,,
variant_2,20260909T104731Z-c4aff136,2,half,initial,0,0,initial_checkpoint,experiments/gol_reward_state_action_symmetry_cycle_1/variant_2/results/20260909T104731Z-c4aff136/checkpoint_probes/steps_000000000/probe_initial_checkpoint.json,coarse_belief,log_next_token,not_fitted_or_saved,,,,,,,,,,,,,,,,
variant_2,20260909T104731Z-c4aff136,2,half,initial,0,0,initial_checkpoint,experiments/gol_reward_state_action_symmetry_cycle_1/variant_2/results/20260909T104731Z-c4aff136/checkpoint_probes/steps_000000000/probe_initial_checkpoint.json,m1_minus_m2,log_next_token,not_fitted_or_saved,,,,,,,,,,,,,,,,
variant_2,20260909T104731Z-c4aff136,2,half,initial,0,0,initial_checkpoint,experiments/gol_reward_state_action_symmetry_cycle_1/variant_2/results/20260909T104731Z-c4aff136/checkpoint_probes/steps_000000000/probe_initial_checkpoint.json,e_minus_s,log_next_token,not_fitted_or_saved,,,,,,,,,,,,,,,,
variant_2,20260909T104731Z-c4aff136,2,half,final,2524368,77,checkpoint_000000,experiments/gol_reward_state_action_symmetry_cycle_1/variant_2/results/20260909T104731Z-c4aff136/checkpoint_probes/steps_002524368/probe_checkpoint_000000.json,fine_belief,post_final_layer_norm,saved,0.37099941956897997,0.04479442671853789,0.07121523908267731,0.62900058043102,0.049771308779962414,0.04479442671853789,0.9000049991968829,0.004976882061424527,10000,0.041422084349780224,0.04820983585288878,10000,10000,16,200,held_out_environment_trajectory_fixed_probe
variant_2,20260909T104731Z-c4aff136,2,half,final,2524368,77,checkpoint_000000,experiments/gol_reward_state_action_symmetry_cycle_1/variant_2/results/20260909T104731Z-c4aff136/checkpoint_probes/steps_002524368/probe_checkpoint_000000.json,coarse_belief,post_final_layer_norm,saved,0.508500631564606,0.04914388343234902,0.09998768378643161,0.491499368435394,0.05950856893746979,0.04914388343234902,0.8258286883690358,0.01036468550512077,10000,0.04582376416378966,0.05247843657372236,10000,10000,16,200,held_out_environment_trajectory_fixed_probe
variant_2,20260909T104731Z-c4aff136,2,half,final,2524368,77,checkpoint_000000,experiments/gol_reward_state_action_symmetry_cycle_1/variant_2/results/20260909T104731Z-c4aff136/checkpoint_probes/steps_002524368/probe_checkpoint_000000.json,m1_minus_m2,post_final_layer_norm,saved,0.06593012780175567,0.08181201605927997,0.08758661262325397,0.9340698721982443,0.08062671475369367,0.08181201605927997,1.0147010988753205,-0.001185301305586306,10000,0.06868613295264034,0.0946634919408265,10000,10000,16,200,held_out_environment_trajectory_fixed_probe
variant_2,20260909T104731Z-c4aff136,2,half,final,2524368,77,checkpoint_000000,experiments/gol_reward_state_action_symmetry_cycle_1/variant_2/results/20260909T104731Z-c4aff136/checkpoint_probes/steps_002524368/probe_checkpoint_000000.json,e_minus_s,post_final_layer_norm,saved,0.026972229343941834,0.23990359187888136,0.24655369467731408,0.9730277706560582,0.2385284392083794,0.23990359187888136,1.005765151841289,-0.0013751526705019501,10000,0.22342680726595693,0.2562756848928131,10000,10000,16,200,held_out_environment_trajectory_fixed_probe
variant_2,20260909T104731Z-c4aff136,2,half,final,2524368,77,checkpoint_000000,experiments/gol_reward_state_action_symmetry_cycle_1/variant_2/results/20260909T104731Z-c4aff136/checkpoint_probes/steps_002524368/probe_checkpoint_000000.json,fine_belief,categorical_plus_marginals,saved,0.4615712836380155,0.038344329764697774,0.07121523908267731,0.5384287163619845,0.049771308779962414,0.038344329764697774,0.770410316799524,0.01142697901526464,10000,,,10000,10000,,,
variant_2,20260909T104731Z-c4aff136,2,half,final,2524368,77,checkpoint_000000,experiments/gol_reward_state_action_symmetry_cycle_1/variant_2/results/20260909T104731Z-c4aff136/checkpoint_probes/steps_002524368/probe_checkpoint_000000.json,coarse_belief,categorical_plus_marginals,saved,0.6071347552672269,0.039281685861019586,0.09998768378643161,0.3928652447327731,0.05950856893746979,0.039281685861019586,0.6601013360327294,0.0202268830764502,10000,,,10000,10000,,,
variant_2,20260909T104731Z-c4aff136,2,half,final,2524368,77,checkpoint_000000,experiments/gol_reward_state_action_symmetry_cycle_1/variant_2/results/20260909T104731Z-c4aff136/checkpoint_probes/steps_002524368/probe_checkpoint_000000.json,m1_minus_m2,categorical_plus_marginals,saved,0.18863715785947333,0.07106452295146468,0.08758661262325397,0.8113628421405267,0.08062671475369367,0.07106452295146468,0.8814016938251732,0.00956219180222899,10000,,,10000,10000,,,
variant_2,20260909T104731Z-c4aff136,2,half,final,2524368,77,checkpoint_000000,experiments/gol_reward_state_action_symmetry_cycle_1/variant_2/results/20260909T104731Z-c4aff136/checkpoint_probes/steps_002524368/probe_checkpoint_000000.json,e_minus_s,categorical_plus_marginals,saved,0.04406171858594421,0.23569011516611746,0.24655369467731408,0.9559382814140558,0.2385284392083794,0.23569011516611746,0.9881006891602457,0.002838324042261947,10000,,,10000,10000,,,
variant_2,20260909T104731Z-c4aff136,2,half,final,2524368,77,checkpoint_000000,experiments/gol_reward_state_action_symmetry_cycle_1/variant_2/results/20260909T104731Z-c4aff136/checkpoint_probes/steps_002524368/probe_checkpoint_000000.json,fine_belief,combined_marginals,saved,0.4436194043331967,0.03962277714137381,0.07121523908267731,0.5563805956668033,0.049771308779962414,0.03962277714137381,0.7960967495660004,0.010148531638588601,10000,,,10000,10000,,,
variant_2,20260909T104731Z-c4aff136,2,half,final,2524368,77,checkpoint_000000,experiments/gol_reward_state_action_symmetry_cycle_1/variant_2/results/20260909T104731Z-c4aff136/checkpoint_probes/steps_002524368/probe_checkpoint_000000.json,coarse_belief,combined_marginals,saved,0.5924556298054016,0.04074941761595793,0.09998768378643161,0.4075443701945984,0.05950856893746979,0.04074941761595793,0.6847655445852926,0.01875915132151186,10000,,,10000,10000,,,
variant_2,20260909T104731Z-c4aff136,2,half,final,2524368,77,checkpoint_000000,experiments/gol_reward_state_action_symmetry_cycle_1/variant_2/results/20260909T104731Z-c4aff136/checkpoint_probes/steps_002524368/probe_checkpoint_000000.json,m1_minus_m2,combined_marginals,saved,0.17241106529563144,0.07248571143524296,0.08758661262325397,0.8275889347043687,0.08062671475369367,0.07248571143524296,0.8990284629192615,0.008141003318450704,10000,,,10000,10000,,,
variant_2,20260909T104731Z-c4aff136,2,half,final,2524368,77,checkpoint_000000,experiments/gol_reward_state_action_symmetry_cycle_1/variant_2/results/20260909T104731Z-c4aff136/checkpoint_probes/steps_002524368/probe_checkpoint_000000.json,e_minus_s,combined_marginals,saved,0.008343776734958008,0.24449650569574755,0.24655369467731408,0.9916562232650419,0.2385284392083794,0.24449650569574755,1.025020356093281,-0.00596806648736814,10000,,,10000,10000,,,
variant_2,20260909T104731Z-c4aff136,2,half,final,2524368,77,checkpoint_000000,experiments/gol_reward_state_action_symmetry_cycle_1/variant_2/results/20260909T104731Z-c4aff136/checkpoint_probes/steps_002524368/probe_checkpoint_000000.json,fine_belief,next_reward,saved,0.4436194043178825,0.03962277714246442,0.07121523908267731,0.5563805956821175,0.049771308779962414,0.03962277714246442,0.7960967495879128,0.010148531637497994,10000,,,10000,10000,,,
variant_2,20260909T104731Z-c4aff136,2,half,final,2524368,77,checkpoint_000000,experiments/gol_reward_state_action_symmetry_cycle_1/variant_2/results/20260909T104731Z-c4aff136/checkpoint_probes/steps_002524368/probe_checkpoint_000000.json,coarse_belief,next_reward,saved,0.5924556298029405,0.04074941761620401,0.09998768378643161,0.4075443701970595,0.05950856893746979,0.04074941761620401,0.6847655445894278,0.01875915132126578,10000,,,10000,10000,,,
variant_2,20260909T104731Z-c4aff136,2,half,final,2524368,77,checkpoint_000000,experiments/gol_reward_state_action_symmetry_cycle_1/variant_2/results/20260909T104731Z-c4aff136/checkpoint_probes/steps_002524368/probe_checkpoint_000000.json,m1_minus_m2,next_reward,saved,0.1724110652128753,0.07248571144249129,0.08758661262325397,0.8275889347871248,0.08062671475369367,0.07248571144249129,0.8990284630091613,0.008141003311202377,10000,,,10000,10000,,,
variant_2,20260909T104731Z-c4aff136,2,half,final,2524368,77,checkpoint_000000,experiments/gol_reward_state_action_symmetry_cycle_1/variant_2/results/20260909T104731Z-c4aff136/checkpoint_probes/steps_002524368/probe_checkpoint_000000.json,e_minus_s,next_reward,saved,0.008343776728969576,0.24449650569722403,0.24655369467731408,0.9916562232710304,0.2385284392083794,0.24449650569722403,1.0250203560994708,-0.0059680664888446255,10000,,,10000,10000,,,
variant_2,20260909T104731Z-c4aff136,2,half,final,2524368,77,checkpoint_000000,experiments/gol_reward_state_action_symmetry_cycle_1/variant_2/results/20260909T104731Z-c4aff136/checkpoint_probes/steps_002524368/probe_checkpoint_000000.json,fine_belief,next_token,saved,0.4436194043326096,0.03962277714141562,0.07121523908267731,0.5563805956673904,0.049771308779962414,0.03962277714141562,0.7960967495668403,0.010148531638546794,10000,,,10000,10000,,,
variant_2,20260909T104731Z-c4aff136,2,half,final,2524368,77,checkpoint_000000,experiments/gol_reward_state_action_symmetry_cycle_1/variant_2/results/20260909T104731Z-c4aff136/checkpoint_probes/steps_002524368/probe_checkpoint_000000.json,coarse_belief,next_token,saved,0.5924556298053072,0.040749417615967364,0.09998768378643161,0.40754437019469275,0.05950856893746979,0.040749417615967364,0.6847655445854512,0.018759151321502424,10000,,,10000,10000,,,
variant_2,20260909T104731Z-c4aff136,2,half,final,2524368,77,checkpoint_000000,experiments/gol_reward_state_action_symmetry_cycle_1/variant_2/results/20260909T104731Z-c4aff136/checkpoint_probes/steps_002524368/probe_checkpoint_000000.json,m1_minus_m2,next_token,saved,0.17241106529245875,0.07248571143552084,0.08758661262325397,0.8275889347075412,0.08062671475369367,0.07248571143552084,0.899028462922708,0.00814100331817283,10000,,,10000,10000,,,
variant_2,20260909T104731Z-c4aff136,2,half,final,2524368,77,checkpoint_000000,experiments/gol_reward_state_action_symmetry_cycle_1/variant_2/results/20260909T104731Z-c4aff136/checkpoint_probes/steps_002524368/probe_checkpoint_000000.json,e_minus_s,next_token,saved,0.008343776734728414,0.24449650569580417,0.24655369467731408,0.9916562232652716,0.2385284392083794,0.24449650569580417,1.0250203560935183,-0.005968066487424761,10000,,,10000,10000,,,
variant_2,20260909T104731Z-c4aff136,2,half,final,2524368,77,checkpoint_000000,experiments/gol_reward_state_action_symmetry_cycle_1/variant_2/results/20260909T104731Z-c4aff136/checkpoint_probes/steps_002524368/probe_checkpoint_000000.json,fine_belief,previous_action_latest_token,saved,0.29939548545817685,0.04989371800549901,0.07121523908267731,0.7006045145418232,0.049771308779962414,0.04989371800549901,1.0024594335278134,-0.00012240922553659328,10000,,,10000,10000,,,
variant_2,20260909T104731Z-c4aff136,2,half,final,2524368,77,checkpoint_000000,experiments/gol_reward_state_action_symmetry_cycle_1/variant_2/results/20260909T104731Z-c4aff136/checkpoint_probes/steps_002524368/probe_checkpoint_000000.json,coarse_belief,previous_action_latest_token,saved,0.4042125790673635,0.05957140424814609,0.09998768378643161,0.5957874209326366,0.05950856893746979,0.05957140424814609,1.0010559035748672,-6.283531067630133e-05,10000,,,10000,10000,,,
variant_2,20260909T104731Z-c4aff136,2,half,final,2524368,77,checkpoint_000000,experiments/gol_reward_state_action_symmetry_cycle_1/variant_2/results/20260909T104731Z-c4aff136/checkpoint_probes/steps_002524368/probe_checkpoint_000000.json,m1_minus_m2,previous_action_latest_token,saved,0.07155736251996847,0.08131914563187574,0.08758661262325397,0.9284426374800315,0.08062671475369367,0.08131914563187574,1.0085881073078244,-0.0006924308781820765,10000,,,10000,10000,,,
variant_2,20260909T104731Z-c4aff136,2,half,final,2524368,77,checkpoint_000000,experiments/gol_reward_state_action_symmetry_cycle_1/variant_2/results/20260909T104731Z-c4aff136/checkpoint_probes/steps_002524368/probe_checkpoint_000000.json,e_minus_s,previous_action_latest_token,saved,0.03211775199346423,0.2386349442585958,0.24655369467731408,0.9678822480065358,0.2385284392083794,0.2386349442585958,1.000446508812827,-0.00010650505021639334,10000,,,10000,10000,,,
variant_2,20260909T104731Z-c4aff136,2,half,final,2524368,77,checkpoint_000000,experiments/gol_reward_state_action_symmetry_cycle_1/variant_2/results/20260909T104731Z-c4aff136/checkpoint_probes/steps_002524368/probe_checkpoint_000000.json,fine_belief,shuffled_history_broken_alignment,saved,-0.024390291928818142,0.07295219955368439,0.07121523908267731,1.0243902919288181,0.049771308779962414,0.07295219955368439,1.4657480653402957,-0.02318089077372197,10000,,,10000,10000,,,
variant_2,20260909T104731Z-c4aff136,2,half,final,2524368,77,checkpoint_000000,experiments/gol_reward_state_action_symmetry_cycle_1/variant_2/results/20260909T104731Z-c4aff136/checkpoint_probes/steps_002524368/probe_checkpoint_000000.json,coarse_belief,shuffled_history_broken_alignment,saved,-0.01964356209424345,0.10195179806154996,0.09998768378643161,1.0196435620942434,0.05950856893746979,0.10195179806154996,1.713228865723162,-0.04244322912408017,10000,,,10000,10000,,,
variant_2,20260909T104731Z-c4aff136,2,half,final,2524368,77,checkpoint_000000,experiments/gol_reward_state_action_symmetry_cycle_1/variant_2/results/20260909T104731Z-c4aff136/checkpoint_probes/steps_002524368/probe_checkpoint_000000.json,m1_minus_m2,shuffled_history_broken_alignment,saved,-0.06274063941640895,0.09308185270355425,0.08758661262325397,1.062740639416409,0.08062671475369367,0.09308185270355425,1.1544790456601108,-0.012455137949860584,10000,,,10000,10000,,,
variant_2,20260909T104731Z-c4aff136,2,half,final,2524368,77,checkpoint_000000,experiments/gol_reward_state_action_symmetry_cycle_1/variant_2/results/20260909T104731Z-c4aff136/checkpoint_probes/steps_002524368/probe_checkpoint_000000.json,e_minus_s,shuffled_history_broken_alignment,saved,-0.006619084593254554,0.24818565443916268,0.24655369467731408,1.0066190845932546,0.2385284392083794,0.24818565443916268,1.040486640766331,-0.009657215230783278,10000,,,10000,10000,,,
variant_2,20260909T104731Z-c4aff136,2,half,final,2524368,77,checkpoint_000000,experiments/gol_reward_state_action_symmetry_cycle_1/variant_2/results/20260909T104731Z-c4aff136/checkpoint_probes/steps_002524368/probe_checkpoint_000000.json,fine_belief,single_permuted_training_labels,saved,-0.004383536002340538,0.0715274136471115,0.07121523908267731,1.0043835360023403,0.049771308779962414,0.0715274136471115,1.4371214139321156,-0.021756104867149087,10000,,,10000,10000,,,
variant_2,20260909T104731Z-c4aff136,2,half,final,2524368,77,checkpoint_000000,experiments/gol_reward_state_action_symmetry_cycle_1/variant_2/results/20260909T104731Z-c4aff136/checkpoint_probes/steps_002524368/probe_checkpoint_000000.json,coarse_belief,single_permuted_training_labels,saved,0.0009760816556647622,0.09989008764249527,0.09998768378643161,0.9990239183443352,0.05950856893746979,0.09989008764249527,1.6785832599580313,-0.04038151870502548,10000,,,10000,10000,,,
variant_2,20260909T104731Z-c4aff136,2,half,final,2524368,77,checkpoint_000000,experiments/gol_reward_state_action_symmetry_cycle_1/variant_2/results/20260909T104731Z-c4aff136/checkpoint_probes/steps_002524368/probe_checkpoint_000000.json,m1_minus_m2,single_permuted_training_labels,saved,-0.020426829920315415,0.08937572946260573,0.08758661262325397,1.0204268299203154,0.08062671475369367,0.08937572946260573,1.108512603243719,-0.008749014708912067,10000,,,10000,10000,,,
variant_2,20260909T104731Z-c4aff136,2,half,final,2524368,77,checkpoint_000000,experiments/gol_reward_state_action_symmetry_cycle_1/variant_2/results/20260909T104731Z-c4aff136/checkpoint_probes/steps_002524368/probe_checkpoint_000000.json,e_minus_s,single_permuted_training_labels,saved,-0.013368255381103866,0.2498496874329151,0.24655369467731408,1.0133682553811039,0.2385284392083794,0.2498496874329151,1.0474628864470346,-0.011321248224535702,10000,,,10000,10000,,,
variant_2,20260909T104731Z-c4aff136,2,half,final,2524368,77,checkpoint_000000,experiments/gol_reward_state_action_symmetry_cycle_1/variant_2/results/20260909T104731Z-c4aff136/checkpoint_probes/steps_002524368/probe_checkpoint_000000.json,fine_belief,log_next_token,not_fitted_or_saved,,,,,,,,,,,,,,,,
variant_2,20260909T104731Z-c4aff136,2,half,final,2524368,77,checkpoint_000000,experiments/gol_reward_state_action_symmetry_cycle_1/variant_2/results/20260909T104731Z-c4aff136/checkpoint_probes/steps_002524368/probe_checkpoint_000000.json,coarse_belief,log_next_token,not_fitted_or_saved,,,,,,,,,,,,,,,,
variant_2,20260909T104731Z-c4aff136,2,half,final,2524368,77,checkpoint_000000,experiments/gol_reward_state_action_symmetry_cycle_1/variant_2/results/20260909T104731Z-c4aff136/checkpoint_probes/steps_002524368/probe_checkpoint_000000.json,m1_minus_m2,log_next_token,not_fitted_or_saved,,,,,,,,,,,,,,,,
variant_2,20260909T104731Z-c4aff136,2,half,final,2524368,77,checkpoint_000000,experiments/gol_reward_state_action_symmetry_cycle_1/variant_2/results/20260909T104731Z-c4aff136/checkpoint_probes/steps_002524368/probe_checkpoint_000000.json,e_minus_s,log_next_token,not_fitted_or_saved,,,,,,,,,,,,,,,,
variant_2_quarter,20260909T111613Z-484ad76e,2,quarter,initial,0,0,initial_checkpoint,experiments/gol_reward_state_action_symmetry_cycle_1/variant_2_quarter/results/20260909T111613Z-484ad76e/checkpoint_probes/steps_000000000/probe_initial_checkpoint.json,fine_belief,post_final_layer_norm,saved,0.1472742443745173,0.09820830703598067,0.1151698613394689,0.8527257556254826,0.08960669693596587,0.09820830703598067,1.0959929379626796,-0.008601610100014798,10000,0.09223720940528794,0.10475240167782078,10000,10000,16,200,held_out_environment_trajectory_fixed_probe
variant_2_quarter,20260909T111613Z-484ad76e,2,quarter,initial,0,0,initial_checkpoint,experiments/gol_reward_state_action_symmetry_cycle_1/variant_2_quarter/results/20260909T111613Z-484ad76e/checkpoint_probes/steps_000000000/probe_initial_checkpoint.json,coarse_belief,post_final_layer_norm,saved,0.493736291024521,0.05216416803637801,0.1030375417229533,0.506263708975479,0.05435764596951627,0.05216416803637801,0.9596472971922227,0.0021934779331382603,10000,0.04835592060455718,0.055894312017575574,10000,10000,16,200,held_out_environment_trajectory_fixed_probe
variant_2_quarter,20260909T111613Z-484ad76e,2,quarter,initial,0,0,initial_checkpoint,experiments/gol_reward_state_action_symmetry_cycle_1/variant_2_quarter/results/20260909T111613Z-484ad76e/checkpoint_probes/steps_000000000/probe_initial_checkpoint.json,m1_minus_m2,post_final_layer_norm,saved,-0.1513312931217201,0.5219348275487411,0.4533315742105531,1.1513312931217201,0.4444477931644552,0.5219348275487411,1.1743445137449788,-0.07748703438428589,10000,0.46419829167697135,0.577939944146897,10000,10000,16,200,held_out_environment_trajectory_fixed_probe
variant_2_quarter,20260909T111613Z-484ad76e,2,quarter,initial,0,0,initial_checkpoint,experiments/gol_reward_state_action_symmetry_cycle_1/variant_2_quarter/results/20260909T111613Z-484ad76e/checkpoint_probes/steps_000000000/probe_initial_checkpoint.json,e_minus_s,post_final_layer_norm,saved,0.014356369738713126,0.16522486978076867,0.1676314488401541,0.9856436302612869,0.16492559533562026,0.16522486978076867,1.0018146027882415,-0.0002992744451484064,10000,0.15202849663144277,0.17933786596697338,10000,10000,16,200,held_out_environment_trajectory_fixed_probe
variant_2_quarter,20260909T111613Z-484ad76e,2,quarter,initial,0,0,initial_checkpoint,experiments/gol_reward_state_action_symmetry_cycle_1/variant_2_quarter/results/20260909T111613Z-484ad76e/checkpoint_probes/steps_000000000/probe_initial_checkpoint.json,fine_belief,categorical_plus_marginals,saved,0.34178065485726905,0.07580703071104435,0.1151698613394689,0.658219345142731,0.08960669693596587,0.07580703071104435,0.8459973785800524,0.013799666224921528,10000,,,10000,10000,,,
variant_2_quarter,20260909T111613Z-484ad76e,2,quarter,initial,0,0,initial_checkpoint,experiments/gol_reward_state_action_symmetry_cycle_1/variant_2_quarter/results/20260909T111613Z-484ad76e/checkpoint_probes/steps_000000000/probe_initial_checkpoint.json,coarse_belief,categorical_plus_marginals,saved,0.7331277047538852,0.027497865256121863,0.1030375417229533,0.2668722952461148,0.05435764596951627,0.027497865256121863,0.505869317290573,0.026859780713394406,10000,,,10000,10000,,,
variant_2_quarter,20260909T111613Z-484ad76e,2,quarter,initial,0,0,initial_checkpoint,experiments/gol_reward_state_action_symmetry_cycle_1/variant_2_quarter/results/20260909T111613Z-484ad76e/checkpoint_probes/steps_000000000/probe_initial_checkpoint.json,m1_minus_m2,categorical_plus_marginals,saved,0.026167425199950745,0.4414690541516226,0.4533315742105531,0.9738325748000494,0.4444477931644552,0.4414690541516226,0.993297887718996,0.002978739012832632,10000,,,10000,10000,,,
variant_2_quarter,20260909T111613Z-484ad76e,2,quarter,initial,0,0,initial_checkpoint,experiments/gol_reward_state_action_symmetry_cycle_1/variant_2_quarter/results/20260909T111613Z-484ad76e/checkpoint_probes/steps_000000000/probe_initial_checkpoint.json,e_minus_s,categorical_plus_marginals,saved,0.01577423163564229,0.1649871915367312,0.1676314488401541,0.9842257683643577,0.16492559533562026,0.1649871915367312,1.0003734787252736,-6.159620111093056e-05,10000,,,10000,10000,,,
variant_2_quarter,20260909T111613Z-484ad76e,2,quarter,initial,0,0,initial_checkpoint,experiments/gol_reward_state_action_symmetry_cycle_1/variant_2_quarter/results/20260909T111613Z-484ad76e/checkpoint_probes/steps_000000000/probe_initial_checkpoint.json,fine_belief,combined_marginals,saved,0.3354346189772641,0.0765379027833998,0.1151698613394689,0.6645653810227358,0.08960669693596587,0.0765379027833998,0.8541538233252229,0.01306879415256608,10000,,,10000,10000,,,
variant_2_quarter,20260909T111613Z-484ad76e,2,quarter,initial,0,0,initial_checkpoint,experiments/gol_reward_state_action_symmetry_cycle_1/variant_2_quarter/results/20260909T111613Z-484ad76e/checkpoint_probes/steps_000000000/probe_initial_checkpoint.json,coarse_belief,combined_marginals,saved,0.7289653378481086,0.027926745309842068,0.1030375417229533,0.2710346621518914,0.05435764596951627,0.027926745309842068,0.5137592846736477,0.0264309006596742,10000,,,10000,10000,,,
variant_2_quarter,20260909T111613Z-484ad76e,2,quarter,initial,0,0,initial_checkpoint,experiments/gol_reward_state_action_symmetry_cycle_1/variant_2_quarter/results/20260909T111613Z-484ad76e/checkpoint_probes/steps_000000000/probe_initial_checkpoint.json,m1_minus_m2,combined_marginals,saved,0.018946008376683032,0.4447427504081451,0.4533315742105531,0.9810539916233171,0.4444477931644552,0.4447427504081451,1.0006636487979608,-0.0002949572436898862,10000,,,10000,10000,,,
variant_2_quarter,20260909T111613Z-484ad76e,2,quarter,initial,0,0,initial_checkpoint,experiments/gol_reward_state_action_symmetry_cycle_1/variant_2_quarter/results/20260909T111613Z-484ad76e/checkpoint_probes/steps_000000000/probe_initial_checkpoint.json,e_minus_s,combined_marginals,saved,0.0004234108909325629,0.16756047185905237,0.1676314488401541,0.9995765891090674,0.16492559533562026,0.16756047185905237,1.015976152871058,-0.0026348765234321114,10000,,,10000,10000,,,
variant_2_quarter,20260909T111613Z-484ad76e,2,quarter,initial,0,0,initial_checkpoint,experiments/gol_reward_state_action_symmetry_cycle_1/variant_2_quarter/results/20260909T111613Z-484ad76e/checkpoint_probes/steps_000000000/probe_initial_checkpoint.json,fine_belief,next_reward,saved,0.3354346189651093,0.07653790278479966,0.1151698613394689,0.6645653810348906,0.08960669693596587,0.07653790278479966,0.8541538233408453,0.013068794151166213,10000,,,10000,10000,,,
variant_2_quarter,20260909T111613Z-484ad76e,2,quarter,initial,0,0,initial_checkpoint,experiments/gol_reward_state_action_symmetry_cycle_1/variant_2_quarter/results/20260909T111613Z-484ad76e/checkpoint_probes/steps_000000000/probe_initial_checkpoint.json,coarse_belief,next_reward,saved,0.7289653378482471,0.027926745309827788,0.1030375417229533,0.27103466215175287,0.05435764596951627,0.027926745309827788,0.513759284673385,0.02643090065968848,10000,,,10000,10000,,,
variant_2_quarter,20260909T111613Z-484ad76e,2,quarter,initial,0,0,initial_checkpoint,experiments/gol_reward_state_action_symmetry_cycle_1/variant_2_quarter/results/20260909T111613Z-484ad76e/checkpoint_probes/steps_000000000/probe_initial_checkpoint.json,m1_minus_m2,next_reward,saved,0.0189460083517905,0.4447427504194296,0.4533315742105531,0.9810539916482095,0.4444477931644552,0.4447427504194296,1.0006636488233507,-0.00029495725497441505,10000,,,10000,10000,,,
variant_2_quarter,20260909T111613Z-484ad76e,2,quarter,initial,0,0,initial_checkpoint,experiments/gol_reward_state_action_symmetry_cycle_1/variant_2_quarter/results/20260909T111613Z-484ad76e/checkpoint_probes/steps_000000000/probe_initial_checkpoint.json,e_minus_s,next_reward,saved,0.0004234108914437096,0.1675604718589667,0.1676314488401541,0.9995765891085563,0.16492559533562026,0.1675604718589667,1.0159761528705384,-0.00263487652334643,10000,,,10000,10000,,,
variant_2_quarter,20260909T111613Z-484ad76e,2,quarter,initial,0,0,initial_checkpoint,experiments/gol_reward_state_action_symmetry_cycle_1/variant_2_quarter/results/20260909T111613Z-484ad76e/checkpoint_probes/steps_000000000/probe_initial_checkpoint.json,fine_belief,next_token,saved,0.33543461897677584,0.07653790278345604,0.1151698613394689,0.6645653810232242,0.08960669693596587,0.07653790278345604,0.8541538233258507,0.013068794152509833,10000,,,10000,10000,,,
variant_2_quarter,20260909T111613Z-484ad76e,2,quarter,initial,0,0,initial_checkpoint,experiments/gol_reward_state_action_symmetry_cycle_1/variant_2_quarter/results/20260909T111613Z-484ad76e/checkpoint_probes/steps_000000000/probe_initial_checkpoint.json,coarse_belief,next_token,saved,0.7289653378481141,0.027926745309841492,0.1030375417229533,0.2710346621518859,0.05435764596951627,0.027926745309841492,0.5137592846736371,0.026430900659674777,10000,,,10000,10000,,,
variant_2_quarter,20260909T111613Z-484ad76e,2,quarter,initial,0,0,initial_checkpoint,experiments/gol_reward_state_action_symmetry_cycle_1/variant_2_quarter/results/20260909T111613Z-484ad76e/checkpoint_probes/steps_000000000/probe_initial_checkpoint.json,m1_minus_m2,next_token,saved,0.018946008375683276,0.4447427504085983,0.4533315742105531,0.9810539916243167,0.4444477931644552,0.4447427504085983,1.0006636487989804,-0.0002949572441430792,10000,,,10000,10000,,,
variant_2_quarter,20260909T111613Z-484ad76e,2,quarter,initial,0,0,initial_checkpoint,experiments/gol_reward_state_action_symmetry_cycle_1/variant_2_quarter/results/20260909T111613Z-484ad76e/checkpoint_probes/steps_000000000/probe_initial_checkpoint.json,e_minus_s,next_token,saved,0.000423410890952991,0.16756047185904896,0.1676314488401541,0.999576589109047,0.16492559533562026,0.16756047185904896,1.0159761528710372,-0.0026348765234286975,10000,,,10000,10000,,,
variant_2_quarter,20260909T111613Z-484ad76e,2,quarter,initial,0,0,initial_checkpoint,experiments/gol_reward_state_action_symmetry_cycle_1/variant_2_quarter/results/20260909T111613Z-484ad76e/checkpoint_probes/steps_000000000/probe_initial_checkpoint.json,fine_belief,previous_action_latest_token,saved,0.2070308760133952,0.0913261440560174,0.1151698613394689,0.7929691239866048,0.08960669693596587,0.0913261440560174,1.0191888238139195,-0.0017194471200515232,10000,,,10000,10000,,,
variant_2_quarter,20260909T111613Z-484ad76e,2,quarter,initial,0,0,initial_checkpoint,experiments/gol_reward_state_action_symmetry_cycle_1/variant_2_quarter/results/20260909T111613Z-484ad76e/checkpoint_probes/steps_000000000/probe_initial_checkpoint.json,coarse_belief,previous_action_latest_token,saved,0.47089755626197327,0.05451741512237348,0.1030375417229533,0.5291024437380267,0.05435764596951627,0.05451741512237348,1.002939221336899,-0.0001597691528572101,10000,,,10000,10000,,,
variant_2_quarter,20260909T111613Z-484ad76e,2,quarter,initial,0,0,initial_checkpoint,experiments/gol_reward_state_action_symmetry_cycle_1/variant_2_quarter/results/20260909T111613Z-484ad76e/checkpoint_probes/steps_000000000/probe_initial_checkpoint.json,m1_minus_m2,previous_action_latest_token,saved,-0.008840029149805417,0.4573390385411016,0.4533315742105531,1.0088400291498054,0.4444477931644552,0.4573390385411016,1.029005083555171,-0.012891245376646376,10000,,,10000,10000,,,
variant_2_quarter,20260909T111613Z-484ad76e,2,quarter,initial,0,0,initial_checkpoint,experiments/gol_reward_state_action_symmetry_cycle_1/variant_2_quarter/results/20260909T111613Z-484ad76e/checkpoint_probes/steps_000000000/probe_initial_checkpoint.json,e_minus_s,previous_action_latest_token,saved,0.012110427974997173,0.16560136025263097,0.1676314488401541,0.9878895720250027,0.16492559533562026,0.16560136025263097,1.00409739261899,-0.0006757649170107127,10000,,,10000,10000,,,
variant_2_quarter,20260909T111613Z-484ad76e,2,quarter,initial,0,0,initial_checkpoint,experiments/gol_reward_state_action_symmetry_cycle_1/variant_2_quarter/results/20260909T111613Z-484ad76e/checkpoint_probes/steps_000000000/probe_initial_checkpoint.json,fine_belief,shuffled_history_broken_alignment,saved,-0.08214006077246538,0.12462992074904927,0.1151698613394689,1.0821400607724654,0.08960669693596587,0.12462992074904927,1.3908549808292952,-0.0350232238130834,10000,,,10000,10000,,,
variant_2_quarter,20260909T111613Z-484ad76e,2,quarter,initial,0,0,initial_checkpoint,experiments/gol_reward_state_action_symmetry_cycle_1/variant_2_quarter/results/20260909T111613Z-484ad76e/checkpoint_probes/steps_000000000/probe_initial_checkpoint.json,coarse_belief,shuffled_history_broken_alignment,saved,-0.027546954588855144,0.10587591220574277,0.1030375417229533,1.0275469545888551,0.05435764596951627,0.10587591220574277,1.9477648510591852,-0.051518266236226504,10000,,,10000,10000,,,
variant_2_quarter,20260909T111613Z-484ad76e,2,quarter,initial,0,0,initial_checkpoint,experiments/gol_reward_state_action_symmetry_cycle_1/variant_2_quarter/results/20260909T111613Z-484ad76e/checkpoint_probes/steps_000000000/probe_initial_checkpoint.json,m1_minus_m2,shuffled_history_broken_alignment,saved,-0.14067887811671942,0.5171057514853801,0.4533315742105531,1.1406788781167194,0.4444477931644552,0.5171057514853801,1.1634791744686195,-0.07265795832092486,10000,,,10000,10000,,,
variant_2_quarter,20260909T111613Z-484ad76e,2,quarter,initial,0,0,initial_checkpoint,experiments/gol_reward_state_action_symmetry_cycle_1/variant_2_quarter/results/20260909T111613Z-484ad76e/checkpoint_probes/steps_000000000/probe_initial_checkpoint.json,e_minus_s,shuffled_history_broken_alignment,saved,-0.009893419304351836,0.16928989705212574,0.1676314488401541,1.0098934193043518,0.16492559533562026,0.16928989705212574,1.0264622462488264,-0.004364301716505481,10000,,,10000,10000,,,
variant_2_quarter,20260909T111613Z-484ad76e,2,quarter,initial,0,0,initial_checkpoint,experiments/gol_reward_state_action_symmetry_cycle_1/variant_2_quarter/results/20260909T111613Z-484ad76e/checkpoint_probes/steps_000000000/probe_initial_checkpoint.json,fine_belief,single_permuted_training_labels,saved,-0.024382917813651428,0.11797803860311878,0.1151698613394689,1.0243829178136514,0.08960669693596587,0.11797803860311878,1.316620773193185,-0.02837134166715291,10000,,,10000,10000,,,
variant_2_quarter,20260909T111613Z-484ad76e,2,quarter,initial,0,0,initial_checkpoint,experiments/gol_reward_state_action_symmetry_cycle_1/variant_2_quarter/results/20260909T111613Z-484ad76e/checkpoint_probes/steps_000000000/probe_initial_checkpoint.json,coarse_belief,single_permuted_training_labels,saved,-0.005500247286460702,0.10360427368221856,0.1030375417229533,1.0055002472864607,0.05435764596951627,0.10360427368221856,1.905974253195581,-0.04924662771270229,10000,,,10000,10000,,,
variant_2_quarter,20260909T111613Z-484ad76e,2,quarter,initial,0,0,initial_checkpoint,experiments/gol_reward_state_action_symmetry_cycle_1/variant_2_quarter/results/20260909T111613Z-484ad76e/checkpoint_probes/steps_000000000/probe_initial_checkpoint.json,m1_minus_m2,single_permuted_training_labels,saved,-0.04332865978450573,0.4729738237590966,0.4533315742105531,1.0433286597845057,0.4444477931644552,0.4729738237590966,1.0641830852427838,-0.02852603059464137,10000,,,10000,10000,,,
variant_2_quarter,20260909T111613Z-484ad76e,2,quarter,initial,0,0,initial_checkpoint,experiments/gol_reward_state_action_symmetry_cycle_1/variant_2_quarter/results/20260909T111613Z-484ad76e/checkpoint_probes/steps_000000000/probe_initial_checkpoint.json,e_minus_s,single_permuted_training_labels,saved,-0.009954708274161783,0.1693001710109329,0.1676314488401541,1.0099547082741618,0.16492559533562026,0.1693001710109329,1.0265245407567605,-0.004374575675312631,10000,,,10000,10000,,,
variant_2_quarter,20260909T111613Z-484ad76e,2,quarter,initial,0,0,initial_checkpoint,experiments/gol_reward_state_action_symmetry_cycle_1/variant_2_quarter/results/20260909T111613Z-484ad76e/checkpoint_probes/steps_000000000/probe_initial_checkpoint.json,fine_belief,log_next_token,not_fitted_or_saved,,,,,,,,,,,,,,,,
variant_2_quarter,20260909T111613Z-484ad76e,2,quarter,initial,0,0,initial_checkpoint,experiments/gol_reward_state_action_symmetry_cycle_1/variant_2_quarter/results/20260909T111613Z-484ad76e/checkpoint_probes/steps_000000000/probe_initial_checkpoint.json,coarse_belief,log_next_token,not_fitted_or_saved,,,,,,,,,,,,,,,,
variant_2_quarter,20260909T111613Z-484ad76e,2,quarter,initial,0,0,initial_checkpoint,experiments/gol_reward_state_action_symmetry_cycle_1/variant_2_quarter/results/20260909T111613Z-484ad76e/checkpoint_probes/steps_000000000/probe_initial_checkpoint.json,m1_minus_m2,log_next_token,not_fitted_or_saved,,,,,,,,,,,,,,,,
variant_2_quarter,20260909T111613Z-484ad76e,2,quarter,initial,0,0,initial_checkpoint,experiments/gol_reward_state_action_symmetry_cycle_1/variant_2_quarter/results/20260909T111613Z-484ad76e/checkpoint_probes/steps_000000000/probe_initial_checkpoint.json,e_minus_s,log_next_token,not_fitted_or_saved,,,,,,,,,,,,,,,,
variant_2_quarter,20260909T111613Z-484ad76e,2,quarter,final,2524368,77,checkpoint_000000,experiments/gol_reward_state_action_symmetry_cycle_1/variant_2_quarter/results/20260909T111613Z-484ad76e/checkpoint_probes/steps_002524368/probe_checkpoint_000000.json,fine_belief,post_final_layer_norm,saved,0.33371227619109534,0.07443501104084892,0.11171601754169094,0.6662877238089046,0.07700949224966636,0.07443501104084892,0.966569300308189,0.002574481208817439,10000,0.06987333329914698,0.07883817460938938,10000,10000,16,200,held_out_environment_trajectory_fixed_probe
variant_2_quarter,20260909T111613Z-484ad76e,2,quarter,final,2524368,77,checkpoint_000000,experiments/gol_reward_state_action_symmetry_cycle_1/variant_2_quarter/results/20260909T111613Z-484ad76e/checkpoint_probes/steps_002524368/probe_checkpoint_000000.json,coarse_belief,post_final_layer_norm,saved,0.5717904711677728,0.05906264909937985,0.13792931993001173,0.42820952883222724,0.06990000631218606,0.05906264909937985,0.8449591382809809,0.010837357212806202,10000,0.05583926468512123,0.06255133719887941,10000,10000,16,200,held_out_environment_trajectory_fixed_probe
variant_2_quarter,20260909T111613Z-484ad76e,2,quarter,final,2524368,77,checkpoint_000000,experiments/gol_reward_state_action_symmetry_cycle_1/variant_2_quarter/results/20260909T111613Z-484ad76e/checkpoint_probes/steps_002524368/probe_checkpoint_000000.json,m1_minus_m2,post_final_layer_norm,saved,-0.0950731048463096,0.2587547003080552,0.23628988709787613,1.0950731048463098,0.23552901450153058,0.2587547003080552,1.0986107204485147,-0.02322568580652462,10000,0.2294082958409914,0.2893886646135354,10000,10000,16,200,held_out_environment_trajectory_fixed_probe
variant_2_quarter,20260909T111613Z-484ad76e,2,quarter,final,2524368,77,checkpoint_000000,experiments/gol_reward_state_action_symmetry_cycle_1/variant_2_quarter/results/20260909T111613Z-484ad76e/checkpoint_probes/steps_002524368/probe_checkpoint_000000.json,e_minus_s,post_final_layer_norm,saved,0.049622905653756155,0.3014243748636497,0.31716292054681405,0.9503770943462437,0.302840694741168,0.3014243748636497,0.9953232181073657,0.0014163198775182795,10000,0.28428568112095426,0.32125078828902126,10000,10000,16,200,held_out_environment_trajectory_fixed_probe
variant_2_quarter,20260909T111613Z-484ad76e,2,quarter,final,2524368,77,checkpoint_000000,experiments/gol_reward_state_action_symmetry_cycle_1/variant_2_quarter/results/20260909T111613Z-484ad76e/checkpoint_probes/steps_002524368/probe_checkpoint_000000.json,fine_belief,categorical_plus_marginals,saved,0.40058210487228896,0.06696458008689082,0.11171601754169094,0.599417895127711,0.07700949224966636,0.06696458008689082,0.8695626750763435,0.010044912162775532,10000,,,10000,10000,,,
variant_2_quarter,20260909T111613Z-484ad76e,2,quarter,final,2524368,77,checkpoint_000000,experiments/gol_reward_state_action_symmetry_cycle_1/variant_2_quarter/results/20260909T111613Z-484ad76e/checkpoint_probes/steps_002524368/probe_checkpoint_000000.json,coarse_belief,categorical_plus_marginals,saved,0.6376965764584407,0.04997226481740227,0.13792931993001173,0.36230342354155926,0.06990000631218606,0.04997226481740227,0.7149107339735723,0.019927741494783782,10000,,,10000,10000,,,
variant_2_quarter,20260909T111613Z-484ad76e,2,quarter,final,2524368,77,checkpoint_000000,experiments/gol_reward_state_action_symmetry_cycle_1/variant_2_quarter/results/20260909T111613Z-484ad76e/checkpoint_probes/steps_002524368/probe_checkpoint_000000.json,m1_minus_m2,categorical_plus_marginals,saved,0.001721763517516628,0.2358830517907129,0.23628988709787613,0.9982782364824834,0.23552901450153058,0.2358830517907129,1.00150315785905,-0.00035403728918231847,10000,,,10000,10000,,,
variant_2_quarter,20260909T111613Z-484ad76e,2,quarter,final,2524368,77,checkpoint_000000,experiments/gol_reward_state_action_symmetry_cycle_1/variant_2_quarter/results/20260909T111613Z-484ad76e/checkpoint_probes/steps_002524368/probe_checkpoint_000000.json,e_minus_s,categorical_plus_marginals,saved,0.054638580110572876,0.2998335889044137,0.31716292054681405,0.9453614198894271,0.302840694741168,0.2998335889044137,0.9900703376759705,0.003007105836754287,10000,,,10000,10000,,,
variant_2_quarter,20260909T111613Z-484ad76e,2,quarter,final,2524368,77,checkpoint_000000,experiments/gol_reward_state_action_symmetry_cycle_1/variant_2_quarter/results/20260909T111613Z-484ad76e/checkpoint_probes/steps_002524368/probe_checkpoint_000000.json,fine_belief,combined_marginals,saved,0.3794587862952733,0.06932439311557943,0.11171601754169094,0.6205412137047267,0.07700949224966636,0.06932439311557943,0.9002058199634446,0.007685099134086923,10000,,,10000,10000,,,
variant_2_quarter,20260909T111613Z-484ad76e,2,quarter,final,2524368,77,checkpoint_000000,experiments/gol_reward_state_action_symmetry_cycle_1/variant_2_quarter/results/20260909T111613Z-484ad76e/checkpoint_probes/steps_002524368/probe_checkpoint_000000.json,coarse_belief,combined_marginals,saved,0.6180777451338335,0.05267827687982696,0.13792931993001173,0.3819222548661665,0.06990000631218606,0.05267827687982696,0.7536233493965115,0.017221729432359098,10000,,,10000,10000,,,
variant_2_quarter,20260909T111613Z-484ad76e,2,quarter,final,2524368,77,checkpoint_000000,experiments/gol_reward_state_action_symmetry_cycle_1/variant_2_quarter/results/20260909T111613Z-484ad76e/checkpoint_probes/steps_002524368/probe_checkpoint_000000.json,m1_minus_m2,combined_marginals,saved,-0.009461245147878161,0.2385254836456736,0.23628988709787613,1.0094612451478782,0.23552901450153058,0.2385254836456736,1.0127222930494773,-0.0029964691441430324,10000,,,10000,10000,,,
variant_2_quarter,20260909T111613Z-484ad76e,2,quarter,final,2524368,77,checkpoint_000000,experiments/gol_reward_state_action_symmetry_cycle_1/variant_2_quarter/results/20260909T111613Z-484ad76e/checkpoint_probes/steps_002524368/probe_checkpoint_000000.json,e_minus_s,combined_marginals,saved,0.003446995840394651,0.31606966127896174,0.31716292054681405,0.9965530041596052,0.302840694741168,0.31606966127896174,1.0436829223004533,-0.013228966537793763,10000,,,10000,10000,,,
variant_2_quarter,20260909T111613Z-484ad76e,2,quarter,final,2524368,77,checkpoint_000000,experiments/gol_reward_state_action_symmetry_cycle_1/variant_2_quarter/results/20260909T111613Z-484ad76e/checkpoint_probes/steps_002524368/probe_checkpoint_000000.json,fine_belief,next_reward,saved,0.3794587862956318,0.06932439311553938,0.11171601754169094,0.6205412137043682,0.07700949224966636,0.06932439311553938,0.9002058199629245,0.007685099134126974,10000,,,10000,10000,,,
variant_2_quarter,20260909T111613Z-484ad76e,2,quarter,final,2524368,77,checkpoint_000000,experiments/gol_reward_state_action_symmetry_cycle_1/variant_2_quarter/results/20260909T111613Z-484ad76e/checkpoint_probes/steps_002524368/probe_checkpoint_000000.json,coarse_belief,next_reward,saved,0.6180777451335375,0.052678276879867786,0.13792931993001173,0.38192225486646253,0.06990000631218606,0.052678276879867786,0.7536233493970957,0.01722172943231827,10000,,,10000,10000,,,
variant_2_quarter,20260909T111613Z-484ad76e,2,quarter,final,2524368,77,checkpoint_000000,experiments/gol_reward_state_action_symmetry_cycle_1/variant_2_quarter/results/20260909T111613Z-484ad76e/checkpoint_probes/steps_002524368/probe_checkpoint_000000.json,m1_minus_m2,next_reward,saved,-0.00946124514548563,0.23852548364510825,0.23628988709787613,1.0094612451454856,0.23552901450153058,0.23852548364510825,1.0127222930470767,-0.002996469143577679,10000,,,10000,10000,,,
variant_2_quarter,20260909T111613Z-484ad76e,2,quarter,final,2524368,77,checkpoint_000000,experiments/gol_reward_state_action_symmetry_cycle_1/variant_2_quarter/results/20260909T111613Z-484ad76e/checkpoint_probes/steps_002524368/probe_checkpoint_000000.json,e_minus_s,next_reward,saved,0.003446995839622269,0.3160696612792067,0.31716292054681405,0.9965530041603776,0.302840694741168,0.3160696612792067,1.0436829223012623,-0.013228966538038733,10000,,,10000,10000,,,
variant_2_quarter,20260909T111613Z-484ad76e,2,quarter,final,2524368,77,checkpoint_000000,experiments/gol_reward_state_action_symmetry_cycle_1/variant_2_quarter/results/20260909T111613Z-484ad76e/checkpoint_probes/steps_002524368/probe_checkpoint_000000.json,fine_belief,next_token,saved,0.37945878629528773,0.06932439311557782,0.11171601754169094,0.6205412137047123,0.07700949224966636,0.06932439311557782,0.9002058199634236,0.007685099134088533,10000,,,10000,10000,,,
variant_2_quarter,20260909T111613Z-484ad76e,2,quarter,final,2524368,77,checkpoint_000000,experiments/gol_reward_state_action_symmetry_cycle_1/variant_2_quarter/results/20260909T111613Z-484ad76e/checkpoint_probes/steps_002524368/probe_checkpoint_000000.json,coarse_belief,next_token,saved,0.6180777451338215,0.052678276879828595,0.13792931993001173,0.38192225486617837,0.06990000631218606,0.052678276879828595,0.753623349396535,0.01722172943235746,10000,,,10000,10000,,,
variant_2_quarter,20260909T111613Z-484ad76e,2,quarter,final,2524368,77,checkpoint_000000,experiments/gol_reward_state_action_symmetry_cycle_1/variant_2_quarter/results/20260909T111613Z-484ad76e/checkpoint_probes/steps_002524368/probe_checkpoint_000000.json,m1_minus_m2,next_token,saved,-0.009461245147782238,0.2385254836456509,0.23628988709787613,1.0094612451477822,0.23552901450153058,0.2385254836456509,1.0127222930493809,-0.0029964691441203284,10000,,,10000,10000,,,
variant_2_quarter,20260909T111613Z-484ad76e,2,quarter,final,2524368,77,checkpoint_000000,experiments/gol_reward_state_action_symmetry_cycle_1/variant_2_quarter/results/20260909T111613Z-484ad76e/checkpoint_probes/steps_002524368/probe_checkpoint_000000.json,e_minus_s,next_token,saved,0.003446995840363676,0.31606966127897157,0.31716292054681405,0.9965530041596362,0.302840694741168,0.31606966127897157,1.0436829223004858,-0.013228966537803588,10000,,,10000,10000,,,
variant_2_quarter,20260909T111613Z-484ad76e,2,quarter,final,2524368,77,checkpoint_000000,experiments/gol_reward_state_action_symmetry_cycle_1/variant_2_quarter/results/20260909T111613Z-484ad76e/checkpoint_probes/steps_002524368/probe_checkpoint_000000.json,fine_belief,previous_action_latest_token,saved,0.3071825109240519,0.07739881076279889,0.11171601754169094,0.6928174890759481,0.07700949224966636,0.07739881076279889,1.0050554613692344,-0.00038931851313253607,10000,,,10000,10000,,,
variant_2_quarter,20260909T111613Z-484ad76e,2,quarter,final,2524368,77,checkpoint_000000,experiments/gol_reward_state_action_symmetry_cycle_1/variant_2_quarter/results/20260909T111613Z-484ad76e/checkpoint_probes/steps_002524368/probe_checkpoint_000000.json,coarse_belief,previous_action_latest_token,saved,0.4926134365942605,0.06998348363217942,0.13792931993001173,0.5073865634057395,0.06990000631218606,0.06998348363217942,1.001194239090917,-8.347731999336361e-05,10000,,,10000,10000,,,
variant_2_quarter,20260909T111613Z-484ad76e,2,quarter,final,2524368,77,checkpoint_000000,experiments/gol_reward_state_action_symmetry_cycle_1/variant_2_quarter/results/20260909T111613Z-484ad76e/checkpoint_probes/steps_002524368/probe_checkpoint_000000.json,m1_minus_m2,previous_action_latest_token,saved,-0.008246848741801927,0.2382385340559898,0.23628988709787613,1.0082468487418021,0.23552901450153058,0.2382385340559898,1.0115039735558424,-0.002709519554459222,10000,,,10000,10000,,,
variant_2_quarter,20260909T111613Z-484ad76e,2,quarter,final,2524368,77,checkpoint_000000,experiments/gol_reward_state_action_symmetry_cycle_1/variant_2_quarter/results/20260909T111613Z-484ad76e/checkpoint_probes/steps_002524368/probe_checkpoint_000000.json,e_minus_s,previous_action_latest_token,saved,0.044484607372888396,0.3030540525530504,0.31716292054681405,0.9555153926271115,0.302840694741168,0.3030540525530504,1.0007045216035604,-0.00021335781188241976,10000,,,10000,10000,,,
variant_2_quarter,20260909T111613Z-484ad76e,2,quarter,final,2524368,77,checkpoint_000000,experiments/gol_reward_state_action_symmetry_cycle_1/variant_2_quarter/results/20260909T111613Z-484ad76e/checkpoint_probes/steps_002524368/probe_checkpoint_000000.json,fine_belief,shuffled_history_broken_alignment,saved,-0.029371003178441768,0.1149972290479908,0.11171601754169094,1.0293710031784418,0.07700949224966636,0.1149972290479908,1.4932864207852121,-0.03798773679832444,10000,,,10000,10000,,,
variant_2_quarter,20260909T111613Z-484ad76e,2,quarter,final,2524368,77,checkpoint_000000,experiments/gol_reward_state_action_symmetry_cycle_1/variant_2_quarter/results/20260909T111613Z-484ad76e/checkpoint_probes/steps_002524368/probe_checkpoint_000000.json,coarse_belief,shuffled_history_broken_alignment,saved,-0.022103901397116044,0.14097809601751596,0.13792931993001173,1.0221039013971158,0.06990000631218606,0.14097809601751596,2.0168538381510626,-0.0710780897053299,10000,,,10000,10000,,,
variant_2_quarter,20260909T111613Z-484ad76e,2,quarter,final,2524368,77,checkpoint_000000,experiments/gol_reward_state_action_symmetry_cycle_1/variant_2_quarter/results/20260909T111613Z-484ad76e/checkpoint_probes/steps_002524368/probe_checkpoint_000000.json,m1_minus_m2,shuffled_history_broken_alignment,saved,-0.05570896744905873,0.24945335272675348,0.23628988709787613,1.0557089674490587,0.23552901450153058,0.24945335272675348,1.0591194178547052,-0.013924338225222904,10000,,,10000,10000,,,
variant_2_quarter,20260909T111613Z-484ad76e,2,quarter,final,2524368,77,checkpoint_000000,experiments/gol_reward_state_action_symmetry_cycle_1/variant_2_quarter/results/20260909T111613Z-484ad76e/checkpoint_probes/steps_002524368/probe_checkpoint_000000.json,e_minus_s,shuffled_history_broken_alignment,saved,-0.008428999865127684,0.31983628676132664,0.31716292054681405,1.0084289998651277,0.302840694741168,0.31983628676132664,1.05612056871909,-0.016995592020158656,10000,,,10000,10000,,,
variant_2_quarter,20260909T111613Z-484ad76e,2,quarter,final,2524368,77,checkpoint_000000,experiments/gol_reward_state_action_symmetry_cycle_1/variant_2_quarter/results/20260909T111613Z-484ad76e/checkpoint_probes/steps_002524368/probe_checkpoint_000000.json,fine_belief,single_permuted_training_labels,saved,-0.014581206485375864,0.11334497186119019,0.11171601754169094,1.0145812064853756,0.07700949224966636,0.11334497186119019,1.4718311801579402,-0.036335479611523835,10000,,,10000,10000,,,
variant_2_quarter,20260909T111613Z-484ad76e,2,quarter,final,2524368,77,checkpoint_000000,experiments/gol_reward_state_action_symmetry_cycle_1/variant_2_quarter/results/20260909T111613Z-484ad76e/checkpoint_probes/steps_002524368/probe_checkpoint_000000.json,coarse_belief,single_permuted_training_labels,saved,-0.013995550182689387,0.13985971664875643,0.13792931993001173,1.0139955501826894,0.06990000631218606,0.13985971664875643,2.0008541347495403,-0.06995971033657038,10000,,,10000,10000,,,
variant_2_quarter,20260909T111613Z-484ad76e,2,quarter,final,2524368,77,checkpoint_000000,experiments/gol_reward_state_action_symmetry_cycle_1/variant_2_quarter/results/20260909T111613Z-484ad76e/checkpoint_probes/steps_002524368/probe_checkpoint_000000.json,m1_minus_m2,single_permuted_training_labels,saved,-0.017216479656714245,0.24035796713218402,0.23628988709787613,1.0172164796567142,0.23552901450153058,0.24035796713218402,1.020502580715473,-0.004828952630653444,10000,,,10000,10000,,,
variant_2_quarter,20260909T111613Z-484ad76e,2,quarter,final,2524368,77,checkpoint_000000,experiments/gol_reward_state_action_symmetry_cycle_1/variant_2_quarter/results/20260909T111613Z-484ad76e/checkpoint_probes/steps_002524368/probe_checkpoint_000000.json,e_minus_s,single_permuted_training_labels,saved,-0.011747599415771637,0.3208888234869342,0.31716292054681405,1.0117475994157716,0.302840694741168,0.3208888234869342,1.059596114588205,-0.018048128745766223,10000,,,10000,10000,,,
variant_2_quarter,20260909T111613Z-484ad76e,2,quarter,final,2524368,77,checkpoint_000000,experiments/gol_reward_state_action_symmetry_cycle_1/variant_2_quarter/results/20260909T111613Z-484ad76e/checkpoint_probes/steps_002524368/probe_checkpoint_000000.json,fine_belief,log_next_token,not_fitted_or_saved,,,,,,,,,,,,,,,,
variant_2_quarter,20260909T111613Z-484ad76e,2,quarter,final,2524368,77,checkpoint_000000,experiments/gol_reward_state_action_symmetry_cycle_1/variant_2_quarter/results/20260909T111613Z-484ad76e/checkpoint_probes/steps_002524368/probe_checkpoint_000000.json,coarse_belief,log_next_token,not_fitted_or_saved,,,,,,,,,,,,,,,,
variant_2_quarter,20260909T111613Z-484ad76e,2,quarter,final,2524368,77,checkpoint_000000,experiments/gol_reward_state_action_symmetry_cycle_1/variant_2_quarter/results/20260909T111613Z-484ad76e/checkpoint_probes/steps_002524368/probe_checkpoint_000000.json,m1_minus_m2,log_next_token,not_fitted_or_saved,,,,,,,,,,,,,,,,
variant_2_quarter,20260909T111613Z-484ad76e,2,quarter,final,2524368,77,checkpoint_000000,experiments/gol_reward_state_action_symmetry_cycle_1/variant_2_quarter/results/20260909T111613Z-484ad76e/checkpoint_probes/steps_002524368/probe_checkpoint_000000.json,e_minus_s,log_next_token,not_fitted_or_saved,,,,,,,,,,,,,,,,
variant_3,20260909T110146Z-8c31130d,3,half,initial,0,0,initial_checkpoint,experiments/gol_reward_state_action_symmetry_cycle_1/variant_3/results/20260909T110146Z-8c31130d/checkpoint_probes/steps_000000000/probe_initial_checkpoint.json,fine_belief,post_final_layer_norm,saved,0.2481454988403109,0.07968708619731446,0.10598737664588302,0.7518545011596891,0.07842647182534765,0.07968708619731446,1.0160738376038916,-0.0012606143719668117,10000,0.07715490985381417,0.08223615553020575,10000,10000,16,200,held_out_environment_trajectory_fixed_probe
variant_3,20260909T110146Z-8c31130d,3,half,initial,0,0,initial_checkpoint,experiments/gol_reward_state_action_symmetry_cycle_1/variant_3/results/20260909T110146Z-8c31130d/checkpoint_probes/steps_000000000/probe_initial_checkpoint.json,coarse_belief,post_final_layer_norm,saved,0.46049942768030594,0.063647225633716,0.1179743431226618,0.539500572319694,0.0661082411924814,0.063647225633716,0.9627729385266824,0.002461015558765406,10000,0.06033528528950641,0.06649745842563577,10000,10000,16,200,held_out_environment_trajectory_fixed_probe
variant_3,20260909T110146Z-8c31130d,3,half,initial,0,0,initial_checkpoint,experiments/gol_reward_state_action_symmetry_cycle_1/variant_3/results/20260909T110146Z-8c31130d/checkpoint_probes/steps_000000000/probe_initial_checkpoint.json,m1_minus_m2,post_final_layer_norm,saved,-0.02380674234525304,0.31639694880559055,0.3090397198213544,1.0238067423452528,0.2966385478237913,0.31639694880559055,1.0666076648727936,-0.019758400981799262,10000,0.2991500268364992,0.3362517152693453,10000,10000,16,200,held_out_environment_trajectory_fixed_probe
variant_3,20260909T110146Z-8c31130d,3,half,initial,0,0,initial_checkpoint,experiments/gol_reward_state_action_symmetry_cycle_1/variant_3/results/20260909T110146Z-8c31130d/checkpoint_probes/steps_000000000/probe_initial_checkpoint.json,e_minus_s,post_final_layer_norm,saved,0.00673640497826089,0.19953251471418149,0.20088576256518734,0.9932635950217392,0.19902078602719295,0.19953251471418149,1.0025712323682543,-0.0005117286869885385,10000,0.19017085986662843,0.2074177184529825,10000,10000,16,200,held_out_environment_trajectory_fixed_probe
variant_3,20260909T110146Z-8c31130d,3,half,initial,0,0,initial_checkpoint,experiments/gol_reward_state_action_symmetry_cycle_1/variant_3/results/20260909T110146Z-8c31130d/checkpoint_probes/steps_000000000/probe_initial_checkpoint.json,fine_belief,categorical_plus_marginals,saved,0.7665358421584525,0.024744253630465982,0.10598737664588302,0.23346415784154753,0.07842647182534765,0.024744253630465982,0.3155089481211186,0.05368221819488167,10000,,,10000,10000,,,
variant_3,20260909T110146Z-8c31130d,3,half,initial,0,0,initial_checkpoint,experiments/gol_reward_state_action_symmetry_cycle_1/variant_3/results/20260909T110146Z-8c31130d/checkpoint_probes/steps_000000000/probe_initial_checkpoint.json,coarse_belief,categorical_plus_marginals,saved,0.7203431076564553,0.03299233817395464,0.1179743431226618,0.27965689234354474,0.0661082411924814,0.03299233817395464,0.49906543539547243,0.033115903018526766,10000,,,10000,10000,,,
variant_3,20260909T110146Z-8c31130d,3,half,initial,0,0,initial_checkpoint,experiments/gol_reward_state_action_symmetry_cycle_1/variant_3/results/20260909T110146Z-8c31130d/checkpoint_probes/steps_000000000/probe_initial_checkpoint.json,m1_minus_m2,categorical_plus_marginals,saved,0.9999999999999999,2.0027752545424512e-17,0.3090397198213544,6.480640274008108e-17,0.2966385478237913,2.0027752545424512e-17,6.7515677555573e-17,0.2966385478237913,10000,,,10000,10000,,,
variant_3,20260909T110146Z-8c31130d,3,half,initial,0,0,initial_checkpoint,experiments/gol_reward_state_action_symmetry_cycle_1/variant_3/results/20260909T110146Z-8c31130d/checkpoint_probes/steps_000000000/probe_initial_checkpoint.json,e_minus_s,categorical_plus_marginals,saved,0.01459403336514764,0.19795402904372786,0.20088576256518734,0.9854059666348524,0.19902078602719295,0.19795402904372786,0.994639972011168,0.0010667569834650892,10000,,,10000,10000,,,
variant_3,20260909T110146Z-8c31130d,3,half,initial,0,0,initial_checkpoint,experiments/gol_reward_state_action_symmetry_cycle_1/variant_3/results/20260909T110146Z-8c31130d/checkpoint_probes/steps_000000000/probe_initial_checkpoint.json,fine_belief,combined_marginals,saved,0.7647744609246648,0.024930937806708423,0.10598737664588302,0.23522553907533517,0.07842647182534765,0.024930937806708423,0.31788932010391263,0.053495534018639226,10000,,,10000,10000,,,
variant_3,20260909T110146Z-8c31130d,3,half,initial,0,0,initial_checkpoint,experiments/gol_reward_state_action_symmetry_cycle_1/variant_3/results/20260909T110146Z-8c31130d/checkpoint_probes/steps_000000000/probe_initial_checkpoint.json,coarse_belief,combined_marginals,saved,0.7182332231815647,0.03324125040894456,0.1179743431226618,0.2817667768184353,0.0661082411924814,0.03324125040894456,0.5028306578624442,0.032866990783536845,10000,,,10000,10000,,,
variant_3,20260909T110146Z-8c31130d,3,half,initial,0,0,initial_checkpoint,experiments/gol_reward_state_action_symmetry_cycle_1/variant_3/results/20260909T110146Z-8c31130d/checkpoint_probes/steps_000000000/probe_initial_checkpoint.json,m1_minus_m2,combined_marginals,saved,0.9999999999999999,1.984933504172119e-17,0.3090397198213544,6.42290740271038e-17,0.2966385478237913,1.984933504172119e-17,6.691421323135676e-17,0.2966385478237913,10000,,,10000,10000,,,
variant_3,20260909T110146Z-8c31130d,3,half,initial,0,0,initial_checkpoint,experiments/gol_reward_state_action_symmetry_cycle_1/variant_3/results/20260909T110146Z-8c31130d/checkpoint_probes/steps_000000000/probe_initial_checkpoint.json,e_minus_s,combined_marginals,saved,0.007159592064436504,0.19944750245366735,0.20088576256518734,0.9928404079355635,0.19902078602719295,0.19944750245366735,1.0021440796963594,-0.000426716426474405,10000,,,10000,10000,,,
variant_3,20260909T110146Z-8c31130d,3,half,initial,0,0,initial_checkpoint,experiments/gol_reward_state_action_symmetry_cycle_1/variant_3/results/20260909T110146Z-8c31130d/checkpoint_probes/steps_000000000/probe_initial_checkpoint.json,fine_belief,next_reward,saved,0.7647744609169321,0.024930937807527993,0.10598737664588302,0.23522553908306787,0.07842647182534765,0.024930937807527993,0.3178893201143628,0.05349553401781966,10000,,,10000,10000,,,
variant_3,20260909T110146Z-8c31130d,3,half,initial,0,0,initial_checkpoint,experiments/gol_reward_state_action_symmetry_cycle_1/variant_3/results/20260909T110146Z-8c31130d/checkpoint_probes/steps_000000000/probe_initial_checkpoint.json,coarse_belief,next_reward,saved,0.7182332231723022,0.03324125041003729,0.1179743431226618,0.28176677682769774,0.0661082411924814,0.03324125041003729,0.5028306578789736,0.032866990782444115,10000,,,10000,10000,,,
variant_3,20260909T110146Z-8c31130d,3,half,initial,0,0,initial_checkpoint,experiments/gol_reward_state_action_symmetry_cycle_1/variant_3/results/20260909T110146Z-8c31130d/checkpoint_probes/steps_000000000/probe_initial_checkpoint.json,m1_minus_m2,next_reward,saved,0.9999999999999994,1.7864398402555378e-16,0.3090397198213544,5.780615648008674e-16,0.2966385478237913,1.7864398402555378e-16,6.022278133982491e-16,0.2966385478237911,10000,,,10000,10000,,,
variant_3,20260909T110146Z-8c31130d,3,half,initial,0,0,initial_checkpoint,experiments/gol_reward_state_action_symmetry_cycle_1/variant_3/results/20260909T110146Z-8c31130d/checkpoint_probes/steps_000000000/probe_initial_checkpoint.json,e_minus_s,next_reward,saved,0.007159592031798945,0.19944750246022377,0.20088576256518734,0.992840407968201,0.19902078602719295,0.19944750246022377,1.0021440797293029,-0.00042671643303082707,10000,,,10000,10000,,,
variant_3,20260909T110146Z-8c31130d,3,half,initial,0,0,initial_checkpoint,experiments/gol_reward_state_action_symmetry_cycle_1/variant_3/results/20260909T110146Z-8c31130d/checkpoint_probes/steps_000000000/probe_initial_checkpoint.json,fine_belief,next_token,saved,0.7647744609225972,0.024930937806927574,0.10598737664588302,0.23522553907740287,0.07842647182534765,0.024930937806927574,0.31788932010670695,0.053495534018420075,10000,,,10000,10000,,,
variant_3,20260909T110146Z-8c31130d,3,half,initial,0,0,initial_checkpoint,experiments/gol_reward_state_action_symmetry_cycle_1/variant_3/results/20260909T110146Z-8c31130d/checkpoint_probes/steps_000000000/probe_initial_checkpoint.json,coarse_belief,next_token,saved,0.7182332231790879,0.033241250409236756,0.1179743431226618,0.2817667768209121,0.0661082411924814,0.033241250409236756,0.5028306578668642,0.03286699078324465,10000,,,10000,10000,,,
variant_3,20260909T110146Z-8c31130d,3,half,initial,0,0,initial_checkpoint,experiments/gol_reward_state_action_symmetry_cycle_1/variant_3/results/20260909T110146Z-8c31130d/checkpoint_probes/steps_000000000/probe_initial_checkpoint.json,m1_minus_m2,next_token,saved,0.9999999999999999,4.466100154026933e-17,0.3090397198213544,1.445154091069147e-16,0.2966385478237913,4.466100154026933e-17,1.5055697200486157e-16,0.29663854782379123,10000,,,10000,10000,,,
variant_3,20260909T110146Z-8c31130d,3,half,initial,0,0,initial_checkpoint,experiments/gol_reward_state_action_symmetry_cycle_1/variant_3/results/20260909T110146Z-8c31130d/checkpoint_probes/steps_000000000/probe_initial_checkpoint.json,e_minus_s,next_token,saved,0.007159592055709152,0.19944750245542053,0.20088576256518734,0.9928404079442907,0.19902078602719295,0.19944750245542053,1.0021440797051684,-0.00042671642822758593,10000,,,10000,10000,,,
variant_3,20260909T110146Z-8c31130d,3,half,initial,0,0,initial_checkpoint,experiments/gol_reward_state_action_symmetry_cycle_1/variant_3/results/20260909T110146Z-8c31130d/checkpoint_probes/steps_000000000/probe_initial_checkpoint.json,fine_belief,previous_action_latest_token,saved,0.2563347825114791,0.07881912550439837,0.10598737664588302,0.7436652174885209,0.07842647182534765,0.07881912550439837,1.0050066472443788,-0.0003926536790507251,10000,,,10000,10000,,,
variant_3,20260909T110146Z-8c31130d,3,half,initial,0,0,initial_checkpoint,experiments/gol_reward_state_action_symmetry_cycle_1/variant_3/results/20260909T110146Z-8c31130d/checkpoint_probes/steps_000000000/probe_initial_checkpoint.json,coarse_belief,previous_action_latest_token,saved,0.43664066012379465,0.0664619480639117,0.1179743431226618,0.5633593398762053,0.0661082411924814,0.0664619480639117,1.0053504202358137,-0.0003537068714302982,10000,,,10000,10000,,,
variant_3,20260909T110146Z-8c31130d,3,half,initial,0,0,initial_checkpoint,experiments/gol_reward_state_action_symmetry_cycle_1/variant_3/results/20260909T110146Z-8c31130d/checkpoint_probes/steps_000000000/probe_initial_checkpoint.json,m1_minus_m2,previous_action_latest_token,saved,0.03563887623601569,0.2980258914946282,0.3090397198213544,0.9643611237639843,0.2966385478237913,0.2980258914946282,1.004676882627072,-0.0013873436708369269,10000,,,10000,10000,,,
variant_3,20260909T110146Z-8c31130d,3,half,initial,0,0,initial_checkpoint,experiments/gol_reward_state_action_symmetry_cycle_1/variant_3/results/20260909T110146Z-8c31130d/checkpoint_probes/steps_000000000/probe_initial_checkpoint.json,e_minus_s,previous_action_latest_token,saved,0.004220317555736819,0.20003796085473588,0.20088576256518734,0.9957796824442631,0.19902078602719295,0.20003796085473588,1.0051108974486913,-0.0010171748275429326,10000,,,10000,10000,,,
variant_3,20260909T110146Z-8c31130d,3,half,initial,0,0,initial_checkpoint,experiments/gol_reward_state_action_symmetry_cycle_1/variant_3/results/20260909T110146Z-8c31130d/checkpoint_probes/steps_000000000/probe_initial_checkpoint.json,fine_belief,shuffled_history_broken_alignment,saved,-0.04015484319572682,0.11024328313582489,0.10598737664588302,1.0401548431957268,0.07842647182534765,0.11024328313582489,1.4056896934154057,-0.03181681131047724,10000,,,10000,10000,,,
variant_3,20260909T110146Z-8c31130d,3,half,initial,0,0,initial_checkpoint,experiments/gol_reward_state_action_symmetry_cycle_1/variant_3/results/20260909T110146Z-8c31130d/checkpoint_probes/steps_000000000/probe_initial_checkpoint.json,coarse_belief,shuffled_history_broken_alignment,saved,-0.023119469657928438,0.12070184736890023,0.1179743431226618,1.0231194696579284,0.0661082411924814,0.12070184736890023,1.825821488995049,-0.05459360617641883,10000,,,10000,10000,,,
variant_3,20260909T110146Z-8c31130d,3,half,initial,0,0,initial_checkpoint,experiments/gol_reward_state_action_symmetry_cycle_1/variant_3/results/20260909T110146Z-8c31130d/checkpoint_probes/steps_000000000/probe_initial_checkpoint.json,m1_minus_m2,shuffled_history_broken_alignment,saved,-0.0726607575113889,0.3314947799646814,0.3090397198213544,1.072660757511389,0.2966385478237913,0.3314947799646814,1.1175040546705863,-0.03485623214089012,10000,,,10000,10000,,,
variant_3,20260909T110146Z-8c31130d,3,half,initial,0,0,initial_checkpoint,experiments/gol_reward_state_action_symmetry_cycle_1/variant_3/results/20260909T110146Z-8c31130d/checkpoint_probes/steps_000000000/probe_initial_checkpoint.json,e_minus_s,shuffled_history_broken_alignment,saved,-0.010187503323441316,0.20293228693895224,0.20088576256518734,1.0101875033234413,0.19902078602719295,0.20293228693895224,1.0196537305968878,-0.003911500911759291,10000,,,10000,10000,,,
variant_3,20260909T110146Z-8c31130d,3,half,initial,0,0,initial_checkpoint,experiments/gol_reward_state_action_symmetry_cycle_1/variant_3/results/20260909T110146Z-8c31130d/checkpoint_probes/steps_000000000/probe_initial_checkpoint.json,fine_belief,single_permuted_training_labels,saved,-0.01663325787358727,0.10775029201297903,0.10598737664588302,1.0166332578735875,0.07842647182534765,0.10775029201297903,1.373902070374073,-0.029323820187631383,10000,,,10000,10000,,,
variant_3,20260909T110146Z-8c31130d,3,half,initial,0,0,initial_checkpoint,experiments/gol_reward_state_action_symmetry_cycle_1/variant_3/results/20260909T110146Z-8c31130d/checkpoint_probes/steps_000000000/probe_initial_checkpoint.json,coarse_belief,single_permuted_training_labels,saved,-0.019646667581884936,0.12029214582518398,0.1179743431226618,1.019646667581885,0.0661082411924814,0.12029214582518398,1.8196240537536037,-0.054183904632702576,10000,,,10000,10000,,,
variant_3,20260909T110146Z-8c31130d,3,half,initial,0,0,initial_checkpoint,experiments/gol_reward_state_action_symmetry_cycle_1/variant_3/results/20260909T110146Z-8c31130d/checkpoint_probes/steps_000000000/probe_initial_checkpoint.json,m1_minus_m2,single_permuted_training_labels,saved,-0.013640456761988773,0.3132551627573147,0.3090397198213544,1.0136404567619886,0.2966385478237913,0.3132551627573147,1.0560163709518764,-0.0166166149335234,10000,,,10000,10000,,,
variant_3,20260909T110146Z-8c31130d,3,half,initial,0,0,initial_checkpoint,experiments/gol_reward_state_action_symmetry_cycle_1/variant_3/results/20260909T110146Z-8c31130d/checkpoint_probes/steps_000000000/probe_initial_checkpoint.json,e_minus_s,single_permuted_training_labels,saved,-0.009209251808240948,0.20273577013734065,0.20088576256518734,1.009209251808241,0.19902078602719295,0.20273577013734065,1.018666312118977,-0.003714984110147701,10000,,,10000,10000,,,
variant_3,20260909T110146Z-8c31130d,3,half,initial,0,0,initial_checkpoint,experiments/gol_reward_state_action_symmetry_cycle_1/variant_3/results/20260909T110146Z-8c31130d/checkpoint_probes/steps_000000000/probe_initial_checkpoint.json,fine_belief,log_next_token,not_fitted_or_saved,,,,,,,,,,,,,,,,
variant_3,20260909T110146Z-8c31130d,3,half,initial,0,0,initial_checkpoint,experiments/gol_reward_state_action_symmetry_cycle_1/variant_3/results/20260909T110146Z-8c31130d/checkpoint_probes/steps_000000000/probe_initial_checkpoint.json,coarse_belief,log_next_token,not_fitted_or_saved,,,,,,,,,,,,,,,,
variant_3,20260909T110146Z-8c31130d,3,half,initial,0,0,initial_checkpoint,experiments/gol_reward_state_action_symmetry_cycle_1/variant_3/results/20260909T110146Z-8c31130d/checkpoint_probes/steps_000000000/probe_initial_checkpoint.json,m1_minus_m2,log_next_token,not_fitted_or_saved,,,,,,,,,,,,,,,,
variant_3,20260909T110146Z-8c31130d,3,half,initial,0,0,initial_checkpoint,experiments/gol_reward_state_action_symmetry_cycle_1/variant_3/results/20260909T110146Z-8c31130d/checkpoint_probes/steps_000000000/probe_initial_checkpoint.json,e_minus_s,log_next_token,not_fitted_or_saved,,,,,,,,,,,,,,,,
variant_3,20260909T110146Z-8c31130d,3,half,final,2524368,77,checkpoint_000000,experiments/gol_reward_state_action_symmetry_cycle_1/variant_3/results/20260909T110146Z-8c31130d/checkpoint_probes/steps_002524368/probe_checkpoint_000000.json,fine_belief,post_final_layer_norm,saved,0.400362214445396,0.052050487175354376,0.08680321425577436,0.599637785554604,0.062196149068121986,0.052050487175354376,0.836876365421671,0.01014566189276761,10000,0.04777283275476116,0.05681306174282556,10000,10000,16,200,held_out_environment_trajectory_fixed_probe
variant_3,20260909T110146Z-8c31130d,3,half,final,2524368,77,checkpoint_000000,experiments/gol_reward_state_action_symmetry_cycle_1/variant_3/results/20260909T110146Z-8c31130d/checkpoint_probes/steps_002524368/probe_checkpoint_000000.json,coarse_belief,post_final_layer_norm,saved,0.5880530857560744,0.04730319799521635,0.11482838288043776,0.41194691424392565,0.06713871454416659,0.04730319799521635,0.7045591849110899,0.019835516548950237,10000,0.04351933521128136,0.05041176693093259,10000,10000,16,200,held_out_environment_trajectory_fixed_probe
variant_3,20260909T110146Z-8c31130d,3,half,final,2524368,77,checkpoint_000000,experiments/gol_reward_state_action_symmetry_cycle_1/variant_3/results/20260909T110146Z-8c31130d/checkpoint_probes/steps_002524368/probe_checkpoint_000000.json,m1_minus_m2,post_final_layer_norm,saved,0.03308874488492819,0.14736471735715448,0.15240769675353158,0.9669112551150718,0.14983907322576134,0.14736471735715448,0.9834865778642479,0.0024743558686068645,10000,0.12357033017858077,0.17551673510495497,10000,10000,16,200,held_out_environment_trajectory_fixed_probe
variant_3,20260909T110146Z-8c31130d,3,half,final,2524368,77,checkpoint_000000,experiments/gol_reward_state_action_symmetry_cycle_1/variant_3/results/20260909T110146Z-8c31130d/checkpoint_probes/steps_002524368/probe_checkpoint_000000.json,e_minus_s,post_final_layer_norm,saved,0.034799777536486776,0.239479164194445,0.24811345731273687,0.9652002224635132,0.23752578342764483,0.239479164194445,1.0082238683254159,-0.0019533807668001835,10000,0.22103486669383068,0.25623414251584287,10000,10000,16,200,held_out_environment_trajectory_fixed_probe
variant_3,20260909T110146Z-8c31130d,3,half,final,2524368,77,checkpoint_000000,experiments/gol_reward_state_action_symmetry_cycle_1/variant_3/results/20260909T110146Z-8c31130d/checkpoint_probes/steps_002524368/probe_checkpoint_000000.json,fine_belief,categorical_plus_marginals,saved,0.6728561516666047,0.028397137559342263,0.08680321425577436,0.32714384833339527,0.062196149068121986,0.028397137559342263,0.4565738873678424,0.033799011508779724,10000,,,10000,10000,,,
variant_3,20260909T110146Z-8c31130d,3,half,final,2524368,77,checkpoint_000000,experiments/gol_reward_state_action_symmetry_cycle_1/variant_3/results/20260909T110146Z-8c31130d/checkpoint_probes/steps_002524368/probe_checkpoint_000000.json,coarse_belief,categorical_plus_marginals,saved,0.6702657554748744,0.037862850079123,0.11482838288043776,0.32973424452512556,0.06713871454416659,0.037862850079123,0.5639495831308369,0.029275864465043586,10000,,,10000,10000,,,
variant_3,20260909T110146Z-8c31130d,3,half,final,2524368,77,checkpoint_000000,experiments/gol_reward_state_action_symmetry_cycle_1/variant_3/results/20260909T110146Z-8c31130d/checkpoint_probes/steps_002524368/probe_checkpoint_000000.json,m1_minus_m2,categorical_plus_marginals,saved,0.9999999999999997,4.9824186591766973e-17,0.15240769675353158,3.2691384787699344e-16,0.14983907322576134,4.9824186591766973e-17,3.3251798425566383e-16,0.1498390732257613,10000,,,10000,10000,,,
variant_3,20260909T110146Z-8c31130d,3,half,final,2524368,77,checkpoint_000000,experiments/gol_reward_state_action_symmetry_cycle_1/variant_3/results/20260909T110146Z-8c31130d/checkpoint_probes/steps_002524368/probe_checkpoint_000000.json,e_minus_s,categorical_plus_marginals,saved,0.08438218976413436,0.22717710047473808,0.24811345731273687,0.9156178102358657,0.23752578342764483,0.22717710047473808,0.9564313279865082,0.010348682952906751,10000,,,10000,10000,,,
variant_3,20260909T110146Z-8c31130d,3,half,final,2524368,77,checkpoint_000000,experiments/gol_reward_state_action_symmetry_cycle_1/variant_3/results/20260909T110146Z-8c31130d/checkpoint_probes/steps_002524368/probe_checkpoint_000000.json,fine_belief,combined_marginals,saved,0.6565881383977943,0.0298092534006306,0.08680321425577436,0.34341186160220577,0.062196149068121986,0.0298092534006306,0.4792781200646558,0.03238689566749139,10000,,,10000,10000,,,
variant_3,20260909T110146Z-8c31130d,3,half,final,2524368,77,checkpoint_000000,experiments/gol_reward_state_action_symmetry_cycle_1/variant_3/results/20260909T110146Z-8c31130d/checkpoint_probes/steps_002524368/probe_checkpoint_000000.json,coarse_belief,combined_marginals,saved,0.6538689285363792,0.0397456712008408,0.11482838288043776,0.34613107146362065,0.06713871454416659,0.0397456712008408,0.5919933300881784,0.02739304334332579,10000,,,10000,10000,,,
variant_3,20260909T110146Z-8c31130d,3,half,final,2524368,77,checkpoint_000000,experiments/gol_reward_state_action_symmetry_cycle_1/variant_3/results/20260909T110146Z-8c31130d/checkpoint_probes/steps_002524368/probe_checkpoint_000000.json,m1_minus_m2,combined_marginals,saved,0.9999999999999997,4.7570313299441596e-17,0.15240769675353158,3.1212539991579723e-16,0.14983907322576134,4.7570313299441596e-17,3.1747602461320474e-16,0.1498390732257613,10000,,,10000,10000,,,
variant_3,20260909T110146Z-8c31130d,3,half,final,2524368,77,checkpoint_000000,experiments/gol_reward_state_action_symmetry_cycle_1/variant_3/results/20260909T110146Z-8c31130d/checkpoint_probes/steps_002524368/probe_checkpoint_000000.json,e_minus_s,combined_marginals,saved,0.038850895925173545,0.23847402720504474,0.24811345731273687,0.9611491040748265,0.23752578342764483,0.23847402720504474,1.0039921719811473,-0.0009482437773999097,10000,,,10000,10000,,,
variant_3,20260909T110146Z-8c31130d,3,half,final,2524368,77,checkpoint_000000,experiments/gol_reward_state_action_symmetry_cycle_1/variant_3/results/20260909T110146Z-8c31130d/checkpoint_probes/steps_002524368/probe_checkpoint_000000.json,fine_belief,next_reward,saved,0.6565881383540737,0.02980925340442568,0.08680321425577436,0.3434118616459263,0.062196149068121986,0.02980925340442568,0.4792781201256738,0.032386895663696305,10000,,,10000,10000,,,
variant_3,20260909T110146Z-8c31130d,3,half,final,2524368,77,checkpoint_000000,experiments/gol_reward_state_action_symmetry_cycle_1/variant_3/results/20260909T110146Z-8c31130d/checkpoint_probes/steps_002524368/probe_checkpoint_000000.json,coarse_belief,next_reward,saved,0.6538689284923133,0.039745671205900834,0.11482838288043776,0.34613107150768674,0.06713871454416659,0.039745671205900834,0.5919933301635454,0.027393043338265755,10000,,,10000,10000,,,
variant_3,20260909T110146Z-8c31130d,3,half,final,2524368,77,checkpoint_000000,experiments/gol_reward_state_action_symmetry_cycle_1/variant_3/results/20260909T110146Z-8c31130d/checkpoint_probes/steps_002524368/probe_checkpoint_000000.json,m1_minus_m2,next_reward,saved,0.9999999999999972,4.2813284332250986e-16,0.15240769675353158,2.809128754270668e-15,0.14983907322576134,4.2813284332250986e-16,2.8572843792049187e-15,0.14983907322576093,10000,,,10000,10000,,,
variant_3,20260909T110146Z-8c31130d,3,half,final,2524368,77,checkpoint_000000,experiments/gol_reward_state_action_symmetry_cycle_1/variant_3/results/20260909T110146Z-8c31130d/checkpoint_probes/steps_002524368/probe_checkpoint_000000.json,e_minus_s,next_reward,saved,0.03885089580280909,0.23847402723540498,0.24811345731273687,0.9611491041971908,0.23752578342764483,0.23847402723540498,1.003992172108966,-0.0009482438077601518,10000,,,10000,10000,,,
variant_3,20260909T110146Z-8c31130d,3,half,final,2524368,77,checkpoint_000000,experiments/gol_reward_state_action_symmetry_cycle_1/variant_3/results/20260909T110146Z-8c31130d/checkpoint_probes/steps_002524368/probe_checkpoint_000000.json,fine_belief,next_token,saved,0.6565881383868645,0.029809253401579337,0.08680321425577436,0.3434118616131355,0.062196149068121986,0.029809253401579337,0.4792781200799098,0.03238689566654265,10000,,,10000,10000,,,
variant_3,20260909T110146Z-8c31130d,3,half,final,2524368,77,checkpoint_000000,experiments/gol_reward_state_action_symmetry_cycle_1/variant_3/results/20260909T110146Z-8c31130d/checkpoint_probes/steps_002524368/probe_checkpoint_000000.json,coarse_belief,next_token,saved,0.6538689285253632,0.039745671202105766,0.11482838288043776,0.34613107147463684,0.06713871454416659,0.039745671202105766,0.5919933301070196,0.027393043342060823,10000,,,10000,10000,,,
variant_3,20260909T110146Z-8c31130d,3,half,final,2524368,77,checkpoint_000000,experiments/gol_reward_state_action_symmetry_cycle_1/variant_3/results/20260909T110146Z-8c31130d/checkpoint_probes/steps_002524368/probe_checkpoint_000000.json,m1_minus_m2,next_token,saved,0.9999999999999993,1.070331976886507e-16,0.15240769675353158,7.022821023385785e-16,0.14983907322576134,1.070331976886507e-16,7.143210070939549e-16,0.14983907322576123,10000,,,10000,10000,,,
variant_3,20260909T110146Z-8c31130d,3,half,final,2524368,77,checkpoint_000000,experiments/gol_reward_state_action_symmetry_cycle_1/variant_3/results/20260909T110146Z-8c31130d/checkpoint_probes/steps_002524368/probe_checkpoint_000000.json,e_minus_s,next_token,saved,0.03885089589458324,0.2384740272126346,0.24811345731273687,0.9611491041054168,0.23752578342764483,0.2384740272126346,1.0039921720131013,-0.0009482437849897829,10000,,,10000,10000,,,
variant_3,20260909T110146Z-8c31130d,3,half,final,2524368,77,checkpoint_000000,experiments/gol_reward_state_action_symmetry_cycle_1/variant_3/results/20260909T110146Z-8c31130d/checkpoint_probes/steps_002524368/probe_checkpoint_000000.json,fine_belief,previous_action_latest_token,saved,0.281350503307888,0.062381086236169815,0.08680321425577436,0.7186494966921121,0.062196149068121986,0.062381086236169815,1.002973450459855,-0.00018493716804782873,10000,,,10000,10000,,,
variant_3,20260909T110146Z-8c31130d,3,half,final,2524368,77,checkpoint_000000,experiments/gol_reward_state_action_symmetry_cycle_1/variant_3/results/20260909T110146Z-8c31130d/checkpoint_probes/steps_002524368/probe_checkpoint_000000.json,coarse_belief,previous_action_latest_token,saved,0.4150229894223998,0.06717196414685855,0.11482838288043776,0.5849770105776001,0.06713871454416659,0.06717196414685855,1.000495237403899,-3.3249602691964864e-05,10000,,,10000,10000,,,
variant_3,20260909T110146Z-8c31130d,3,half,final,2524368,77,checkpoint_000000,experiments/gol_reward_state_action_symmetry_cycle_1/variant_3/results/20260909T110146Z-8c31130d/checkpoint_probes/steps_002524368/probe_checkpoint_000000.json,m1_minus_m2,previous_action_latest_token,saved,0.008345541929217992,0.15113577192993943,0.15240769675353158,0.991654458070782,0.14983907322576134,0.15113577192993943,1.0086539423680523,-0.0012966987041780897,10000,,,10000,10000,,,
variant_3,20260909T110146Z-8c31130d,3,half,final,2524368,77,checkpoint_000000,experiments/gol_reward_state_action_symmetry_cycle_1/variant_3/results/20260909T110146Z-8c31130d/checkpoint_probes/steps_002524368/probe_checkpoint_000000.json,e_minus_s,previous_action_latest_token,saved,0.042070564449978476,0.23767518411595437,0.24811345731273687,0.9579294355500214,0.23752578342764483,0.23767518411595437,1.0006289872457363,-0.00014940068830954223,10000,,,10000,10000,,,
variant_3,20260909T110146Z-8c31130d,3,half,final,2524368,77,checkpoint_000000,experiments/gol_reward_state_action_symmetry_cycle_1/variant_3/results/20260909T110146Z-8c31130d/checkpoint_probes/steps_002524368/probe_checkpoint_000000.json,fine_belief,shuffled_history_broken_alignment,saved,-0.03615617910447044,0.08994168681724987,0.08680321425577436,1.0361561791044704,0.062196149068121986,0.08994168681724987,1.4460973575508485,-0.027745537749127885,10000,,,10000,10000,,,
variant_3,20260909T110146Z-8c31130d,3,half,final,2524368,77,checkpoint_000000,experiments/gol_reward_state_action_symmetry_cycle_1/variant_3/results/20260909T110146Z-8c31130d/checkpoint_probes/steps_002524368/probe_checkpoint_000000.json,coarse_belief,shuffled_history_broken_alignment,saved,-0.03439245836356686,0.11877761325760892,0.11482838288043776,1.0343924583635669,0.06713871454416659,0.11877761325760892,1.7691374352940903,-0.051638898713442336,10000,,,10000,10000,,,
variant_3,20260909T110146Z-8c31130d,3,half,final,2524368,77,checkpoint_000000,experiments/gol_reward_state_action_symmetry_cycle_1/variant_3/results/20260909T110146Z-8c31130d/checkpoint_probes/steps_002524368/probe_checkpoint_000000.json,m1_minus_m2,shuffled_history_broken_alignment,saved,-0.05659789632044743,0.16103365177282616,0.15240769675353158,1.0565978963204474,0.14983907322576134,0.16103365177282616,1.0747106766350458,-0.01119457854706482,10000,,,10000,10000,,,
variant_3,20260909T110146Z-8c31130d,3,half,final,2524368,77,checkpoint_000000,experiments/gol_reward_state_action_symmetry_cycle_1/variant_3/results/20260909T110146Z-8c31130d/checkpoint_probes/steps_002524368/probe_checkpoint_000000.json,e_minus_s,shuffled_history_broken_alignment,saved,-0.008281339971350388,0.2501681692042108,0.24811345731273687,1.0082813399713506,0.23752578342764483,0.2501681692042108,1.0532253197700414,-0.012642385776565984,10000,,,10000,10000,,,
variant_3,20260909T110146Z-8c31130d,3,half,final,2524368,77,checkpoint_000000,experiments/gol_reward_state_action_symmetry_cycle_1/variant_3/results/20260909T110146Z-8c31130d/checkpoint_probes/steps_002524368/probe_checkpoint_000000.json,fine_belief,single_permuted_training_labels,saved,0.0020865424920868403,0.08662209566077997,0.08680321425577436,0.9979134575079132,0.062196149068121986,0.08662209566077997,1.392724420380188,-0.024425946592657982,10000,,,10000,10000,,,
variant_3,20260909T110146Z-8c31130d,3,half,final,2524368,77,checkpoint_000000,experiments/gol_reward_state_action_symmetry_cycle_1/variant_3/results/20260909T110146Z-8c31130d/checkpoint_probes/steps_002524368/probe_checkpoint_000000.json,coarse_belief,single_permuted_training_labels,saved,0.003580923806143388,0.11441719119056025,0.11482838288043776,0.9964190761938566,0.06713871454416659,0.11441719119056025,1.704190971891366,-0.04727847664639366,10000,,,10000,10000,,,
variant_3,20260909T110146Z-8c31130d,3,half,final,2524368,77,checkpoint_000000,experiments/gol_reward_state_action_symmetry_cycle_1/variant_3/results/20260909T110146Z-8c31130d/checkpoint_probes/steps_002524368/probe_checkpoint_000000.json,m1_minus_m2,single_permuted_training_labels,saved,0.00393288435097483,0.1518082949080015,0.15240769675353158,0.9960671156490252,0.14983907322576134,0.1518082949080015,1.0131422441413072,-0.0019692216822401465,10000,,,10000,10000,,,
variant_3,20260909T110146Z-8c31130d,3,half,final,2524368,77,checkpoint_000000,experiments/gol_reward_state_action_symmetry_cycle_1/variant_3/results/20260909T110146Z-8c31130d/checkpoint_probes/steps_002524368/probe_checkpoint_000000.json,e_minus_s,single_permuted_training_labels,saved,-0.009615196052225272,0.25049911684799425,0.24811345731273687,1.0096151960522253,0.23752578342764483,0.25049911684799425,1.054618632272826,-0.012973333420349425,10000,,,10000,10000,,,
variant_3,20260909T110146Z-8c31130d,3,half,final,2524368,77,checkpoint_000000,experiments/gol_reward_state_action_symmetry_cycle_1/variant_3/results/20260909T110146Z-8c31130d/checkpoint_probes/steps_002524368/probe_checkpoint_000000.json,fine_belief,log_next_token,not_fitted_or_saved,,,,,,,,,,,,,,,,
variant_3,20260909T110146Z-8c31130d,3,half,final,2524368,77,checkpoint_000000,experiments/gol_reward_state_action_symmetry_cycle_1/variant_3/results/20260909T110146Z-8c31130d/checkpoint_probes/steps_002524368/probe_checkpoint_000000.json,coarse_belief,log_next_token,not_fitted_or_saved,,,,,,,,,,,,,,,,
variant_3,20260909T110146Z-8c31130d,3,half,final,2524368,77,checkpoint_000000,experiments/gol_reward_state_action_symmetry_cycle_1/variant_3/results/20260909T110146Z-8c31130d/checkpoint_probes/steps_002524368/probe_checkpoint_000000.json,m1_minus_m2,log_next_token,not_fitted_or_saved,,,,,,,,,,,,,,,,
variant_3,20260909T110146Z-8c31130d,3,half,final,2524368,77,checkpoint_000000,experiments/gol_reward_state_action_symmetry_cycle_1/variant_3/results/20260909T110146Z-8c31130d/checkpoint_probes/steps_002524368/probe_checkpoint_000000.json,e_minus_s,log_next_token,not_fitted_or_saved,,,,,,,,,,,,,,,,
variant_3_quarter,20260909T113037Z-a43b263e,3,quarter,initial,0,0,initial_checkpoint,experiments/gol_reward_state_action_symmetry_cycle_1/variant_3_quarter/results/20260909T113037Z-a43b263e/checkpoint_probes/steps_000000000/probe_initial_checkpoint.json,fine_belief,post_final_layer_norm,saved,0.19588748885446017,0.0919637515178244,0.11436677112113666,0.8041125111455398,0.0897753204028549,0.0919637515178244,1.024376756386379,-0.0021884311149695107,10000,0.0846105331833106,0.09955218326339817,10000,10000,16,200,held_out_environment_trajectory_fixed_probe
variant_3_quarter,20260909T113037Z-a43b263e,3,quarter,initial,0,0,initial_checkpoint,experiments/gol_reward_state_action_symmetry_cycle_1/variant_3_quarter/results/20260909T113037Z-a43b263e/checkpoint_probes/steps_000000000/probe_initial_checkpoint.json,coarse_belief,post_final_layer_norm,saved,0.510755367495337,0.04640137251221619,0.09484288519358246,0.48924463250466294,0.04881522688669131,0.04640137251221619,0.9505512003441448,0.0024138543744751176,10000,0.04319975454003567,0.04965859302047017,10000,10000,16,200,held_out_environment_trajectory_fixed_probe
variant_3_quarter,20260909T113037Z-a43b263e,3,quarter,initial,0,0,initial_checkpoint,experiments/gol_reward_state_action_symmetry_cycle_1/variant_3_quarter/results/20260909T113037Z-a43b263e/checkpoint_probes/steps_000000000/probe_initial_checkpoint.json,m1_minus_m2,post_final_layer_norm,saved,-0.030940945052834845,0.5004160068135906,0.4853973539560451,1.0309409450528348,0.47308421388581173,0.5004160068135906,1.0577736312596047,-0.02733179292777882,10000,0.43820514838152586,0.5607288914631234,10000,10000,16,200,held_out_environment_trajectory_fixed_probe
variant_3_quarter,20260909T113037Z-a43b263e,3,quarter,initial,0,0,initial_checkpoint,experiments/gol_reward_state_action_symmetry_cycle_1/variant_3_quarter/results/20260909T113037Z-a43b263e/checkpoint_probes/steps_000000000/probe_initial_checkpoint.json,e_minus_s,post_final_layer_norm,saved,0.00950376462232505,0.14906554584041723,0.15049582271615472,0.990496235377675,0.1495723253707868,0.14906554584041723,0.9966118095101265,0.0005067795303695666,10000,0.13772272490192475,0.160636061775301,10000,10000,16,200,held_out_environment_trajectory_fixed_probe
variant_3_quarter,20260909T113037Z-a43b263e,3,quarter,initial,0,0,initial_checkpoint,experiments/gol_reward_state_action_symmetry_cycle_1/variant_3_quarter/results/20260909T113037Z-a43b263e/checkpoint_probes/steps_000000000/probe_initial_checkpoint.json,fine_belief,categorical_plus_marginals,saved,0.8377169705928147,0.018559786081056247,0.11436677112113666,0.16228302940718525,0.0897753204028549,0.018559786081056247,0.2067359492316113,0.07121553432179864,10000,,,10000,10000,,,
variant_3_quarter,20260909T113037Z-a43b263e,3,quarter,initial,0,0,initial_checkpoint,experiments/gol_reward_state_action_symmetry_cycle_1/variant_3_quarter/results/20260909T113037Z-a43b263e/checkpoint_probes/steps_000000000/probe_initial_checkpoint.json,coarse_belief,categorical_plus_marginals,saved,0.7390802547718913,0.02474638144140829,0.09484288519358246,0.2609197452281086,0.04881522688669131,0.02474638144140829,0.5069398017722826,0.024068845445283017,10000,,,10000,10000,,,
variant_3_quarter,20260909T113037Z-a43b263e,3,quarter,initial,0,0,initial_checkpoint,experiments/gol_reward_state_action_symmetry_cycle_1/variant_3_quarter/results/20260909T113037Z-a43b263e/checkpoint_probes/steps_000000000/probe_initial_checkpoint.json,m1_minus_m2,categorical_plus_marginals,saved,0.9999999999999996,2.3514851293994453e-16,0.4853973539560451,4.84445395145764e-16,0.47308421388581173,2.3514851293994453e-16,4.970542369369829e-16,0.4730842138858115,10000,,,10000,10000,,,
variant_3_quarter,20260909T113037Z-a43b263e,3,quarter,initial,0,0,initial_checkpoint,experiments/gol_reward_state_action_symmetry_cycle_1/variant_3_quarter/results/20260909T113037Z-a43b263e/checkpoint_probes/steps_000000000/probe_initial_checkpoint.json,e_minus_s,categorical_plus_marginals,saved,0.013405914073177927,0.14847828864844972,0.15049582271615472,0.9865940859268221,0.1495723253707868,0.14847828864844972,0.9926855672021881,0.0010940367223370717,10000,,,10000,10000,,,
variant_3_quarter,20260909T113037Z-a43b263e,3,quarter,initial,0,0,initial_checkpoint,experiments/gol_reward_state_action_symmetry_cycle_1/variant_3_quarter/results/20260909T113037Z-a43b263e/checkpoint_probes/steps_000000000/probe_initial_checkpoint.json,fine_belief,combined_marginals,saved,0.8363366385425143,0.01871765020072413,0.11436677112113666,0.16366336145748572,0.0897753204028549,0.01871765020072413,0.20849438483461988,0.07105767020213076,10000,,,10000,10000,,,
variant_3_quarter,20260909T113037Z-a43b263e,3,quarter,initial,0,0,initial_checkpoint,experiments/gol_reward_state_action_symmetry_cycle_1/variant_3_quarter/results/20260909T113037Z-a43b263e/checkpoint_probes/steps_000000000/probe_initial_checkpoint.json,coarse_belief,combined_marginals,saved,0.736860947625542,0.0249568669342988,0.09484288519358246,0.26313905237445795,0.04881522688669131,0.0249568669342988,0.5112516836647725,0.023858359952392508,10000,,,10000,10000,,,
variant_3_quarter,20260909T113037Z-a43b263e,3,quarter,initial,0,0,initial_checkpoint,experiments/gol_reward_state_action_symmetry_cycle_1/variant_3_quarter/results/20260909T113037Z-a43b263e/checkpoint_probes/steps_000000000/probe_initial_checkpoint.json,m1_minus_m2,combined_marginals,saved,0.9999999999999996,2.3387876442256737e-16,0.4853973539560451,4.818295001330933e-16,0.47308421388581173,2.3387876442256737e-16,4.943702570448031e-16,0.4730842138858115,10000,,,10000,10000,,,
variant_3_quarter,20260909T113037Z-a43b263e,3,quarter,initial,0,0,initial_checkpoint,experiments/gol_reward_state_action_symmetry_cycle_1/variant_3_quarter/results/20260909T113037Z-a43b263e/checkpoint_probes/steps_000000000/probe_initial_checkpoint.json,e_minus_s,combined_marginals,saved,0.005014232931801477,0.14974120160579282,0.15049582271615472,0.9949857670681985,0.1495723253707868,0.14974120160579282,1.0011290607041603,-0.0001688762350060269,10000,,,10000,10000,,,
variant_3_quarter,20260909T113037Z-a43b263e,3,quarter,initial,0,0,initial_checkpoint,experiments/gol_reward_state_action_symmetry_cycle_1/variant_3_quarter/results/20260909T113037Z-a43b263e/checkpoint_probes/steps_000000000/probe_initial_checkpoint.json,fine_belief,next_reward,saved,0.836336638534023,0.01871765020169526,0.11436677112113666,0.1636633614659771,0.0897753204028549,0.01871765020169526,0.20849438484543723,0.07105767020115963,10000,,,10000,10000,,,
variant_3_quarter,20260909T113037Z-a43b263e,3,quarter,initial,0,0,initial_checkpoint,experiments/gol_reward_state_action_symmetry_cycle_1/variant_3_quarter/results/20260909T113037Z-a43b263e/checkpoint_probes/steps_000000000/probe_initial_checkpoint.json,coarse_belief,next_reward,saved,0.7368609476118928,0.02495686693559333,0.09484288519358246,0.2631390523881072,0.04881522688669131,0.02495686693559333,0.5112516836912915,0.023858359951097977,10000,,,10000,10000,,,
variant_3_quarter,20260909T113037Z-a43b263e,3,quarter,initial,0,0,initial_checkpoint,experiments/gol_reward_state_action_symmetry_cycle_1/variant_3_quarter/results/20260909T113037Z-a43b263e/checkpoint_probes/steps_000000000/probe_initial_checkpoint.json,m1_minus_m2,next_reward,saved,0.9999999999999957,2.1049086555161682e-15,0.4853973539560451,4.336465039129111e-15,0.47308421388581173,2.1049086555161682e-15,4.449331839308064e-15,0.4730842138858096,10000,,,10000,10000,,,
variant_3_quarter,20260909T113037Z-a43b263e,3,quarter,initial,0,0,initial_checkpoint,experiments/gol_reward_state_action_symmetry_cycle_1/variant_3_quarter/results/20260909T113037Z-a43b263e/checkpoint_probes/steps_000000000/probe_initial_checkpoint.json,e_minus_s,next_reward,saved,0.005014232880191205,0.14974120161355994,0.15049582271615472,0.9949857671198088,0.1495723253707868,0.14974120161355994,1.0011290607560892,-0.00016887624277314717,10000,,,10000,10000,,,
variant_3_quarter,20260909T113037Z-a43b263e,3,quarter,initial,0,0,initial_checkpoint,experiments/gol_reward_state_action_symmetry_cycle_1/variant_3_quarter/results/20260909T113037Z-a43b263e/checkpoint_probes/steps_000000000/probe_initial_checkpoint.json,fine_belief,next_token,saved,0.8363366385403642,0.018717650200970024,0.11436677112113666,0.16366336145963578,0.0897753204028549,0.018717650200970024,0.20849438483735888,0.07105767020188487,10000,,,10000,10000,,,
variant_3_quarter,20260909T113037Z-a43b263e,3,quarter,initial,0,0,initial_checkpoint,experiments/gol_reward_state_action_symmetry_cycle_1/variant_3_quarter/results/20260909T113037Z-a43b263e/checkpoint_probes/steps_000000000/probe_initial_checkpoint.json,coarse_belief,next_token,saved,0.7368609476220858,0.02495686693462661,0.09484288519358246,0.26313905237791435,0.04881522688669131,0.02495686693462661,0.5112516836714878,0.023858359952064697,10000,,,10000,10000,,,
variant_3_quarter,20260909T113037Z-a43b263e,3,quarter,initial,0,0,initial_checkpoint,experiments/gol_reward_state_action_symmetry_cycle_1/variant_3_quarter/results/20260909T113037Z-a43b263e/checkpoint_probes/steps_000000000/probe_initial_checkpoint.json,m1_minus_m2,next_token,saved,0.9999999999999989,5.262273256697913e-16,0.4853973539560451,1.0841165930983701e-15,0.47308421388581173,5.262273256697913e-16,1.112333301818451e-15,0.47308421388581123,10000,,,10000,10000,,,
variant_3_quarter,20260909T113037Z-a43b263e,3,quarter,initial,0,0,initial_checkpoint,experiments/gol_reward_state_action_symmetry_cycle_1/variant_3_quarter/results/20260909T113037Z-a43b263e/checkpoint_probes/steps_000000000/probe_initial_checkpoint.json,e_minus_s,next_token,saved,0.005014232918732486,0.14974120160775964,0.15049582271615472,0.9949857670812674,0.1495723253707868,0.14974120160775964,1.0011290607173098,-0.00016887623697284249,10000,,,10000,10000,,,
variant_3_quarter,20260909T113037Z-a43b263e,3,quarter,initial,0,0,initial_checkpoint,experiments/gol_reward_state_action_symmetry_cycle_1/variant_3_quarter/results/20260909T113037Z-a43b263e/checkpoint_probes/steps_000000000/probe_initial_checkpoint.json,fine_belief,previous_action_latest_token,saved,0.2091282303973071,0.09044945066031951,0.11436677112113666,0.7908717696026929,0.0897753204028549,0.09044945066031951,1.0075090821668977,-0.0006741302574646141,10000,,,10000,10000,,,
variant_3_quarter,20260909T113037Z-a43b263e,3,quarter,initial,0,0,initial_checkpoint,experiments/gol_reward_state_action_symmetry_cycle_1/variant_3_quarter/results/20260909T113037Z-a43b263e/checkpoint_probes/steps_000000000/probe_initial_checkpoint.json,coarse_belief,previous_action_latest_token,saved,0.4845650228648979,0.04888534036118129,0.09484288519358246,0.5154349771351021,0.04881522688669131,0.04888534036118129,1.0014363033619147,-7.011347448998562e-05,10000,,,10000,10000,,,
variant_3_quarter,20260909T113037Z-a43b263e,3,quarter,initial,0,0,initial_checkpoint,experiments/gol_reward_state_action_symmetry_cycle_1/variant_3_quarter/results/20260909T113037Z-a43b263e/checkpoint_probes/steps_000000000/probe_initial_checkpoint.json,m1_minus_m2,previous_action_latest_token,saved,0.014971644088702107,0.47813015753101745,0.4853973539560451,0.9850283559112979,0.47308421388581173,0.47813015753101745,1.0106660579598703,-0.005045943645205719,10000,,,10000,10000,,,
variant_3_quarter,20260909T113037Z-a43b263e,3,quarter,initial,0,0,initial_checkpoint,experiments/gol_reward_state_action_symmetry_cycle_1/variant_3_quarter/results/20260909T113037Z-a43b263e/checkpoint_probes/steps_000000000/probe_initial_checkpoint.json,e_minus_s,previous_action_latest_token,saved,0.004807866309216258,0.14977225892043994,0.15049582271615472,0.9951921336907837,0.1495723253707868,0.14977225892043994,1.001336701486438,-0.0001999335496531418,10000,,,10000,10000,,,
variant_3_quarter,20260909T113037Z-a43b263e,3,quarter,initial,0,0,initial_checkpoint,experiments/gol_reward_state_action_symmetry_cycle_1/variant_3_quarter/results/20260909T113037Z-a43b263e/checkpoint_probes/steps_000000000/probe_initial_checkpoint.json,fine_belief,shuffled_history_broken_alignment,saved,-0.05076988339766908,0.12017315875552467,0.11436677112113666,1.050769883397669,0.0897753204028549,0.12017315875552467,1.3385990516799438,-0.03039783835266978,10000,,,10000,10000,,,
variant_3_quarter,20260909T113037Z-a43b263e,3,quarter,initial,0,0,initial_checkpoint,experiments/gol_reward_state_action_symmetry_cycle_1/variant_3_quarter/results/20260909T113037Z-a43b263e/checkpoint_probes/steps_000000000/probe_initial_checkpoint.json,coarse_belief,shuffled_history_broken_alignment,saved,-0.020843969141956853,0.09681978736589164,0.09484288519358246,1.0208439691419569,0.04881522688669131,0.09681978736589164,1.9833931652233703,-0.048004560479200334,10000,,,10000,10000,,,
variant_3_quarter,20260909T113037Z-a43b263e,3,quarter,initial,0,0,initial_checkpoint,experiments/gol_reward_state_action_symmetry_cycle_1/variant_3_quarter/results/20260909T113037Z-a43b263e/checkpoint_probes/steps_000000000/probe_initial_checkpoint.json,m1_minus_m2,shuffled_history_broken_alignment,saved,-0.07839431870645996,0.5234497488213476,0.4853973539560451,1.07839431870646,0.47308421388581173,0.5234497488213476,1.10646209164716,-0.050365534935535916,10000,,,10000,10000,,,
variant_3_quarter,20260909T113037Z-a43b263e,3,quarter,initial,0,0,initial_checkpoint,experiments/gol_reward_state_action_symmetry_cycle_1/variant_3_quarter/results/20260909T113037Z-a43b263e/checkpoint_probes/steps_000000000/probe_initial_checkpoint.json,e_minus_s,shuffled_history_broken_alignment,saved,-0.00978959106701649,0.1519691152778401,0.15049582271615472,1.0097895910670165,0.1495723253707868,0.1519691152778401,1.0160242872544216,-0.002396789907053304,10000,,,10000,10000,,,
variant_3_quarter,20260909T113037Z-a43b263e,3,quarter,initial,0,0,initial_checkpoint,experiments/gol_reward_state_action_symmetry_cycle_1/variant_3_quarter/results/20260909T113037Z-a43b263e/checkpoint_probes/steps_000000000/probe_initial_checkpoint.json,fine_belief,single_permuted_training_labels,saved,-0.023696640696165616,0.11707687940397483,0.11436677112113666,1.0236966406961654,0.0897753204028549,0.11707687940397483,1.3041098475461608,-0.02730155900111994,10000,,,10000,10000,,,
variant_3_quarter,20260909T113037Z-a43b263e,3,quarter,initial,0,0,initial_checkpoint,experiments/gol_reward_state_action_symmetry_cycle_1/variant_3_quarter/results/20260909T113037Z-a43b263e/checkpoint_probes/steps_000000000/probe_initial_checkpoint.json,coarse_belief,single_permuted_training_labels,saved,-0.014982176804739566,0.09626383806822432,0.09484288519358246,1.0149821768047396,0.04881522688669131,0.09626383806822432,1.972004315204138,-0.04744861118153301,10000,,,10000,10000,,,
variant_3_quarter,20260909T113037Z-a43b263e,3,quarter,initial,0,0,initial_checkpoint,experiments/gol_reward_state_action_symmetry_cycle_1/variant_3_quarter/results/20260909T113037Z-a43b263e/checkpoint_probes/steps_000000000/probe_initial_checkpoint.json,m1_minus_m2,single_permuted_training_labels,saved,-0.03163090476752428,0.5007509114334371,0.4853973539560451,1.0316309047675243,0.47308421388581173,0.5007509114334371,1.0584815488142736,-0.027666697547625352,10000,,,10000,10000,,,
variant_3_quarter,20260909T113037Z-a43b263e,3,quarter,initial,0,0,initial_checkpoint,experiments/gol_reward_state_action_symmetry_cycle_1/variant_3_quarter/results/20260909T113037Z-a43b263e/checkpoint_probes/steps_000000000/probe_initial_checkpoint.json,e_minus_s,single_permuted_training_labels,saved,-0.012827544481927688,0.1524263145763905,0.15049582271615472,1.0128275444819277,0.1495723253707868,0.1524263145763905,1.0190809977616428,-0.002853989205603702,10000,,,10000,10000,,,
variant_3_quarter,20260909T113037Z-a43b263e,3,quarter,initial,0,0,initial_checkpoint,experiments/gol_reward_state_action_symmetry_cycle_1/variant_3_quarter/results/20260909T113037Z-a43b263e/checkpoint_probes/steps_000000000/probe_initial_checkpoint.json,fine_belief,log_next_token,not_fitted_or_saved,,,,,,,,,,,,,,,,
variant_3_quarter,20260909T113037Z-a43b263e,3,quarter,initial,0,0,initial_checkpoint,experiments/gol_reward_state_action_symmetry_cycle_1/variant_3_quarter/results/20260909T113037Z-a43b263e/checkpoint_probes/steps_000000000/probe_initial_checkpoint.json,coarse_belief,log_next_token,not_fitted_or_saved,,,,,,,,,,,,,,,,
variant_3_quarter,20260909T113037Z-a43b263e,3,quarter,initial,0,0,initial_checkpoint,experiments/gol_reward_state_action_symmetry_cycle_1/variant_3_quarter/results/20260909T113037Z-a43b263e/checkpoint_probes/steps_000000000/probe_initial_checkpoint.json,m1_minus_m2,log_next_token,not_fitted_or_saved,,,,,,,,,,,,,,,,
variant_3_quarter,20260909T113037Z-a43b263e,3,quarter,initial,0,0,initial_checkpoint,experiments/gol_reward_state_action_symmetry_cycle_1/variant_3_quarter/results/20260909T113037Z-a43b263e/checkpoint_probes/steps_000000000/probe_initial_checkpoint.json,e_minus_s,log_next_token,not_fitted_or_saved,,,,,,,,,,,,,,,,
variant_3_quarter,20260909T113037Z-a43b263e,3,quarter,final,2524368,77,checkpoint_000000,experiments/gol_reward_state_action_symmetry_cycle_1/variant_3_quarter/results/20260909T113037Z-a43b263e/checkpoint_probes/steps_002524368/probe_checkpoint_000000.json,fine_belief,post_final_layer_norm,saved,0.23490683430317794,0.09393570981740489,0.122776825135866,0.7650931656968222,0.0970951422358105,0.09393570981740489,0.9674604481166272,0.0031594324184056194,10000,0.08615226231533264,0.10130194430325519,10000,10000,16,200,held_out_environment_trajectory_fixed_probe
variant_3_quarter,20260909T113037Z-a43b263e,3,quarter,final,2524368,77,checkpoint_000000,experiments/gol_reward_state_action_symmetry_cycle_1/variant_3_quarter/results/20260909T113037Z-a43b263e/checkpoint_probes/steps_002524368/probe_checkpoint_000000.json,coarse_belief,post_final_layer_norm,saved,0.5528798818499084,0.05652388677831418,0.12641767722771077,0.44712011815009156,0.07547899561150098,0.05652388677831418,0.7488690902731282,0.018955108833186803,10000,0.054110342791667904,0.059825436420320816,10000,10000,16,200,held_out_environment_trajectory_fixed_probe
variant_3_quarter,20260909T113037Z-a43b263e,3,quarter,final,2524368,77,checkpoint_000000,experiments/gol_reward_state_action_symmetry_cycle_1/variant_3_quarter/results/20260909T113037Z-a43b263e/checkpoint_probes/steps_002524368/probe_checkpoint_000000.json,m1_minus_m2,post_final_layer_norm,saved,-0.12321596884157837,0.4522025031250149,0.4025962198448719,1.1232159688415784,0.4012679722269221,0.4522025031250149,1.1269339554199174,-0.0509345308980928,10000,0.3946775993006304,0.5045387912135186,10000,10000,16,200,held_out_environment_trajectory_fixed_probe
variant_3_quarter,20260909T113037Z-a43b263e,3,quarter,final,2524368,77,checkpoint_000000,experiments/gol_reward_state_action_symmetry_cycle_1/variant_3_quarter/results/20260909T113037Z-a43b263e/checkpoint_probes/steps_002524368/probe_checkpoint_000000.json,e_minus_s,post_final_layer_norm,saved,0.010278133256729993,0.21956288490290357,0.22184301699363923,0.9897218667432699,0.2207315496406738,0.21956288490290357,0.9947054929860608,0.0011686647377702197,10000,0.21021161032302774,0.23058010174290816,10000,10000,16,200,held_out_environment_trajectory_fixed_probe
variant_3_quarter,20260909T113037Z-a43b263e,3,quarter,final,2524368,77,checkpoint_000000,experiments/gol_reward_state_action_symmetry_cycle_1/variant_3_quarter/results/20260909T113037Z-a43b263e/checkpoint_probes/steps_002524368/probe_checkpoint_000000.json,fine_belief,categorical_plus_marginals,saved,0.7770117405597357,0.027377790536648457,0.122776825135866,0.22298825944026435,0.0970951422358105,0.027377790536648457,0.28196869489265775,0.06971735169916204,10000,,,10000,10000,,,
variant_3_quarter,20260909T113037Z-a43b263e,3,quarter,final,2524368,77,checkpoint_000000,experiments/gol_reward_state_action_symmetry_cycle_1/variant_3_quarter/results/20260909T113037Z-a43b263e/checkpoint_probes/steps_002524368/probe_checkpoint_000000.json,coarse_belief,categorical_plus_marginals,saved,0.7112451239728237,0.03650372071553122,0.12641767722771077,0.28875487602717637,0.07547899561150098,0.03650372071553122,0.48362753663840524,0.03897527489596976,10000,,,10000,10000,,,
variant_3_quarter,20260909T113037Z-a43b263e,3,quarter,final,2524368,77,checkpoint_000000,experiments/gol_reward_state_action_symmetry_cycle_1/variant_3_quarter/results/20260909T113037Z-a43b263e/checkpoint_probes/steps_002524368/probe_checkpoint_000000.json,m1_minus_m2,categorical_plus_marginals,saved,0.9999999999999992,3.1929555878347777e-16,0.4025962198448719,7.930912985385419e-16,0.4012679722269221,3.1929555878347777e-16,7.957165308047862e-16,0.4012679722269218,10000,,,10000,10000,,,
variant_3_quarter,20260909T113037Z-a43b263e,3,quarter,final,2524368,77,checkpoint_000000,experiments/gol_reward_state_action_symmetry_cycle_1/variant_3_quarter/results/20260909T113037Z-a43b263e/checkpoint_probes/steps_002524368/probe_checkpoint_000000.json,e_minus_s,categorical_plus_marginals,saved,0.012714814009821995,0.21902232429318733,0.22184301699363923,0.987285185990178,0.2207315496406738,0.21902232429318733,0.9922565426180857,0.001709225347486465,10000,,,10000,10000,,,
variant_3_quarter,20260909T113037Z-a43b263e,3,quarter,final,2524368,77,checkpoint_000000,experiments/gol_reward_state_action_symmetry_cycle_1/variant_3_quarter/results/20260909T113037Z-a43b263e/checkpoint_probes/steps_002524368/probe_checkpoint_000000.json,fine_belief,combined_marginals,saved,0.7764087503602233,0.02745182375893263,0.122776825135866,0.22359124963977672,0.0970951422358105,0.02745182375893263,0.28273117611035214,0.06964331847687788,10000,,,10000,10000,,,
variant_3_quarter,20260909T113037Z-a43b263e,3,quarter,final,2524368,77,checkpoint_000000,experiments/gol_reward_state_action_symmetry_cycle_1/variant_3_quarter/results/20260909T113037Z-a43b263e/checkpoint_probes/steps_002524368/probe_checkpoint_000000.json,coarse_belief,combined_marginals,saved,0.7104642920099979,0.03660243167857679,0.12641767722771077,0.289535707990002,0.07547899561150098,0.03660243167857679,0.48493533044575327,0.03887656393292419,10000,,,10000,10000,,,
variant_3_quarter,20260909T113037Z-a43b263e,3,quarter,final,2524368,77,checkpoint_000000,experiments/gol_reward_state_action_symmetry_cycle_1/variant_3_quarter/results/20260909T113037Z-a43b263e/checkpoint_probes/steps_002524368/probe_checkpoint_000000.json,m1_minus_m2,combined_marginals,saved,0.9999999999999992,3.1548648741631667e-16,0.4025962198448719,7.836300289602314e-16,0.4012679722269221,3.1548648741631667e-16,7.862239432303983e-16,0.4012679722269218,10000,,,10000,10000,,,
variant_3_quarter,20260909T113037Z-a43b263e,3,quarter,final,2524368,77,checkpoint_000000,experiments/gol_reward_state_action_symmetry_cycle_1/variant_3_quarter/results/20260909T113037Z-a43b263e/checkpoint_probes/steps_002524368/probe_checkpoint_000000.json,e_minus_s,combined_marginals,saved,0.010045062280425121,0.21961459007146072,0.22184301699363923,0.9899549377195749,0.2207315496406738,0.21961459007146072,0.9949397375634278,0.0011169595692130663,10000,,,10000,10000,,,
variant_3_quarter,20260909T113037Z-a43b263e,3,quarter,final,2524368,77,checkpoint_000000,experiments/gol_reward_state_action_symmetry_cycle_1/variant_3_quarter/results/20260909T113037Z-a43b263e/checkpoint_probes/steps_002524368/probe_checkpoint_000000.json,fine_belief,next_reward,saved,0.7764087503400372,0.027451823761411014,0.122776825135866,0.22359124965996283,0.0970951422358105,0.027451823761411014,0.28273117613587745,0.06964331847439949,10000,,,10000,10000,,,
variant_3_quarter,20260909T113037Z-a43b263e,3,quarter,final,2524368,77,checkpoint_000000,experiments/gol_reward_state_action_symmetry_cycle_1/variant_3_quarter/results/20260909T113037Z-a43b263e/checkpoint_probes/steps_002524368/probe_checkpoint_000000.json,coarse_belief,next_reward,saved,0.7104642919838617,0.03660243168188088,0.12641767722771077,0.2895357080161383,0.07547899561150098,0.03660243168188088,0.48493533048952825,0.0388765639296201,10000,,,10000,10000,,,
variant_3_quarter,20260909T113037Z-a43b263e,3,quarter,final,2524368,77,checkpoint_000000,experiments/gol_reward_state_action_symmetry_cycle_1/variant_3_quarter/results/20260909T113037Z-a43b263e/checkpoint_probes/steps_002524368/probe_checkpoint_000000.json,m1_minus_m2,next_reward,saved,0.9999999999999929,2.8393780148281486e-15,0.4025962198448719,7.0526693368413035e-15,0.4012679722269221,2.8393780148281486e-15,7.076014562214909e-15,0.4012679722269193,10000,,,10000,10000,,,
variant_3_quarter,20260909T113037Z-a43b263e,3,quarter,final,2524368,77,checkpoint_000000,experiments/gol_reward_state_action_symmetry_cycle_1/variant_3_quarter/results/20260909T113037Z-a43b263e/checkpoint_probes/steps_002524368/probe_checkpoint_000000.json,e_minus_s,next_reward,saved,0.010045062191062049,0.2196145900912853,0.22184301699363923,0.9899549378089381,0.2207315496406738,0.2196145900912853,0.994939737653241,0.0011169595493884799,10000,,,10000,10000,,,
variant_3_quarter,20260909T113037Z-a43b263e,3,quarter,final,2524368,77,checkpoint_000000,experiments/gol_reward_state_action_symmetry_cycle_1/variant_3_quarter/results/20260909T113037Z-a43b263e/checkpoint_probes/steps_002524368/probe_checkpoint_000000.json,fine_belief,next_token,saved,0.7764087503551409,0.027451823759556633,0.122776825135866,0.22359124964485913,0.0970951422358105,0.027451823759556633,0.28273117611677884,0.06964331847625388,10000,,,10000,10000,,,
variant_3_quarter,20260909T113037Z-a43b263e,3,quarter,final,2524368,77,checkpoint_000000,experiments/gol_reward_state_action_symmetry_cycle_1/variant_3_quarter/results/20260909T113037Z-a43b263e/checkpoint_probes/steps_002524368/probe_checkpoint_000000.json,coarse_belief,next_token,saved,0.7104642920034172,0.03660243167940873,0.12641767722771077,0.28953570799658285,0.07547899561150098,0.03660243167940873,0.4849353304567754,0.038876563932092253,10000,,,10000,10000,,,
variant_3_quarter,20260909T113037Z-a43b263e,3,quarter,final,2524368,77,checkpoint_000000,experiments/gol_reward_state_action_symmetry_cycle_1/variant_3_quarter/results/20260909T113037Z-a43b263e/checkpoint_probes/steps_002524368/probe_checkpoint_000000.json,m1_minus_m2,next_token,saved,0.9999999999999982,7.098445897148863e-16,0.4025962198448719,1.7631675478433531e-15,0.4012679722269221,7.098445897148863e-16,1.7690038548939067e-15,0.4012679722269214,10000,,,10000,10000,,,
variant_3_quarter,20260909T113037Z-a43b263e,3,quarter,final,2524368,77,checkpoint_000000,experiments/gol_reward_state_action_symmetry_cycle_1/variant_3_quarter/results/20260909T113037Z-a43b263e/checkpoint_probes/steps_002524368/probe_checkpoint_000000.json,e_minus_s,next_token,saved,0.01004506225792412,0.2196145900764524,0.22184301699363923,0.9899549377420759,0.2207315496406738,0.2196145900764524,0.994939737586042,0.0011169595642213925,10000,,,10000,10000,,,
variant_3_quarter,20260909T113037Z-a43b263e,3,quarter,final,2524368,77,checkpoint_000000,experiments/gol_reward_state_action_symmetry_cycle_1/variant_3_quarter/results/20260909T113037Z-a43b263e/checkpoint_probes/steps_002524368/probe_checkpoint_000000.json,fine_belief,previous_action_latest_token,saved,0.2075935475967633,0.09728914844324413,0.122776825135866,0.7924064524032367,0.0970951422358105,0.09728914844324413,1.0019981041581096,-0.0001940062074336224,10000,,,10000,10000,,,
variant_3_quarter,20260909T113037Z-a43b263e,3,quarter,final,2524368,77,checkpoint_000000,experiments/gol_reward_state_action_symmetry_cycle_1/variant_3_quarter/results/20260909T113037Z-a43b263e/checkpoint_probes/steps_002524368/probe_checkpoint_000000.json,coarse_belief,previous_action_latest_token,saved,0.4012731609689857,0.0756896562841903,0.12641767722771077,0.5987268390310142,0.07547899561150098,0.0756896562841903,1.002790984047716,-0.00021066067268932231,10000,,,10000,10000,,,
variant_3_quarter,20260909T113037Z-a43b263e,3,quarter,final,2524368,77,checkpoint_000000,experiments/gol_reward_state_action_symmetry_cycle_1/variant_3_quarter/results/20260909T113037Z-a43b263e/checkpoint_probes/steps_002524368/probe_checkpoint_000000.json,m1_minus_m2,previous_action_latest_token,saved,0.0017974858785009262,0.4018725588249629,0.4025962198448719,0.9982025141214991,0.4012679722269221,0.4018725588249629,1.0015066903911756,-0.0006045865980408016,10000,,,10000,10000,,,
variant_3_quarter,20260909T113037Z-a43b263e,3,quarter,final,2524368,77,checkpoint_000000,experiments/gol_reward_state_action_symmetry_cycle_1/variant_3_quarter/results/20260909T113037Z-a43b263e/checkpoint_probes/steps_002524368/probe_checkpoint_000000.json,e_minus_s,previous_action_latest_token,saved,0.003592658681592864,0.2210460107526863,0.22184301699363923,0.9964073413184071,0.2207315496406738,0.2210460107526863,1.0014246314698756,-0.0003144611120124985,10000,,,10000,10000,,,
variant_3_quarter,20260909T113037Z-a43b263e,3,quarter,final,2524368,77,checkpoint_000000,experiments/gol_reward_state_action_symmetry_cycle_1/variant_3_quarter/results/20260909T113037Z-a43b263e/checkpoint_probes/steps_002524368/probe_checkpoint_000000.json,fine_belief,shuffled_history_broken_alignment,saved,-0.03414438540782894,0.12696896437245464,0.122776825135866,1.034144385407829,0.0970951422358105,0.12696896437245464,1.307675764706034,-0.029873822136644135,10000,,,10000,10000,,,
variant_3_quarter,20260909T113037Z-a43b263e,3,quarter,final,2524368,77,checkpoint_000000,experiments/gol_reward_state_action_symmetry_cycle_1/variant_3_quarter/results/20260909T113037Z-a43b263e/checkpoint_probes/steps_002524368/probe_checkpoint_000000.json,coarse_belief,shuffled_history_broken_alignment,saved,-0.022414435958760137,0.1292512581579865,0.12641767722771077,1.0224144359587601,0.07547899561150098,0.1292512581579865,1.7124135941508483,-0.05377226254648551,10000,,,10000,10000,,,
variant_3_quarter,20260909T113037Z-a43b263e,3,quarter,final,2524368,77,checkpoint_000000,experiments/gol_reward_state_action_symmetry_cycle_1/variant_3_quarter/results/20260909T113037Z-a43b263e/checkpoint_probes/steps_002524368/probe_checkpoint_000000.json,m1_minus_m2,shuffled_history_broken_alignment,saved,-0.054412000241895964,0.4245022854564575,0.4025962198448719,1.054412000241896,0.4012679722269221,0.4245022854564575,1.057902237002848,-0.023234313229535397,10000,,,10000,10000,,,
variant_3_quarter,20260909T113037Z-a43b263e,3,quarter,final,2524368,77,checkpoint_000000,experiments/gol_reward_state_action_symmetry_cycle_1/variant_3_quarter/results/20260909T113037Z-a43b263e/checkpoint_probes/steps_002524368/probe_checkpoint_000000.json,e_minus_s,shuffled_history_broken_alignment,saved,-0.004012628804487495,0.2227331906737023,0.22184301699363923,1.0040126288044875,0.2207315496406738,0.2227331906737023,1.0090682144726795,-0.002001641033028523,10000,,,10000,10000,,,
variant_3_quarter,20260909T113037Z-a43b263e,3,quarter,final,2524368,77,checkpoint_000000,experiments/gol_reward_state_action_symmetry_cycle_1/variant_3_quarter/results/20260909T113037Z-a43b263e/checkpoint_probes/steps_002524368/probe_checkpoint_000000.json,fine_belief,single_permuted_training_labels,saved,-0.021855352333677525,0.12546015590762066,0.122776825135866,1.0218553523336775,0.0970951422358105,0.12546015590762066,1.292136280133576,-0.028365013671810158,10000,,,10000,10000,,,
variant_3_quarter,20260909T113037Z-a43b263e,3,quarter,final,2524368,77,checkpoint_000000,experiments/gol_reward_state_action_symmetry_cycle_1/variant_3_quarter/results/20260909T113037Z-a43b263e/checkpoint_probes/steps_002524368/probe_checkpoint_000000.json,coarse_belief,single_permuted_training_labels,saved,-0.03136535906823901,0.13038281306653066,0.12641767722771077,1.031365359068239,0.07547899561150098,0.13038281306653066,1.7274052471183625,-0.054903817455029674,10000,,,10000,10000,,,
variant_3_quarter,20260909T113037Z-a43b263e,3,quarter,final,2524368,77,checkpoint_000000,experiments/gol_reward_state_action_symmetry_cycle_1/variant_3_quarter/results/20260909T113037Z-a43b263e/checkpoint_probes/steps_002524368/probe_checkpoint_000000.json,m1_minus_m2,single_permuted_training_labels,saved,-0.011236752321242216,0.4071200938527372,0.4025962198448719,1.0112367523212422,0.4012679722269221,0.4071200938527372,1.0145840735639515,-0.005852121625815054,10000,,,10000,10000,,,
variant_3_quarter,20260909T113037Z-a43b263e,3,quarter,final,2524368,77,checkpoint_000000,experiments/gol_reward_state_action_symmetry_cycle_1/variant_3_quarter/results/20260909T113037Z-a43b263e/checkpoint_probes/steps_002524368/probe_checkpoint_000000.json,e_minus_s,single_permuted_training_labels,saved,-0.014635062562150525,0.22508970342631737,0.22184301699363923,1.0146350625621505,0.2207315496406738,0.22508970342631737,1.019744136226734,-0.0043581537856435815,10000,,,10000,10000,,,
variant_3_quarter,20260909T113037Z-a43b263e,3,quarter,final,2524368,77,checkpoint_000000,experiments/gol_reward_state_action_symmetry_cycle_1/variant_3_quarter/results/20260909T113037Z-a43b263e/checkpoint_probes/steps_002524368/probe_checkpoint_000000.json,fine_belief,log_next_token,not_fitted_or_saved,,,,,,,,,,,,,,,,
variant_3_quarter,20260909T113037Z-a43b263e,3,quarter,final,2524368,77,checkpoint_000000,experiments/gol_reward_state_action_symmetry_cycle_1/variant_3_quarter/results/20260909T113037Z-a43b263e/checkpoint_probes/steps_002524368/probe_checkpoint_000000.json,coarse_belief,log_next_token,not_fitted_or_saved,,,,,,,,,,,,,,,,
variant_3_quarter,20260909T113037Z-a43b263e,3,quarter,final,2524368,77,checkpoint_000000,experiments/gol_reward_state_action_symmetry_cycle_1/variant_3_quarter/results/20260909T113037Z-a43b263e/checkpoint_probes/steps_002524368/probe_checkpoint_000000.json,m1_minus_m2,log_next_token,not_fitted_or_saved,,,,,,,,,,,,,,,,
variant_3_quarter,20260909T113037Z-a43b263e,3,quarter,final,2524368,77,checkpoint_000000,experiments/gol_reward_state_action_symmetry_cycle_1/variant_3_quarter/results/20260909T113037Z-a43b263e/checkpoint_probes/steps_002524368/probe_checkpoint_000000.json,e_minus_s,log_next_token,not_fitted_or_saved,,,,,,,,,,,,,,,,
