run_id,seed,update,env_steps,distribution,rock,R2_all,R2_informed,sample_fraction,prior_at_end,n_informative_checks,update_R2,target_change,decoded_change
20261002T182024Z-ad0c3a34,0,0,0,on_policy,0,0.08257140634404903,0.09553197363580812,0.123046875,0.248046875,345,0.27581485281522145,0.22005322520529358,0.17195478453493288
20261002T182024Z-ad0c3a34,0,0,0,on_policy,1,0.4601839462624916,0.5115925690820704,0.12109375,0.05859375,893,-0.07896124568485119,0.09905147392341164,0.2567076441867303
20261002T182024Z-ad0c3a34,0,0,0,on_policy,2,0.4128345875910653,0.4550404197345367,0.19140625,0.07421875,736,0.027946087760122307,0.11308189999318431,0.2752451786343871
20261002T182024Z-ad0c3a34,0,0,0,on_policy,3,0.4397057036828633,0.5034544185885921,0.142578125,0.08203125,723,0.04300658245641775,0.12661213091914492,0.27479557856858905
20261002T182024Z-ad0c3a34,0,0,0,on_policy,4,0.38286385262915634,0.44881064126524084,0.052734375,0.10546875,879,-0.12434882541743075,0.13368617672549074,0.24752536607311887
20261002T182024Z-ad0c3a34,0,0,0,on_policy,5,0.09021402741880613,0.13900694185888363,0.14453125,0.251953125,338,0.38494517698409136,0.20639847173350898,0.32506487802120243
20261002T182024Z-ad0c3a34,0,0,0,on_policy,6,0.3568444044243325,0.41130982049735054,0.080078125,0.1015625,822,-0.1417526636973494,0.1447466981853188,0.2843362597451024
20261002T182024Z-ad0c3a34,0,0,0,common_checks,0,0.9534759805371573,0.9534396504640044,1.0,0.0,512,0.8204961231077055,0.26626733355479504,0.33962835412909587
20261002T182024Z-ad0c3a34,0,0,0,common_checks,1,0.9275075229144101,0.9183088616840134,1.0,0.0,512,0.7719975381633406,0.2644598520487067,0.34333308747906305
20261002T182024Z-ad0c3a34,0,0,0,common_checks,2,0.9029345220776166,0.9199238670532692,1.0,0.0,512,0.7082276432359246,0.25188659439243133,0.37007756187420054
20261002T182024Z-ad0c3a34,0,0,0,common_checks,3,0.8835186876602528,0.8935612160639804,1.0,0.0,512,0.4832477348760289,0.26822330061595323,0.407738549673436
20261002T182024Z-ad0c3a34,0,0,0,common_checks,4,0.8830518719022837,0.8799796627221496,1.0,0.0,512,0.7111296942268099,0.2755044110340661,0.3541376485978652
20261002T182024Z-ad0c3a34,0,0,0,common_checks,5,0.9027571764998205,0.932731573679316,1.0,0.0,512,0.6908315905854536,0.25377318878486266,0.35392441116600604
20261002T182024Z-ad0c3a34,0,0,0,common_checks,6,0.9481993924161255,0.9732787973883142,1.0,0.0,512,0.7644254773185127,0.2793028597295447,0.30957332923747993
20261002T182024Z-ad0c3a34,0,1,1048576,on_policy,0,0.08649530598863087,0.11954918701845307,0.072265625,0.33984375,246,0.28320342269111154,0.26296844013876625,0.17186751781457063
20261002T182024Z-ad0c3a34,0,1,1048576,on_policy,1,0.29834906713571685,0.3397508806421444,0.07421875,0.11328125,651,0.26172791513475824,0.1501746688757477,0.1383051822844509
20261002T182024Z-ad0c3a34,0,1,1048576,on_policy,2,0.31234978086236065,0.3271497006985564,0.09765625,0.140625,558,0.46446372586041795,0.16274214900563055,0.17494905212292497
20261002T182024Z-ad0c3a34,0,1,1048576,on_policy,3,0.28339863788893715,0.3360132335353724,0.0859375,0.16015625,529,0.21195844994127144,0.1811165032905485,0.14056195521596912
20261002T182024Z-ad0c3a34,0,1,1048576,on_policy,4,0.4194280382512299,0.4815552647588035,0.052734375,0.181640625,560,0.31475539716329737,0.18676232456728512,0.18609762783940895
20261002T182024Z-ad0c3a34,0,1,1048576,on_policy,5,0.055492869248972454,0.10838764011874069,0.064453125,0.376953125,284,0.275717757841756,0.26028310898808776,0.12094181733635469
20261002T182024Z-ad0c3a34,0,1,1048576,on_policy,6,0.06147895628911049,0.11499411646377722,0.03125,0.193359375,550,0.2100376610088891,0.19997508631833164,0.10856123311383176
20261002T182024Z-ad0c3a34,0,1,1048576,common_checks,0,0.8122912068228765,0.7107466928574305,1.0,0.0,512,0.8713537232712332,0.26626733355479504,0.35223602628724193
20261002T182024Z-ad0c3a34,0,1,1048576,common_checks,1,0.7898434316943715,0.6691460281757267,1.0,0.0,512,0.7128164206414408,0.2644598520487067,0.27131074467864036
20261002T182024Z-ad0c3a34,0,1,1048576,common_checks,2,0.7799454306413204,0.7506288479217584,1.0,0.0,512,0.6961145612200008,0.25188659439243133,0.31204749769562035
20261002T182024Z-ad0c3a34,0,1,1048576,common_checks,3,0.6399398615561254,0.5454077501813661,1.0,0.0,512,0.23745637919794216,0.26822330061595323,0.3133163638860834
20261002T182024Z-ad0c3a34,0,1,1048576,common_checks,4,0.6658423277117956,0.5420159070433925,1.0,0.0,512,0.04172311468960799,0.2755044110340661,0.2914910480147799
20261002T182024Z-ad0c3a34,0,1,1048576,common_checks,5,0.4212349466711659,0.3319888738092154,1.0,0.0,512,0.7386414764745564,0.25377318878486266,0.29557420833277787
20261002T182024Z-ad0c3a34,0,1,1048576,common_checks,6,0.14461827023383467,0.07413549101547623,1.0,0.0,512,0.2619319447151247,0.2793028597295447,0.13836661103775594
20261002T182024Z-ad0c3a34,0,2,2097152,on_policy,0,0.0615227251823629,0.134118771734145,0.048828125,0.43359375,212,0.2829711940757941,0.30039021676821354,0.1316242258370262
20261002T182024Z-ad0c3a34,0,2,2097152,on_policy,1,0.2506775778378212,0.27907894000553113,0.078125,0.244140625,384,0.4097395650689577,0.23347200363348145,0.1445588154585283
20261002T182024Z-ad0c3a34,0,2,2097152,on_policy,2,0.17975410498182776,0.22757278934486969,0.078125,0.24609375,374,0.48401642575831694,0.22231377858376794,0.1952000220183979
20261002T182024Z-ad0c3a34,0,2,2097152,on_policy,3,0.30674377249741025,0.39517176425614087,0.05859375,0.287109375,347,0.5220800544448143,0.23897982336328588,0.21194334718536353
20261002T182024Z-ad0c3a34,0,2,2097152,on_policy,4,0.4979033696286187,0.5765157280291437,0.04296875,0.294921875,336,0.457532376424446,0.24283945929431325,0.20164197776398726
20261002T182024Z-ad0c3a34,0,2,2097152,on_policy,5,-0.12590617092283551,-0.09592924867651331,0.025390625,0.478515625,203,0.2826347229271732,0.32039865092518544,0.12524385089788861
20261002T182024Z-ad0c3a34,0,2,2097152,on_policy,6,0.07751221677502407,0.1387580524340084,0.013671875,0.287109375,385,0.3093766395701655,0.23629154412426673,0.2228179155134241
20261002T182024Z-ad0c3a34,0,2,2097152,common_checks,0,0.8356253180371701,0.7848247364020788,1.0,0.0,512,0.8772516286402876,0.26626733355479504,0.23417118712961438
20261002T182024Z-ad0c3a34,0,2,2097152,common_checks,1,0.7205677395480987,0.5633270874991201,1.0,0.0,512,0.6371136558460981,0.2644598520487067,0.2637587981278964
20261002T182024Z-ad0c3a34,0,2,2097152,common_checks,2,0.7665302495796583,0.7281006054266888,1.0,0.0,512,0.7797540130992249,0.25188659439243133,0.26965293810658064
20261002T182024Z-ad0c3a34,0,2,2097152,common_checks,3,0.6344114076242465,0.5294854688359072,1.0,0.0,512,0.380652672470714,0.26822330061595323,0.2463471047688106
20261002T182024Z-ad0c3a34,0,2,2097152,common_checks,4,0.6737808863868497,0.5572299794052034,1.0,0.0,512,0.6003723364746908,0.2755044110340661,0.15759363308764618
20261002T182024Z-ad0c3a34,0,2,2097152,common_checks,5,0.2827416735567013,0.11307807076813581,1.0,0.0,512,0.465576004276512,0.25377318878486266,0.3770706081731112
20261002T182024Z-ad0c3a34,0,2,2097152,common_checks,6,0.22528890927090128,0.16873415349102705,1.0,0.0,512,0.4152368151076643,0.2793028597295447,0.2624436890440669
20261002T182024Z-ad0c3a34,0,3,3145728,on_policy,0,-0.03652305974054193,0.07206045749918544,0.03125,0.5234375,157,0.21733872233078,0.3483764997894527,0.127829449563915
20261002T182024Z-ad0c3a34,0,3,3145728,on_policy,1,0.2522837317149741,0.22484282498751396,0.08984375,0.41796875,228,0.4567267604169597,0.28948902012417144,0.15738486222919532
20261002T182024Z-ad0c3a34,0,3,3145728,on_policy,2,0.07078831298677302,0.08091031538128501,0.068359375,0.361328125,239,0.49491797042384844,0.2808838485481513,0.1802419261629034
20261002T182024Z-ad0c3a34,0,3,3145728,on_policy,3,0.2439146980789083,0.3359154482642147,0.080078125,0.40234375,242,0.5317489582684252,0.2769413851070463,0.17010105860918578
20261002T182024Z-ad0c3a34,0,3,3145728,on_policy,4,0.5182644031964321,0.6386159895693078,0.04296875,0.44140625,210,0.48708535909276196,0.3038236468903485,0.19561409809912578
20261002T182024Z-ad0c3a34,0,3,3145728,on_policy,5,-0.04795202527984643,0.03552843112653292,0.01171875,0.607421875,142,0.4507844340123969,0.3383608421863741,0.16313597768298604
20261002T182024Z-ad0c3a34,0,3,3145728,on_policy,6,0.057366324340224595,0.14081064576669722,0.01171875,0.421875,256,0.31252976272931043,0.28283028383485115,0.11381928260279515
20261002T182024Z-ad0c3a34,0,3,3145728,common_checks,0,0.6752002408626143,0.4535508572144076,1.0,0.0,512,0.7251192194428451,0.26626733355479504,0.17725563114258325
20261002T182024Z-ad0c3a34,0,3,3145728,common_checks,1,0.7779954341044883,0.692062591498604,1.0,0.0,512,0.6611351173610496,0.2644598520487067,0.16582021838753036
20261002T182024Z-ad0c3a34,0,3,3145728,common_checks,2,0.8226357797711903,0.8131410484281999,1.0,0.0,512,0.7910846301725933,0.25188659439243133,0.30919957708178614
20261002T182024Z-ad0c3a34,0,3,3145728,common_checks,3,0.49772811082660817,0.278128675518005,1.0,0.0,512,0.46032649936616676,0.26822330061595323,0.1958097538545287
20261002T182024Z-ad0c3a34,0,3,3145728,common_checks,4,0.6532764759714385,0.5227407705468575,1.0,0.0,512,0.2815386052609965,0.2755044110340661,0.11817790652575755
20261002T182024Z-ad0c3a34,0,3,3145728,common_checks,5,0.2704604066225045,0.1044387359363147,1.0,0.0,512,0.22383309225576242,0.25377318878486266,0.31883776607170233
20261002T182024Z-ad0c3a34,0,3,3145728,common_checks,6,0.21921262910072004,0.15378960194219982,1.0,0.0,512,0.5846153343783198,0.2793028597295447,0.1603849499533423
20261002T182024Z-ad0c3a34,0,4,4194304,on_policy,0,-0.015256599370586432,0.030937452511897168,0.0234375,0.56640625,134,0.16012523279318536,0.3631603427315559,0.06129256892630217
20261002T182024Z-ad0c3a34,0,4,4194304,on_policy,1,0.2982474631933084,0.30166221916934577,0.150390625,0.353515625,249,0.46011152928266263,0.2854644780525116,0.14188201505115947
20261002T182024Z-ad0c3a34,0,4,4194304,on_policy,2,0.1530596915114154,0.12177175156182152,0.095703125,0.361328125,227,0.39749865059704403,0.291854557851859,0.11671476526073903
20261002T182024Z-ad0c3a34,0,4,4194304,on_policy,3,0.23121385443399423,0.32898589248969456,0.1328125,0.3828125,223,0.544274329904515,0.29803821494411736,0.17001598598428413
20261002T182024Z-ad0c3a34,0,4,4194304,on_policy,4,0.5884388481783126,0.7101013698284742,0.138671875,0.451171875,200,0.6583432212740502,0.326724705049426,0.19591293391634448
20261002T182024Z-ad0c3a34,0,4,4194304,on_policy,5,-0.053743915453762,-0.022403968111717187,0.005859375,0.580078125,151,0.13089706368203768,0.3540522449711633,0.04618091029093907
20261002T182024Z-ad0c3a34,0,4,4194304,on_policy,6,-0.01205564434736428,0.04431245454246335,0.005859375,0.404296875,260,0.11817665280190859,0.2796475808236373,0.06441581170962837
20261002T182024Z-ad0c3a34,0,4,4194304,common_checks,0,0.6652663359210579,0.43440117192310335,1.0,0.0,512,0.7813745790538622,0.26626733355479504,0.20925020885912993
20261002T182024Z-ad0c3a34,0,4,4194304,common_checks,1,0.8209505101997501,0.7641871804756477,1.0,0.0,512,0.6959694601337407,0.2644598520487067,0.22586835949697193
20261002T182024Z-ad0c3a34,0,4,4194304,common_checks,2,0.8485102539238178,0.8627177938579835,1.0,0.0,512,0.8759044277901135,0.25188659439243133,0.245676749109753
20261002T182024Z-ad0c3a34,0,4,4194304,common_checks,3,0.5918858926403445,0.4498918682778047,1.0,0.0,512,0.3333834732838693,0.26822330061595323,0.23533390875691218
20261002T182024Z-ad0c3a34,0,4,4194304,common_checks,4,0.751515435094927,0.6867284977762009,1.0,0.0,512,0.4225629025631015,0.2755044110340661,0.12877999762092118
20261002T182024Z-ad0c3a34,0,4,4194304,common_checks,5,0.30824578291347415,0.1418061210821293,1.0,0.0,512,0.41700529305232303,0.25377318878486266,0.19055736190146266
20261002T182024Z-ad0c3a34,0,4,4194304,common_checks,6,0.13825722703568288,0.06435714010940397,1.0,0.0,512,0.39848606456615443,0.2793028597295447,0.21428315009338927
20261002T182024Z-ad0c3a34,0,5,5242880,on_policy,0,-0.1040223127243316,0.0036099822486287403,0.01953125,0.451171875,195,0.21719472894096392,0.33634618440239455,0.0865032809728893
20261002T182024Z-ad0c3a34,0,5,5242880,on_policy,1,0.4907970570076603,0.5067114693670485,0.2109375,0.251953125,327,0.5916985851410661,0.2527548983477553,0.1761223842404744
20261002T182024Z-ad0c3a34,0,5,5242880,on_policy,2,0.2562857088868462,0.2249251839459876,0.197265625,0.29296875,272,0.5341861533238251,0.25015904329066224,0.16933062691616355
20261002T182024Z-ad0c3a34,0,5,5242880,on_policy,3,0.30565574052104794,0.31900270771439176,0.19921875,0.279296875,288,0.5216185354457842,0.2820774806547924,0.18006399550105476
20261002T182024Z-ad0c3a34,0,5,5242880,on_policy,4,0.8241645673802955,0.8732346687891998,0.26171875,0.255859375,306,0.8089181161112815,0.2748689631901679,0.22616448602709438
20261002T182024Z-ad0c3a34,0,5,5242880,on_policy,5,-0.06354921845967221,-0.03601223431908873,0.013671875,0.48828125,201,0.13505091369409972,0.31953363057826634,0.050596638380080584
20261002T182024Z-ad0c3a34,0,5,5242880,on_policy,6,0.01691221320300096,0.08229566457886861,0.021484375,0.341796875,314,0.38202331531335487,0.26978538617363546,0.11833317983096477
20261002T182024Z-ad0c3a34,0,5,5242880,common_checks,0,0.6462330316715009,0.38309529512678264,1.0,0.0,512,0.8680538460911764,0.26626733355479504,0.2514673631364537
20261002T182024Z-ad0c3a34,0,5,5242880,common_checks,1,0.8594105898305887,0.8329242166622619,1.0,0.0,512,0.7579144756513905,0.2644598520487067,0.21537503333840302
20261002T182024Z-ad0c3a34,0,5,5242880,common_checks,2,0.8251964762852344,0.8068601108077671,1.0,0.0,512,0.7583596941641626,0.25188659439243133,0.2907789016364015
20261002T182024Z-ad0c3a34,0,5,5242880,common_checks,3,0.6303563983894737,0.5117957144873496,1.0,0.0,512,0.6032812762869153,0.26822330061595323,0.23293377118476855
20261002T182024Z-ad0c3a34,0,5,5242880,common_checks,4,0.8575077754428128,0.8193815596567834,1.0,0.0,512,0.38258832262676534,0.2755044110340661,0.0851525181233006
20261002T182024Z-ad0c3a34,0,5,5242880,common_checks,5,0.24609934203893225,0.048588513266783595,1.0,0.0,512,0.24447122912800934,0.25377318878486266,0.1394836399296917
20261002T182024Z-ad0c3a34,0,5,5242880,common_checks,6,0.10445160631004013,0.027474356984727,1.0,0.0,512,0.3537204894470507,0.2793028597295447,0.19324206874869532
20261002T182024Z-ad0c3a34,0,6,6291456,on_policy,0,-0.06979726513619955,-0.01494240943348002,0.03515625,0.380859375,254,0.19035465247912486,0.2874476690004637,0.06822272441256629
20261002T182024Z-ad0c3a34,0,6,6291456,on_policy,1,0.555275247731313,0.5546717516269126,0.333984375,0.146484375,406,0.6788774897134613,0.22012979604759428,0.16843597981324332
20261002T182024Z-ad0c3a34,0,6,6291456,on_policy,2,0.24976424358432492,0.19881307248019675,0.275390625,0.1953125,324,0.5926183701232435,0.2321378382043505,0.15286498234012696
20261002T182024Z-ad0c3a34,0,6,6291456,on_policy,3,0.4048262590834827,0.4306653938260725,0.294921875,0.1640625,332,0.5693533830573413,0.2595351283749408,0.1740328890565216
20261002T182024Z-ad0c3a34,0,6,6291456,on_policy,4,0.8682565425987083,0.8940009518362391,0.408203125,0.109375,447,0.8666088105313563,0.2351749145458816,0.20459683077412755
20261002T182024Z-ad0c3a34,0,6,6291456,on_policy,5,-0.0670880905722544,-0.03832321891543922,0.017578125,0.435546875,228,0.06396440522101265,0.31530256286041564,0.030393254509582135
20261002T182024Z-ad0c3a34,0,6,6291456,on_policy,6,0.025698684409703576,0.059510583881542733,0.029296875,0.2890625,366,0.10876565455309817,0.2547412630134285,0.06396794674673363
20261002T182024Z-ad0c3a34,0,6,6291456,common_checks,0,0.6246404905722144,0.3705543704012858,1.0,0.0,512,0.7547003865604426,0.26626733355479504,0.1942947425936843
20261002T182024Z-ad0c3a34,0,6,6291456,common_checks,1,0.9135497239043567,0.9155135613692921,1.0,0.0,512,0.8778301384801817,0.2644598520487067,0.2823148517151415
20261002T182024Z-ad0c3a34,0,6,6291456,common_checks,2,0.8061548144112376,0.7881059657304093,1.0,0.0,512,0.696594568350176,0.25188659439243133,0.33294373363682883
20261002T182024Z-ad0c3a34,0,6,6291456,common_checks,3,0.7191746546553712,0.6476549733040367,1.0,0.0,512,0.5793422088630833,0.26822330061595323,0.243865025309146
20261002T182024Z-ad0c3a34,0,6,6291456,common_checks,4,0.9059159744901465,0.8982393967731142,1.0,0.0,512,0.7209363665239961,0.2755044110340661,0.2036506611884592
20261002T182024Z-ad0c3a34,0,6,6291456,common_checks,5,0.2270283508834624,0.027304958219075637,1.0,0.0,512,0.16563597081656667,0.25377318878486266,0.16827748439649692
20261002T182024Z-ad0c3a34,0,6,6291456,common_checks,6,0.10152048112586509,0.024331287393603573,1.0,0.0,512,0.4198656391406109,0.2793028597295447,0.1741621943578675
20261002T182024Z-ad0c3a34,0,9,9437184,on_policy,0,-0.029576373599233152,-0.017767767180694394,0.072265625,0.1953125,431,0.1673509796726187,0.23962605292262315,0.06234539419911415
20261002T182024Z-ad0c3a34,0,9,9437184,on_policy,1,0.7932139563418943,0.7872203210600818,0.482421875,0.04296875,467,0.843166937879455,0.19808757003758437,0.20354188852963653
20261002T182024Z-ad0c3a34,0,9,9437184,on_policy,2,0.6303328669603641,0.6805677118258756,0.462890625,0.033203125,425,0.8423489940257719,0.18685116841910612,0.18300401907696714
20261002T182024Z-ad0c3a34,0,9,9437184,on_policy,3,0.7696120055410557,0.7776566109007829,0.4453125,0.03125,484,0.8126455080552614,0.2024501883510733,0.20857464104360068
20261002T182024Z-ad0c3a34,0,9,9437184,on_policy,4,0.8942771824528634,0.9084057146765161,0.505859375,0.01953125,545,0.8843682221181096,0.21322026685271867,0.20311304104204356
20261002T182024Z-ad0c3a34,0,9,9437184,on_policy,5,-0.0610427268215854,-0.049254867049040696,0.015625,0.361328125,305,0.01038694914680538,0.2736923652833659,0.04404880055341322
20261002T182024Z-ad0c3a34,0,9,9437184,on_policy,6,0.39013567374153835,0.4037344444579032,0.189453125,0.17578125,464,0.36852788708615514,0.22596499505975406,0.17491800606522007
20261002T182024Z-ad0c3a34,0,9,9437184,common_checks,0,0.6333873017293941,0.36147123441563356,1.0,0.0,512,0.6467890630230501,0.26626733355479504,0.18665199087714157
20261002T182024Z-ad0c3a34,0,9,9437184,common_checks,1,0.9610384901421583,0.9622363817344346,1.0,0.0,512,0.9105520998106653,0.2644598520487067,0.2418677860145122
20261002T182024Z-ad0c3a34,0,9,9437184,common_checks,2,0.869235173803494,0.8493050762018527,1.0,0.0,512,0.8336751493128574,0.25188659439243133,0.28642586818115406
20261002T182024Z-ad0c3a34,0,9,9437184,common_checks,3,0.8814608474377059,0.8578913608487608,1.0,0.0,512,0.8157002025983958,0.26822330061595323,0.2807015924506717
20261002T182024Z-ad0c3a34,0,9,9437184,common_checks,4,0.9484453239198639,0.9566645435489765,1.0,0.0,512,0.845535000431882,0.2755044110340661,0.2090604685930595
20261002T182024Z-ad0c3a34,0,9,9437184,common_checks,5,0.21238593602347833,0.015767340036515143,1.0,0.0,512,0.05383244485219507,0.25377318878486266,0.22281874404341062
20261002T182024Z-ad0c3a34,0,9,9437184,common_checks,6,0.2973945416049294,0.247624632527231,1.0,0.0,512,0.5116275656996288,0.2793028597295447,0.21176368061858497
20261002T182024Z-ad0c3a34,0,14,14680064,on_policy,0,0.37745952858769805,0.3077504650819325,0.35546875,0.056640625,587,0.6114653593197288,0.16650732488160985,0.15483726735766062
20261002T182024Z-ad0c3a34,0,14,14680064,on_policy,1,0.9019434969785188,0.8980678018952996,0.544921875,0.00390625,615,0.8680673236010988,0.14949968230477098,0.16568936513450477
20261002T182024Z-ad0c3a34,0,14,14680064,on_policy,2,0.8399252931752761,0.8723529652535923,0.4921875,0.0,536,0.9442388430459806,0.14759738142253498,0.15673224004585232
20261002T182024Z-ad0c3a34,0,14,14680064,on_policy,3,0.8832613857013457,0.8818812349067162,0.470703125,0.001953125,603,0.8711589868821142,0.15508676416035563,0.16708764304058868
20261002T182024Z-ad0c3a34,0,14,14680064,on_policy,4,0.9570897179542933,0.9677143236997647,0.517578125,0.001953125,651,0.9210625389509971,0.16550801085624076,0.17880221279310335
20261002T182024Z-ad0c3a34,0,14,14680064,on_policy,5,-0.06798699897282501,-0.04630056714060604,0.01171875,0.173828125,508,0.030542894513928776,0.21649703568337816,0.0293203275882108
20261002T182024Z-ad0c3a34,0,14,14680064,on_policy,6,0.9465149003641118,0.9563796748595217,0.5078125,0.005859375,663,0.8353857297046454,0.17469763364215912,0.17828014109326568
20261002T182024Z-ad0c3a34,0,14,14680064,common_checks,0,0.890360762921053,0.8670285563493573,1.0,0.0,512,0.867654171491979,0.26626733355479504,0.26466303282167736
20261002T182024Z-ad0c3a34,0,14,14680064,common_checks,1,0.9759887290418521,0.9684648209861989,1.0,0.0,512,0.9448878255251707,0.2644598520487067,0.2459135372216682
20261002T182024Z-ad0c3a34,0,14,14680064,common_checks,2,0.8833044621578086,0.8731712824024181,1.0,0.0,512,0.7386620666139769,0.25188659439243133,0.2879023673818977
20261002T182024Z-ad0c3a34,0,14,14680064,common_checks,3,0.9767665941870057,0.9742615063662847,1.0,0.0,512,0.924681343124645,0.26822330061595323,0.27117699734720535
20261002T182024Z-ad0c3a34,0,14,14680064,common_checks,4,0.9751282573905994,0.9740201926161334,1.0,0.0,512,0.9228561198368761,0.2755044110340661,0.25779628390225473
20261002T182024Z-ad0c3a34,0,14,14680064,common_checks,5,0.24880353342398454,0.08781829219060266,1.0,0.0,512,0.04874071501551325,0.25377318878486266,0.1353915790475479
20261002T182024Z-ad0c3a34,0,14,14680064,common_checks,6,0.9585958039517848,0.9576830306263092,1.0,0.0,512,0.9099186419623938,0.2793028597295447,0.26318824781551076
20261002T182024Z-ad0c3a34,0,20,20971520,on_policy,0,0.7487896401871119,0.7070405735477292,0.4921875,0.00390625,580,0.8342513109152345,0.1721922876061161,0.18511308514302435
20261002T182024Z-ad0c3a34,0,20,20971520,on_policy,1,0.9265435443768897,0.9253488373055836,0.556640625,0.0,635,0.8663129505305718,0.1435886650067635,0.15522200963314403
20261002T182024Z-ad0c3a34,0,20,20971520,on_policy,2,0.824427668005713,0.8317109000202683,0.490234375,0.0,536,0.937886369230611,0.13948592332537743,0.1476267793924505
20261002T182024Z-ad0c3a34,0,20,20971520,on_policy,3,0.9093212741911035,0.9008986963738498,0.46484375,0.0,677,0.8400367394087039,0.14058861187819893,0.15241354231129295
20261002T182024Z-ad0c3a34,0,20,20971520,on_policy,4,0.9591339501614813,0.9711048497359349,0.509765625,0.0,708,0.9085122120913566,0.175958930832048,0.18394073254285917
20261002T182024Z-ad0c3a34,0,20,20971520,on_policy,5,-0.08322779902742328,-0.053584604690289694,0.0,0.1328125,656,-0.013109970000833693,0.18402049120465253,0.03624837490275737
20261002T182024Z-ad0c3a34,0,20,20971520,on_policy,6,0.9489068209677297,0.9521396622519526,0.517578125,0.0,619,0.8958109777887604,0.17864719618380054,0.18914580704969597
20261002T182024Z-ad0c3a34,0,20,20971520,common_checks,0,0.9452818685536014,0.9475279147262559,1.0,0.0,512,0.9284710223883295,0.26626733355479504,0.25982287217434274
20261002T182024Z-ad0c3a34,0,20,20971520,common_checks,1,0.9824203669939044,0.9758832368393936,1.0,0.0,512,0.9595087079954532,0.2644598520487067,0.27011220427416216
20261002T182024Z-ad0c3a34,0,20,20971520,common_checks,2,0.9032602774299958,0.8873201855534907,1.0,0.0,512,0.8043364723913426,0.25188659439243133,0.25352796433861846
20261002T182024Z-ad0c3a34,0,20,20971520,common_checks,3,0.9770047678627918,0.9694152208296046,1.0,0.0,512,0.9295356171084163,0.26822330061595323,0.26065134216898445
20261002T182024Z-ad0c3a34,0,20,20971520,common_checks,4,0.976184580651732,0.9740102700559736,1.0,0.0,512,0.9056621933030145,0.2755044110340661,0.24845995610508576
20261002T182024Z-ad0c3a34,0,20,20971520,common_checks,5,0.14519907449236236,-0.0421706143305427,1.0,0.0,512,-0.009174237659525186,0.25377318878486266,0.062204118388464735
20261002T182024Z-ad0c3a34,0,20,20971520,common_checks,6,0.9792015615359145,0.9796785862401641,1.0,0.0,512,0.927189857061174,0.2793028597295447,0.25217328333877465
20261002T182024Z-ad0c3a34,0,29,30408704,on_policy,0,0.8633874229070649,0.8674426119283822,0.501953125,0.001953125,620,0.869409838022557,0.1469568016402726,0.15670650977341333
20261002T182024Z-ad0c3a34,0,29,30408704,on_policy,1,0.9601204630958626,0.963966483049542,0.55078125,0.0,625,0.9125889863237323,0.1375036484269463,0.1475195993164162
20261002T182024Z-ad0c3a34,0,29,30408704,on_policy,2,0.8562145183203543,0.8713540131867464,0.490234375,0.0,480,0.9581249728690545,0.15143109544961425,0.15559360031082436
20261002T182024Z-ad0c3a34,0,29,30408704,on_policy,3,0.9412499179565854,0.9465247983043158,0.47265625,0.001953125,606,0.8864848635595032,0.15353249782853362,0.16392950884822882
20261002T182024Z-ad0c3a34,0,29,30408704,on_policy,4,0.9677721674092506,0.9733395121012334,0.5234375,0.001953125,751,0.9254987771597125,0.1592061247871154,0.16426729024060463
20261002T182024Z-ad0c3a34,0,29,30408704,on_policy,5,-0.048084795970656735,-0.017638851572736813,0.0,0.109375,648,0.03822539796516544,0.18735382727335326,0.03852762377798267
20261002T182024Z-ad0c3a34,0,29,30408704,on_policy,6,0.9651644044777655,0.973075353812269,0.501953125,0.0078125,602,0.8906680225308965,0.1884564126868642,0.1869516109554789
20261002T182024Z-ad0c3a34,0,29,30408704,common_checks,0,0.9611974104303801,0.9527910334157519,1.0,0.0,512,0.9527077548902878,0.26626733355479504,0.2515736780704593
20261002T182024Z-ad0c3a34,0,29,30408704,common_checks,1,0.9858187967022182,0.9825529498692566,1.0,0.0,512,0.9653517450121926,0.2644598520487067,0.269381671529603
20261002T182024Z-ad0c3a34,0,29,30408704,common_checks,2,0.8771257424147417,0.8677902419419254,1.0,0.0,512,0.8712516236383887,0.25188659439243133,0.251951668017414
20261002T182024Z-ad0c3a34,0,29,30408704,common_checks,3,0.9806362547700531,0.9785426739617032,1.0,0.0,512,0.9422681213908106,0.26822330061595323,0.2606816896013976
20261002T182024Z-ad0c3a34,0,29,30408704,common_checks,4,0.978819459136247,0.9785255664538782,1.0,0.0,512,0.9476644926044107,0.2755044110340661,0.24353498830217013
20261002T182024Z-ad0c3a34,0,29,30408704,common_checks,5,0.22483225888114167,0.06924371870489898,1.0,0.0,512,-0.099313160356584,0.25377318878486266,0.09343817407680154
20261002T182024Z-ad0c3a34,0,29,30408704,common_checks,6,0.981531849404121,0.9815451171501409,1.0,0.0,512,0.9375747640352292,0.2793028597295447,0.25922531411091776
20261002T182024Z-ad0c3a34,1,0,0,on_policy,0,0.10199528909393607,0.14266252498509924,0.01171875,0.068359375,726,-0.08501217902832203,0.17717779516413779,0.2980254797204618
20261002T182024Z-ad0c3a34,1,0,0,on_policy,1,0.34210885503164645,0.38783117677887247,0.033203125,0.00390625,1496,-1.4039641665735467,0.08076449974958233,0.31341599308842255
20261002T182024Z-ad0c3a34,1,0,0,on_policy,2,0.6263021282993155,0.671801836140298,0.13671875,0.001953125,1311,-0.20640472031697743,0.040321519585315366,0.19362342462920404
20261002T182024Z-ad0c3a34,1,0,0,on_policy,3,0.37657201225334347,0.43349528111406155,0.078125,0.00390625,1505,-0.7004232710801559,0.06604296067446538,0.24200956463551462
20261002T182024Z-ad0c3a34,1,0,0,on_policy,4,0.18224273864628504,0.21815774126692078,0.01953125,0.025390625,1020,-0.08371498486110918,0.13841870683372917,0.2734888597833852
20261002T182024Z-ad0c3a34,1,0,0,on_policy,5,0.23228661853171528,0.05482289286904918,0.4375,0.01171875,686,0.08493773760728951,0.08889794599238396,0.21762137970454765
20261002T182024Z-ad0c3a34,1,0,0,on_policy,6,0.40806759280571225,0.44359438418076913,0.2734375,0.00390625,1441,-0.7453580169747971,0.06871775649698095,0.2429745223570368
20261002T182024Z-ad0c3a34,1,0,0,common_checks,0,0.9582538753438582,0.9557663122327656,1.0,0.0,512,0.8790601325726156,0.26626733355479504,0.3279353649414735
20261002T182024Z-ad0c3a34,1,0,0,common_checks,1,0.9234583817658232,0.915734524744736,1.0,0.0,512,0.6961702111423367,0.2644598520487067,0.3575649866447765
20261002T182024Z-ad0c3a34,1,0,0,common_checks,2,0.8857849998625826,0.8857522651564523,1.0,0.0,512,0.6964025661423605,0.25188659439243133,0.35736165778228757
20261002T182024Z-ad0c3a34,1,0,0,common_checks,3,0.8559465597755035,0.8542875059836467,1.0,0.0,512,0.6610523882236203,0.26822330061595323,0.37585444785227157
20261002T182024Z-ad0c3a34,1,0,0,common_checks,4,0.8570681683815424,0.8610782446739476,1.0,0.0,512,0.5141773878857754,0.2755044110340661,0.35649430807704874
20261002T182024Z-ad0c3a34,1,0,0,common_checks,5,0.8450456352594055,0.8669179322367844,1.0,0.0,512,0.6237023219451183,0.25377318878486266,0.3520289166974466
20261002T182024Z-ad0c3a34,1,0,0,common_checks,6,0.9100579276481676,0.9210403700706107,1.0,0.0,512,0.7647715441467532,0.2793028597295447,0.31109356270035726
20261002T182024Z-ad0c3a34,1,1,1048576,on_policy,0,-0.058765853643931276,-0.04338219172053126,0.015625,0.087890625,707,0.04236050232615085,0.17442647963561728,0.041992083780282505
20261002T182024Z-ad0c3a34,1,1,1048576,on_policy,1,-0.025920693071565193,-0.023646461652623296,0.0234375,0.021484375,1468,0.053641508766532064,0.07917009329698536,0.06634897162563258
20261002T182024Z-ad0c3a34,1,1,1048576,on_policy,2,0.09283665387829354,0.10329563080534676,0.123046875,0.00390625,1309,0.35079010406570277,0.04858289960001097,0.11260778194409671
20261002T182024Z-ad0c3a34,1,1,1048576,on_policy,3,0.1207103057905402,0.14514234121274627,0.0625,0.01171875,1412,-0.24142003968307724,0.07110405730729659,0.09924188263686524
20261002T182024Z-ad0c3a34,1,1,1048576,on_policy,4,-0.016977728133502623,-0.004468277749979599,0.015625,0.052734375,962,0.0522773724724237,0.1391650709579203,0.05554811217239554
20261002T182024Z-ad0c3a34,1,1,1048576,on_policy,5,0.7238708364824826,0.706066520972431,0.333984375,0.02734375,695,0.6233491267120146,0.09894367793715242,0.11854291135245272
20261002T182024Z-ad0c3a34,1,1,1048576,on_policy,6,0.6208547672159832,0.6437438497652195,0.228515625,0.0078125,1369,0.10517771166185541,0.07759771791590847,0.0973077651259371
20261002T182024Z-ad0c3a34,1,1,1048576,common_checks,0,0.6622157472291943,0.4874220762101099,1.0,0.0,512,0.8474621687721776,0.26626733355479504,0.2757646617420853
20261002T182024Z-ad0c3a34,1,1,1048576,common_checks,1,0.6954030810328244,0.5318502104680541,1.0,0.0,512,0.2813354653259974,0.2644598520487067,0.10700697757979549
20261002T182024Z-ad0c3a34,1,1,1048576,common_checks,2,0.9003056169623646,0.9290023785792644,1.0,0.0,512,0.8528388769403744,0.25188659439243133,0.2341394604673021
20261002T182024Z-ad0c3a34,1,1,1048576,common_checks,3,0.6082423009346821,0.48876654255038265,1.0,0.0,512,0.21039026020811757,0.26822330061595323,0.18544801432305955
20261002T182024Z-ad0c3a34,1,1,1048576,common_checks,4,0.3796875288602457,0.034543441564646726,1.0,0.0,512,0.32335782057433415,0.2755044110340661,0.15058456100878498
20261002T182024Z-ad0c3a34,1,1,1048576,common_checks,5,0.7758067427347418,0.7453102247010711,1.0,0.0,512,0.8631497722061792,0.25377318878486266,0.3468722092989651
20261002T182024Z-ad0c3a34,1,1,1048576,common_checks,6,0.37227954629216353,0.32400005519809405,1.0,0.0,512,0.3792392609698615,0.2793028597295447,0.15634923435519887
20261002T182024Z-ad0c3a34,1,2,2097152,on_policy,0,-0.05370989452656638,-0.0431493317814009,0.005859375,0.14453125,619,0.05798710464935186,0.18456079380664683,0.029453691403008703
20261002T182024Z-ad0c3a34,1,2,2097152,on_policy,1,-0.02253189284930035,-0.02036227982754979,0.01953125,0.03125,1242,0.10589931047873635,0.09113117641340564,0.05241579696157817
20261002T182024Z-ad0c3a34,1,2,2097152,on_policy,2,0.06990255354670016,0.06721284970649766,0.142578125,0.025390625,1084,0.408816075731924,0.07031273290144084,0.0899387413976793
20261002T182024Z-ad0c3a34,1,2,2097152,on_policy,3,-0.00303934991129573,-0.004189849444699245,0.0703125,0.015625,1240,0.04683390979225732,0.08419520372029109,0.06809019784691255
20261002T182024Z-ad0c3a34,1,2,2097152,on_policy,4,0.004023674888481987,0.012634640180969603,0.0234375,0.083984375,885,0.060232571775289956,0.14562852967430562,0.03865188347282862
20261002T182024Z-ad0c3a34,1,2,2097152,on_policy,5,0.7645663327576305,0.7678347027279373,0.345703125,0.0625,649,0.667156646022456,0.11539981603625389,0.12847342720406044
20261002T182024Z-ad0c3a34,1,2,2097152,on_policy,6,0.7613143399262701,0.7741218057570493,0.255859375,0.03515625,1130,0.36332962879800834,0.09198670003361896,0.09406137542790158
20261002T182024Z-ad0c3a34,1,2,2097152,common_checks,0,0.6508829125749209,0.49110243285914734,1.0,0.0,512,0.7903771970150881,0.26626733355479504,0.21903344096895316
20261002T182024Z-ad0c3a34,1,2,2097152,common_checks,1,0.7289134023897816,0.6366800032408764,1.0,0.0,512,0.34441406774639804,0.2644598520487067,0.16125074552542484
20261002T182024Z-ad0c3a34,1,2,2097152,common_checks,2,0.8563331722338928,0.8701504301975476,1.0,0.0,512,0.8496794323788096,0.25188659439243133,0.25504058113164413
20261002T182024Z-ad0c3a34,1,2,2097152,common_checks,3,0.6121509304216652,0.47125940677681744,1.0,0.0,512,0.10552164984429013,0.26822330061595323,0.1349628112817256
20261002T182024Z-ad0c3a34,1,2,2097152,common_checks,4,0.37956351474201167,0.06016143962427822,1.0,0.0,512,0.4318629817977314,0.2755044110340661,0.13225799671840388
20261002T182024Z-ad0c3a34,1,2,2097152,common_checks,5,0.8757351962729253,0.8633996412854137,1.0,0.0,512,0.7835752842776762,0.25377318878486266,0.27193617291839967
20261002T182024Z-ad0c3a34,1,2,2097152,common_checks,6,0.6696241822888575,0.6484172394292231,1.0,0.0,512,0.4605109442965055,0.2793028597295447,0.1373922557093359
20261002T182024Z-ad0c3a34,1,3,3145728,on_policy,0,-0.05180267183449505,-0.028031385020555133,0.00390625,0.23046875,473,0.09496610193309352,0.21610819017558583,0.04194480564711904
20261002T182024Z-ad0c3a34,1,3,3145728,on_policy,1,-0.05284072454833644,-0.04684709289396616,0.0078125,0.06640625,991,0.11827353035369004,0.11277984758558869,0.05157575277175533
20261002T182024Z-ad0c3a34,1,3,3145728,on_policy,2,0.1215846202235098,0.07047543717160853,0.16015625,0.060546875,790,0.4689090088411425,0.10092567444538193,0.09671362803874745
20261002T182024Z-ad0c3a34,1,3,3145728,on_policy,3,0.08797712154182369,0.10238951630420534,0.078125,0.056640625,943,0.03409127645492094,0.11374477996660924,0.08568375531719177
20261002T182024Z-ad0c3a34,1,3,3145728,on_policy,4,-0.03511857761258397,-0.02130313999756006,0.029296875,0.146484375,699,0.10293235891927155,0.1663389870919281,0.047362478310582753
20261002T182024Z-ad0c3a34,1,3,3145728,on_policy,5,0.6969228671340508,0.6728770568481282,0.302734375,0.07421875,575,0.7088826850792238,0.13743133036218913,0.1432190332093923
20261002T182024Z-ad0c3a34,1,3,3145728,on_policy,6,0.884360639074188,0.8914872626823281,0.3515625,0.083984375,815,0.7486099608094723,0.12640808107603935,0.13929972500789675
20261002T182024Z-ad0c3a34,1,3,3145728,common_checks,0,0.5963295156209542,0.3259540559124451,1.0,0.0,512,0.7200477030699397,0.26626733355479504,0.2298089230242173
20261002T182024Z-ad0c3a34,1,3,3145728,common_checks,1,0.6834355634492053,0.4098623849115175,1.0,0.0,512,-0.03663124994418454,0.2644598520487067,0.12345938558746905
20261002T182024Z-ad0c3a34,1,3,3145728,common_checks,2,0.8367770253598372,0.8574909155499302,1.0,0.0,512,0.8522581150934292,0.25188659439243133,0.2276219441328804
20261002T182024Z-ad0c3a34,1,3,3145728,common_checks,3,0.6595593255787331,0.5228735480274739,1.0,0.0,512,0.15523875500345874,0.26822330061595323,0.06299582608194054
20261002T182024Z-ad0c3a34,1,3,3145728,common_checks,4,0.504272983852462,0.3260529605428508,1.0,0.0,512,0.15798804675406208,0.2755044110340661,0.10427941007123653
20261002T182024Z-ad0c3a34,1,3,3145728,common_checks,5,0.8870677839736111,0.8712724054227688,1.0,0.0,512,0.8973128957875353,0.25377318878486266,0.29476892262582366
20261002T182024Z-ad0c3a34,1,3,3145728,common_checks,6,0.8911833108156277,0.8916102949844618,1.0,0.0,512,0.7920969329194455,0.2793028597295447,0.27796585839137045
20261002T182024Z-ad0c3a34,1,4,4194304,on_policy,0,-0.06907339464650053,-0.03855855474964276,0.00390625,0.3515625,289,0.07475190401456056,0.26567273786735723,0.044874776568876625
20261002T182024Z-ad0c3a34,1,4,4194304,on_policy,1,-0.07072416191599751,-0.07024341410319201,0.0078125,0.1640625,606,0.08940112620298468,0.18219955063503498,0.052207350157290895
20261002T182024Z-ad0c3a34,1,4,4194304,on_policy,2,0.29227576903143515,0.2843981192587296,0.2265625,0.09375,532,0.5587085590353975,0.14658549274280602,0.12437503367743802
20261002T182024Z-ad0c3a34,1,4,4194304,on_policy,3,0.028577860103228048,0.0394511284154877,0.103515625,0.109375,615,0.10568134494137216,0.16717325752474899,0.07923039388339798
20261002T182024Z-ad0c3a34,1,4,4194304,on_policy,4,0.01843986295602762,0.06454641197508515,0.021484375,0.251953125,420,0.10053466612161266,0.2390912884229861,0.08340499050409357
20261002T182024Z-ad0c3a34,1,4,4194304,on_policy,5,0.6011955477777815,0.5515435749771895,0.291015625,0.15625,429,0.6978257793218923,0.1908164708259342,0.18980278114776103
20261002T182024Z-ad0c3a34,1,4,4194304,on_policy,6,0.901377939262398,0.9078695825775871,0.3359375,0.16796875,496,0.8598693827638597,0.20445373636336092,0.19873244743184082
20261002T182024Z-ad0c3a34,1,4,4194304,common_checks,0,0.62412199260766,0.451825090767923,1.0,0.0,512,0.7485000638186284,0.26626733355479504,0.2164177889160004
20261002T182024Z-ad0c3a34,1,4,4194304,common_checks,1,0.6951043478882999,0.4878957811264264,1.0,0.0,512,0.01478526288046711,0.2644598520487067,0.1403673071840288
20261002T182024Z-ad0c3a34,1,4,4194304,common_checks,2,0.8670485242087286,0.8782643537164164,1.0,0.0,512,0.8507776394158859,0.25188659439243133,0.24577380434746288
20261002T182024Z-ad0c3a34,1,4,4194304,common_checks,3,0.6635522071787978,0.5412593946101748,1.0,0.0,512,0.3214661186671124,0.26822330061595323,0.13318701221037088
20261002T182024Z-ad0c3a34,1,4,4194304,common_checks,4,0.4049760941493612,0.1145827128513951,1.0,0.0,512,0.4696685806189961,0.2755044110340661,0.09113360775647017
20261002T182024Z-ad0c3a34,1,4,4194304,common_checks,5,0.8426698615315563,0.8213813485940622,1.0,0.0,512,0.8158018908947131,0.25377318878486266,0.28595724383253707
20261002T182024Z-ad0c3a34,1,4,4194304,common_checks,6,0.8858806254271397,0.8821612675586226,1.0,0.0,512,0.8483456122097792,0.2793028597295447,0.3106155230797345
20261002T182024Z-ad0c3a34,1,5,5242880,on_policy,0,-0.06563891956542456,-0.0037242452979782126,0.0,0.37109375,249,0.06029245807972705,0.30305865878882304,0.04664161864600128
20261002T182024Z-ad0c3a34,1,5,5242880,on_policy,1,-0.06017773022938999,-0.0555552570506983,0.017578125,0.283203125,410,0.1300881215124826,0.235803394582698,0.054376385025437325
20261002T182024Z-ad0c3a34,1,5,5242880,on_policy,2,0.35877593454877765,0.31578928019649743,0.2890625,0.103515625,469,0.5964963767743954,0.17306129291402172,0.13180427911256912
20261002T182024Z-ad0c3a34,1,5,5242880,on_policy,3,0.16252398745736485,0.20953730890569322,0.1875,0.154296875,425,0.39078980474052216,0.2193395308972106,0.12315347303178438
20261002T182024Z-ad0c3a34,1,5,5242880,on_policy,4,0.040538838959434886,0.10647157272871066,0.0234375,0.33203125,299,0.16471222530515717,0.282349914925839,0.07717289984972331
20261002T182024Z-ad0c3a34,1,5,5242880,on_policy,5,0.6034758558487283,0.5774870981015603,0.29296875,0.14453125,407,0.6921788516403408,0.2166075018131609,0.1947443010290403
20261002T182024Z-ad0c3a34,1,5,5242880,on_policy,6,0.882143861775557,0.8845611710521076,0.375,0.189453125,369,0.8737161125182867,0.2681753794147929,0.2613407947706696
20261002T182024Z-ad0c3a34,1,5,5242880,common_checks,0,0.5607809876361938,0.28751921693002114,1.0,0.0,512,0.5251058357622702,0.26626733355479504,0.11547418129753417
20261002T182024Z-ad0c3a34,1,5,5242880,common_checks,1,0.6746488683301729,0.4129587589940624,1.0,0.0,512,-0.13436621966703344,0.2644598520487067,0.1635137693824591
20261002T182024Z-ad0c3a34,1,5,5242880,common_checks,2,0.9075619137219664,0.9161272989961201,1.0,0.0,512,0.8879164186307499,0.25188659439243133,0.22862400772417546
20261002T182024Z-ad0c3a34,1,5,5242880,common_checks,3,0.730304947836979,0.6572309028889586,1.0,0.0,512,0.6938852698552609,0.26822330061595323,0.21957685381697312
20261002T182024Z-ad0c3a34,1,5,5242880,common_checks,4,0.46424605791951945,0.24747032940167013,1.0,0.0,512,0.40047840864304274,0.2755044110340661,0.0867509402792237
20261002T182024Z-ad0c3a34,1,5,5242880,common_checks,5,0.8103803177229945,0.7800598573228135,1.0,0.0,512,0.8689900155058464,0.25377318878486266,0.28209208461243485
20261002T182024Z-ad0c3a34,1,5,5242880,common_checks,6,0.9224140773409579,0.9204967204608221,1.0,0.0,512,0.901448845924997,0.2793028597295447,0.27810899474632933
20261002T182024Z-ad0c3a34,1,6,6291456,on_policy,0,-0.13106368065975205,-0.05616824462900549,0.0,0.326171875,282,0.027317332038036435,0.3053496342693934,0.043188737199435105
20261002T182024Z-ad0c3a34,1,6,6291456,on_policy,1,-0.06450497877975536,-0.04532132525210408,0.044921875,0.283203125,375,0.07358527549592642,0.24685549386572267,0.04824388257425682
20261002T182024Z-ad0c3a34,1,6,6291456,on_policy,2,0.4763693073106795,0.49998032112407453,0.34765625,0.09375,454,0.7206086263409515,0.18203536640897086,0.16027216734554137
20261002T182024Z-ad0c3a34,1,6,6291456,on_policy,3,0.42301296783516185,0.5064893768240549,0.25,0.15625,417,0.5982996273253148,0.21846644952898275,0.1802311754653613
20261002T182024Z-ad0c3a34,1,6,6291456,on_policy,4,0.07674099858916172,0.16540129471929343,0.0625,0.37109375,252,0.2480750175352623,0.29953494793481045,0.10440442907299072
20261002T182024Z-ad0c3a34,1,6,6291456,on_policy,5,0.6583385126774164,0.65600666775616,0.353515625,0.1171875,402,0.7440439499446478,0.21836447225469197,0.21642331083201452
20261002T182024Z-ad0c3a34,1,6,6291456,on_policy,6,0.9112484078108622,0.9115840143920023,0.431640625,0.115234375,383,0.8761414474845763,0.27197075264226717,0.26218117519487516
20261002T182024Z-ad0c3a34,1,6,6291456,common_checks,0,0.5763996762333357,0.2941064565819148,1.0,0.0,512,0.40129344539540845,0.26626733355479504,0.09640077766286836
20261002T182024Z-ad0c3a34,1,6,6291456,common_checks,1,0.6817783263661026,0.40085171471036396,1.0,0.0,512,-0.2857658819287763,0.2644598520487067,0.22338262544576892
20261002T182024Z-ad0c3a34,1,6,6291456,common_checks,2,0.9204692954652268,0.9208686355452931,1.0,0.0,512,0.9299826417891252,0.25188659439243133,0.2587909132015035
20261002T182024Z-ad0c3a34,1,6,6291456,common_checks,3,0.8765153650824177,0.857603502773586,1.0,0.0,512,0.8358327056379664,0.26822330061595323,0.24958048682880296
20261002T182024Z-ad0c3a34,1,6,6291456,common_checks,4,0.6215647291101287,0.5359394300223881,1.0,0.0,512,0.2235418370898119,0.2755044110340661,0.09710064727941692
20261002T182024Z-ad0c3a34,1,6,6291456,common_checks,5,0.8330036780136882,0.8010466907677798,1.0,0.0,512,0.909386063763476,0.25377318878486266,0.30329817995309405
20261002T182024Z-ad0c3a34,1,6,6291456,common_checks,6,0.9663054000375852,0.965834226847568,1.0,0.0,512,0.9372616692858559,0.2793028597295447,0.2634178477959626
20261002T182024Z-ad0c3a34,1,9,9437184,on_policy,0,-0.10977313366266439,-0.06514396463605232,0.0,0.236328125,377,0.06352596730667803,0.25230231555360666,0.03368120564362635
20261002T182024Z-ad0c3a34,1,9,9437184,on_policy,1,0.09146783134100867,0.024377785064916058,0.16015625,0.16796875,455,0.25388722701807187,0.22367611217215747,0.0810670256365956
20261002T182024Z-ad0c3a34,1,9,9437184,on_policy,2,0.715930683390933,0.7667686271375773,0.462890625,0.037109375,395,0.845224232386276,0.20376741756128652,0.18471841765387134
20261002T182024Z-ad0c3a34,1,9,9437184,on_policy,3,0.7222845595231941,0.7265793187677945,0.453125,0.021484375,545,0.7610895415394292,0.1852017871692856,0.17929654126736758
20261002T182024Z-ad0c3a34,1,9,9437184,on_policy,4,0.525360888972755,0.6284509731105044,0.310546875,0.19921875,405,0.5622405977770193,0.23589847492824223,0.16990217373019095
20261002T182024Z-ad0c3a34,1,9,9437184,on_policy,5,0.8121160713679657,0.8397783553471195,0.45703125,0.021484375,512,0.8772142546937586,0.1762008132137369,0.17553548261577748
20261002T182024Z-ad0c3a34,1,9,9437184,on_policy,6,0.9311456420677829,0.9376589429932002,0.484375,0.02734375,536,0.8860946424241216,0.20763323328043878,0.21290312170886333
20261002T182024Z-ad0c3a34,1,9,9437184,common_checks,0,0.4894865845486117,0.07667288307990283,1.0,0.0,512,0.1042047892313831,0.26626733355479504,0.04206017488924374
20261002T182024Z-ad0c3a34,1,9,9437184,common_checks,1,0.7881026351692934,0.6573579101667195,1.0,0.0,512,0.7173561954002388,0.2644598520487067,0.23726348749493553
20261002T182024Z-ad0c3a34,1,9,9437184,common_checks,2,0.9377795383779131,0.9355863779711516,1.0,0.0,512,0.9550813158263094,0.25188659439243133,0.28197830845037686
20261002T182024Z-ad0c3a34,1,9,9437184,common_checks,3,0.9190303143109239,0.9120369512477662,1.0,0.0,512,0.9304111775525867,0.26822330061595323,0.2599606863328203
20261002T182024Z-ad0c3a34,1,9,9437184,common_checks,4,0.8124667294911513,0.790305167122779,1.0,0.0,512,0.6870246883229493,0.2755044110340661,0.19566048514370848
20261002T182024Z-ad0c3a34,1,9,9437184,common_checks,5,0.8225118808918327,0.8068472774468571,1.0,0.0,512,0.8759819768144455,0.25377318878486266,0.2621284768143042
20261002T182024Z-ad0c3a34,1,9,9437184,common_checks,6,0.9589572779573281,0.9593300305573397,1.0,0.0,512,0.9070424434706253,0.2793028597295447,0.2376524788583616
20261002T182024Z-ad0c3a34,1,14,14680064,on_policy,0,-0.06372584453407515,-0.02231467722635805,0.001953125,0.17578125,479,0.03279470804314344,0.22481463082821268,0.048500080221747344
20261002T182024Z-ad0c3a34,1,14,14680064,on_policy,1,0.866979045111865,0.859699578952824,0.517578125,0.009765625,600,0.7661388101738346,0.1576514312919612,0.18400934222043958
20261002T182024Z-ad0c3a34,1,14,14680064,on_policy,2,0.7655855154529925,0.7730740098535244,0.482421875,0.005859375,455,0.8634693850837442,0.18376340082488882,0.17530213136321618
20261002T182024Z-ad0c3a34,1,14,14680064,on_policy,3,0.8595009179427542,0.8618912526259324,0.474609375,0.0,618,0.831012106416923,0.149465884125994,0.15533439372727437
20261002T182024Z-ad0c3a34,1,14,14680064,on_policy,4,0.9115208792540864,0.9386950521281852,0.52734375,0.00390625,627,0.8430010741851316,0.19861332836779627,0.2005802137826964
20261002T182024Z-ad0c3a34,1,14,14680064,on_policy,5,0.8854819380084503,0.9048494288319496,0.490234375,0.001953125,580,0.9479090997942425,0.14769647021392127,0.15935046431841354
20261002T182024Z-ad0c3a34,1,14,14680064,on_policy,6,0.9599715236498797,0.9643545906775641,0.498046875,0.00390625,593,0.8900144473447661,0.1922395792012912,0.18851764788757966
20261002T182024Z-ad0c3a34,1,14,14680064,common_checks,0,0.5999175756078525,0.37485507629464254,1.0,0.0,512,0.7889687534680196,0.26626733355479504,0.18497051416067212
20261002T182024Z-ad0c3a34,1,14,14680064,common_checks,1,0.9250366423115082,0.9189939149308828,1.0,0.0,512,0.8708218370206388,0.2644598520487067,0.3075233926281964
20261002T182024Z-ad0c3a34,1,14,14680064,common_checks,2,0.9249779347768289,0.9235623495461793,1.0,0.0,512,0.895126776076982,0.25188659439243133,0.26643899736342824
20261002T182024Z-ad0c3a34,1,14,14680064,common_checks,3,0.9441753987710302,0.9407071782945473,1.0,0.0,512,0.9162495444235061,0.26822330061595323,0.2624266783017193
20261002T182024Z-ad0c3a34,1,14,14680064,common_checks,4,0.958078708996962,0.9465338362069688,1.0,0.0,512,0.9215591971501891,0.2755044110340661,0.2571448019872291
20261002T182024Z-ad0c3a34,1,14,14680064,common_checks,5,0.8055474512811246,0.7976297695377993,1.0,0.0,512,0.7951407019747234,0.25377318878486266,0.2725308097474395
20261002T182024Z-ad0c3a34,1,14,14680064,common_checks,6,0.9736674601482421,0.973992101211152,1.0,0.0,512,0.8949764222372871,0.2793028597295447,0.22698233137763513
20261002T182024Z-ad0c3a34,1,20,20971520,on_policy,0,-0.060141474057491706,-0.025202287508227617,0.0,0.1796875,473,0.014199425857319592,0.23471437279172805,0.03640004991510243
20261002T182024Z-ad0c3a34,1,20,20971520,on_policy,1,0.9339969790184836,0.9256190460506336,0.556640625,0.0,661,0.8312833012653189,0.1542540456936079,0.17693626088180214
20261002T182024Z-ad0c3a34,1,20,20971520,on_policy,2,0.8263058863555164,0.8252576580177869,0.49609375,0.001953125,457,0.8685056904991324,0.18321310552659806,0.18841107503449653
20261002T182024Z-ad0c3a34,1,20,20971520,on_policy,3,0.8917128468798301,0.890589446209387,0.474609375,0.001953125,618,0.8692042655185197,0.15165759445117702,0.1625323745043966
20261002T182024Z-ad0c3a34,1,20,20971520,on_policy,4,0.9369079791145634,0.9588586722854018,0.521484375,0.0,586,0.8964527175026177,0.22148729623669772,0.23877953220486178
20261002T182024Z-ad0c3a34,1,20,20971520,on_policy,5,0.9009547996295524,0.9223407738380175,0.494140625,0.0,549,0.9422199259488259,0.15046063617608285,0.16789135725767282
20261002T182024Z-ad0c3a34,1,20,20971520,on_policy,6,0.9701291210094076,0.9761406477256915,0.50390625,0.001953125,634,0.9283871664197423,0.18382568627873888,0.18556437260303596
20261002T182024Z-ad0c3a34,1,20,20971520,common_checks,0,0.6389577825331401,0.43615184250978234,1.0,0.0,512,0.7942854536413562,0.26626733355479504,0.18878021615573104
20261002T182024Z-ad0c3a34,1,20,20971520,common_checks,1,0.9707191803427891,0.9620380532754268,1.0,0.0,512,0.90070880096955,0.2644598520487067,0.3040436988269364
20261002T182024Z-ad0c3a34,1,20,20971520,common_checks,2,0.949825322114199,0.9430718423390874,1.0,0.0,512,0.9077635012935735,0.25188659439243133,0.26764998749785107
20261002T182024Z-ad0c3a34,1,20,20971520,common_checks,3,0.9580695936254132,0.9500519953434189,1.0,0.0,512,0.9208475977857141,0.26822330061595323,0.271791847109526
20261002T182024Z-ad0c3a34,1,20,20971520,common_checks,4,0.9652837437677009,0.9574542234341016,1.0,0.0,512,0.933796826102055,0.2755044110340661,0.28603657979828156
20261002T182024Z-ad0c3a34,1,20,20971520,common_checks,5,0.7378513591937224,0.7091292531842559,1.0,0.0,512,0.5480071936070797,0.25377318878486266,0.3084258720680628
20261002T182024Z-ad0c3a34,1,20,20971520,common_checks,6,0.9802358915872916,0.9810277860852691,1.0,0.0,512,0.947980350299599,0.2793028597295447,0.25084209064432716
20261002T182024Z-ad0c3a34,1,29,30408704,on_policy,0,-0.11730284288379078,-0.07389292709988426,0.001953125,0.169921875,477,-0.013288805895153244,0.21761183963685113,0.0407058626176151
20261002T182024Z-ad0c3a34,1,29,30408704,on_policy,1,0.9519304089714445,0.9435518447283517,0.55078125,0.00390625,669,0.8960051802145809,0.15107737690902484,0.16698938934020366
20261002T182024Z-ad0c3a34,1,29,30408704,on_policy,2,0.8695493188250546,0.8658998933894257,0.4921875,0.0,470,0.8980241303137146,0.15098046427961334,0.16419085325150845
20261002T182024Z-ad0c3a34,1,29,30408704,on_policy,3,0.9027256662972952,0.8911583155134422,0.484375,0.0,706,0.878862297916452,0.12506425984028835,0.13790227754721232
20261002T182024Z-ad0c3a34,1,29,30408704,on_policy,4,0.9555224447383188,0.9665204854316156,0.515625,0.001953125,629,0.910766605214626,0.1909114115420554,0.2000069059592177
20261002T182024Z-ad0c3a34,1,29,30408704,on_policy,5,0.7778021711496077,0.7569318925314323,0.498046875,0.0,510,0.9455808803499327,0.16478368858553022,0.17503820489736677
20261002T182024Z-ad0c3a34,1,29,30408704,on_policy,6,0.9737997257371719,0.9755638014030404,0.509765625,0.001953125,668,0.942197483413942,0.17857528154953808,0.1798458463578931
20261002T182024Z-ad0c3a34,1,29,30408704,common_checks,0,0.7224052707999573,0.5983665573195371,1.0,0.0,512,0.8395667797518174,0.26626733355479504,0.23065791996270235
20261002T182024Z-ad0c3a34,1,29,30408704,common_checks,1,0.9774760501762424,0.9751882406398412,1.0,0.0,512,0.9423937051286577,0.2644598520487067,0.2940461310962388
20261002T182024Z-ad0c3a34,1,29,30408704,common_checks,2,0.9283194319450628,0.9138182523402516,1.0,0.0,512,0.8916208510411163,0.25188659439243133,0.3056545886068225
20261002T182024Z-ad0c3a34,1,29,30408704,common_checks,3,0.9568280872437919,0.9473481635603974,1.0,0.0,512,0.9029585131175907,0.26822330061595323,0.2912615380745631
20261002T182024Z-ad0c3a34,1,29,30408704,common_checks,4,0.9774408765190257,0.9729425363603859,1.0,0.0,512,0.928789915359075,0.2755044110340661,0.27179365093071084
20261002T182024Z-ad0c3a34,1,29,30408704,common_checks,5,0.7608459467884217,0.7479577177625379,1.0,0.0,512,0.31250034814213656,0.25377318878486266,0.21413299108057515
20261002T182024Z-ad0c3a34,1,29,30408704,common_checks,6,0.9834400388827867,0.983651165133721,1.0,0.0,512,0.957854988346487,0.2793028597295447,0.24704913742638368
20261002T182024Z-ad0c3a34,2,0,0,on_policy,0,0.8812393012435947,0.8902593989608387,0.03515625,0.0,1793,0.38266437054364477,0.01897482639311673,0.09375771715655862
20261002T182024Z-ad0c3a34,2,0,0,on_policy,1,0.35853947243881945,0.38654899955488164,0.041015625,0.0078125,1342,-0.5600251054450862,0.07814185770106355,0.24761839029431149
20261002T182024Z-ad0c3a34,2,0,0,on_policy,2,0.27855330505090126,0.33333456356314894,0.09375,0.056640625,764,0.14317591927381446,0.13549226226526906,0.2320597123356781
20261002T182024Z-ad0c3a34,2,0,0,on_policy,3,0.27674444976867163,0.3136687488934856,0.0859375,0.00390625,1203,-0.4921639089360592,0.0872335464377776,0.27635235398262875
20261002T182024Z-ad0c3a34,2,0,0,on_policy,4,0.059144785552581514,0.1114559879115199,0.013671875,0.140625,536,0.45226292805519885,0.20948290856016447,0.18818978526469743
20261002T182024Z-ad0c3a34,2,0,0,on_policy,5,0.056469801516892404,0.027566232280712866,0.16796875,0.060546875,560,0.12340236244913938,0.17548302910420704,0.2940807877597941
20261002T182024Z-ad0c3a34,2,0,0,on_policy,6,0.5914387168925557,0.6277435175959304,0.087890625,0.005859375,1631,-0.44256689467516286,0.06021393537317274,0.19949087015099856
20261002T182024Z-ad0c3a34,2,0,0,common_checks,0,0.9588530162838933,0.9554929845017015,1.0,0.0,512,0.8034465306126093,0.26626733355479504,0.33658999900207653
20261002T182024Z-ad0c3a34,2,0,0,common_checks,1,0.9311942696725937,0.9198082389452259,1.0,0.0,512,0.6482619056041399,0.2644598520487067,0.3668393105396212
20261002T182024Z-ad0c3a34,2,0,0,common_checks,2,0.8734110839841229,0.8774284164805687,1.0,0.0,512,0.6789286818834638,0.25188659439243133,0.3787651522079382
20261002T182024Z-ad0c3a34,2,0,0,common_checks,3,0.8212157783243798,0.8344570767314439,1.0,0.0,512,0.5758428947269884,0.26822330061595323,0.38786970211508387
20261002T182024Z-ad0c3a34,2,0,0,common_checks,4,0.8938457950118075,0.8917018988391878,1.0,0.0,512,0.6295165009400661,0.2755044110340661,0.3592387598389716
20261002T182024Z-ad0c3a34,2,0,0,common_checks,5,0.8878794769805202,0.9153463518049223,1.0,0.0,512,0.5714872866989207,0.25377318878486266,0.3522535286216312
20261002T182024Z-ad0c3a34,2,0,0,common_checks,6,0.93940356537398,0.9651348277865106,1.0,0.0,512,0.7525732168620932,0.2793028597295447,0.30109179097251915
20261002T182024Z-ad0c3a34,2,1,1048576,on_policy,0,0.8374041154578098,0.8625749924198162,0.03515625,0.001953125,1719,0.5550910657276316,0.027875513815907128,0.08873312474449609
20261002T182024Z-ad0c3a34,2,1,1048576,on_policy,1,0.05696906022379644,0.046545784354380504,0.048828125,0.009765625,1258,0.04665835178358124,0.08625547482809627,0.07132314190182953
20261002T182024Z-ad0c3a34,2,1,1048576,on_policy,2,0.05450263739354477,0.08238246159614848,0.08984375,0.076171875,706,0.11914232735242258,0.13478433384272992,0.09913598374941493
20261002T182024Z-ad0c3a34,2,1,1048576,on_policy,3,0.14076157665131306,0.16242384213731031,0.064453125,0.0234375,1050,0.16701225180140322,0.097257152434579,0.09489261516462869
20261002T182024Z-ad0c3a34,2,1,1048576,on_policy,4,0.04349363454235833,0.058972239848721575,0.044921875,0.15625,484,0.020060186055367746,0.21518667556548474,0.0653787757958039
20261002T182024Z-ad0c3a34,2,1,1048576,on_policy,5,0.24803505450027807,0.29795378482479407,0.12109375,0.068359375,622,0.3121542143189303,0.15792469027502093,0.1232012589071627
20261002T182024Z-ad0c3a34,2,1,1048576,on_policy,6,0.5813231770378092,0.6341588677945962,0.09375,0.015625,1434,0.40019793458990083,0.07857263982339506,0.11437331279683846
20261002T182024Z-ad0c3a34,2,1,1048576,common_checks,0,0.8207942194078899,0.818708199021569,1.0,0.0,512,0.8863789758030401,0.26626733355479504,0.25817667663342414
20261002T182024Z-ad0c3a34,2,1,1048576,common_checks,1,0.5676718028888423,0.1536223882163179,1.0,0.0,512,0.13603564402369483,0.2644598520487067,0.12906385114654806
20261002T182024Z-ad0c3a34,2,1,1048576,common_checks,2,0.8134370875795162,0.7806389207237918,1.0,0.0,512,0.7215421629685671,0.25188659439243133,0.2800928734024413
20261002T182024Z-ad0c3a34,2,1,1048576,common_checks,3,0.6212645447497789,0.5074589571874719,1.0,0.0,512,0.4372472744598882,0.26822330061595323,0.300096030774061
20261002T182024Z-ad0c3a34,2,1,1048576,common_checks,4,0.4278119989672593,0.10786149886642926,1.0,0.0,512,-0.09605929563113613,0.2755044110340661,0.28829699046204693
20261002T182024Z-ad0c3a34,2,1,1048576,common_checks,5,0.5442031507321445,0.493777503617145,1.0,0.0,512,0.6540481424274276,0.25377318878486266,0.32474829242281755
20261002T182024Z-ad0c3a34,2,1,1048576,common_checks,6,0.6484550688767221,0.643579866340783,1.0,0.0,512,0.6199971615156161,0.2793028597295447,0.23386063148555203
20261002T182024Z-ad0c3a34,2,2,2097152,on_policy,0,0.6513952348964998,0.6665195423144616,0.02734375,0.001953125,1613,0.561102984448151,0.04711243453652029,0.09645649864538797
20261002T182024Z-ad0c3a34,2,2,2097152,on_policy,1,0.0871397627961481,0.07960934205917969,0.05078125,0.048828125,991,0.036391739091057085,0.11004862128949096,0.08069058021971416
20261002T182024Z-ad0c3a34,2,2,2097152,on_policy,2,0.1057613435976309,0.14753222636187868,0.099609375,0.109375,609,0.3746903099732629,0.1485577907597159,0.13150329583298626
20261002T182024Z-ad0c3a34,2,2,2097152,on_policy,3,0.11365581374163403,0.1353545902297718,0.0390625,0.041015625,932,-0.020322724342024534,0.11891171776078012,0.08980670487453764
20261002T182024Z-ad0c3a34,2,2,2097152,on_policy,4,0.10081084372293714,0.14239288741190026,0.025390625,0.240234375,424,0.11573766167062172,0.2363199154653092,0.09809909633609826
20261002T182024Z-ad0c3a34,2,2,2097152,on_policy,5,0.1406103044370528,0.15001726490790457,0.064453125,0.130859375,515,0.20632375878624998,0.19378012794650434,0.10764224011032177
20261002T182024Z-ad0c3a34,2,2,2097152,on_policy,6,0.6214499253534855,0.6571890252922774,0.1015625,0.041015625,1080,0.4017485830734393,0.10962309352232232,0.10217650486114334
20261002T182024Z-ad0c3a34,2,2,2097152,common_checks,0,0.8030926698419774,0.8271034174494275,1.0,0.0,512,0.735487849572856,0.26626733355479504,0.16598464551462153
20261002T182024Z-ad0c3a34,2,2,2097152,common_checks,1,0.7561814736876122,0.6857354712611454,1.0,0.0,512,0.7238738318196233,0.2644598520487067,0.25342506907694595
20261002T182024Z-ad0c3a34,2,2,2097152,common_checks,2,0.828023299015112,0.83063100362884,1.0,0.0,512,0.9130312268560289,0.25188659439243133,0.23771505514695943
20261002T182024Z-ad0c3a34,2,2,2097152,common_checks,3,0.4855722614882926,0.2875429168976251,1.0,0.0,512,0.1698023587769818,0.26822330061595323,0.16018166275385592
20261002T182024Z-ad0c3a34,2,2,2097152,common_checks,4,0.46538529081302127,0.20243813536004107,1.0,0.0,512,0.18166245696280692,0.2755044110340661,0.15706013560136164
20261002T182024Z-ad0c3a34,2,2,2097152,common_checks,5,0.5792060189875586,0.5439195346297578,1.0,0.0,512,0.5881268692369586,0.25377318878486266,0.23098241475369324
20261002T182024Z-ad0c3a34,2,2,2097152,common_checks,6,0.6657825679161382,0.6645839810479971,1.0,0.0,512,0.5936027334356997,0.2793028597295447,0.2893282314565502
20261002T182024Z-ad0c3a34,2,3,3145728,on_policy,0,0.5383761937766625,0.5670011395551258,0.03515625,0.015625,1232,0.5288463732106621,0.0950150922818458,0.128671760215824
20261002T182024Z-ad0c3a34,2,3,3145728,on_policy,1,-0.024842330174073446,-0.023594246173739286,0.044921875,0.087890625,734,0.08128419072569759,0.1521971407520395,0.09634384291697991
20261002T182024Z-ad0c3a34,2,3,3145728,on_policy,2,0.006922191627797725,0.017322818488222258,0.078125,0.177734375,421,0.20166790793643696,0.20588542712313262,0.09351622173735237
20261002T182024Z-ad0c3a34,2,3,3145728,on_policy,3,0.16396231882768975,0.19565479882732417,0.078125,0.130859375,574,0.09600483758444733,0.1733502105930612,0.07907407158372139
20261002T182024Z-ad0c3a34,2,3,3145728,on_policy,4,0.07893097674366234,0.13617343176501573,0.01171875,0.365234375,305,0.07151075002398788,0.2725075307772676,0.08449141412052437
20261002T182024Z-ad0c3a34,2,3,3145728,on_policy,5,0.042055399909517455,0.06765445735041342,0.044921875,0.20703125,433,0.21078334968050216,0.2322457433188036,0.1031302831389617
20261002T182024Z-ad0c3a34,2,3,3145728,on_policy,6,0.6094189814886679,0.666678711277968,0.06640625,0.0859375,769,0.4599429094410846,0.16608507886905885,0.11712298838200237
20261002T182024Z-ad0c3a34,2,3,3145728,common_checks,0,0.8766440933628692,0.8954511075122606,1.0,0.0,512,0.9711867794510779,0.26626733355479504,0.2551769980865398
20261002T182024Z-ad0c3a34,2,3,3145728,common_checks,1,0.6364299732105843,0.38254016756659426,1.0,0.0,512,0.42321081044235165,0.2644598520487067,0.13368771395171594
20261002T182024Z-ad0c3a34,2,3,3145728,common_checks,2,0.7553844309866082,0.7296239341852994,1.0,0.0,512,0.566000490332001,0.25188659439243133,0.262564422568733
20261002T182024Z-ad0c3a34,2,3,3145728,common_checks,3,0.569729446091009,0.4513130420814706,1.0,0.0,512,0.05290707957528196,0.26822330061595323,0.16169882954741707
20261002T182024Z-ad0c3a34,2,3,3145728,common_checks,4,0.5449342939755605,0.35559104917745277,1.0,0.0,512,0.33350498033781373,0.2755044110340661,0.12214690430292167
20261002T182024Z-ad0c3a34,2,3,3145728,common_checks,5,0.5994771579967964,0.5821226456887416,1.0,0.0,512,0.6762205199354785,0.25377318878486266,0.27571832516982997
20261002T182024Z-ad0c3a34,2,3,3145728,common_checks,6,0.7789340274989921,0.7845429891154797,1.0,0.0,512,0.5288109784129901,0.2793028597295447,0.22029058870849602
20261002T182024Z-ad0c3a34,2,4,4194304,on_policy,0,0.34422550268773744,0.38168517897337306,0.03125,0.1015625,720,0.43498804190105334,0.16703406753714795,0.1435687692650127
20261002T182024Z-ad0c3a34,2,4,4194304,on_policy,1,-0.019324141399571504,-0.0006864222424183275,0.046875,0.193359375,516,0.15902206077329106,0.20107454643956837,0.10627158860271352
20261002T182024Z-ad0c3a34,2,4,4194304,on_policy,2,0.03318838421868786,0.06974341396403483,0.095703125,0.27734375,327,0.3301089369930901,0.23866041824926745,0.15004674141064567
20261002T182024Z-ad0c3a34,2,4,4194304,on_policy,3,0.06565404946425979,0.14463662208909944,0.0625,0.26171875,392,0.3128281795766443,0.21705827944347827,0.10837285916838263
20261002T182024Z-ad0c3a34,2,4,4194304,on_policy,4,0.1518726852459198,0.2577339660993584,0.029296875,0.44140625,245,0.0791017057368496,0.2841355653932576,0.09693553523365135
20261002T182024Z-ad0c3a34,2,4,4194304,on_policy,5,-0.13339860495404454,-0.13455727885011748,0.0546875,0.296875,327,0.15832641856574525,0.2651407652074652,0.08526433272684245
20261002T182024Z-ad0c3a34,2,4,4194304,on_policy,6,0.6444070157931708,0.694519519556352,0.103515625,0.1640625,559,0.5849350130260155,0.20273929166169394,0.15361272023549752
20261002T182024Z-ad0c3a34,2,4,4194304,common_checks,0,0.911899381662786,0.9361188491169308,1.0,0.0,512,0.8817854910779008,0.26626733355479504,0.231768121073463
20261002T182024Z-ad0c3a34,2,4,4194304,common_checks,1,0.7882039650010721,0.7166884378150478,1.0,0.0,512,0.5577017818453409,0.2644598520487067,0.1825815660290271
20261002T182024Z-ad0c3a34,2,4,4194304,common_checks,2,0.7828649559491242,0.7594198909839538,1.0,0.0,512,0.7838155646357418,0.25188659439243133,0.31193210038025576
20261002T182024Z-ad0c3a34,2,4,4194304,common_checks,3,0.5692151741694647,0.4273867472857613,1.0,0.0,512,0.3651703885410277,0.26822330061595323,0.2490405767144388
20261002T182024Z-ad0c3a34,2,4,4194304,common_checks,4,0.5360759004519969,0.3264257488546146,1.0,0.0,512,0.22307787230806486,0.2755044110340661,0.0989184048165832
20261002T182024Z-ad0c3a34,2,4,4194304,common_checks,5,0.3075523637809682,0.15416987190112896,1.0,0.0,512,0.07679412254357632,0.25377318878486266,0.3352426360490348
20261002T182024Z-ad0c3a34,2,4,4194304,common_checks,6,0.8136147453283868,0.8304415311730913,1.0,0.0,512,0.5269531329509747,0.2793028597295447,0.22674616919031898
20261002T182024Z-ad0c3a34,2,5,5242880,on_policy,0,0.08290088726300926,0.14491842136951305,0.041015625,0.16796875,531,0.359371861998698,0.20111510244792613,0.11556089481077175
20261002T182024Z-ad0c3a34,2,5,5242880,on_policy,1,0.06287402801829745,0.09417654829832212,0.060546875,0.279296875,377,0.1793836955718956,0.24028135047743332,0.06567436095855197
20261002T182024Z-ad0c3a34,2,5,5242880,on_policy,2,0.16982146482193772,0.1288492156387563,0.162109375,0.265625,310,0.36870614504363564,0.24412359006050507,0.13619006407159012
20261002T182024Z-ad0c3a34,2,5,5242880,on_policy,3,0.15825883770375193,0.24926661801169903,0.091796875,0.26953125,333,0.3410497113226765,0.24020096665480237,0.13643574087007915
20261002T182024Z-ad0c3a34,2,5,5242880,on_policy,4,0.10112218801303541,0.2060709382596666,0.05859375,0.46875,221,0.2721189344560606,0.30363181301954045,0.09386861959319395
20261002T182024Z-ad0c3a34,2,5,5242880,on_policy,5,0.07569507955156463,0.07834271689776373,0.056640625,0.306640625,337,0.20104105478570256,0.25472781136900924,0.06618492933313834
20261002T182024Z-ad0c3a34,2,5,5242880,on_policy,6,0.6859513099529018,0.716538164522484,0.228515625,0.162109375,482,0.7065913759939357,0.22781227186701444,0.1845472879748188
20261002T182024Z-ad0c3a34,2,5,5242880,common_checks,0,0.8719755282517213,0.8581645843907095,1.0,0.0,512,0.9158553097114829,0.26626733355479504,0.24060483238421781
20261002T182024Z-ad0c3a34,2,5,5242880,common_checks,1,0.7764687275672171,0.6578052367286589,1.0,0.0,512,0.7561585434387748,0.2644598520487067,0.22335941663716596
20261002T182024Z-ad0c3a34,2,5,5242880,common_checks,2,0.7750017786477986,0.724952836086949,1.0,0.0,512,0.8517511376464979,0.25188659439243133,0.2800479358606687
20261002T182024Z-ad0c3a34,2,5,5242880,common_checks,3,0.5327569010147967,0.345355766938096,1.0,0.0,512,0.4675103205884462,0.26822330061595323,0.1857967537605525
20261002T182024Z-ad0c3a34,2,5,5242880,common_checks,4,0.5104699677352471,0.27485107315553825,1.0,0.0,512,0.35031375507986184,0.2755044110340661,0.08259810918054056
20261002T182024Z-ad0c3a34,2,5,5242880,common_checks,5,0.4903804816557611,0.4282863478910216,1.0,0.0,512,0.39761845161775444,0.25377318878486266,0.28290739935614084
20261002T182024Z-ad0c3a34,2,5,5242880,common_checks,6,0.8801732784872022,0.8833333408257824,1.0,0.0,512,0.7251938544437161,0.2793028597295447,0.2421522651262471
20261002T182024Z-ad0c3a34,2,6,6291456,on_policy,0,0.04719436471900362,0.09694663015481841,0.05078125,0.16015625,547,0.267641991942564,0.20197524383152396,0.10456336429217501
20261002T182024Z-ad0c3a34,2,6,6291456,on_policy,1,0.017257255801502613,0.02128536558724703,0.08984375,0.2109375,429,0.187893192408627,0.23269460869183078,0.08195022617002391
20261002T182024Z-ad0c3a34,2,6,6291456,on_policy,2,0.2507104476111526,0.1921541145219805,0.248046875,0.1640625,368,0.42024162644695884,0.2119552043620561,0.13500226110926683
20261002T182024Z-ad0c3a34,2,6,6291456,on_policy,3,0.2510250194475233,0.27811524411586774,0.181640625,0.173828125,443,0.4562348723919778,0.20827951578383413,0.14826421719319138
20261002T182024Z-ad0c3a34,2,6,6291456,on_policy,4,0.28444568622758226,0.37921744678589564,0.12109375,0.337890625,298,0.3643219217198268,0.27983326274100745,0.12500530686758285
20261002T182024Z-ad0c3a34,2,6,6291456,on_policy,5,0.03984060217840746,0.015525258850810797,0.080078125,0.255859375,385,0.2507394257145691,0.22778453208384755,0.08375793766707935
20261002T182024Z-ad0c3a34,2,6,6291456,on_policy,6,0.7207680062583911,0.7309611278304152,0.349609375,0.099609375,567,0.6906997193873996,0.19700138052596977,0.18323947221174172
20261002T182024Z-ad0c3a34,2,6,6291456,common_checks,0,0.8389072678988617,0.8139838283149127,1.0,0.0,512,0.9002593329543735,0.26626733355479504,0.21595663321255643
20261002T182024Z-ad0c3a34,2,6,6291456,common_checks,1,0.7834058520083657,0.6938217380310071,1.0,0.0,512,0.5704659223013261,0.2644598520487067,0.12889384963320794
20261002T182024Z-ad0c3a34,2,6,6291456,common_checks,2,0.8347294067348419,0.8543967887108792,1.0,0.0,512,0.9382761906287316,0.25188659439243133,0.2773384804853958
20261002T182024Z-ad0c3a34,2,6,6291456,common_checks,3,0.5610788081272053,0.42634222938780664,1.0,0.0,512,0.45482193248347336,0.26822330061595323,0.13162907009149727
20261002T182024Z-ad0c3a34,2,6,6291456,common_checks,4,0.694261740153131,0.5935651243870699,1.0,0.0,512,0.35924899496372975,0.2755044110340661,0.13545893385296992
20261002T182024Z-ad0c3a34,2,6,6291456,common_checks,5,0.4213065967311095,0.320475663665968,1.0,0.0,512,0.3740280755185649,0.25377318878486266,0.2608894707381033
20261002T182024Z-ad0c3a34,2,6,6291456,common_checks,6,0.8574976258977388,0.8560405887504808,1.0,0.0,512,0.8218136193366902,0.2793028597295447,0.24863728795055806
20261002T182024Z-ad0c3a34,2,9,9437184,on_policy,0,-0.04954348336543446,-0.06903218259184762,0.076171875,0.10546875,615,0.13080176803415144,0.1833218681892464,0.05937264228543009
20261002T182024Z-ad0c3a34,2,9,9437184,on_policy,1,0.2704354029224746,0.15595737827163958,0.2734375,0.10546875,516,0.3192326306475973,0.17897648614630493,0.10319098116708646
20261002T182024Z-ad0c3a34,2,9,9437184,on_policy,2,0.5616244939682478,0.5158069932608512,0.453125,0.03515625,468,0.7665110068295826,0.15708833866960428,0.13160972679836214
20261002T182024Z-ad0c3a34,2,9,9437184,on_policy,3,0.6049363881410205,0.604908102916017,0.3984375,0.02734375,548,0.6784115475449148,0.1601799076448648,0.16265005791949808
20261002T182024Z-ad0c3a34,2,9,9437184,on_policy,4,0.7506212866026395,0.821316535232182,0.44140625,0.078125,499,0.6744112861085083,0.20896483771064617,0.17887677056583698
20261002T182024Z-ad0c3a34,2,9,9437184,on_policy,5,0.043207519865195,0.026652048441906717,0.1796875,0.1484375,457,0.406623003072368,0.2031576494201459,0.13361244679814693
20261002T182024Z-ad0c3a34,2,9,9437184,on_policy,6,0.8010228417852019,0.8125752033666171,0.4609375,0.0234375,684,0.643414345230322,0.16866318123896618,0.159505870765221
20261002T182024Z-ad0c3a34,2,9,9437184,common_checks,0,0.7525768950734062,0.6446747856204467,1.0,0.0,512,0.6337336630752478,0.26626733355479504,0.18536863871776177
20261002T182024Z-ad0c3a34,2,9,9437184,common_checks,1,0.8479680331790993,0.7874925533136019,1.0,0.0,512,0.8481714180596912,0.2644598520487067,0.21939222796825675
20261002T182024Z-ad0c3a34,2,9,9437184,common_checks,2,0.7944991480780941,0.7788668081416221,1.0,0.0,512,0.8117143658782993,0.25188659439243133,0.25289885814854784
20261002T182024Z-ad0c3a34,2,9,9437184,common_checks,3,0.7423166529243035,0.6908421937275633,1.0,0.0,512,0.06214266461686524,0.26822330061595323,0.21982660546503752
20261002T182024Z-ad0c3a34,2,9,9437184,common_checks,4,0.8641289791435025,0.8569307772705341,1.0,0.0,512,0.8345315616601265,0.2755044110340661,0.22964892255279068
20261002T182024Z-ad0c3a34,2,9,9437184,common_checks,5,0.393564381886118,0.2619035698704705,1.0,0.0,512,0.29074292997759665,0.25377318878486266,0.3620882191828265
20261002T182024Z-ad0c3a34,2,9,9437184,common_checks,6,0.8718072781653974,0.8715845389156904,1.0,0.0,512,0.767734317438746,0.2793028597295447,0.23393185894911994
20261002T182024Z-ad0c3a34,2,14,14680064,on_policy,0,0.46246733813845897,0.42028772036739914,0.392578125,0.01953125,774,0.4418355317460343,0.13380906465949274,0.12711550335759123
20261002T182024Z-ad0c3a34,2,14,14680064,on_policy,1,0.7311547837604664,0.7137375480794748,0.548828125,0.00390625,611,0.5902768522304839,0.15432695790192963,0.11461940772329428
20261002T182024Z-ad0c3a34,2,14,14680064,on_policy,2,0.5481197683618098,0.4923165066756102,0.458984375,0.001953125,576,0.7627210923750195,0.12096933610950525,0.11031296646509395
20261002T182024Z-ad0c3a34,2,14,14680064,on_policy,3,0.8081830987059512,0.8182586178382393,0.4609375,0.0,695,0.6999570293021068,0.13300670586710486,0.13977154608880776
20261002T182024Z-ad0c3a34,2,14,14680064,on_policy,4,0.8384015582447935,0.8679774592369353,0.505859375,0.00390625,694,0.7285530576659233,0.18931309331847637,0.1799553435314644
20261002T182024Z-ad0c3a34,2,14,14680064,on_policy,5,0.21208847091408678,0.17049171617082248,0.384765625,0.025390625,559,0.7026498636241801,0.15997042821086804,0.1238360344468521
20261002T182024Z-ad0c3a34,2,14,14680064,on_policy,6,0.8611078331347377,0.8657431367983192,0.5,0.001953125,779,0.7298704238735046,0.14549556054379836,0.16268921685796603
20261002T182024Z-ad0c3a34,2,14,14680064,common_checks,0,0.8556974000343276,0.8212816365344875,1.0,0.0,512,0.8612892665433503,0.26626733355479504,0.2780416908599399
20261002T182024Z-ad0c3a34,2,14,14680064,common_checks,1,0.923621918274858,0.9001923574325253,1.0,0.0,512,0.848902504220917,0.2644598520487067,0.2162675963786871
20261002T182024Z-ad0c3a34,2,14,14680064,common_checks,2,0.8543320994990542,0.828812428621621,1.0,0.0,512,0.8427689897748547,0.25188659439243133,0.23943370568023603
20261002T182024Z-ad0c3a34,2,14,14680064,common_checks,3,0.9314690359756428,0.9230470739329317,1.0,0.0,512,0.8148934850290892,0.26822330061595323,0.2786013012342963
20261002T182024Z-ad0c3a34,2,14,14680064,common_checks,4,0.9259640765850466,0.9090788121065675,1.0,0.0,512,0.8148447162237176,0.2755044110340661,0.21018597920659943
20261002T182024Z-ad0c3a34,2,14,14680064,common_checks,5,0.35724835489962603,0.24504772531761865,1.0,0.0,512,0.46943636420281853,0.25377318878486266,0.30589839933010765
20261002T182024Z-ad0c3a34,2,14,14680064,common_checks,6,0.9420923948317836,0.9424667156142803,1.0,0.0,512,0.7903571555876507,0.2793028597295447,0.244307593181329
20261002T182024Z-ad0c3a34,2,20,20971520,on_policy,0,0.8367597455094545,0.8306090303980029,0.521484375,0.00390625,723,0.6935882574538568,0.1370948234717449,0.14945488057329337
20261002T182024Z-ad0c3a34,2,20,20971520,on_policy,1,0.905863327164322,0.9027567631590773,0.55078125,0.0,692,0.7490108418344106,0.1270409983977578,0.1309805778343791
20261002T182024Z-ad0c3a34,2,20,20971520,on_policy,2,0.7400471274062093,0.7241939340245083,0.48828125,0.0,522,0.8463839904690469,0.1389038295644521,0.137632703570732
20261002T182024Z-ad0c3a34,2,20,20971520,on_policy,3,0.8881017766749902,0.8941822366128112,0.47265625,0.009765625,621,0.7759921798825535,0.14944514459481253,0.15804825584993556
20261002T182024Z-ad0c3a34,2,20,20971520,on_policy,4,0.8961030334964821,0.9173761294445242,0.51953125,0.005859375,745,0.7785809836150317,0.16752655036133696,0.17854594699274728
20261002T182024Z-ad0c3a34,2,20,20971520,on_policy,5,0.5616139387598094,0.6002420763013703,0.486328125,0.001953125,581,0.8855570527598514,0.13751189222169338,0.1288259887465169
20261002T182024Z-ad0c3a34,2,20,20971520,on_policy,6,0.9239451870274515,0.9251079596679067,0.509765625,0.0,883,0.7636531490063236,0.13284697191401434,0.13815841392622313
20261002T182024Z-ad0c3a34,2,20,20971520,common_checks,0,0.9195467223284152,0.909469368635838,1.0,0.0,512,0.9164181209388254,0.26626733355479504,0.225368424619937
20261002T182024Z-ad0c3a34,2,20,20971520,common_checks,1,0.9618835910848157,0.9445989839061723,1.0,0.0,512,0.9008688451486457,0.2644598520487067,0.2469913784189437
20261002T182024Z-ad0c3a34,2,20,20971520,common_checks,2,0.9135443107951258,0.9052310593151327,1.0,0.0,512,0.9215425824882865,0.25188659439243133,0.25088223718963576
20261002T182024Z-ad0c3a34,2,20,20971520,common_checks,3,0.9477655279762828,0.9354610028798378,1.0,0.0,512,0.8379346925857063,0.26822330061595323,0.2583704617289655
20261002T182024Z-ad0c3a34,2,20,20971520,common_checks,4,0.9164758047862316,0.8922921086642571,1.0,0.0,512,0.7320848691048892,0.2755044110340661,0.28794796257942323
20261002T182024Z-ad0c3a34,2,20,20971520,common_checks,5,0.3132484628723754,0.17414926320936608,1.0,0.0,512,0.683019505411346,0.25377318878486266,0.28170357593212003
20261002T182024Z-ad0c3a34,2,20,20971520,common_checks,6,0.942154753264082,0.9420199104131418,1.0,0.0,512,0.8606127217132866,0.2793028597295447,0.22291337926142152
20261002T182024Z-ad0c3a34,2,29,30408704,on_policy,0,0.9312502319985453,0.935531363564451,0.51171875,0.00390625,766,0.8318832113674999,0.13026572749510898,0.15064441595377304
20261002T182024Z-ad0c3a34,2,29,30408704,on_policy,1,0.9392984521102012,0.935149655839846,0.541015625,0.0,763,0.8427404759434208,0.1326227821076836,0.1422940146698776
20261002T182024Z-ad0c3a34,2,29,30408704,on_policy,2,0.8460371421226824,0.8477944413808204,0.484375,0.001953125,459,0.864506166321927,0.14846730242026182,0.14954478929259873
20261002T182024Z-ad0c3a34,2,29,30408704,on_policy,3,0.915022827429341,0.924782877217606,0.470703125,0.00390625,632,0.8609315083254323,0.15415277673201602,0.16297001590519775
20261002T182024Z-ad0c3a34,2,29,30408704,on_policy,4,0.9273208668282867,0.9493724595565236,0.517578125,0.001953125,741,0.8303878942162725,0.18229616626019327,0.19770242055255116
20261002T182024Z-ad0c3a34,2,29,30408704,on_policy,5,0.6172942696761778,0.6091021325393654,0.48828125,0.0,571,0.9332174854267474,0.15536921189221167,0.1553606374203795
20261002T182024Z-ad0c3a34,2,29,30408704,on_policy,6,0.9441530075890905,0.9461623877658047,0.509765625,0.0,927,0.8108811494103141,0.13865523774531152,0.142432511138866
20261002T182024Z-ad0c3a34,2,29,30408704,common_checks,0,0.9770509592316491,0.9729721836893422,1.0,0.0,512,0.9542293625220403,0.26626733355479504,0.2626124786547379
20261002T182024Z-ad0c3a34,2,29,30408704,common_checks,1,0.9800340788340226,0.9685809353361838,1.0,0.0,512,0.9344325291831727,0.2644598520487067,0.2678722313210109
20261002T182024Z-ad0c3a34,2,29,30408704,common_checks,2,0.9048650805664467,0.8867052714098047,1.0,0.0,512,0.9194636089817301,0.25188659439243133,0.24464534824075734
20261002T182024Z-ad0c3a34,2,29,30408704,common_checks,3,0.9654301615333116,0.9558555276072295,1.0,0.0,512,0.8739526069286953,0.26822330061595323,0.28584972813280274
20261002T182024Z-ad0c3a34,2,29,30408704,common_checks,4,0.952412379906427,0.9354431878458966,1.0,0.0,512,0.8530608258062184,0.2755044110340661,0.2562768314094308
20261002T182024Z-ad0c3a34,2,29,30408704,common_checks,5,0.3921586839797526,0.2787508911445724,1.0,0.0,512,0.47264833640958226,0.25377318878486266,0.25808112051582555
20261002T182024Z-ad0c3a34,2,29,30408704,common_checks,6,0.9580716884052686,0.9579719845162179,1.0,0.0,512,0.8853817564097668,0.2793028597295447,0.252508527577354
20261002T182024Z-ad0c3a34,3,0,0,on_policy,0,0.40682516705450145,0.4362294477849127,0.015625,0.0,1611,-0.8703616588308649,0.08255705323513285,0.25399779325045824
20261002T182024Z-ad0c3a34,3,0,0,on_policy,1,0.3518663329257189,0.39050209954703907,0.021484375,0.0,1363,-0.661231519346891,0.08949994028601979,0.24148922149191462
20261002T182024Z-ad0c3a34,3,0,0,on_policy,2,0.0904687238382006,0.10647356024134791,0.109375,0.0546875,678,0.07057151169040254,0.16395818870672593,0.29522512183243416
20261002T182024Z-ad0c3a34,3,0,0,on_policy,3,0.5183557209792844,0.5531262693372756,0.03125,0.0,1506,-0.7023745287461911,0.069924631967532,0.2499166241686448
20261002T182024Z-ad0c3a34,3,0,0,on_policy,4,0.304914326058389,0.337519873962289,0.0,0.001953125,1613,-1.0527928357721263,0.08606009410378414,0.2686238161629697
20261002T182024Z-ad0c3a34,3,0,0,on_policy,5,0.2589168693733156,0.13945578164243544,0.431640625,0.0,844,-0.2576582901185278,0.0755057165670915,0.27893551035357034
20261002T182024Z-ad0c3a34,3,0,0,on_policy,6,0.835438405662538,0.8496534449573021,0.048828125,0.0,1950,0.09760393506598619,0.027566941470823267,0.12385276291194267
20261002T182024Z-ad0c3a34,3,0,0,common_checks,0,0.9602744010150934,0.9592449743487869,1.0,0.0,512,0.8391661769832996,0.26626733355479504,0.334812030202045
20261002T182024Z-ad0c3a34,3,0,0,common_checks,1,0.9264347206061764,0.9115791786938018,1.0,0.0,512,0.7614312032194028,0.2644598520487067,0.35400431092904505
20261002T182024Z-ad0c3a34,3,0,0,common_checks,2,0.8946672007431011,0.8944372798655367,1.0,0.0,512,0.7668866601492754,0.25188659439243133,0.34861001806045344
20261002T182024Z-ad0c3a34,3,0,0,common_checks,3,0.8790101021308416,0.8810993968483991,1.0,0.0,512,0.576672914144291,0.26822330061595323,0.36810159475522053
20261002T182024Z-ad0c3a34,3,0,0,common_checks,4,0.8594267892145285,0.8628076263351326,1.0,0.0,512,0.5884926638275993,0.2755044110340661,0.34035474046928976
20261002T182024Z-ad0c3a34,3,0,0,common_checks,5,0.816998492173196,0.8381194601557174,1.0,0.0,512,0.4020662690821283,0.25377318878486266,0.38551946236045875
20261002T182024Z-ad0c3a34,3,0,0,common_checks,6,0.9055696968010016,0.9215733563516912,1.0,0.0,512,0.6675514454867287,0.2793028597295447,0.31111048291209265
20261002T182024Z-ad0c3a34,3,1,1048576,on_policy,0,0.020644104588558365,0.03202255497855866,0.02734375,0.00390625,1609,-0.026830135495532925,0.08073292191291107,0.0859997169252052
20261002T182024Z-ad0c3a34,3,1,1048576,on_policy,1,-0.047815146405571385,-0.04431415794203453,0.025390625,0.001953125,1423,0.11411590714115583,0.08728583100843144,0.06379541744300049
20261002T182024Z-ad0c3a34,3,1,1048576,on_policy,2,0.47534803854272556,0.5577535357304788,0.107421875,0.03515625,756,0.40426157454401346,0.145764998830443,0.1539539361801226
20261002T182024Z-ad0c3a34,3,1,1048576,on_policy,3,0.03139263858536823,0.03212163842626914,0.05078125,0.0,1516,0.018358640244997004,0.06362023687446947,0.08037167674495696
20261002T182024Z-ad0c3a34,3,1,1048576,on_policy,4,-0.019470768255757553,-0.010918885721438398,0.001953125,0.00390625,1560,0.10705755502227654,0.08677194963503747,0.0710907051425088
20261002T182024Z-ad0c3a34,3,1,1048576,on_policy,5,0.7991806732066784,0.7895307169875485,0.345703125,0.001953125,935,0.6915676710531611,0.07706590562538497,0.12426647664389365
20261002T182024Z-ad0c3a34,3,1,1048576,on_policy,6,0.13155754872008063,0.13149905233752368,0.080078125,0.0,1891,-0.1086727870343287,0.032107462086444,0.1278181918556005
20261002T182024Z-ad0c3a34,3,1,1048576,common_checks,0,0.6157202246329874,0.33320692142146136,1.0,0.0,512,0.33138259412358695,0.26626733355479504,0.08325526648086229
20261002T182024Z-ad0c3a34,3,1,1048576,common_checks,1,0.573099888219238,0.1985894572739858,1.0,0.0,512,0.32704996366194905,0.2644598520487067,0.12457165864137043
20261002T182024Z-ad0c3a34,3,1,1048576,common_checks,2,0.8799097927136764,0.9262930010789889,1.0,0.0,512,0.9061426671960658,0.25188659439243133,0.2770378498434436
20261002T182024Z-ad0c3a34,3,1,1048576,common_checks,3,0.4116942236054403,0.13609152078972075,1.0,0.0,512,0.20200899303193987,0.26822330061595323,0.11250976785580466
20261002T182024Z-ad0c3a34,3,1,1048576,common_checks,4,0.40698422874831874,0.08719328774031254,1.0,0.0,512,0.0036443760220956634,0.2755044110340661,0.21436032360721935
20261002T182024Z-ad0c3a34,3,1,1048576,common_checks,5,0.899212197793908,0.900590357679197,1.0,0.0,512,0.9095001341386937,0.25377318878486266,0.31966029268564156
20261002T182024Z-ad0c3a34,3,1,1048576,common_checks,6,0.1087779578596133,0.038372854397708434,1.0,0.0,512,-0.09875689759736406,0.2793028597295447,0.22572867667736524
20261002T182024Z-ad0c3a34,3,2,2097152,on_policy,0,-0.019621662142493168,-0.020134868849964738,0.037109375,0.00390625,1545,0.0012715945941740303,0.0825555388199632,0.0628063384778308
20261002T182024Z-ad0c3a34,3,2,2097152,on_policy,1,-0.06357854088245807,-0.06988979500180936,0.029296875,0.00390625,1461,0.0596827005891204,0.0809848500028189,0.07267258319761263
20261002T182024Z-ad0c3a34,3,2,2097152,on_policy,2,0.4913785964236199,0.5688057537047359,0.087890625,0.02734375,880,0.3676183930700151,0.131048659916404,0.12117614621295883
20261002T182024Z-ad0c3a34,3,2,2097152,on_policy,3,0.023355870443669824,0.026954367976695592,0.07421875,0.001953125,1469,-0.016053617329698122,0.06850708142799943,0.07481438378430692
20261002T182024Z-ad0c3a34,3,2,2097152,on_policy,4,-0.007489182958110963,-0.001971427293185002,0.009765625,0.005859375,1636,-0.010514122947773874,0.07688674570389709,0.07195378897905921
20261002T182024Z-ad0c3a34,3,2,2097152,on_policy,5,0.8592288794186689,0.8485870036923571,0.423828125,0.001953125,889,0.8280717194473715,0.07405271335524106,0.1077794942215671
20261002T182024Z-ad0c3a34,3,2,2097152,on_policy,6,0.2737158616549984,0.2690463528433542,0.142578125,0.0,1840,-0.3111719893366669,0.03768741432290676,0.11710324197206105
20261002T182024Z-ad0c3a34,3,2,2097152,common_checks,0,0.5974279192492633,0.278222281207966,1.0,0.0,512,0.2866602790641166,0.26626733355479504,0.05427367287353846
20261002T182024Z-ad0c3a34,3,2,2097152,common_checks,1,0.5560702183465955,0.1294056052772764,1.0,0.0,512,0.24715715126813464,0.2644598520487067,0.07499784081198646
20261002T182024Z-ad0c3a34,3,2,2097152,common_checks,2,0.9522293640366801,0.970401181025291,1.0,0.0,512,0.9340387671437437,0.25188659439243133,0.24339225783023727
20261002T182024Z-ad0c3a34,3,2,2097152,common_checks,3,0.47350743769285353,0.2350781343720303,1.0,0.0,512,0.1488233882200516,0.26822330061595323,0.09008008964589087
20261002T182024Z-ad0c3a34,3,2,2097152,common_checks,4,0.37128506086133783,0.0379183325043464,1.0,0.0,512,0.17435209155106002,0.2755044110340661,0.13879892145113226
20261002T182024Z-ad0c3a34,3,2,2097152,common_checks,5,0.91742996911794,0.9201730893381417,1.0,0.0,512,0.9731379660476819,0.25377318878486266,0.2693657798429079
20261002T182024Z-ad0c3a34,3,2,2097152,common_checks,6,0.15583109993005595,0.08473413186052225,1.0,0.0,512,0.317705860002618,0.2793028597295447,0.1735161687758735
20261002T182024Z-ad0c3a34,3,3,3145728,on_policy,0,0.040015301268185755,0.025417738626311692,0.029296875,0.0078125,1360,0.06620982182721769,0.09030760309422334,0.0729391635830939
20261002T182024Z-ad0c3a34,3,3,3145728,on_policy,1,-0.0077082762331188714,-0.03782167267523584,0.064453125,0.0078125,1206,0.06254721390591211,0.09621231198429742,0.06367336039119637
20261002T182024Z-ad0c3a34,3,3,3145728,on_policy,2,0.44466955614704395,0.50311029336975,0.142578125,0.03515625,781,0.29582609195165643,0.13079428533077603,0.10118154309281419
20261002T182024Z-ad0c3a34,3,3,3145728,on_policy,3,0.08150985074096473,0.09529489113766165,0.1015625,0.00390625,1299,-0.12122901322082047,0.08143623514938846,0.08387450387544777
20261002T182024Z-ad0c3a34,3,3,3145728,on_policy,4,0.003433670947337264,0.009079117309533147,0.01953125,0.0078125,1431,-0.06905335547557434,0.08724586793372754,0.07359602385832179
20261002T182024Z-ad0c3a34,3,3,3145728,on_policy,5,0.828702114909549,0.8259132908864045,0.462890625,0.001953125,762,0.8402938570317824,0.08351844508699287,0.11358095060289694
20261002T182024Z-ad0c3a34,3,3,3145728,on_policy,6,0.304560826038605,0.28129793747948306,0.220703125,0.0,1694,0.0005633907378730374,0.04823845252104416,0.08476916053908629
20261002T182024Z-ad0c3a34,3,3,3145728,common_checks,0,0.5888464260185324,0.2396159445577234,1.0,0.0,512,0.20032672107788962,0.26626733355479504,0.09735951298499401
20261002T182024Z-ad0c3a34,3,3,3145728,common_checks,1,0.557876785331299,0.13627396330483588,1.0,0.0,512,0.23266675392486846,0.2644598520487067,0.0886201883966784
20261002T182024Z-ad0c3a34,3,3,3145728,common_checks,2,0.9382839541095025,0.9611990966033562,1.0,0.0,512,0.932057249956165,0.25188659439243133,0.251865298010741
20261002T182024Z-ad0c3a34,3,3,3145728,common_checks,3,0.4153059836382693,0.1459928459396761,1.0,0.0,512,0.18780709033300713,0.26822330061595323,0.10981502173330782
20261002T182024Z-ad0c3a34,3,3,3145728,common_checks,4,0.37509736919509984,0.03067309804920848,1.0,0.0,512,0.24844795971677225,0.2755044110340661,0.12941881047406678
20261002T182024Z-ad0c3a34,3,3,3145728,common_checks,5,0.9295542619057309,0.9413461203501916,1.0,0.0,512,0.9244978234236443,0.25377318878486266,0.2951299356852869
20261002T182024Z-ad0c3a34,3,3,3145728,common_checks,6,0.3443391603142887,0.2988665645963807,1.0,0.0,512,0.2226792733837739,0.2793028597295447,0.19062386102727258
20261002T182024Z-ad0c3a34,3,4,4194304,on_policy,0,-0.009977594631050302,-0.009296475573215224,0.017578125,0.048828125,950,0.0001265451518506211,0.13256278109903377,0.06999500634272893
20261002T182024Z-ad0c3a34,3,4,4194304,on_policy,1,-0.07324653284306959,-0.0949709442790605,0.04296875,0.07421875,878,0.049999799936018,0.1346559756351748,0.042023283314326164
20261002T182024Z-ad0c3a34,3,4,4194304,on_policy,2,0.38963114457643133,0.4328915188228387,0.142578125,0.0859375,618,0.47032873133600794,0.15789253828845268,0.1422153073004287
20261002T182024Z-ad0c3a34,3,4,4194304,on_policy,3,0.07388232764295599,0.07435210085536581,0.130859375,0.04296875,953,-0.06018059272870735,0.11497687562263537,0.08128769750122312
20261002T182024Z-ad0c3a34,3,4,4194304,on_policy,4,0.05269960552368369,0.060979779081451135,0.0234375,0.044921875,1033,0.048672273549009715,0.12842867917727824,0.0643926023254199
20261002T182024Z-ad0c3a34,3,4,4194304,on_policy,5,0.8664780491213386,0.868447500389727,0.458984375,0.017578125,643,0.8978156877389323,0.11153541330768633,0.12584321606809226
20261002T182024Z-ad0c3a34,3,4,4194304,on_policy,6,0.4698229060516731,0.4715503213791795,0.24609375,0.005859375,1342,0.039530621702525526,0.07866978905616562,0.08349187367585406
20261002T182024Z-ad0c3a34,3,4,4194304,common_checks,0,0.5644781611897496,0.18275656304511856,1.0,0.0,512,0.30291666375994164,0.26626733355479504,0.08673812888356025
20261002T182024Z-ad0c3a34,3,4,4194304,common_checks,1,0.5934025670678513,0.22879586181622402,1.0,0.0,512,0.25366257390418134,0.2644598520487067,0.10386612987191945
20261002T182024Z-ad0c3a34,3,4,4194304,common_checks,2,0.9318530066151947,0.957836911639035,1.0,0.0,512,0.9781471175704545,0.25188659439243133,0.2438551614695017
20261002T182024Z-ad0c3a34,3,4,4194304,common_checks,3,0.4700565994209638,0.23403146765434946,1.0,0.0,512,0.284187055945469,0.26822330061595323,0.1771464515317409
20261002T182024Z-ad0c3a34,3,4,4194304,common_checks,4,0.38160987153000503,0.04587457219359725,1.0,0.0,512,0.27260073332851154,0.2755044110340661,0.15112651245734376
20261002T182024Z-ad0c3a34,3,4,4194304,common_checks,5,0.9084390919642187,0.9134460927568749,1.0,0.0,512,0.9421475152643669,0.25377318878486266,0.29690746193548456
20261002T182024Z-ad0c3a34,3,4,4194304,common_checks,6,0.2945403806504161,0.25094671390783474,1.0,0.0,512,0.28256760575080986,0.2793028597295447,0.10488819293575347
20261002T182024Z-ad0c3a34,3,5,5242880,on_policy,0,-0.05243204119260225,-0.03169401698707852,0.005859375,0.1171875,698,0.09173944932150391,0.17908395043714645,0.05094008899375326
20261002T182024Z-ad0c3a34,3,5,5242880,on_policy,1,-0.02361279285520168,-0.04955805635831356,0.0703125,0.146484375,598,0.08751627701745168,0.17443415711183577,0.05210990884557416
20261002T182024Z-ad0c3a34,3,5,5242880,on_policy,2,0.4573131558169581,0.49212719010981887,0.193359375,0.142578125,480,0.5810423072176805,0.18489364758308352,0.1402133866789718
20261002T182024Z-ad0c3a34,3,5,5242880,on_policy,3,0.15616491472266947,0.16766677261700846,0.15234375,0.0859375,667,0.20045257988261989,0.15458807366505323,0.09139792627508259
20261002T182024Z-ad0c3a34,3,5,5242880,on_policy,4,-0.01825652461657179,0.009314844277428458,0.013671875,0.115234375,673,0.094543381775411,0.1792681099088965,0.06987342918723838
20261002T182024Z-ad0c3a34,3,5,5242880,on_policy,5,0.841681020828522,0.8428034623213552,0.45703125,0.033203125,502,0.8924442382662373,0.14900096748318575,0.16180039514625225
20261002T182024Z-ad0c3a34,3,5,5242880,on_policy,6,0.5778028259217057,0.5829889782809958,0.330078125,0.029296875,999,0.40544561922591715,0.11720463692499523,0.10877876702503232
20261002T182024Z-ad0c3a34,3,5,5242880,common_checks,0,0.551859886864297,0.16896948775624354,1.0,0.0,512,0.1432318076811755,0.26626733355479504,0.07998994721610053
20261002T182024Z-ad0c3a34,3,5,5242880,common_checks,1,0.635686972689515,0.3362760564536207,1.0,0.0,512,0.38906191237167065,0.2644598520487067,0.12901739622588515
20261002T182024Z-ad0c3a34,3,5,5242880,common_checks,2,0.9443925578624982,0.9533314028696417,1.0,0.0,512,0.9746404239275815,0.25188659439243133,0.2669706741367312
20261002T182024Z-ad0c3a34,3,5,5242880,common_checks,3,0.608556525667735,0.4970483538481921,1.0,0.0,512,0.6132001873775126,0.26822330061595323,0.21578506293066857
20261002T182024Z-ad0c3a34,3,5,5242880,common_checks,4,0.3898469247922536,0.08203432988705361,1.0,0.0,512,0.26621582425264323,0.2755044110340661,0.09698356212069292
20261002T182024Z-ad0c3a34,3,5,5242880,common_checks,5,0.8758003811062043,0.8657610815894425,1.0,0.0,512,0.8161369063295543,0.25377318878486266,0.29147353460900405
20261002T182024Z-ad0c3a34,3,5,5242880,common_checks,6,0.5292004067891307,0.5096203883387886,1.0,0.0,512,0.10355824463966312,0.2793028597295447,0.20167620798885988
20261002T182024Z-ad0c3a34,3,6,6291456,on_policy,0,-0.07451622245957656,-0.0311801958875646,0.01171875,0.1875,451,0.08022435320930599,0.2351227301878708,0.04470231460791897
20261002T182024Z-ad0c3a34,3,6,6291456,on_policy,1,-0.07026181795052833,-0.07784356689413774,0.046875,0.224609375,457,0.09805353833157782,0.21387257557078954,0.05339986452866691
20261002T182024Z-ad0c3a34,3,6,6291456,on_policy,2,0.4620876290363759,0.447851617058168,0.24609375,0.1796875,403,0.6410937624466468,0.21390591506846754,0.1680515008211838
20261002T182024Z-ad0c3a34,3,6,6291456,on_policy,3,0.26511700248042747,0.2990080015598575,0.189453125,0.140625,503,0.37869418213237627,0.1901231367198934,0.11234100588709933
20261002T182024Z-ad0c3a34,3,6,6291456,on_policy,4,-0.06073789237376381,-0.01712117706404892,0.041015625,0.208984375,459,0.10463876640636183,0.23489871097103449,0.0556316892172898
20261002T182024Z-ad0c3a34,3,6,6291456,on_policy,5,0.8182278399746996,0.81291471386159,0.455078125,0.041015625,484,0.9144215029788741,0.16568941325658282,0.17453603024898456
20261002T182024Z-ad0c3a34,3,6,6291456,on_policy,6,0.7150878432614425,0.7205281551600878,0.37109375,0.048828125,793,0.669513096330659,0.1488523645734208,0.1230238757177093
20261002T182024Z-ad0c3a34,3,6,6291456,common_checks,0,0.5112398865684973,0.05878036846802859,1.0,0.0,512,0.048932016436370795,0.26626733355479504,0.0993509621505706
20261002T182024Z-ad0c3a34,3,6,6291456,common_checks,1,0.670780956996848,0.4094312180247843,1.0,0.0,512,0.38306583286420215,0.2644598520487067,0.08052916473532212
20261002T182024Z-ad0c3a34,3,6,6291456,common_checks,2,0.9542871463295344,0.9618342584252686,1.0,0.0,512,0.9678831343750962,0.25188659439243133,0.2528082094285604
20261002T182024Z-ad0c3a34,3,6,6291456,common_checks,3,0.7581077690239699,0.7181047014303861,1.0,0.0,512,0.7343220132956565,0.26822330061595323,0.21971171793308963
20261002T182024Z-ad0c3a34,3,6,6291456,common_checks,4,0.4068324661491508,0.07585751592136014,1.0,0.0,512,0.22038631685086674,0.2755044110340661,0.09700241791254172
20261002T182024Z-ad0c3a34,3,6,6291456,common_checks,5,0.8312661674142718,0.817951597820648,1.0,0.0,512,0.8638636456057471,0.25377318878486266,0.26244088943743626
20261002T182024Z-ad0c3a34,3,6,6291456,common_checks,6,0.7200480227433668,0.7059937829639541,1.0,0.0,512,0.461420956721904,0.2793028597295447,0.17483160040339163
20261002T182024Z-ad0c3a34,3,9,9437184,on_policy,0,-0.07169828554219215,-0.03772948102224283,0.01171875,0.166015625,479,0.04935509177296327,0.22990234548925453,0.04021191036874654
20261002T182024Z-ad0c3a34,3,9,9437184,on_policy,1,0.18191542734274335,0.0998390935319371,0.2265625,0.171875,481,0.2097453087571589,0.20147164801690973,0.10814828999976418
20261002T182024Z-ad0c3a34,3,9,9437184,on_policy,2,0.7466305928508856,0.7577156607187933,0.447265625,0.033203125,453,0.832893329414621,0.1859272171912575,0.17322498873363915
20261002T182024Z-ad0c3a34,3,9,9437184,on_policy,3,0.6990931966184146,0.6854033700955899,0.41796875,0.0390625,550,0.7692001446167289,0.17733459571342108,0.1773760174657329
20261002T182024Z-ad0c3a34,3,9,9437184,on_policy,4,0.1499323150945946,0.18073825436639446,0.1484375,0.181640625,520,0.07321472673511598,0.1991294059963922,0.0746777099952735
20261002T182024Z-ad0c3a34,3,9,9437184,on_policy,5,0.8355167702566603,0.8473482707995943,0.48828125,0.001953125,486,0.9313172184928894,0.16564458517022446,0.16395965280345964
20261002T182024Z-ad0c3a34,3,9,9437184,on_policy,6,0.8688479285112074,0.8687471458818282,0.50390625,0.0078125,839,0.7767312544111702,0.1461861970357612,0.1527407518099649
20261002T182024Z-ad0c3a34,3,9,9437184,common_checks,0,0.5288921562010964,0.10143588853939389,1.0,0.0,512,0.1704886034061568,0.26626733355479504,0.05842652390676406
20261002T182024Z-ad0c3a34,3,9,9437184,common_checks,1,0.7664454458995654,0.6376692009632934,1.0,0.0,512,0.4164363999962428,0.2644598520487067,0.22239560248205947
20261002T182024Z-ad0c3a34,3,9,9437184,common_checks,2,0.9342330216567855,0.9461790689792606,1.0,0.0,512,0.9638681316843369,0.25188659439243133,0.288564764859639
20261002T182024Z-ad0c3a34,3,9,9437184,common_checks,3,0.9025290585863616,0.8901943473994365,1.0,0.0,512,0.871280790035863,0.26822330061595323,0.25796274408604125
20261002T182024Z-ad0c3a34,3,9,9437184,common_checks,4,0.47197269638698314,0.19045268710807128,1.0,0.0,512,0.2777321857432442,0.2755044110340661,0.11807476360620983
20261002T182024Z-ad0c3a34,3,9,9437184,common_checks,5,0.7822017622833403,0.7533183021093159,1.0,0.0,512,0.8098407094458931,0.25377318878486266,0.22775951977915643
20261002T182024Z-ad0c3a34,3,9,9437184,common_checks,6,0.8418760763415221,0.8359839355693911,1.0,0.0,512,0.6303585533773388,0.2793028597295447,0.22651654915058383
20261002T182024Z-ad0c3a34,3,14,14680064,on_policy,0,-0.055009199081658355,-0.014137771128614807,0.00390625,0.1484375,494,-0.00848710167629263,0.2220565407177701,0.04588813551055795
20261002T182024Z-ad0c3a34,3,14,14680064,on_policy,1,0.8370867372981257,0.8253460206222073,0.5390625,0.0078125,672,0.6903769324527314,0.16087516710163569,0.1738600661289043
20261002T182024Z-ad0c3a34,3,14,14680064,on_policy,2,0.8962918767433968,0.8981263375479893,0.48828125,0.00390625,477,0.9078402397823796,0.1947363351552663,0.1854715618951474
20261002T182024Z-ad0c3a34,3,14,14680064,on_policy,3,0.8386208337079403,0.8316459388204299,0.458984375,0.0078125,596,0.8005897146755747,0.17044890127363183,0.17987272898357115
20261002T182024Z-ad0c3a34,3,14,14680064,on_policy,4,0.9177845926310526,0.936715965430152,0.49609375,0.013671875,691,0.803985804235261,0.17564665030725254,0.17860589786010442
20261002T182024Z-ad0c3a34,3,14,14680064,on_policy,5,0.8863375687380974,0.919014376485067,0.501953125,0.001953125,490,0.9454645762346513,0.15164295632410968,0.15508439618266484
20261002T182024Z-ad0c3a34,3,14,14680064,on_policy,6,0.9361229613858005,0.9378182184189039,0.5078125,0.0,723,0.8644937791987047,0.15273622837510553,0.1689447193103431
20261002T182024Z-ad0c3a34,3,14,14680064,common_checks,0,0.5414649500986295,0.15134951364849125,1.0,0.0,512,0.01627166670317226,0.26626733355479504,0.17579386131653507
20261002T182024Z-ad0c3a34,3,14,14680064,common_checks,1,0.9130929191541325,0.877787332821095,1.0,0.0,512,0.8582318365727198,0.2644598520487067,0.31596627295552926
20261002T182024Z-ad0c3a34,3,14,14680064,common_checks,2,0.9110066747196415,0.8868507249331268,1.0,0.0,512,0.7995488624822644,0.25188659439243133,0.26238619592510243
20261002T182024Z-ad0c3a34,3,14,14680064,common_checks,3,0.9634958524121328,0.9542543783424657,1.0,0.0,512,0.9141871883712376,0.26822330061595323,0.27233639995072645
20261002T182024Z-ad0c3a34,3,14,14680064,common_checks,4,0.9265133493562151,0.9012576356538757,1.0,0.0,512,0.6530475442022662,0.2755044110340661,0.22446220035745323
20261002T182024Z-ad0c3a34,3,14,14680064,common_checks,5,0.6466955632445717,0.5831580559240139,1.0,0.0,512,0.6914796141760616,0.25377318878486266,0.24716266598761574
20261002T182024Z-ad0c3a34,3,14,14680064,common_checks,6,0.9439182414794501,0.9420095443133883,1.0,0.0,512,0.8414866346762471,0.2793028597295447,0.25720479423595677
20261002T182024Z-ad0c3a34,3,20,20971520,on_policy,0,-0.08190895633925543,-0.053716338091757576,0.0,0.20703125,449,0.040153306428060365,0.23030577298854685,0.04455019215153049
20261002T182024Z-ad0c3a34,3,20,20971520,on_policy,1,0.9206495462811422,0.9086251351117232,0.55078125,0.001953125,598,0.8297242694662674,0.17465047442664006,0.17965990148284086
20261002T182024Z-ad0c3a34,3,20,20971520,on_policy,2,0.8906851046654286,0.8779920631543038,0.484375,0.0,540,0.9440094828102299,0.16807808035763455,0.1671804871050504
20261002T182024Z-ad0c3a34,3,20,20971520,on_policy,3,0.9296499726927118,0.9271831688425518,0.47265625,0.001953125,648,0.8865786254726216,0.15310218880847304,0.16827191368735508
20261002T182024Z-ad0c3a34,3,20,20971520,on_policy,4,0.9705151396385581,0.9789503616874784,0.509765625,0.00390625,677,0.9107959808710266,0.17886764373127792,0.189693506456065
20261002T182024Z-ad0c3a34,3,20,20971520,on_policy,5,0.8020738759742835,0.7623675044212078,0.490234375,0.0,448,0.9467942743948186,0.17592463799006133,0.1766860650642974
20261002T182024Z-ad0c3a34,3,20,20971520,on_policy,6,0.9593067753222271,0.9644586063045623,0.505859375,0.0,840,0.8632353825506285,0.1505469044421978,0.166421008192183
20261002T182024Z-ad0c3a34,3,20,20971520,common_checks,0,0.5246255817446506,0.1283614421164614,1.0,0.0,512,0.05853083687682048,0.26626733355479504,0.1163993375977288
20261002T182024Z-ad0c3a34,3,20,20971520,common_checks,1,0.9546257051194778,0.936137071004254,1.0,0.0,512,0.9407005341651842,0.2644598520487067,0.27236024815937754
20261002T182024Z-ad0c3a34,3,20,20971520,common_checks,2,0.9033084884470466,0.8846931408914206,1.0,0.0,512,0.8065278898368728,0.25188659439243133,0.27092688394786735
20261002T182024Z-ad0c3a34,3,20,20971520,common_checks,3,0.9476783461612608,0.9303821983318215,1.0,0.0,512,0.899403992315592,0.26822330061595323,0.28874955049347983
20261002T182024Z-ad0c3a34,3,20,20971520,common_checks,4,0.9775563202158201,0.9684668355918343,1.0,0.0,512,0.9499481289113859,0.2755044110340661,0.27426513619209203
20261002T182024Z-ad0c3a34,3,20,20971520,common_checks,5,0.5590454012730637,0.4868681630011731,1.0,0.0,512,0.694720803401717,0.25377318878486266,0.2707557299671244
20261002T182024Z-ad0c3a34,3,20,20971520,common_checks,6,0.9133281130264294,0.9081558656542035,1.0,0.0,512,0.7911498362964445,0.2793028597295447,0.3020041334272767
20261002T182024Z-ad0c3a34,3,29,30408704,on_policy,0,-0.051785064661524105,-0.029264649696720157,0.0,0.15625,504,0.027267689178642196,0.21559110512898455,0.037579672324641746
20261002T182024Z-ad0c3a34,3,29,30408704,on_policy,1,0.9546713473986554,0.9530223454421518,0.552734375,0.0,611,0.8808107254585775,0.16895158702353485,0.19030886714585485
20261002T182024Z-ad0c3a34,3,29,30408704,on_policy,2,0.9594625048838078,0.9596145601131333,0.4921875,0.0,549,0.9415713477832134,0.1485140856334409,0.15558871208334327
20261002T182024Z-ad0c3a34,3,29,30408704,on_policy,3,0.9386172279740352,0.9322258930243538,0.470703125,0.001953125,657,0.9087969006416681,0.1471528035685797,0.16136190915995027
20261002T182024Z-ad0c3a34,3,29,30408704,on_policy,4,0.970002023905616,0.9781119612268804,0.505859375,0.00390625,765,0.9057611714061918,0.17867415532789738,0.190680339791845
20261002T182024Z-ad0c3a34,3,29,30408704,on_policy,5,0.9312450929626285,0.9304813418647603,0.49609375,0.0,457,0.9598645099670645,0.17892683859049321,0.19025308739973915
20261002T182024Z-ad0c3a34,3,29,30408704,on_policy,6,0.9668316792408171,0.9706122793456049,0.509765625,0.0,799,0.8759640108058282,0.15332408515167573,0.16869883094283294
20261002T182024Z-ad0c3a34,3,29,30408704,common_checks,0,0.4770447659248507,0.013715513184887285,1.0,0.0,512,0.09232388556537774,0.26626733355479504,0.06927821006441093
20261002T182024Z-ad0c3a34,3,29,30408704,common_checks,1,0.960272673317404,0.9547297125366254,1.0,0.0,512,0.9322168985491565,0.2644598520487067,0.29276195970413443
20261002T182024Z-ad0c3a34,3,29,30408704,common_checks,2,0.8952359655249955,0.8721299743509318,1.0,0.0,512,0.7350067824423763,0.25188659439243133,0.308388687752398
20261002T182024Z-ad0c3a34,3,29,30408704,common_checks,3,0.9769437736685035,0.9681072229412927,1.0,0.0,512,0.9675371120182469,0.26822330061595323,0.28297932623865574
20261002T182024Z-ad0c3a34,3,29,30408704,common_checks,4,0.9722534592991537,0.9618497532914276,1.0,0.0,512,0.9413439611581943,0.2755044110340661,0.27632989815939446
20261002T182024Z-ad0c3a34,3,29,30408704,common_checks,5,0.5756561189757158,0.5051792261125563,1.0,0.0,512,0.5889423404677561,0.25377318878486266,0.2341434403391256
20261002T182024Z-ad0c3a34,3,29,30408704,common_checks,6,0.9673136857618024,0.9664798554994609,1.0,0.0,512,0.931232671955981,0.2793028597295447,0.2737904034210694
20261002T191712Z-7f1dc1ef,0,0,0,on_policy,0,0.08257140634404903,0.09553197363580812,0.123046875,0.248046875,345,0.27581485281522145,0.22005322520529358,0.17195478453493288
20261002T191712Z-7f1dc1ef,0,0,0,on_policy,1,0.4601839462624916,0.5115925690820704,0.12109375,0.05859375,893,-0.07896124568485119,0.09905147392341164,0.2567076441867303
20261002T191712Z-7f1dc1ef,0,0,0,on_policy,2,0.4128345875910653,0.4550404197345367,0.19140625,0.07421875,736,0.027946087760122307,0.11308189999318431,0.2752451786343871
20261002T191712Z-7f1dc1ef,0,0,0,on_policy,3,0.4397057036828633,0.5034544185885921,0.142578125,0.08203125,723,0.04300658245641775,0.12661213091914492,0.27479557856858905
20261002T191712Z-7f1dc1ef,0,0,0,on_policy,4,0.38286385262915634,0.44881064126524084,0.052734375,0.10546875,879,-0.12434882541743075,0.13368617672549074,0.24752536607311887
20261002T191712Z-7f1dc1ef,0,0,0,on_policy,5,0.09021402741880613,0.13900694185888363,0.14453125,0.251953125,338,0.38494517698409136,0.20639847173350898,0.32506487802120243
20261002T191712Z-7f1dc1ef,0,0,0,on_policy,6,0.3568444044243325,0.41130982049735054,0.080078125,0.1015625,822,-0.1417526636973494,0.1447466981853188,0.2843362597451024
20261002T191712Z-7f1dc1ef,0,0,0,common_checks,0,0.9534759805371573,0.9534396504640044,1.0,0.0,512,0.8204961231077055,0.26626733355479504,0.33962835412909587
20261002T191712Z-7f1dc1ef,0,0,0,common_checks,1,0.9275075229144101,0.9183088616840134,1.0,0.0,512,0.7719975381633406,0.2644598520487067,0.34333308747906305
20261002T191712Z-7f1dc1ef,0,0,0,common_checks,2,0.9029345220776166,0.9199238670532692,1.0,0.0,512,0.7082276432359246,0.25188659439243133,0.37007756187420054
20261002T191712Z-7f1dc1ef,0,0,0,common_checks,3,0.8835186876602528,0.8935612160639804,1.0,0.0,512,0.4832477348760289,0.26822330061595323,0.407738549673436
20261002T191712Z-7f1dc1ef,0,0,0,common_checks,4,0.8830518719022837,0.8799796627221496,1.0,0.0,512,0.7111296942268099,0.2755044110340661,0.3541376485978652
20261002T191712Z-7f1dc1ef,0,0,0,common_checks,5,0.9027571764998205,0.932731573679316,1.0,0.0,512,0.6908315905854536,0.25377318878486266,0.35392441116600604
20261002T191712Z-7f1dc1ef,0,0,0,common_checks,6,0.9481993924161255,0.9732787973883142,1.0,0.0,512,0.7644254773185127,0.2793028597295447,0.30957332923747993
20261002T191712Z-7f1dc1ef,0,1,1048576,on_policy,0,0.04817748830092161,0.05714380532408081,0.064453125,0.36328125,237,0.14164748971991592,0.2683571182957209,0.1222688692099307
20261002T191712Z-7f1dc1ef,0,1,1048576,on_policy,1,0.39709855018954365,0.4673704961716272,0.0703125,0.12109375,631,0.29437228161431106,0.1543888096580798,0.18211376019248648
20261002T191712Z-7f1dc1ef,0,1,1048576,on_policy,2,0.2568485697981895,0.25892620347363937,0.1015625,0.154296875,519,0.3912232933707005,0.1763916895550614,0.1567518147745206
20261002T191712Z-7f1dc1ef,0,1,1048576,on_policy,3,0.20840241183203123,0.2354809889330305,0.080078125,0.177734375,488,0.2099079383134962,0.18772565007362996,0.14036861751339175
20261002T191712Z-7f1dc1ef,0,1,1048576,on_policy,4,0.29845461168644616,0.33505352295275326,0.060546875,0.201171875,522,0.2228115522867502,0.19653002059731928,0.23754340882844788
20261002T191712Z-7f1dc1ef,0,1,1048576,on_policy,5,0.07804460780057698,0.11765482407634087,0.060546875,0.40625,266,0.2693849784460509,0.2698058881537643,0.1171740464079246
20261002T191712Z-7f1dc1ef,0,1,1048576,on_policy,6,0.05254935187048926,0.07572248529558201,0.025390625,0.22265625,517,0.14142482658650724,0.207908174422521,0.11099329928879186
20261002T191712Z-7f1dc1ef,0,1,1048576,common_checks,0,0.7786351304145082,0.6559566985081176,1.0,0.0,512,0.7185887605288648,0.26626733355479504,0.2968344582891062
20261002T191712Z-7f1dc1ef,0,1,1048576,common_checks,1,0.8573926184088281,0.8594652265611809,1.0,0.0,512,0.7483181464808046,0.2644598520487067,0.2767176022619081
20261002T191712Z-7f1dc1ef,0,1,1048576,common_checks,2,0.815723905262999,0.8040569153171733,1.0,0.0,512,0.7910204026794848,0.25188659439243133,0.3155152077894615
20261002T191712Z-7f1dc1ef,0,1,1048576,common_checks,3,0.6443982976868647,0.5520610923166052,1.0,0.0,512,0.30836203869733747,0.26822330061595323,0.23514807915114366
20261002T191712Z-7f1dc1ef,0,1,1048576,common_checks,4,0.4803518714675209,0.21513311876560592,1.0,0.0,512,0.012365658844499361,0.2755044110340661,0.2814832982442689
20261002T191712Z-7f1dc1ef,0,1,1048576,common_checks,5,0.4229837295272395,0.3289726553163991,1.0,0.0,512,0.6341886982743754,0.25377318878486266,0.24921299477811712
20261002T191712Z-7f1dc1ef,0,1,1048576,common_checks,6,0.1424276490539076,0.07224424081216319,1.0,0.0,512,0.38238489636078166,0.2793028597295447,0.12782568587517662
20261002T191712Z-7f1dc1ef,0,2,2097152,on_policy,0,0.05870604579192196,0.16843144474717797,0.041015625,0.482421875,184,0.1787563961000811,0.3063415673229154,0.12441911873169842
20261002T191712Z-7f1dc1ef,0,2,2097152,on_policy,1,0.3113023875728874,0.358246004464733,0.072265625,0.287109375,339,0.5153704316854677,0.24703712068613032,0.18306025770897746
20261002T191712Z-7f1dc1ef,0,2,2097152,on_policy,2,0.07658158745789023,0.12601297496038166,0.064453125,0.306640625,299,0.4327233183346737,0.24941327884921335,0.18877896755903292
20261002T191712Z-7f1dc1ef,0,2,2097152,on_policy,3,0.3962879458860944,0.4719348919589461,0.05078125,0.3125,324,0.5236297068312031,0.24377303611983406,0.20894360909253631
20261002T191712Z-7f1dc1ef,0,2,2097152,on_policy,4,0.3242652378303833,0.4217149910295608,0.033203125,0.34765625,285,0.4140036577735361,0.268579419877096,0.17766595543737446
20261002T191712Z-7f1dc1ef,0,2,2097152,on_policy,5,-0.1412668763374818,-0.13856826038575343,0.02734375,0.498046875,201,0.3360404190372106,0.3226094747034536,0.13105884015482736
20261002T191712Z-7f1dc1ef,0,2,2097152,on_policy,6,0.14658486409873328,0.21753798914252465,0.013671875,0.314453125,356,0.4933992897163917,0.2456678229008518,0.1928756494877584
20261002T191712Z-7f1dc1ef,0,2,2097152,common_checks,0,0.7384697387989243,0.6363907589351068,1.0,0.0,512,0.7037966041044668,0.26626733355479504,0.19241086633161764
20261002T191712Z-7f1dc1ef,0,2,2097152,common_checks,1,0.8247245559474148,0.7962134157069265,1.0,0.0,512,0.8693946999241841,0.2644598520487067,0.2323155482275987
20261002T191712Z-7f1dc1ef,0,2,2097152,common_checks,2,0.7939406245596088,0.764403641100988,1.0,0.0,512,0.7601974661683047,0.25188659439243133,0.26717604660312144
20261002T191712Z-7f1dc1ef,0,2,2097152,common_checks,3,0.6858602497541549,0.6194358080699844,1.0,0.0,512,0.47174948710957587,0.26822330061595323,0.30123041859342603
20261002T191712Z-7f1dc1ef,0,2,2097152,common_checks,4,0.533201057838382,0.3021764382789308,1.0,0.0,512,0.4552096028473299,0.2755044110340661,0.12874662216195976
20261002T191712Z-7f1dc1ef,0,2,2097152,common_checks,5,0.3175806952314959,0.1627330082285714,1.0,0.0,512,0.4456691175878633,0.25377318878486266,0.31695893675229847
20261002T191712Z-7f1dc1ef,0,2,2097152,common_checks,6,0.33948975098069334,0.3026469588001749,1.0,0.0,512,0.37518811077870573,0.2793028597295447,0.2797453376098282
20261002T191712Z-7f1dc1ef,0,3,3145728,on_policy,0,-0.0341989143213044,0.07043346091762892,0.03125,0.61328125,117,0.2065451995861468,0.3515336566160595,0.11842581985380178
20261002T191712Z-7f1dc1ef,0,3,3145728,on_policy,1,0.20685910898234672,0.13783983298128522,0.083984375,0.447265625,217,0.4749608339978634,0.29596397497845445,0.2103085809027842
20261002T191712Z-7f1dc1ef,0,3,3145728,on_policy,2,0.17133231800656867,0.19609015634688132,0.068359375,0.427734375,183,0.4823396741204399,0.3066029501494213,0.1858307980185309
20261002T191712Z-7f1dc1ef,0,3,3145728,on_policy,3,0.4044551239907297,0.49220747657617614,0.083984375,0.376953125,234,0.7008817264194425,0.28218666529756353,0.26667910597435096
20261002T191712Z-7f1dc1ef,0,3,3145728,on_policy,4,0.4457330866892134,0.5404161599244441,0.046875,0.44140625,210,0.6784358987471133,0.312388400152799,0.2290913387272655
20261002T191712Z-7f1dc1ef,0,3,3145728,on_policy,5,-0.06557113635511014,-0.007333332543236315,0.013671875,0.64453125,124,0.2528830066325871,0.34806163599263445,0.08928618701697455
20261002T191712Z-7f1dc1ef,0,3,3145728,on_policy,6,0.01849318817939849,0.10945435870938902,0.021484375,0.44921875,218,0.5807766168984201,0.29970957477748084,0.20138434469138153
20261002T191712Z-7f1dc1ef,0,3,3145728,common_checks,0,0.7465712380718325,0.6010551919788875,1.0,0.0,512,0.6585362907453278,0.26626733355479504,0.18743176020761082
20261002T191712Z-7f1dc1ef,0,3,3145728,common_checks,1,0.8253142130480096,0.7435940126887535,1.0,0.0,512,0.8146351011255664,0.2644598520487067,0.30242051013822946
20261002T191712Z-7f1dc1ef,0,3,3145728,common_checks,2,0.8716612115334704,0.8956504192027355,1.0,0.0,512,0.7857114916450622,0.25188659439243133,0.32873985941936884
20261002T191712Z-7f1dc1ef,0,3,3145728,common_checks,3,0.6813756314133423,0.6019443112444792,1.0,0.0,512,0.629715258245092,0.26822330061595323,0.31344682801749285
20261002T191712Z-7f1dc1ef,0,3,3145728,common_checks,4,0.625654390868196,0.4702270849236182,1.0,0.0,512,0.4386600516040544,0.2755044110340661,0.28972082845617886
20261002T191712Z-7f1dc1ef,0,3,3145728,common_checks,5,0.2549668646387402,0.07687470231973692,1.0,0.0,512,0.13496554339053068,0.25377318878486266,0.3390039155596428
20261002T191712Z-7f1dc1ef,0,3,3145728,common_checks,6,0.22760121664133215,0.1673066338699546,1.0,0.0,512,0.5145102387898822,0.2793028597295447,0.15825502302390393
20261002T191712Z-7f1dc1ef,0,4,4194304,on_policy,0,-0.059273890767923776,0.060054845415782654,0.015625,0.58984375,130,0.2260140652359407,0.3587635451226309,0.09511103202835806
20261002T191712Z-7f1dc1ef,0,4,4194304,on_policy,1,0.3863976980472573,0.3643284520117629,0.142578125,0.390625,213,0.5637615197205337,0.29489499957193616,0.2420296908561386
20261002T191712Z-7f1dc1ef,0,4,4194304,on_policy,2,0.17792035528826944,0.20870278629612105,0.064453125,0.400390625,214,0.4275503259131229,0.2893820931860123,0.16097956838284064
20261002T191712Z-7f1dc1ef,0,4,4194304,on_policy,3,0.39626124306948296,0.4154842059413483,0.1640625,0.318359375,253,0.710202260218871,0.2859383946384987,0.2383050631654221
20261002T191712Z-7f1dc1ef,0,4,4194304,on_policy,4,0.5833545797669184,0.6615164124387276,0.125,0.359375,256,0.679742056211222,0.2862497055458125,0.24534250836289023
20261002T191712Z-7f1dc1ef,0,4,4194304,on_policy,5,-0.10356431553762513,-0.042997789241825624,0.00390625,0.611328125,141,0.1653794960993401,0.3571047154775363,0.05990724316452949
20261002T191712Z-7f1dc1ef,0,4,4194304,on_policy,6,0.045931455956515044,0.15236872180142225,0.013671875,0.4453125,230,0.5288891183600144,0.2971322853180276,0.18604696812675087
20261002T191712Z-7f1dc1ef,0,4,4194304,common_checks,0,0.7205786843022045,0.5167826084788575,1.0,0.0,512,0.5474662614370944,0.26626733355479504,0.19254836157237154
20261002T191712Z-7f1dc1ef,0,4,4194304,common_checks,1,0.8647254507241885,0.8287938476910053,1.0,0.0,512,0.8646645683261209,0.2644598520487067,0.24050563772603858
20261002T191712Z-7f1dc1ef,0,4,4194304,common_checks,2,0.8196158744390996,0.8029159253164195,1.0,0.0,512,0.8253160896274414,0.25188659439243133,0.2610070687804005
20261002T191712Z-7f1dc1ef,0,4,4194304,common_checks,3,0.7585339477356974,0.6980129259075925,1.0,0.0,512,0.5787650534274748,0.26822330061595323,0.26564918696250617
20261002T191712Z-7f1dc1ef,0,4,4194304,common_checks,4,0.6078447370821578,0.45199474266924033,1.0,0.0,512,0.654161824160873,0.2755044110340661,0.17463258737307685
20261002T191712Z-7f1dc1ef,0,4,4194304,common_checks,5,0.3083561407864208,0.1582040393475609,1.0,0.0,512,0.12677358481922307,0.25377318878486266,0.18135315260713025
20261002T191712Z-7f1dc1ef,0,4,4194304,common_checks,6,0.1609368841539195,0.08896222466199555,1.0,0.0,512,0.588900778285731,0.2793028597295447,0.16605189604524728
20261002T191712Z-7f1dc1ef,0,5,5242880,on_policy,0,-0.026207221265974523,0.05198852457217218,0.0234375,0.5234375,154,0.2023971881632518,0.3565411799033724,0.08910078206049822
20261002T191712Z-7f1dc1ef,0,5,5242880,on_policy,1,0.510701267104773,0.5121211677940516,0.240234375,0.291015625,280,0.6265600912012139,0.2764871804090357,0.2588439048849361
20261002T191712Z-7f1dc1ef,0,5,5242880,on_policy,2,0.2542248699287636,0.2567412313912023,0.12890625,0.34375,227,0.5337903438591463,0.2790067348516256,0.19724593957536976
20261002T191712Z-7f1dc1ef,0,5,5242880,on_policy,3,0.4527381824318383,0.46864123612214403,0.228515625,0.251953125,292,0.6294272881644597,0.28417467181858425,0.2536649650920304
20261002T191712Z-7f1dc1ef,0,5,5242880,on_policy,4,0.7040635648191482,0.7602644348456721,0.275390625,0.19921875,366,0.7098213513914476,0.2716260409770045,0.2667069008721498
20261002T191712Z-7f1dc1ef,0,5,5242880,on_policy,5,-0.055316563221846415,-0.009254575029908896,0.0,0.5390625,171,0.14946185572128556,0.34003796564228,0.05406817094184848
20261002T191712Z-7f1dc1ef,0,5,5242880,on_policy,6,0.05509242793289959,0.12687016577242338,0.01171875,0.37890625,282,0.45900957655956265,0.27126405290781436,0.16799063888765003
20261002T191712Z-7f1dc1ef,0,5,5242880,common_checks,0,0.6988522246307314,0.4724843750720492,1.0,0.0,512,0.6361729632045248,0.26626733355479504,0.26512418985118763
20261002T191712Z-7f1dc1ef,0,5,5242880,common_checks,1,0.9069658655891075,0.9001480006127676,1.0,0.0,512,0.8010881152552394,0.2644598520487067,0.2159868636917028
20261002T191712Z-7f1dc1ef,0,5,5242880,common_checks,2,0.8043445080542321,0.7825611747795622,1.0,0.0,512,0.7897724497804596,0.25188659439243133,0.23209591117155076
20261002T191712Z-7f1dc1ef,0,5,5242880,common_checks,3,0.7527608178396313,0.6920588606717473,1.0,0.0,512,0.6437229888137881,0.26822330061595323,0.260616411328343
20261002T191712Z-7f1dc1ef,0,5,5242880,common_checks,4,0.7171702343086821,0.6135729883239137,1.0,0.0,512,0.690039179396579,0.2755044110340661,0.1669374600611872
20261002T191712Z-7f1dc1ef,0,5,5242880,common_checks,5,0.20360995305332563,-0.003614328043063164,1.0,0.0,512,0.36275304955725796,0.25377318878486266,0.15584183228313536
20261002T191712Z-7f1dc1ef,0,5,5242880,common_checks,6,0.29173715486730567,0.24376210929617537,1.0,0.0,512,0.41158947980929217,0.2793028597295447,0.1858846088320998
20261002T191712Z-7f1dc1ef,0,6,6291456,on_policy,0,-0.026118719514315547,0.0434988501585053,0.03515625,0.416015625,227,0.2379274353085422,0.30941715428262506,0.09951382420319897
20261002T191712Z-7f1dc1ef,0,6,6291456,on_policy,1,0.5295277629403621,0.565734018897549,0.31640625,0.19921875,322,0.6906647322170927,0.24848643380454477,0.23097969932466
20261002T191712Z-7f1dc1ef,0,6,6291456,on_policy,2,0.26197711949270575,0.2190426332671116,0.19140625,0.25390625,295,0.5530057052570811,0.24457671935652872,0.1700222257220218
20261002T191712Z-7f1dc1ef,0,6,6291456,on_policy,3,0.5422103451373926,0.551014028188274,0.314453125,0.15234375,362,0.7234572964271677,0.25074740163251663,0.21450847680410035
20261002T191712Z-7f1dc1ef,0,6,6291456,on_policy,4,0.865152138621673,0.8875469052534923,0.431640625,0.0546875,493,0.8521180822726863,0.23295943173077718,0.21699592319466393
20261002T191712Z-7f1dc1ef,0,6,6291456,on_policy,5,-0.09273300432554743,-0.0497260342411987,0.001953125,0.42578125,254,0.10262888254588254,0.29238107236788197,0.04839453648584425
20261002T191712Z-7f1dc1ef,0,6,6291456,on_policy,6,0.10159349820588703,0.14942351200859083,0.029296875,0.298828125,362,0.41718170532067966,0.2542943912802662,0.1365827248429918
20261002T191712Z-7f1dc1ef,0,6,6291456,common_checks,0,0.7597583570380808,0.6614159530803337,1.0,0.0,512,0.5701335124107356,0.26626733355479504,0.2364819487761869
20261002T191712Z-7f1dc1ef,0,6,6291456,common_checks,1,0.8960003552735459,0.870558948955648,1.0,0.0,512,0.811024550421382,0.2644598520487067,0.25994415211832234
20261002T191712Z-7f1dc1ef,0,6,6291456,common_checks,2,0.7663118150862598,0.7586834444008186,1.0,0.0,512,0.850551288783157,0.25188659439243133,0.23802186043910822
20261002T191712Z-7f1dc1ef,0,6,6291456,common_checks,3,0.786933793518238,0.7468295645547975,1.0,0.0,512,0.6735247679059282,0.26822330061595323,0.2409249220790467
20261002T191712Z-7f1dc1ef,0,6,6291456,common_checks,4,0.9122713358630467,0.9141081288930604,1.0,0.0,512,0.8035643907516247,0.2755044110340661,0.2209069292080753
20261002T191712Z-7f1dc1ef,0,6,6291456,common_checks,5,0.17889873219152408,-0.030933591671919558,1.0,0.0,512,0.17818866025462932,0.25377318878486266,0.16595077981011208
20261002T191712Z-7f1dc1ef,0,6,6291456,common_checks,6,0.18406250262848223,0.11674214666238192,1.0,0.0,512,0.31387922869031704,0.2793028597295447,0.14391456360477628
20261002T191712Z-7f1dc1ef,0,9,9437184,on_policy,0,0.05356722971646688,0.0717743132029911,0.099609375,0.240234375,382,0.26520187366471937,0.2409412038019239,0.11329065775356018
20261002T191712Z-7f1dc1ef,0,9,9437184,on_policy,1,0.7284119510535949,0.7354504937356283,0.45703125,0.05859375,464,0.8019373053369228,0.2133866253149136,0.2410625706424616
20261002T191712Z-7f1dc1ef,0,9,9437184,on_policy,2,0.30272541852951773,0.2223105805432558,0.349609375,0.091796875,385,0.7324632283989979,0.21860029873162568,0.18105325569635125
20261002T191712Z-7f1dc1ef,0,9,9437184,on_policy,3,0.7107964940576065,0.729282799550313,0.42578125,0.05859375,413,0.8141779286752174,0.21756394922757477,0.20939031510733627
20261002T191712Z-7f1dc1ef,0,9,9437184,on_policy,4,0.9258395375457995,0.9431484522258924,0.51171875,0.001953125,569,0.8977534801401,0.2113952628644521,0.21244829374618932
20261002T191712Z-7f1dc1ef,0,9,9437184,on_policy,5,-0.07175336737780125,-0.031467636433436974,0.00390625,0.306640625,360,0.1333315617398615,0.25419930075737684,0.04311387520358639
20261002T191712Z-7f1dc1ef,0,9,9437184,on_policy,6,0.5909396123587103,0.6524366239949921,0.25390625,0.12890625,504,0.5712503215715823,0.2078773967810957,0.2051550102282299
20261002T191712Z-7f1dc1ef,0,9,9437184,common_checks,0,0.7969282125616849,0.7312574979044826,1.0,0.0,512,0.5591814878870844,0.26626733355479504,0.2915731454145414
20261002T191712Z-7f1dc1ef,0,9,9437184,common_checks,1,0.9514506061321472,0.9460041467166287,1.0,0.0,512,0.9196878400133788,0.2644598520487067,0.27132150654799836
20261002T191712Z-7f1dc1ef,0,9,9437184,common_checks,2,0.8058271858223521,0.7995524692571946,1.0,0.0,512,0.8872316111901221,0.25188659439243133,0.2748957840764259
20261002T191712Z-7f1dc1ef,0,9,9437184,common_checks,3,0.8803412968003947,0.857059558592125,1.0,0.0,512,0.7565536512543948,0.26822330061595323,0.2707117351988395
20261002T191712Z-7f1dc1ef,0,9,9437184,common_checks,4,0.9669566566637452,0.9728769086123014,1.0,0.0,512,0.9230523674242282,0.2755044110340661,0.24050675338894978
20261002T191712Z-7f1dc1ef,0,9,9437184,common_checks,5,0.16425735664374597,-0.04246886681058348,1.0,0.0,512,0.15077199399890562,0.25377318878486266,0.13238245683419603
20261002T191712Z-7f1dc1ef,0,9,9437184,common_checks,6,0.6955056564923306,0.6894256758313668,1.0,0.0,512,0.18044113826035812,0.2793028597295447,0.26836333225795816
20261002T191712Z-7f1dc1ef,0,14,14680064,on_policy,0,0.40452499083366045,0.3723350705123726,0.36328125,0.09765625,483,0.6233309294407083,0.1771882131748234,0.15308628788825096
20261002T191712Z-7f1dc1ef,0,14,14680064,on_policy,1,0.8522373646968833,0.8365777605807447,0.53515625,0.00390625,503,0.8044758992345666,0.1780029415441948,0.1911506603233501
20261002T191712Z-7f1dc1ef,0,14,14680064,on_policy,2,0.6072184371874254,0.5830716322359417,0.48046875,0.00390625,479,0.9098347014230399,0.15948765635595852,0.14832820733499907
20261002T191712Z-7f1dc1ef,0,14,14680064,on_policy,3,0.8510249776856755,0.8564340211910556,0.4765625,0.0078125,461,0.8882282944797318,0.18563656057065006,0.2030582785717178
20261002T191712Z-7f1dc1ef,0,14,14680064,on_policy,4,0.9556247833360463,0.9686758466070285,0.5234375,0.0,692,0.9109003401355015,0.17860925825902052,0.18018936370183808
20261002T191712Z-7f1dc1ef,0,14,14680064,on_policy,5,-0.10611433699512385,-0.08037108201836407,0.0,0.212890625,511,0.03839934974114967,0.2177837755339596,0.04562882137352184
20261002T191712Z-7f1dc1ef,0,14,14680064,on_policy,6,0.9299282898970297,0.9401792160836469,0.509765625,0.0,672,0.8650184192145427,0.1747239508179243,0.17967123412354996
20261002T191712Z-7f1dc1ef,0,14,14680064,common_checks,0,0.8913478928161382,0.8731727421129349,1.0,0.0,512,0.945418239021945,0.26626733355479504,0.28344406927839455
20261002T191712Z-7f1dc1ef,0,14,14680064,common_checks,1,0.9638119174136606,0.9599802245264415,1.0,0.0,512,0.90584072449078,0.2644598520487067,0.2599090230757082
20261002T191712Z-7f1dc1ef,0,14,14680064,common_checks,2,0.754497207315898,0.7130681149408183,1.0,0.0,512,0.6840988314333156,0.25188659439243133,0.26249828355969995
20261002T191712Z-7f1dc1ef,0,14,14680064,common_checks,3,0.9462919049776071,0.9366849428023064,1.0,0.0,512,0.9077719746108991,0.26822330061595323,0.27465152429464823
20261002T191712Z-7f1dc1ef,0,14,14680064,common_checks,4,0.9700690042348579,0.9686001194022369,1.0,0.0,512,0.8336641457241635,0.2755044110340661,0.25560622079331863
20261002T191712Z-7f1dc1ef,0,14,14680064,common_checks,5,0.17523193812604665,-0.008852652848075016,1.0,0.0,512,0.26264345816862755,0.25377318878486266,0.07902494825442496
20261002T191712Z-7f1dc1ef,0,14,14680064,common_checks,6,0.948517756887714,0.9487704773206361,1.0,0.0,512,0.8576525280465599,0.2793028597295447,0.2584297874028824
20261002T191712Z-7f1dc1ef,0,20,20971520,on_policy,0,0.8620098616306158,0.8830015561972341,0.515625,0.005859375,590,0.9041097728238039,0.1532052995870549,0.16378521246975314
20261002T191712Z-7f1dc1ef,0,20,20971520,on_policy,1,0.9338291707302507,0.9247729643926824,0.54296875,0.0,505,0.9001221534217124,0.18031997823104723,0.18678060717159736
20261002T191712Z-7f1dc1ef,0,20,20971520,on_policy,2,0.7235948711978288,0.7091412162857265,0.48828125,0.0,492,0.9331004430321396,0.14904014540962449,0.14678400219126364
20261002T191712Z-7f1dc1ef,0,20,20971520,on_policy,3,0.8943720671818567,0.8970533152528952,0.470703125,0.00390625,556,0.8921910978995118,0.14708782354108277,0.16629545472445434
20261002T191712Z-7f1dc1ef,0,20,20971520,on_policy,4,0.9601764347906113,0.9705639651034876,0.517578125,0.001953125,733,0.9143790610030057,0.1684624975408276,0.17772046453783555
20261002T191712Z-7f1dc1ef,0,20,20971520,on_policy,5,-0.03544374359255764,-0.0053652627105473805,0.0,0.1953125,552,0.0753013984415446,0.19944301589638724,0.02980259044261847
20261002T191712Z-7f1dc1ef,0,20,20971520,on_policy,6,0.9445994458774872,0.9541685862657179,0.51171875,0.0,676,0.8885660665914844,0.1751113545294703,0.19682951840161605
20261002T191712Z-7f1dc1ef,0,20,20971520,common_checks,0,0.9176526029572523,0.9025177614193451,1.0,0.0,512,0.9328511127468742,0.26626733355479504,0.2687249447169684
20261002T191712Z-7f1dc1ef,0,20,20971520,common_checks,1,0.9861920128404574,0.980030600625203,1.0,0.0,512,0.9588837116419174,0.2644598520487067,0.27813640671223805
20261002T191712Z-7f1dc1ef,0,20,20971520,common_checks,2,0.7427152237788689,0.672547439836186,1.0,0.0,512,0.9249841316253707,0.25188659439243133,0.2573781275598508
20261002T191712Z-7f1dc1ef,0,20,20971520,common_checks,3,0.9572120204774157,0.9517929041311897,1.0,0.0,512,0.873678930993609,0.26822330061595323,0.2886864751084639
20261002T191712Z-7f1dc1ef,0,20,20971520,common_checks,4,0.9797502190537984,0.9782298860369292,1.0,0.0,512,0.8505255118304916,0.2755044110340661,0.2459060590652653
20261002T191712Z-7f1dc1ef,0,20,20971520,common_checks,5,0.3144471854185552,0.1807990398026723,1.0,0.0,512,0.2506977109634867,0.25377318878486266,0.13667809982795953
20261002T191712Z-7f1dc1ef,0,20,20971520,common_checks,6,0.972358045689278,0.972658710291746,1.0,0.0,512,0.9211205660503874,0.2793028597295447,0.27265817062948106
20261002T191712Z-7f1dc1ef,0,29,30408704,on_policy,0,0.8646618865993477,0.8610363485618506,0.50390625,0.0,543,0.8994492930718835,0.1673883099096028,0.18207730258994434
20261002T191712Z-7f1dc1ef,0,29,30408704,on_policy,1,0.9472835143549736,0.9442143985363187,0.55078125,0.001953125,464,0.9235478609932588,0.18325142067923636,0.19332318559365286
20261002T191712Z-7f1dc1ef,0,29,30408704,on_policy,2,0.7459167176419332,0.7666450246838932,0.4921875,0.001953125,440,0.9549543355600355,0.18170448790312596,0.1793932243940991
20261002T191712Z-7f1dc1ef,0,29,30408704,on_policy,3,0.8849510546463056,0.8685594680828239,0.462890625,0.0,537,0.882162503960715,0.16561684651399503,0.18650889863835374
20261002T191712Z-7f1dc1ef,0,29,30408704,on_policy,4,0.9701387462078187,0.9764987379694247,0.51171875,0.001953125,723,0.9372908034220895,0.17472648851848208,0.1785870013638148
20261002T191712Z-7f1dc1ef,0,29,30408704,on_policy,5,-0.09611120857252575,-0.065052374986446,0.0,0.15625,571,0.016781765919896663,0.20189084961552473,0.03180330445729594
20261002T191712Z-7f1dc1ef,0,29,30408704,on_policy,6,0.9598151677347833,0.9703435158580682,0.509765625,0.0,628,0.9145419942972938,0.18477185553886627,0.19883909939566657
20261002T191712Z-7f1dc1ef,0,29,30408704,common_checks,0,0.8972158047023994,0.858509096669399,1.0,0.0,512,0.9223086083229372,0.26626733355479504,0.27127941726449256
20261002T191712Z-7f1dc1ef,0,29,30408704,common_checks,1,0.9843320019952374,0.975163980481672,1.0,0.0,512,0.9763983514979352,0.2644598520487067,0.27237466919684317
20261002T191712Z-7f1dc1ef,0,29,30408704,common_checks,2,0.746362717104485,0.680787723294835,1.0,0.0,512,0.8817727230496519,0.25188659439243133,0.2836835452618409
20261002T191712Z-7f1dc1ef,0,29,30408704,common_checks,3,0.9628674226550104,0.9541473736707399,1.0,0.0,512,0.8885609180388434,0.26822330061595323,0.2826467634384713
20261002T191712Z-7f1dc1ef,0,29,30408704,common_checks,4,0.9818930466780781,0.9785894063019805,1.0,0.0,512,0.9149003471926858,0.2755044110340661,0.23479929681410927
20261002T191712Z-7f1dc1ef,0,29,30408704,common_checks,5,0.2209188861045901,0.060854793872825,1.0,0.0,512,0.26093472400787976,0.25377318878486266,0.1338017155956397
20261002T191712Z-7f1dc1ef,0,29,30408704,common_checks,6,0.9733677146917351,0.9740826472986265,1.0,0.0,512,0.9309915515351612,0.2793028597295447,0.26612288428186126
20261002T191712Z-7f1dc1ef,1,0,0,on_policy,0,0.10199528909393607,0.14266252498509924,0.01171875,0.068359375,726,-0.08501217902832203,0.17717779516413779,0.2980254797204618
20261002T191712Z-7f1dc1ef,1,0,0,on_policy,1,0.34210885503164645,0.38783117677887247,0.033203125,0.00390625,1496,-1.4039641665735467,0.08076449974958233,0.31341599308842255
20261002T191712Z-7f1dc1ef,1,0,0,on_policy,2,0.6263021282993155,0.671801836140298,0.13671875,0.001953125,1311,-0.20640472031697743,0.040321519585315366,0.19362342462920404
20261002T191712Z-7f1dc1ef,1,0,0,on_policy,3,0.37657201225334347,0.43349528111406155,0.078125,0.00390625,1505,-0.7004232710801559,0.06604296067446538,0.24200956463551462
20261002T191712Z-7f1dc1ef,1,0,0,on_policy,4,0.18224273864628504,0.21815774126692078,0.01953125,0.025390625,1020,-0.08371498486110918,0.13841870683372917,0.2734888597833852
20261002T191712Z-7f1dc1ef,1,0,0,on_policy,5,0.23228661853171528,0.05482289286904918,0.4375,0.01171875,686,0.08493773760728951,0.08889794599238396,0.21762137970454765
20261002T191712Z-7f1dc1ef,1,0,0,on_policy,6,0.40806759280571225,0.44359438418076913,0.2734375,0.00390625,1441,-0.7453580169747971,0.06871775649698095,0.2429745223570368
20261002T191712Z-7f1dc1ef,1,0,0,common_checks,0,0.9582538753438582,0.9557663122327656,1.0,0.0,512,0.8790601325726156,0.26626733355479504,0.3279353649414735
20261002T191712Z-7f1dc1ef,1,0,0,common_checks,1,0.9234583817658232,0.915734524744736,1.0,0.0,512,0.6961702111423367,0.2644598520487067,0.3575649866447765
20261002T191712Z-7f1dc1ef,1,0,0,common_checks,2,0.8857849998625826,0.8857522651564523,1.0,0.0,512,0.6964025661423605,0.25188659439243133,0.35736165778228757
20261002T191712Z-7f1dc1ef,1,0,0,common_checks,3,0.8559465597755035,0.8542875059836467,1.0,0.0,512,0.6610523882236203,0.26822330061595323,0.37585444785227157
20261002T191712Z-7f1dc1ef,1,0,0,common_checks,4,0.8570681683815424,0.8610782446739476,1.0,0.0,512,0.5141773878857754,0.2755044110340661,0.35649430807704874
20261002T191712Z-7f1dc1ef,1,0,0,common_checks,5,0.8450456352594055,0.8669179322367844,1.0,0.0,512,0.6237023219451183,0.25377318878486266,0.3520289166974466
20261002T191712Z-7f1dc1ef,1,0,0,common_checks,6,0.9100579276481676,0.9210403700706107,1.0,0.0,512,0.7647715441467532,0.2793028597295447,0.31109356270035726
20261002T191712Z-7f1dc1ef,1,1,1048576,on_policy,0,-0.04239521445937022,-0.030284753830012168,0.013671875,0.08203125,741,0.02334475605395092,0.16435451131271905,0.05234812736881835
20261002T191712Z-7f1dc1ef,1,1,1048576,on_policy,1,0.001559346497406633,0.009082150410759993,0.03125,0.017578125,1469,0.08591413943866211,0.08090882317609015,0.07590456731880015
20261002T191712Z-7f1dc1ef,1,1,1048576,on_policy,2,0.2034210402954182,0.23441233976462827,0.125,0.00390625,1322,0.32756692466593906,0.04611096920313065,0.13417895594558882
20261002T191712Z-7f1dc1ef,1,1,1048576,on_policy,3,0.03195751920163581,0.036634688778691804,0.05078125,0.00390625,1451,0.06821281257813061,0.06895266213735246,0.08523989148493138
20261002T191712Z-7f1dc1ef,1,1,1048576,on_policy,4,0.006133548086827312,0.01460634637439795,0.02734375,0.03515625,975,0.06123191243233994,0.14183130993507567,0.04853447099704174
20261002T191712Z-7f1dc1ef,1,1,1048576,on_policy,5,0.7260848512845539,0.7001454917893891,0.353515625,0.02734375,704,0.6135699422522318,0.10056006457071141,0.11221327557977004
20261002T191712Z-7f1dc1ef,1,1,1048576,on_policy,6,0.5838357034214297,0.5924129557394547,0.248046875,0.00390625,1436,0.2129321823286643,0.07027470980437857,0.11472362845034026
20261002T191712Z-7f1dc1ef,1,1,1048576,common_checks,0,0.5703858166489832,0.29270506805090835,1.0,0.0,512,0.6148797933907971,0.26626733355479504,0.17690601376700604
20261002T191712Z-7f1dc1ef,1,1,1048576,common_checks,1,0.5790164248531057,0.26895379504952166,1.0,0.0,512,0.4636847342156152,0.2644598520487067,0.19430800698391226
20261002T191712Z-7f1dc1ef,1,1,1048576,common_checks,2,0.898550328452557,0.9364261550392534,1.0,0.0,512,0.8944375932595968,0.25188659439243133,0.24260645929743258
20261002T191712Z-7f1dc1ef,1,1,1048576,common_checks,3,0.6956488210821414,0.6046925199541044,1.0,0.0,512,0.2579526084388375,0.26822330061595323,0.12643302470134898
20261002T191712Z-7f1dc1ef,1,1,1048576,common_checks,4,0.3733028011493035,0.032551398429939815,1.0,0.0,512,0.28056256764854604,0.2755044110340661,0.14417727682418727
20261002T191712Z-7f1dc1ef,1,1,1048576,common_checks,5,0.874069104165491,0.8678141357103315,1.0,0.0,512,0.8294758528592896,0.25377318878486266,0.32194705709334215
20261002T191712Z-7f1dc1ef,1,1,1048576,common_checks,6,0.4143458575342793,0.37232821869461963,1.0,0.0,512,0.4075668236656792,0.2793028597295447,0.18932492694666486
20261002T191712Z-7f1dc1ef,1,2,2097152,on_policy,0,-0.07878217831592838,-0.06475311230606895,0.009765625,0.123046875,680,0.10123281376479953,0.1776382578059058,0.047820843050378724
20261002T191712Z-7f1dc1ef,1,2,2097152,on_policy,1,-0.023566640787497484,-0.019743192708440382,0.01953125,0.029296875,1321,0.16538192691261178,0.08527802444255052,0.07650605483525248
20261002T191712Z-7f1dc1ef,1,2,2097152,on_policy,2,0.17278817580053385,0.18664471131613858,0.126953125,0.013671875,1139,0.38412749515501077,0.060835280274846554,0.1280426611604711
20261002T191712Z-7f1dc1ef,1,2,2097152,on_policy,3,-0.02076444012176215,-0.014003735895435021,0.078125,0.013671875,1273,0.0879525894460873,0.08054405914334277,0.08554446514968453
20261002T191712Z-7f1dc1ef,1,2,2097152,on_policy,4,-0.0333034849216971,-0.01881566784877453,0.033203125,0.07421875,944,0.01815962111312186,0.1375674733231751,0.054359158790086765
20261002T191712Z-7f1dc1ef,1,2,2097152,on_policy,5,0.7817152767234512,0.7749186806380373,0.361328125,0.052734375,674,0.6789492039219289,0.10467531875865932,0.11249356326596613
20261002T191712Z-7f1dc1ef,1,2,2097152,on_policy,6,0.7473410783824579,0.7663793124519285,0.22265625,0.021484375,1259,0.4553260394764186,0.08419152564963016,0.1164192334627933
20261002T191712Z-7f1dc1ef,1,2,2097152,common_checks,0,0.5285940572173231,0.1876172770537563,1.0,0.0,512,0.5065886772003736,0.26626733355479504,0.12113260260817205
20261002T191712Z-7f1dc1ef,1,2,2097152,common_checks,1,0.718886726468654,0.5925463801705663,1.0,0.0,512,0.35225413626273927,0.2644598520487067,0.22487367862465518
20261002T191712Z-7f1dc1ef,1,2,2097152,common_checks,2,0.9025272435859066,0.9211852012390753,1.0,0.0,512,0.9439487589829019,0.25188659439243133,0.2514177714456911
20261002T191712Z-7f1dc1ef,1,2,2097152,common_checks,3,0.5721570502461415,0.4285586469497068,1.0,0.0,512,0.437186608911438,0.26822330061595323,0.1705997468479341
20261002T191712Z-7f1dc1ef,1,2,2097152,common_checks,4,0.4476077319936157,0.16266049953370953,1.0,0.0,512,0.2072202842535309,0.2755044110340661,0.17319205369100932
20261002T191712Z-7f1dc1ef,1,2,2097152,common_checks,5,0.8905635226690797,0.8831479114080834,1.0,0.0,512,0.9243473617164929,0.25377318878486266,0.2843183546271367
20261002T191712Z-7f1dc1ef,1,2,2097152,common_checks,6,0.6126997571284661,0.5951675598238511,1.0,0.0,512,0.30982456842086326,0.2793028597295447,0.2100953249393267
20261002T191712Z-7f1dc1ef,1,3,3145728,on_policy,0,-0.06628325777184418,-0.047285232786631326,0.0,0.21484375,519,0.03507484653408255,0.20274683105344393,0.037578963710317416
20261002T191712Z-7f1dc1ef,1,3,3145728,on_policy,1,-0.03943009902825767,-0.03468499974339867,0.0078125,0.06640625,1004,0.17094347815035804,0.1178531893840949,0.058936779252305574
20261002T191712Z-7f1dc1ef,1,3,3145728,on_policy,2,0.06541833796532903,0.11871814927271074,0.1328125,0.03515625,883,0.41538260081850564,0.09498574632502584,0.0994285452131561
20261002T191712Z-7f1dc1ef,1,3,3145728,on_policy,3,-0.041730079809495946,-0.03035247531959584,0.0625,0.076171875,838,0.15613293922622373,0.1365826776448138,0.07858284641724556
20261002T191712Z-7f1dc1ef,1,3,3145728,on_policy,4,0.0021586668482860283,0.012552394696762725,0.041015625,0.138671875,667,0.11251886431896807,0.1757221101662582,0.062283807649984424
20261002T191712Z-7f1dc1ef,1,3,3145728,on_policy,5,0.6705646117472868,0.6178935864401032,0.33984375,0.068359375,598,0.6488958204081154,0.12977040330304734,0.1150738382110615
20261002T191712Z-7f1dc1ef,1,3,3145728,on_policy,6,0.7955376211897704,0.8072129043372118,0.30859375,0.03515625,948,0.5775766933406581,0.11413432835487601,0.14065943923313506
20261002T191712Z-7f1dc1ef,1,3,3145728,common_checks,0,0.6136204044433804,0.38424578118070307,1.0,0.0,512,0.6442583335629097,0.26626733355479504,0.22462109557182242
20261002T191712Z-7f1dc1ef,1,3,3145728,common_checks,1,0.6661947933129256,0.43362371557815516,1.0,0.0,512,-0.011753094983419476,0.2644598520487067,0.15817805488073305
20261002T191712Z-7f1dc1ef,1,3,3145728,common_checks,2,0.9144715362780181,0.9226551718823329,1.0,0.0,512,0.8809576742660284,0.25188659439243133,0.2306694231193978
20261002T191712Z-7f1dc1ef,1,3,3145728,common_checks,3,0.5571428525599113,0.4118362627280122,1.0,0.0,512,0.18414010413735593,0.26822330061595323,0.2625400695301978
20261002T191712Z-7f1dc1ef,1,3,3145728,common_checks,4,0.3799469496563901,0.0553989443488192,1.0,0.0,512,0.41147483306321286,0.2755044110340661,0.12508585860954025
20261002T191712Z-7f1dc1ef,1,3,3145728,common_checks,5,0.8908465670088114,0.8850664044192627,1.0,0.0,512,0.8865620800264061,0.25377318878486266,0.26951758369983647
20261002T191712Z-7f1dc1ef,1,3,3145728,common_checks,6,0.6805114147285746,0.6665160589065571,1.0,0.0,512,0.6323555466641769,0.2793028597295447,0.25935843038260487
20261002T191712Z-7f1dc1ef,1,4,4194304,on_policy,0,-0.10733002150899673,-0.06608240073987681,0.001953125,0.345703125,294,0.11012761228116885,0.2665570000810416,0.06384247931903579
20261002T191712Z-7f1dc1ef,1,4,4194304,on_policy,1,-0.06485399617297172,-0.06260043989831399,0.01953125,0.169921875,602,0.0509334857142415,0.18592444419728163,0.04904536764932233
20261002T191712Z-7f1dc1ef,1,4,4194304,on_policy,2,0.2407237932472096,0.24073695411241858,0.185546875,0.1015625,578,0.5437384732668269,0.13466595899811928,0.1366884182283363
20261002T191712Z-7f1dc1ef,1,4,4194304,on_policy,3,-0.029570761253588707,0.0244159742481741,0.09375,0.119140625,565,0.15254647341218686,0.1874906316218195,0.10017088065613176
20261002T191712Z-7f1dc1ef,1,4,4194304,on_policy,4,-0.061464586399256005,-0.008474334329395372,0.021484375,0.287109375,387,0.20616074023755904,0.2441544393053812,0.07502335638735824
20261002T191712Z-7f1dc1ef,1,4,4194304,on_policy,5,0.6637034944048219,0.6222174799609406,0.30859375,0.126953125,446,0.6680382491152305,0.18122692191446696,0.16785226897054034
20261002T191712Z-7f1dc1ef,1,4,4194304,on_policy,6,0.8382551515473732,0.847807769302664,0.33203125,0.123046875,636,0.7441660245068538,0.16926336839801387,0.17424559736214945
20261002T191712Z-7f1dc1ef,1,4,4194304,common_checks,0,0.6543293209140992,0.46377613579507193,1.0,0.0,512,0.7124640064080124,0.26626733355479504,0.1862483943276967
20261002T191712Z-7f1dc1ef,1,4,4194304,common_checks,1,0.5442437221326113,0.11002229708534339,1.0,0.0,512,0.1566292468654572,0.2644598520487067,0.08677326625783
20261002T191712Z-7f1dc1ef,1,4,4194304,common_checks,2,0.9133486094525961,0.9324808694470402,1.0,0.0,512,0.9257512746417786,0.25188659439243133,0.25480082757267963
20261002T191712Z-7f1dc1ef,1,4,4194304,common_checks,3,0.6008647808293137,0.456692361909536,1.0,0.0,512,0.3991991318842518,0.26822330061595323,0.2419727698010572
20261002T191712Z-7f1dc1ef,1,4,4194304,common_checks,4,0.40531511705256085,0.10923384174146489,1.0,0.0,512,0.26639683463272756,0.2755044110340661,0.11156063142070027
20261002T191712Z-7f1dc1ef,1,4,4194304,common_checks,5,0.9066509010941861,0.8957388645101493,1.0,0.0,512,0.942012757471537,0.25377318878486266,0.2562213848887662
20261002T191712Z-7f1dc1ef,1,4,4194304,common_checks,6,0.7932833248431566,0.7792290148412362,1.0,0.0,512,0.8398222087684092,0.2793028597295447,0.24302409691833837
20261002T191712Z-7f1dc1ef,1,5,5242880,on_policy,0,-0.10363271456706413,-0.048192480964419415,0.001953125,0.390625,248,0.0435797119834197,0.2932214571622563,0.04381989659689261
20261002T191712Z-7f1dc1ef,1,5,5242880,on_policy,1,-0.14091878796468627,-0.1370188089729698,0.013671875,0.3203125,368,0.13586562231476418,0.2389259977229528,0.04756724832671768
20261002T191712Z-7f1dc1ef,1,5,5242880,on_policy,2,0.2942467832005723,0.24508685351665505,0.25,0.107421875,481,0.6408834589034464,0.16177572970712176,0.1391079905092247
20261002T191712Z-7f1dc1ef,1,5,5242880,on_policy,3,0.1525422401080726,0.20375516477496947,0.158203125,0.177734375,432,0.23167698178329532,0.21363178468260405,0.12995003617516498
20261002T191712Z-7f1dc1ef,1,5,5242880,on_policy,4,-0.06639051223273418,-0.027647468911614403,0.052734375,0.33984375,293,0.15255616255918558,0.27846676058376363,0.07170912836160255
20261002T191712Z-7f1dc1ef,1,5,5242880,on_policy,5,0.5643899281652959,0.5325906905413909,0.298828125,0.134765625,399,0.6790028978873133,0.21110606388613212,0.17648035726383443
20261002T191712Z-7f1dc1ef,1,5,5242880,on_policy,6,0.8964430404882247,0.9046252801936124,0.419921875,0.107421875,503,0.847556036452694,0.21897401041320727,0.21733173056870236
20261002T191712Z-7f1dc1ef,1,5,5242880,common_checks,0,0.5514780468732857,0.1820908963493274,1.0,0.0,512,0.48642275002774227,0.26626733355479504,0.1319246689066098
20261002T191712Z-7f1dc1ef,1,5,5242880,common_checks,1,0.6324516987137299,0.3530540305717751,1.0,0.0,512,0.27073582444630506,0.2644598520487067,0.1317549368078721
20261002T191712Z-7f1dc1ef,1,5,5242880,common_checks,2,0.9112168286021245,0.9126164946517593,1.0,0.0,512,0.8865111357897099,0.25188659439243133,0.24060983212242404
20261002T191712Z-7f1dc1ef,1,5,5242880,common_checks,3,0.6481077910727988,0.5294956155984386,1.0,0.0,512,0.5084708410770435,0.26822330061595323,0.2468538580217654
20261002T191712Z-7f1dc1ef,1,5,5242880,common_checks,4,0.4314826794339065,0.16055205543847728,1.0,0.0,512,0.20838744114174268,0.2755044110340661,0.11086131538537813
20261002T191712Z-7f1dc1ef,1,5,5242880,common_checks,5,0.8675607655126116,0.8437741543421353,1.0,0.0,512,0.8176987042052958,0.25377318878486266,0.2345282304865407
20261002T191712Z-7f1dc1ef,1,5,5242880,common_checks,6,0.9098905791425992,0.907489918835118,1.0,0.0,512,0.9135963739491398,0.2793028597295447,0.25811597609767034
20261002T191712Z-7f1dc1ef,1,6,6291456,on_policy,0,-0.07656928176722255,-0.016368105274845002,0.0,0.318359375,288,0.0055949846065603825,0.2942953108077541,0.035457087379566245
20261002T191712Z-7f1dc1ef,1,6,6291456,on_policy,1,-0.05173046095805467,-0.030120369902709276,0.02734375,0.28515625,377,0.005559116789888963,0.2524604383503269,0.03550867849288925
20261002T191712Z-7f1dc1ef,1,6,6291456,on_policy,2,0.3802854980672985,0.33547872943290025,0.318359375,0.095703125,456,0.690501033298148,0.18278204771128506,0.15027912356856396
20261002T191712Z-7f1dc1ef,1,6,6291456,on_policy,3,0.33507635256392243,0.391901619749608,0.197265625,0.169921875,419,0.392287073321682,0.22160295888818035,0.1637668218916058
20261002T191712Z-7f1dc1ef,1,6,6291456,on_policy,4,-0.04176418217939126,0.014196490105754855,0.072265625,0.380859375,261,0.22364387239039574,0.2944223304608486,0.07816175027915137
20261002T191712Z-7f1dc1ef,1,6,6291456,on_policy,5,0.5269236803515276,0.48448771258124623,0.32421875,0.130859375,413,0.7244308989366829,0.21831168561908662,0.18873875512490934
20261002T191712Z-7f1dc1ef,1,6,6291456,on_policy,6,0.9291468985979783,0.93591806982226,0.462890625,0.046875,467,0.8724131762327523,0.23311189274409863,0.22906352023996596
20261002T191712Z-7f1dc1ef,1,6,6291456,common_checks,0,0.5331940850184869,0.13302420975546003,1.0,0.0,512,0.32552876609900405,0.26626733355479504,0.17050167139898775
20261002T191712Z-7f1dc1ef,1,6,6291456,common_checks,1,0.6967263750855555,0.465053021016112,1.0,0.0,512,0.2610122609778289,0.2644598520487067,0.11956448461173963
20261002T191712Z-7f1dc1ef,1,6,6291456,common_checks,2,0.9195487693601853,0.9227385000027015,1.0,0.0,512,0.8647993730799952,0.25188659439243133,0.2751424821447559
20261002T191712Z-7f1dc1ef,1,6,6291456,common_checks,3,0.7972195622979218,0.7563533113262122,1.0,0.0,512,0.4394892960657234,0.26822330061595323,0.2883684110121525
20261002T191712Z-7f1dc1ef,1,6,6291456,common_checks,4,0.47990539400833043,0.21770000961228786,1.0,0.0,512,0.29431605711627806,0.2755044110340661,0.12494390022042978
20261002T191712Z-7f1dc1ef,1,6,6291456,common_checks,5,0.8764097278957469,0.8606746242370167,1.0,0.0,512,0.8466435809454051,0.25377318878486266,0.23036157891691644
20261002T191712Z-7f1dc1ef,1,6,6291456,common_checks,6,0.9018959203754725,0.8944123510169784,1.0,0.0,512,0.9138601446721856,0.2793028597295447,0.2660590861709929
20261002T191712Z-7f1dc1ef,1,9,9437184,on_policy,0,-0.08897826361027361,-0.05038423689521898,0.0,0.244140625,394,-0.024911144245891137,0.24932287410531584,0.04852359221715315
20261002T191712Z-7f1dc1ef,1,9,9437184,on_policy,1,-0.09357080954238661,-0.1057949908505611,0.046875,0.181640625,479,-0.03678446715410555,0.22303294845997798,0.040593148961967515
20261002T191712Z-7f1dc1ef,1,9,9437184,on_policy,2,0.6970350369240352,0.6960294848590494,0.44921875,0.0078125,511,0.8543225324667053,0.15042367622053987,0.14970669895602642
20261002T191712Z-7f1dc1ef,1,9,9437184,on_policy,3,0.7320381832067826,0.7465130956760544,0.419921875,0.025390625,576,0.7812852981719803,0.1780725550754193,0.1786005944291968
20261002T191712Z-7f1dc1ef,1,9,9437184,on_policy,4,0.7084967437309286,0.7680750907799027,0.384765625,0.107421875,438,0.7129743880844249,0.2370088998290554,0.2609600480395859
20261002T191712Z-7f1dc1ef,1,9,9437184,on_policy,5,0.6727246859519997,0.7080934598483719,0.43359375,0.06640625,397,0.8386956861376677,0.20962275592213428,0.20935156088760606
20261002T191712Z-7f1dc1ef,1,9,9437184,on_policy,6,0.9119979208173862,0.9150545332784272,0.4921875,0.021484375,553,0.8413055690608059,0.19542037040988222,0.20902175989129002
20261002T191712Z-7f1dc1ef,1,9,9437184,common_checks,0,0.45796149775604145,-0.02210008267144281,1.0,0.0,512,0.21785996124435003,0.26626733355479504,0.05374939709836468
20261002T191712Z-7f1dc1ef,1,9,9437184,common_checks,1,0.7852914767143052,0.6584815858611877,1.0,0.0,512,0.7899269359163401,0.2644598520487067,0.19979982036649702
20261002T191712Z-7f1dc1ef,1,9,9437184,common_checks,2,0.9128717681055801,0.9067537699778246,1.0,0.0,512,0.9468396463313978,0.25188659439243133,0.25516297417272327
20261002T191712Z-7f1dc1ef,1,9,9437184,common_checks,3,0.9522007899195587,0.9510042863904704,1.0,0.0,512,0.8979662661498877,0.26822330061595323,0.29754035529714473
20261002T191712Z-7f1dc1ef,1,9,9437184,common_checks,4,0.8383648087299647,0.7976696911760519,1.0,0.0,512,0.6364914726191012,0.2755044110340661,0.2410284839861312
20261002T191712Z-7f1dc1ef,1,9,9437184,common_checks,5,0.8363710606598663,0.8163157578119488,1.0,0.0,512,0.824380291402452,0.25377318878486266,0.2668797915462613
20261002T191712Z-7f1dc1ef,1,9,9437184,common_checks,6,0.8520337175743804,0.8473817043606577,1.0,0.0,512,0.7514409750865088,0.2793028597295447,0.3159686865969089
20261002T191712Z-7f1dc1ef,1,14,14680064,on_policy,0,-0.11371555306267367,-0.07733932754608008,0.001953125,0.16015625,494,0.05949231422264767,0.22761461665275415,0.039077165390876877
20261002T191712Z-7f1dc1ef,1,14,14680064,on_policy,1,0.6476387560688613,0.6223907385553975,0.421875,0.048828125,583,0.6072153365162815,0.1664996326309805,0.16945572345786888
20261002T191712Z-7f1dc1ef,1,14,14680064,on_policy,2,0.77982377704408,0.7608212437124687,0.474609375,0.0,526,0.8898644614385812,0.15315310199145674,0.1656859931702974
20261002T191712Z-7f1dc1ef,1,14,14680064,on_policy,3,0.8896043864227448,0.9004414457258761,0.462890625,0.005859375,567,0.8596671060251317,0.16984608336505685,0.1703218640240472
20261002T191712Z-7f1dc1ef,1,14,14680064,on_policy,4,0.8913555178433707,0.9268241821294712,0.513671875,0.005859375,555,0.8544759220941587,0.2271962202399305,0.22862034364336425
20261002T191712Z-7f1dc1ef,1,14,14680064,on_policy,5,0.9078541684738657,0.940241328885459,0.49609375,0.0,519,0.9455716791516995,0.1661892522318317,0.1847452732157558
20261002T191712Z-7f1dc1ef,1,14,14680064,on_policy,6,0.9328573590084344,0.9392798922057054,0.51171875,0.001953125,648,0.8395268502308154,0.1836740727930502,0.19817480311090657
20261002T191712Z-7f1dc1ef,1,14,14680064,common_checks,0,0.44027737088281627,-0.030460617441349314,1.0,0.0,512,0.08629558425468797,0.26626733355479504,0.029384582707052687
20261002T191712Z-7f1dc1ef,1,14,14680064,common_checks,1,0.9481300629808936,0.9400328998729934,1.0,0.0,512,0.9572737848907635,0.2644598520487067,0.23992330256334782
20261002T191712Z-7f1dc1ef,1,14,14680064,common_checks,2,0.8878704722800121,0.8713551137749889,1.0,0.0,512,0.9289418321368829,0.25188659439243133,0.2574015801552747
20261002T191712Z-7f1dc1ef,1,14,14680064,common_checks,3,0.9734978031943509,0.9710623382731368,1.0,0.0,512,0.9059067154508078,0.26822330061595323,0.24884517471825518
20261002T191712Z-7f1dc1ef,1,14,14680064,common_checks,4,0.9353929389765917,0.9190285514702633,1.0,0.0,512,0.8392597161547262,0.2755044110340661,0.24826712204237644
20261002T191712Z-7f1dc1ef,1,14,14680064,common_checks,5,0.7863336347799089,0.7610213571661971,1.0,0.0,512,0.7553036662862032,0.25377318878486266,0.3178997459576607
20261002T191712Z-7f1dc1ef,1,14,14680064,common_checks,6,0.9376055634367969,0.9343764916917222,1.0,0.0,512,0.8809982121832671,0.2793028597295447,0.2520674013867641
20261002T191712Z-7f1dc1ef,1,20,20971520,on_policy,0,-0.047834137439008995,-0.022680021823450414,0.0,0.130859375,621,-0.023559401262137847,0.19667638787154046,0.03569141734009387
20261002T191712Z-7f1dc1ef,1,20,20971520,on_policy,1,0.9329073313564242,0.9265885042162362,0.556640625,0.0,670,0.8499342977088126,0.13957049224638043,0.15053656895605008
20261002T191712Z-7f1dc1ef,1,20,20971520,on_policy,2,0.8111579391245163,0.7927709859615731,0.48828125,0.001953125,522,0.8930372356070901,0.14736121065151891,0.16249739920358994
20261002T191712Z-7f1dc1ef,1,20,20971520,on_policy,3,0.9075529937298927,0.9039385222412648,0.47265625,0.001953125,649,0.8493691320362535,0.15545489445739585,0.15986989445254732
20261002T191712Z-7f1dc1ef,1,20,20971520,on_policy,4,0.9314370050592877,0.9593657356230945,0.509765625,0.001953125,580,0.9009508557227736,0.20043968869248638,0.21120745692175466
20261002T191712Z-7f1dc1ef,1,20,20971520,on_policy,5,0.8924070985004495,0.9269820127988949,0.49609375,0.00390625,517,0.9405991827579101,0.16882941335084653,0.1800367272498017
20261002T191712Z-7f1dc1ef,1,20,20971520,on_policy,6,0.9461988270364637,0.9490702359205755,0.501953125,0.005859375,617,0.8640672325689103,0.1848371334422373,0.1982905410922781
20261002T191712Z-7f1dc1ef,1,20,20971520,common_checks,0,0.4562225771319327,-0.025042980820042304,1.0,0.0,512,0.13625074775395796,0.26626733355479504,0.034161483831145034
20261002T191712Z-7f1dc1ef,1,20,20971520,common_checks,1,0.9718597393170308,0.9597727193919605,1.0,0.0,512,0.9477267344959484,0.2644598520487067,0.2652621105437287
20261002T191712Z-7f1dc1ef,1,20,20971520,common_checks,2,0.884794369797623,0.8759386589708534,1.0,0.0,512,0.8491638111647446,0.25188659439243133,0.2927885452447665
20261002T191712Z-7f1dc1ef,1,20,20971520,common_checks,3,0.9803930134778157,0.9766571640492259,1.0,0.0,512,0.9304960713906127,0.26822330061595323,0.25222862363618326
20261002T191712Z-7f1dc1ef,1,20,20971520,common_checks,4,0.9758646117688199,0.9671982050180745,1.0,0.0,512,0.9294228372369547,0.2755044110340661,0.2569423551871264
20261002T191712Z-7f1dc1ef,1,20,20971520,common_checks,5,0.5628632951913246,0.4877276757273552,1.0,0.0,512,0.17272560214619803,0.25377318878486266,0.36949633097694345
20261002T191712Z-7f1dc1ef,1,20,20971520,common_checks,6,0.9823465530124751,0.9824050192874891,1.0,0.0,512,0.9328816505389714,0.2793028597295447,0.26918744014872953
20261002T191712Z-7f1dc1ef,1,29,30408704,on_policy,0,-0.08916390089155901,-0.047933216825793545,0.001953125,0.119140625,563,0.047551214270062814,0.20844202052163846,0.03874043221474669
20261002T191712Z-7f1dc1ef,1,29,30408704,on_policy,1,0.9624554364445694,0.9658982852640233,0.541015625,0.001953125,603,0.921265588307413,0.15854085339530358,0.17336407059057454
20261002T191712Z-7f1dc1ef,1,29,30408704,on_policy,2,0.839799870392641,0.8254407550691059,0.486328125,0.0,474,0.9176082717252341,0.16335144978312374,0.1719536469523532
20261002T191712Z-7f1dc1ef,1,29,30408704,on_policy,3,0.9124673954873526,0.9093547571976811,0.4765625,0.0,632,0.880373014965572,0.1471338937414327,0.14735540558603985
20261002T191712Z-7f1dc1ef,1,29,30408704,on_policy,4,0.9472538354814598,0.9718623736577273,0.515625,0.001953125,594,0.9099664397439844,0.2113447933967382,0.20666080203657355
20261002T191712Z-7f1dc1ef,1,29,30408704,on_policy,5,0.8494995681298735,0.8330608327530739,0.501953125,0.0,491,0.969887799233945,0.18235828160783293,0.1908804353573464
20261002T191712Z-7f1dc1ef,1,29,30408704,on_policy,6,0.967077523965371,0.9743244308388023,0.5078125,0.001953125,637,0.8956320678013086,0.185501334554781,0.19611887084390378
20261002T191712Z-7f1dc1ef,1,29,30408704,common_checks,0,0.45818598471804217,0.002674597521576394,1.0,0.0,512,0.033779059987671056,0.26626733355479504,0.03651806864416428
20261002T191712Z-7f1dc1ef,1,29,30408704,common_checks,1,0.9872405921822527,0.9834607248436975,1.0,0.0,512,0.9587873403156003,0.2644598520487067,0.23782154723359164
20261002T191712Z-7f1dc1ef,1,29,30408704,common_checks,2,0.8963857752729868,0.8841496336999446,1.0,0.0,512,0.9340429821554557,0.25188659439243133,0.2531008179947171
20261002T191712Z-7f1dc1ef,1,29,30408704,common_checks,3,0.9766372742301619,0.972098426261063,1.0,0.0,512,0.8954256901810782,0.26822330061595323,0.2930948963545841
20261002T191712Z-7f1dc1ef,1,29,30408704,common_checks,4,0.9696231773477005,0.9606045689009535,1.0,0.0,512,0.9115878443532061,0.2755044110340661,0.2638386877148972
20261002T191712Z-7f1dc1ef,1,29,30408704,common_checks,5,0.605538184066313,0.5609673834116996,1.0,0.0,512,0.5665328909587364,0.25377318878486266,0.2853737305464016
20261002T191712Z-7f1dc1ef,1,29,30408704,common_checks,6,0.9819318786051121,0.9824603964672586,1.0,0.0,512,0.9356345295134997,0.2793028597295447,0.2592614210376511
20261002T191712Z-7f1dc1ef,2,0,0,on_policy,0,0.8812393012435947,0.8902593989608387,0.03515625,0.0,1793,0.38266437054364477,0.01897482639311673,0.09375771715655862
20261002T191712Z-7f1dc1ef,2,0,0,on_policy,1,0.35853947243881945,0.38654899955488164,0.041015625,0.0078125,1342,-0.5600251054450862,0.07814185770106355,0.24761839029431149
20261002T191712Z-7f1dc1ef,2,0,0,on_policy,2,0.27855330505090126,0.33333456356314894,0.09375,0.056640625,764,0.14317591927381446,0.13549226226526906,0.2320597123356781
20261002T191712Z-7f1dc1ef,2,0,0,on_policy,3,0.27674444976867163,0.3136687488934856,0.0859375,0.00390625,1203,-0.4921639089360592,0.0872335464377776,0.27635235398262875
20261002T191712Z-7f1dc1ef,2,0,0,on_policy,4,0.059144785552581514,0.1114559879115199,0.013671875,0.140625,536,0.45226292805519885,0.20948290856016447,0.18818978526469743
20261002T191712Z-7f1dc1ef,2,0,0,on_policy,5,0.056469801516892404,0.027566232280712866,0.16796875,0.060546875,560,0.12340236244913938,0.17548302910420704,0.2940807877597941
20261002T191712Z-7f1dc1ef,2,0,0,on_policy,6,0.5914387168925557,0.6277435175959304,0.087890625,0.005859375,1631,-0.44256689467516286,0.06021393537317274,0.19949087015099856
20261002T191712Z-7f1dc1ef,2,0,0,common_checks,0,0.9588530162838933,0.9554929845017015,1.0,0.0,512,0.8034465306126093,0.26626733355479504,0.33658999900207653
20261002T191712Z-7f1dc1ef,2,0,0,common_checks,1,0.9311942696725937,0.9198082389452259,1.0,0.0,512,0.6482619056041399,0.2644598520487067,0.3668393105396212
20261002T191712Z-7f1dc1ef,2,0,0,common_checks,2,0.8734110839841229,0.8774284164805687,1.0,0.0,512,0.6789286818834638,0.25188659439243133,0.3787651522079382
20261002T191712Z-7f1dc1ef,2,0,0,common_checks,3,0.8212157783243798,0.8344570767314439,1.0,0.0,512,0.5758428947269884,0.26822330061595323,0.38786970211508387
20261002T191712Z-7f1dc1ef,2,0,0,common_checks,4,0.8938457950118075,0.8917018988391878,1.0,0.0,512,0.6295165009400661,0.2755044110340661,0.3592387598389716
20261002T191712Z-7f1dc1ef,2,0,0,common_checks,5,0.8878794769805202,0.9153463518049223,1.0,0.0,512,0.5714872866989207,0.25377318878486266,0.3522535286216312
20261002T191712Z-7f1dc1ef,2,0,0,common_checks,6,0.93940356537398,0.9651348277865106,1.0,0.0,512,0.7525732168620932,0.2793028597295447,0.30109179097251915
20261002T191712Z-7f1dc1ef,2,1,1048576,on_policy,0,0.8205225433995462,0.8407865735408346,0.033203125,0.0,1727,0.5065003543966476,0.02705964847202022,0.0921095243708717
20261002T191712Z-7f1dc1ef,2,1,1048576,on_policy,1,0.0862300878941189,0.07419763621784647,0.05078125,0.01171875,1272,-0.0025582541069604225,0.0868619565683484,0.08212268689559003
20261002T191712Z-7f1dc1ef,2,1,1048576,on_policy,2,0.24276525680986805,0.283649617951228,0.072265625,0.0703125,747,0.19432761573324964,0.13279809308476798,0.14881916188501906
20261002T191712Z-7f1dc1ef,2,1,1048576,on_policy,3,0.18869767068192,0.22425554052673102,0.060546875,0.015625,1091,0.22528873191968002,0.09250172773909399,0.11036043147079853
20261002T191712Z-7f1dc1ef,2,1,1048576,on_policy,4,-0.08071307690851648,-0.08328294029930716,0.046875,0.181640625,430,0.029035564076001497,0.2278149654790865,0.0713887271747918
20261002T191712Z-7f1dc1ef,2,1,1048576,on_policy,5,0.22120920662732657,0.24273735176343292,0.138671875,0.068359375,595,0.4133913040729357,0.1604611907941662,0.13818331901571068
20261002T191712Z-7f1dc1ef,2,1,1048576,on_policy,6,0.31811990247263244,0.35810066420057995,0.109375,0.013671875,1503,0.039115721666703074,0.07067430894783468,0.10320280085643592
20261002T191712Z-7f1dc1ef,2,1,1048576,common_checks,0,0.792530591186464,0.7744350205952307,1.0,0.0,512,0.9020126303539834,0.26626733355479504,0.2609566468170256
20261002T191712Z-7f1dc1ef,2,1,1048576,common_checks,1,0.605200538013646,0.27438205184135467,1.0,0.0,512,0.501363460223436,0.2644598520487067,0.19216425428976658
20261002T191712Z-7f1dc1ef,2,1,1048576,common_checks,2,0.8132688634815401,0.8014646048529346,1.0,0.0,512,0.8435193321223925,0.25188659439243133,0.24009847526874006
20261002T191712Z-7f1dc1ef,2,1,1048576,common_checks,3,0.7420250941200559,0.7042580104516933,1.0,0.0,512,0.6260873759504877,0.26822330061595323,0.19223444377656573
20261002T191712Z-7f1dc1ef,2,1,1048576,common_checks,4,0.417726992471962,0.10639340297632771,1.0,0.0,512,0.28759728739016954,0.2755044110340661,0.22217238620443724
20261002T191712Z-7f1dc1ef,2,1,1048576,common_checks,5,0.6204962596779614,0.5807759066400231,1.0,0.0,512,0.7207728462836034,0.25377318878486266,0.21769492035251092
20261002T191712Z-7f1dc1ef,2,1,1048576,common_checks,6,0.2130947971053474,0.14879267194001788,1.0,0.0,512,0.46649793047064414,0.2793028597295447,0.19106714286091897
20261002T191712Z-7f1dc1ef,2,2,2097152,on_policy,0,0.5881983786582513,0.6183560094900311,0.025390625,0.0,1648,0.2405169513780916,0.04596688616001989,0.11403726629256715
20261002T191712Z-7f1dc1ef,2,2,2097152,on_policy,1,0.1475649477840285,0.1694750262163538,0.029296875,0.037109375,1036,0.08527400399631935,0.10449654915243317,0.12023855406234284
20261002T191712Z-7f1dc1ef,2,2,2097152,on_policy,2,0.15462720857454915,0.2016522544390127,0.078125,0.107421875,615,0.17953818696387336,0.14764922312491735,0.12284925835369193
20261002T191712Z-7f1dc1ef,2,2,2097152,on_policy,3,0.11268383163884998,0.11671107700593475,0.05078125,0.033203125,949,0.12919177212214028,0.1117527381705551,0.10625682560811921
20261002T191712Z-7f1dc1ef,2,2,2097152,on_policy,4,0.05882077098751737,0.08218838253503613,0.029296875,0.248046875,389,0.17116056564910498,0.2535737407558604,0.1319965872690959
20261002T191712Z-7f1dc1ef,2,2,2097152,on_policy,5,0.17456738515027237,0.2003231209309263,0.087890625,0.095703125,590,0.2997691344484036,0.16844531981907157,0.14007156681078536
20261002T191712Z-7f1dc1ef,2,2,2097152,on_policy,6,0.4455962534307808,0.4614871984344747,0.1328125,0.01953125,1207,0.1815923416209989,0.0933681273020094,0.1134733709588181
20261002T191712Z-7f1dc1ef,2,2,2097152,common_checks,0,0.7825667917880368,0.7802666876851906,1.0,0.0,512,0.7443062139089013,0.26626733355479504,0.18593220146564882
20261002T191712Z-7f1dc1ef,2,2,2097152,common_checks,1,0.7717911333442642,0.6751869314200483,1.0,0.0,512,0.5075313712954275,0.2644598520487067,0.15765422788906736
20261002T191712Z-7f1dc1ef,2,2,2097152,common_checks,2,0.8854284706808805,0.9123226074198987,1.0,0.0,512,0.8871400736690704,0.25188659439243133,0.25573355465660197
20261002T191712Z-7f1dc1ef,2,2,2097152,common_checks,3,0.591606356001372,0.4648112559799802,1.0,0.0,512,0.2542212327564781,0.26822330061595323,0.11944194725871782
20261002T191712Z-7f1dc1ef,2,2,2097152,common_checks,4,0.4794298170150014,0.2189794226843007,1.0,0.0,512,0.5676493383595675,0.2755044110340661,0.1640750546762133
20261002T191712Z-7f1dc1ef,2,2,2097152,common_checks,5,0.6839647148155452,0.6690611337838039,1.0,0.0,512,0.6745548888947053,0.25377318878486266,0.30658928532073126
20261002T191712Z-7f1dc1ef,2,2,2097152,common_checks,6,0.4744626376516796,0.44045554499199835,1.0,0.0,512,0.2931650336247281,0.2793028597295447,0.17320960520655682
20261002T191712Z-7f1dc1ef,2,3,3145728,on_policy,0,0.32128853438006577,0.36474426740516686,0.0546875,0.021484375,1251,0.30320892590155846,0.08776687082600826,0.13188013822788475
20261002T191712Z-7f1dc1ef,2,3,3145728,on_policy,1,0.04715202472917179,0.07643965607651004,0.048828125,0.1015625,707,0.13746682696305168,0.15213823194395015,0.089004403131597
20261002T191712Z-7f1dc1ef,2,3,3145728,on_policy,2,0.09876049097741402,0.12852926181407576,0.072265625,0.16796875,455,0.27787263858906275,0.18860809739248668,0.1204289617330423
20261002T191712Z-7f1dc1ef,2,3,3145728,on_policy,3,0.08220059040755878,0.11066234921192908,0.06640625,0.10546875,633,0.1220587404490433,0.16180218573492028,0.10366076828760255
20261002T191712Z-7f1dc1ef,2,3,3145728,on_policy,4,0.094459880658184,0.1500825684492697,0.013671875,0.359375,307,0.2299876887886687,0.27150408605310855,0.11847889395511897
20261002T191712Z-7f1dc1ef,2,3,3145728,on_policy,5,0.05895200470900486,0.09683377287258044,0.048828125,0.158203125,487,0.3439737374883165,0.20637592750190095,0.14675668991085444
20261002T191712Z-7f1dc1ef,2,3,3145728,on_policy,6,0.4971562741891026,0.5048295209731384,0.115234375,0.048828125,949,0.3060219876247018,0.13011881963123434,0.10975049014150311
20261002T191712Z-7f1dc1ef,2,3,3145728,common_checks,0,0.7618869086752191,0.6938405723253434,1.0,0.0,512,0.8486880831538803,0.26626733355479504,0.22236189817223107
20261002T191712Z-7f1dc1ef,2,3,3145728,common_checks,1,0.7167227941333943,0.5423448227840755,1.0,0.0,512,0.4454267031694067,0.2644598520487067,0.14714707757589096
20261002T191712Z-7f1dc1ef,2,3,3145728,common_checks,2,0.8733311657171012,0.9074881508911916,1.0,0.0,512,0.897697314684188,0.25188659439243133,0.3032814448206158
20261002T191712Z-7f1dc1ef,2,3,3145728,common_checks,3,0.6937023565449262,0.6127641352967146,1.0,0.0,512,0.3256129070219381,0.26822330061595323,0.13429709846094617
20261002T191712Z-7f1dc1ef,2,3,3145728,common_checks,4,0.5733781126537102,0.38165400715369946,1.0,0.0,512,0.43576736456635123,0.2755044110340661,0.24775810344086135
20261002T191712Z-7f1dc1ef,2,3,3145728,common_checks,5,0.5286475000438247,0.4482928711905695,1.0,0.0,512,0.7420354313078614,0.25377318878486266,0.30487202381841527
20261002T191712Z-7f1dc1ef,2,3,3145728,common_checks,6,0.5447489802323101,0.5267862487382893,1.0,0.0,512,0.09214015999426806,0.2793028597295447,0.17291004533973364
20261002T191712Z-7f1dc1ef,2,4,4194304,on_policy,0,0.1809030684611127,0.21770913979058215,0.021484375,0.095703125,747,0.21887962399679584,0.15966774143744655,0.12871238284159592
20261002T191712Z-7f1dc1ef,2,4,4194304,on_policy,1,0.06785368842671813,0.12989029266750907,0.0546875,0.189453125,494,0.23591886999615408,0.20834791714142253,0.10508045649554348
20261002T191712Z-7f1dc1ef,2,4,4194304,on_policy,2,0.09300386700959395,0.1584991624423584,0.0703125,0.263671875,326,0.2781269113299285,0.2488587333341165,0.11413158678609482
20261002T191712Z-7f1dc1ef,2,4,4194304,on_policy,3,0.15115895689226289,0.2149116618257072,0.087890625,0.201171875,424,0.3953110686747343,0.20255920825523036,0.17164730796643257
20261002T191712Z-7f1dc1ef,2,4,4194304,on_policy,4,0.060785563588549474,0.16698641599420383,0.021484375,0.451171875,222,0.1009708763445869,0.30508529202720486,0.113825498099199
20261002T191712Z-7f1dc1ef,2,4,4194304,on_policy,5,0.026786730772032863,0.023512462085953145,0.07421875,0.255859375,367,0.3164914219995213,0.24002003755720833,0.13695348916914477
20261002T191712Z-7f1dc1ef,2,4,4194304,on_policy,6,0.6116842825124754,0.6392143428689412,0.150390625,0.123046875,657,0.6014343099970172,0.1825989220293212,0.16846550548589043
20261002T191712Z-7f1dc1ef,2,4,4194304,common_checks,0,0.794813046265557,0.7191270276235463,1.0,0.0,512,0.3796982024846357,0.26626733355479504,0.20818346193735948
20261002T191712Z-7f1dc1ef,2,4,4194304,common_checks,1,0.7750177742327977,0.7219131036783475,1.0,0.0,512,0.5846529765737416,0.2644598520487067,0.17867932702582223
20261002T191712Z-7f1dc1ef,2,4,4194304,common_checks,2,0.8305052103922458,0.8183509914143238,1.0,0.0,512,0.7130627555225917,0.25188659439243133,0.2370341858017042
20261002T191712Z-7f1dc1ef,2,4,4194304,common_checks,3,0.6512247632978856,0.5560067145126546,1.0,0.0,512,0.22732061240447343,0.26822330061595323,0.1747259837018551
20261002T191712Z-7f1dc1ef,2,4,4194304,common_checks,4,0.5711208759457966,0.401463399148851,1.0,0.0,512,0.6306745533707987,0.2755044110340661,0.1447849371863672
20261002T191712Z-7f1dc1ef,2,4,4194304,common_checks,5,0.34173380793912167,0.1931706053150719,1.0,0.0,512,0.39828201538362695,0.25377318878486266,0.19328907956522468
20261002T191712Z-7f1dc1ef,2,4,4194304,common_checks,6,0.7095731778121694,0.7068031636731524,1.0,0.0,512,0.6375385396417076,0.2793028597295447,0.17812413072443878
20261002T191712Z-7f1dc1ef,2,5,5242880,on_policy,0,-0.008024122842192671,0.058877905006033515,0.021484375,0.17578125,557,0.22780526486331798,0.1947122197243064,0.09996745578073987
20261002T191712Z-7f1dc1ef,2,5,5242880,on_policy,1,0.04600561528989955,0.10854703643300279,0.076171875,0.25,410,0.273603839045081,0.21638019850562537,0.11425479962905025
20261002T191712Z-7f1dc1ef,2,5,5242880,on_policy,2,0.07349195468959624,0.12266209491739766,0.12890625,0.271484375,314,0.25287229088362473,0.23722507316742097,0.09749161018531537
20261002T191712Z-7f1dc1ef,2,5,5242880,on_policy,3,0.271667158480981,0.34964669058291076,0.14453125,0.185546875,423,0.4786865882866709,0.2065099800470501,0.16623502371573143
20261002T191712Z-7f1dc1ef,2,5,5242880,on_policy,4,0.0417478335338497,0.13262457201689626,0.044921875,0.439453125,247,0.0942388094774308,0.29432402649461625,0.08323077422717667
20261002T191712Z-7f1dc1ef,2,5,5242880,on_policy,5,0.08450104228089339,0.04950242188784215,0.068359375,0.294921875,345,0.29425262233173066,0.24400503719646222,0.14927613930792016
20261002T191712Z-7f1dc1ef,2,5,5242880,on_policy,6,0.7538871908393422,0.7723919408804767,0.296875,0.12109375,545,0.7116996264314341,0.200263082436694,0.1889366326325444
20261002T191712Z-7f1dc1ef,2,5,5242880,common_checks,0,0.748238156236893,0.6377453656121774,1.0,0.0,512,0.5617585816275793,0.26626733355479504,0.17190438746023418
20261002T191712Z-7f1dc1ef,2,5,5242880,common_checks,1,0.7144896214910947,0.5412969386801492,1.0,0.0,512,0.5168054954389489,0.2644598520487067,0.16187275627094166
20261002T191712Z-7f1dc1ef,2,5,5242880,common_checks,2,0.8332945709213753,0.8143769746181764,1.0,0.0,512,0.7897821595877106,0.25188659439243133,0.2917146788879812
20261002T191712Z-7f1dc1ef,2,5,5242880,common_checks,3,0.7187795141672342,0.6569523186189723,1.0,0.0,512,0.6840233157875175,0.26822330061595323,0.18874401998640167
20261002T191712Z-7f1dc1ef,2,5,5242880,common_checks,4,0.5693238452118694,0.3716622685982468,1.0,0.0,512,0.5916886740972065,0.2755044110340661,0.19369770983528234
20261002T191712Z-7f1dc1ef,2,5,5242880,common_checks,5,0.2654437730753306,0.0863541892227706,1.0,0.0,512,0.22087760726265426,0.25377318878486266,0.22418951537889598
20261002T191712Z-7f1dc1ef,2,5,5242880,common_checks,6,0.8346928133345383,0.8390602491153459,1.0,0.0,512,0.7535497499413083,0.2793028597295447,0.2767535366131497
20261002T191712Z-7f1dc1ef,2,6,6291456,on_policy,0,0.002643812928395106,0.01598273657917182,0.041015625,0.189453125,481,0.09400587666386506,0.21018289547585678,0.05998180576770588
20261002T191712Z-7f1dc1ef,2,6,6291456,on_policy,1,0.10035506319883092,0.09029103496037638,0.109375,0.228515625,432,0.1770249895591517,0.2211205280850518,0.0712783253042762
20261002T191712Z-7f1dc1ef,2,6,6291456,on_policy,2,0.16411577300754998,0.10181680643928381,0.228515625,0.2109375,343,0.4123728057557593,0.21324751488625848,0.10850090630329755
20261002T191712Z-7f1dc1ef,2,6,6291456,on_policy,3,0.3814223236325732,0.42441405777369734,0.248046875,0.16015625,405,0.5868477694629461,0.22427613653427292,0.15329700584639877
20261002T191712Z-7f1dc1ef,2,6,6291456,on_policy,4,0.10943711325828132,0.20027731296921691,0.052734375,0.396484375,249,0.18701799747416747,0.3067853133429687,0.06896882030615972
20261002T191712Z-7f1dc1ef,2,6,6291456,on_policy,5,0.017804680129207218,-0.016303417278509036,0.080078125,0.25390625,380,0.2939653438683548,0.2327008782184399,0.10649529912521417
20261002T191712Z-7f1dc1ef,2,6,6291456,on_policy,6,0.8205420388143007,0.8308829917942198,0.404296875,0.080078125,564,0.7628255066512625,0.20282269124545757,0.19242039520081083
20261002T191712Z-7f1dc1ef,2,6,6291456,common_checks,0,0.6736543988820967,0.456091318899961,1.0,0.0,512,0.6997086452342334,0.26626733355479504,0.16733340886895043
20261002T191712Z-7f1dc1ef,2,6,6291456,common_checks,1,0.7430028333572505,0.6222356292891936,1.0,0.0,512,0.7697844823827706,0.2644598520487067,0.2207105520708339
20261002T191712Z-7f1dc1ef,2,6,6291456,common_checks,2,0.8075419463414188,0.771120649655969,1.0,0.0,512,0.7777762486477915,0.25188659439243133,0.26720807415365044
20261002T191712Z-7f1dc1ef,2,6,6291456,common_checks,3,0.7703186590016555,0.7070294205458376,1.0,0.0,512,0.23905640921748594,0.26822330061595323,0.2005203588643596
20261002T191712Z-7f1dc1ef,2,6,6291456,common_checks,4,0.6079303753090526,0.4206832652118424,1.0,0.0,512,0.7306495405526867,0.2755044110340661,0.1801080518364273
20261002T191712Z-7f1dc1ef,2,6,6291456,common_checks,5,0.40918081054462585,0.2991359010248208,1.0,0.0,512,0.4135380393493491,0.25377318878486266,0.28406860030753833
20261002T191712Z-7f1dc1ef,2,6,6291456,common_checks,6,0.8875408753479261,0.8874912763924243,1.0,0.0,512,0.8668286544661211,0.2793028597295447,0.23851916741027512
20261002T191712Z-7f1dc1ef,2,9,9437184,on_policy,0,0.0281065686928742,-0.03931822408777341,0.103515625,0.119140625,536,0.14848972453009246,0.18746570633368673,0.08846453244735931
20261002T191712Z-7f1dc1ef,2,9,9437184,on_policy,1,0.3885446084083093,0.3686651095270198,0.34375,0.087890625,538,0.47722100829213754,0.19040360255425012,0.17692446552573152
20261002T191712Z-7f1dc1ef,2,9,9437184,on_policy,2,0.4513500922106648,0.42417232658889337,0.4296875,0.037109375,485,0.6875375742895504,0.17671110095514178,0.13657258723325005
20261002T191712Z-7f1dc1ef,2,9,9437184,on_policy,3,0.6452128231101248,0.6391815598948284,0.4453125,0.015625,583,0.6773550632670058,0.18481342426842012,0.18002402765784611
20261002T191712Z-7f1dc1ef,2,9,9437184,on_policy,4,0.5595898563452859,0.6360212490001127,0.31640625,0.12890625,498,0.5720985855658038,0.21642404680255978,0.1984129016064842
20261002T191712Z-7f1dc1ef,2,9,9437184,on_policy,5,0.10580910812773159,0.06919970548360121,0.15625,0.166015625,423,0.46171256019784945,0.2164680571701417,0.13807480586705545
20261002T191712Z-7f1dc1ef,2,9,9437184,on_policy,6,0.8244713567804007,0.8324167304334817,0.48828125,0.01953125,636,0.7150157498738676,0.18766683067444792,0.1707710576642927
20261002T191712Z-7f1dc1ef,2,9,9437184,common_checks,0,0.7358843219608813,0.6348947085012713,1.0,0.0,512,0.6664611668330845,0.26626733355479504,0.2227373857624162
20261002T191712Z-7f1dc1ef,2,9,9437184,common_checks,1,0.8443816273667375,0.7968844425322978,1.0,0.0,512,0.8425299114709417,0.2644598520487067,0.2213753451530803
20261002T191712Z-7f1dc1ef,2,9,9437184,common_checks,2,0.8251167385469219,0.7916507207713235,1.0,0.0,512,0.6843322042774633,0.25188659439243133,0.23283726526208506
20261002T191712Z-7f1dc1ef,2,9,9437184,common_checks,3,0.8842679049540596,0.8702848731486033,1.0,0.0,512,0.7480952816052637,0.26822330061595323,0.23698542937047418
20261002T191712Z-7f1dc1ef,2,9,9437184,common_checks,4,0.6704711619760826,0.5421602721728728,1.0,0.0,512,0.4173164338495533,0.2755044110340661,0.1538980022416233
20261002T191712Z-7f1dc1ef,2,9,9437184,common_checks,5,0.40332528156032366,0.2868535185538307,1.0,0.0,512,0.29634681022776066,0.25377318878486266,0.2956400780748587
20261002T191712Z-7f1dc1ef,2,9,9437184,common_checks,6,0.9438850878557985,0.945947489537889,1.0,0.0,512,0.8690175255953511,0.2793028597295447,0.25933125556085157
20261002T191712Z-7f1dc1ef,2,14,14680064,on_policy,0,0.45148284006949335,0.39464280687726006,0.361328125,0.052734375,594,0.5180137857110743,0.16082933776471994,0.13890441146278132
20261002T191712Z-7f1dc1ef,2,14,14680064,on_policy,1,0.8216970806496007,0.8088829241696258,0.533203125,0.001953125,648,0.7959989272744464,0.15239338712932085,0.15895590668295992
20261002T191712Z-7f1dc1ef,2,14,14680064,on_policy,2,0.7229132123105801,0.7771614768998218,0.4765625,0.005859375,477,0.7743972318212824,0.15319890606211153,0.13543050605899806
20261002T191712Z-7f1dc1ef,2,14,14680064,on_policy,3,0.7896380930704028,0.7892276867273629,0.451171875,0.005859375,623,0.680441509065861,0.16304789550265514,0.1527804706134258
20261002T191712Z-7f1dc1ef,2,14,14680064,on_policy,4,0.9341897853313514,0.9448716453325195,0.515625,0.00390625,736,0.8493164860760052,0.16729343008428255,0.1605864955401176
20261002T191712Z-7f1dc1ef,2,14,14680064,on_policy,5,0.24938146951928397,0.2649788120792017,0.40625,0.033203125,568,0.7981041229765052,0.15093143062883702,0.15226878291589266
20261002T191712Z-7f1dc1ef,2,14,14680064,on_policy,6,0.9048171476052054,0.9127210920475175,0.51953125,0.001953125,735,0.7744886713590439,0.15336696173341063,0.1431642472601624
20261002T191712Z-7f1dc1ef,2,14,14680064,common_checks,0,0.880425228276632,0.8620197331432531,1.0,0.0,512,0.8852237147301413,0.26626733355479504,0.2827592364846332
20261002T191712Z-7f1dc1ef,2,14,14680064,common_checks,1,0.9467933449563667,0.9354301165554038,1.0,0.0,512,0.9169238655997494,0.2644598520487067,0.2500979146805484
20261002T191712Z-7f1dc1ef,2,14,14680064,common_checks,2,0.8243255850218383,0.7599568079470379,1.0,0.0,512,0.8020540130997302,0.25188659439243133,0.2520980938815036
20261002T191712Z-7f1dc1ef,2,14,14680064,common_checks,3,0.9100100894782546,0.8874146939975812,1.0,0.0,512,0.8848187091096185,0.26822330061595323,0.2656103569515933
20261002T191712Z-7f1dc1ef,2,14,14680064,common_checks,4,0.9563214409607241,0.9406632406896618,1.0,0.0,512,0.9221439401818137,0.2755044110340661,0.22084456230940575
20261002T191712Z-7f1dc1ef,2,14,14680064,common_checks,5,0.4823424760640903,0.40264730312132213,1.0,0.0,512,0.4377288641108793,0.25377318878486266,0.3103024706071835
20261002T191712Z-7f1dc1ef,2,14,14680064,common_checks,6,0.9341758297338081,0.9357090019539288,1.0,0.0,512,0.7771741642292486,0.2793028597295447,0.22102163095805416
20261002T191712Z-7f1dc1ef,2,20,20971520,on_policy,0,0.8372023386095088,0.8383989003582574,0.5,0.009765625,569,0.81003777740058,0.16144889469865784,0.176628388748739
20261002T191712Z-7f1dc1ef,2,20,20971520,on_policy,1,0.9109929615037523,0.8975880023464071,0.53515625,0.001953125,685,0.8269119006960769,0.14509195487936713,0.16038437853694823
20261002T191712Z-7f1dc1ef,2,20,20971520,on_policy,2,0.7723264125401351,0.7841649690152853,0.484375,0.001953125,522,0.7518268011740247,0.1554654746518501,0.1364985927866294
20261002T191712Z-7f1dc1ef,2,20,20971520,on_policy,3,0.8480760634255996,0.8421296911461588,0.47265625,0.001953125,747,0.7547156151309546,0.14814664995104054,0.15840437619683406
20261002T191712Z-7f1dc1ef,2,20,20971520,on_policy,4,0.9356498468983321,0.949542972732475,0.51953125,0.001953125,730,0.870276211609757,0.18643197388032007,0.19674785865241767
20261002T191712Z-7f1dc1ef,2,20,20971520,on_policy,5,0.5976979609767508,0.6261243176420235,0.478515625,0.0,579,0.8919039099268289,0.14999831875443598,0.15836422540282977
20261002T191712Z-7f1dc1ef,2,20,20971520,on_policy,6,0.9335134607862675,0.9393426002896524,0.517578125,0.0,751,0.8276078656915116,0.16849799835337495,0.17714693799072656
20261002T191712Z-7f1dc1ef,2,20,20971520,common_checks,0,0.9396973896159218,0.9332893772929883,1.0,0.0,512,0.8943574801246773,0.26626733355479504,0.30055164737038353
20261002T191712Z-7f1dc1ef,2,20,20971520,common_checks,1,0.9783545933483065,0.9708724032063959,1.0,0.0,512,0.9581479174556461,0.2644598520487067,0.26618290272238365
20261002T191712Z-7f1dc1ef,2,20,20971520,common_checks,2,0.8395250678431825,0.7851041989792439,1.0,0.0,512,0.7756473627442966,0.25188659439243133,0.21675490351024962
20261002T191712Z-7f1dc1ef,2,20,20971520,common_checks,3,0.9508150089675153,0.9407912200004749,1.0,0.0,512,0.855955863238768,0.26822330061595323,0.2644272053269603
20261002T191712Z-7f1dc1ef,2,20,20971520,common_checks,4,0.9650805794440793,0.9511162299326791,1.0,0.0,512,0.9146725833734288,0.2755044110340661,0.25052055701855913
20261002T191712Z-7f1dc1ef,2,20,20971520,common_checks,5,0.44944105629082054,0.3552294636766964,1.0,0.0,512,0.5883900075968819,0.25377318878486266,0.24998053959005517
20261002T191712Z-7f1dc1ef,2,20,20971520,common_checks,6,0.9626552102806467,0.9633337607194981,1.0,0.0,512,0.8850381130060916,0.2793028597295447,0.21752917132087468
20261002T191712Z-7f1dc1ef,2,29,30408704,on_policy,0,0.9097461405133047,0.9054641002352051,0.505859375,0.0,662,0.8610334881174656,0.1465106817298173,0.16187480465790724
20261002T191712Z-7f1dc1ef,2,29,30408704,on_policy,1,0.9438807002643413,0.939235330829731,0.552734375,0.0,653,0.8763373169812534,0.1502573092589376,0.1671070551827021
20261002T191712Z-7f1dc1ef,2,29,30408704,on_policy,2,0.808913768098452,0.7934013162465646,0.4921875,0.00390625,471,0.7827600639977146,0.16150588369921826,0.13622945963588176
20261002T191712Z-7f1dc1ef,2,29,30408704,on_policy,3,0.9010515440010902,0.9029974966398517,0.470703125,0.005859375,642,0.8528635583871997,0.16906618912610305,0.17547949102280586
20261002T191712Z-7f1dc1ef,2,29,30408704,on_policy,4,0.9456402510967026,0.958139687910682,0.51953125,0.00390625,668,0.8664164943555945,0.2004786498013467,0.20190160379017166
20261002T191712Z-7f1dc1ef,2,29,30408704,on_policy,5,0.725365965840796,0.7613616770218651,0.5,0.001953125,501,0.9386867114060897,0.15987645442648732,0.16056818000275022
20261002T191712Z-7f1dc1ef,2,29,30408704,on_policy,6,0.9498068151074504,0.9572624230198141,0.5078125,0.00390625,685,0.8743371820928687,0.17866877428917838,0.18195488280479788
20261002T191712Z-7f1dc1ef,2,29,30408704,common_checks,0,0.9694880603498743,0.9643684491056562,1.0,0.0,512,0.9472716512305273,0.26626733355479504,0.27439394610358114
20261002T191712Z-7f1dc1ef,2,29,30408704,common_checks,1,0.9828907950765731,0.9728551125458224,1.0,0.0,512,0.9653427267770964,0.2644598520487067,0.2662042680516734
20261002T191712Z-7f1dc1ef,2,29,30408704,common_checks,2,0.8882762100319593,0.8680002354154772,1.0,0.0,512,0.8885249596970533,0.25188659439243133,0.22965621051437957
20261002T191712Z-7f1dc1ef,2,29,30408704,common_checks,3,0.9677274478335224,0.9626208092451278,1.0,0.0,512,0.9135003594816806,0.26822330061595323,0.2888390230662914
20261002T191712Z-7f1dc1ef,2,29,30408704,common_checks,4,0.9742663111761447,0.9652819570159344,1.0,0.0,512,0.9179547534890409,0.2755044110340661,0.25902295004521925
20261002T191712Z-7f1dc1ef,2,29,30408704,common_checks,5,0.5003596567414677,0.41637559866171114,1.0,0.0,512,0.49758599686776595,0.25377318878486266,0.19314945007969442
20261002T191712Z-7f1dc1ef,2,29,30408704,common_checks,6,0.9612947909734698,0.9626863640555567,1.0,0.0,512,0.8546233489258854,0.2793028597295447,0.23888522130172807
20261002T191712Z-7f1dc1ef,3,0,0,on_policy,0,0.40682516705450145,0.4362294477849127,0.015625,0.0,1611,-0.8703616588308649,0.08255705323513285,0.25399779325045824
20261002T191712Z-7f1dc1ef,3,0,0,on_policy,1,0.3518663329257189,0.39050209954703907,0.021484375,0.0,1363,-0.661231519346891,0.08949994028601979,0.24148922149191462
20261002T191712Z-7f1dc1ef,3,0,0,on_policy,2,0.0904687238382006,0.10647356024134791,0.109375,0.0546875,678,0.07057151169040254,0.16395818870672593,0.29522512183243416
20261002T191712Z-7f1dc1ef,3,0,0,on_policy,3,0.5183557209792844,0.5531262693372756,0.03125,0.0,1506,-0.7023745287461911,0.069924631967532,0.2499166241686448
20261002T191712Z-7f1dc1ef,3,0,0,on_policy,4,0.304914326058389,0.337519873962289,0.0,0.001953125,1613,-1.0527928357721263,0.08606009410378414,0.2686238161629697
20261002T191712Z-7f1dc1ef,3,0,0,on_policy,5,0.2589168693733156,0.13945578164243544,0.431640625,0.0,844,-0.2576582901185278,0.0755057165670915,0.27893551035357034
20261002T191712Z-7f1dc1ef,3,0,0,on_policy,6,0.835438405662538,0.8496534449573021,0.048828125,0.0,1950,0.09760393506598619,0.027566941470823267,0.12385276291194267
20261002T191712Z-7f1dc1ef,3,0,0,common_checks,0,0.9602744010150934,0.9592449743487869,1.0,0.0,512,0.8391661769832996,0.26626733355479504,0.334812030202045
20261002T191712Z-7f1dc1ef,3,0,0,common_checks,1,0.9264347206061764,0.9115791786938018,1.0,0.0,512,0.7614312032194028,0.2644598520487067,0.35400431092904505
20261002T191712Z-7f1dc1ef,3,0,0,common_checks,2,0.8946672007431011,0.8944372798655367,1.0,0.0,512,0.7668866601492754,0.25188659439243133,0.34861001806045344
20261002T191712Z-7f1dc1ef,3,0,0,common_checks,3,0.8790101021308416,0.8810993968483991,1.0,0.0,512,0.576672914144291,0.26822330061595323,0.36810159475522053
20261002T191712Z-7f1dc1ef,3,0,0,common_checks,4,0.8594267892145285,0.8628076263351326,1.0,0.0,512,0.5884926638275993,0.2755044110340661,0.34035474046928976
20261002T191712Z-7f1dc1ef,3,0,0,common_checks,5,0.816998492173196,0.8381194601557174,1.0,0.0,512,0.4020662690821283,0.25377318878486266,0.38551946236045875
20261002T191712Z-7f1dc1ef,3,0,0,common_checks,6,0.9055696968010016,0.9215733563516912,1.0,0.0,512,0.6675514454867287,0.2793028597295447,0.31111048291209265
20261002T191712Z-7f1dc1ef,3,1,1048576,on_policy,0,0.018717988051255907,0.023810998984987508,0.017578125,0.001953125,1638,0.0750819037942525,0.07665116606024859,0.08101683467961376
20261002T191712Z-7f1dc1ef,3,1,1048576,on_policy,1,-0.03039103874257898,-0.04038899888759584,0.01953125,0.001953125,1417,0.09445966692229135,0.0878081398843733,0.0650280237737506
20261002T191712Z-7f1dc1ef,3,1,1048576,on_policy,2,0.3741562621653539,0.43905178615788365,0.10546875,0.033203125,774,0.3165561311531553,0.1468566649492387,0.17586264714195063
20261002T191712Z-7f1dc1ef,3,1,1048576,on_policy,3,0.023718460843451528,0.030291631820267173,0.041015625,0.0,1506,0.1071823314501632,0.06816129621506203,0.08782796041998776
20261002T191712Z-7f1dc1ef,3,1,1048576,on_policy,4,-0.01681978772708148,-0.01042802050986058,0.00390625,0.005859375,1532,0.03632295723551826,0.08954663723556282,0.06577849172950505
20261002T191712Z-7f1dc1ef,3,1,1048576,on_policy,5,0.7453526052173314,0.7234006436432069,0.353515625,0.001953125,900,0.6565974251297557,0.07959569827647546,0.1274807669197199
20261002T191712Z-7f1dc1ef,3,1,1048576,on_policy,6,0.15721638903484692,0.15857904961757974,0.1015625,0.0,1899,-0.21588600138589453,0.03105023747464088,0.13233737358705824
20261002T191712Z-7f1dc1ef,3,1,1048576,common_checks,0,0.6410757528015829,0.38437231508339,1.0,0.0,512,0.6899965101098271,0.26626733355479504,0.18371056351326792
20261002T191712Z-7f1dc1ef,3,1,1048576,common_checks,1,0.5851335670178923,0.2106510442043832,1.0,0.0,512,0.2728470512905956,0.2644598520487067,0.11233166210772894
20261002T191712Z-7f1dc1ef,3,1,1048576,common_checks,2,0.8886480380904024,0.9071702865424179,1.0,0.0,512,0.9248918601809164,0.25188659439243133,0.2816816219589
20261002T191712Z-7f1dc1ef,3,1,1048576,common_checks,3,0.5099441970460785,0.3051470703049822,1.0,0.0,512,0.17006360715570834,0.26822330061595323,0.0854281495991284
20261002T191712Z-7f1dc1ef,3,1,1048576,common_checks,4,0.40389585974102304,0.08207541481458092,1.0,0.0,512,0.3102435882013288,0.2755044110340661,0.09911414587442358
20261002T191712Z-7f1dc1ef,3,1,1048576,common_checks,5,0.7981307605293331,0.7765176046443021,1.0,0.0,512,0.867165309844605,0.25377318878486266,0.3188716798460307
20261002T191712Z-7f1dc1ef,3,1,1048576,common_checks,6,0.29536905406772795,0.24644467501123568,1.0,0.0,512,0.24763937159613414,0.2793028597295447,0.2306605108039126
20261002T191712Z-7f1dc1ef,3,2,2097152,on_policy,0,0.051684718545560004,0.07335618476932837,0.02734375,0.0078125,1517,0.08198248270799757,0.07823515194581468,0.07911293647168248
20261002T191712Z-7f1dc1ef,3,2,2097152,on_policy,1,-0.06528773943983035,-0.07063536234496914,0.03515625,0.01171875,1383,0.07976250943034591,0.08786812828729043,0.06629366505713126
20261002T191712Z-7f1dc1ef,3,2,2097152,on_policy,2,0.25852675739567677,0.3079822995280036,0.1171875,0.029296875,855,0.27012875431981664,0.1260534648752432,0.1625043806781834
20261002T191712Z-7f1dc1ef,3,2,2097152,on_policy,3,0.04419006134482695,0.04633335192310639,0.029296875,0.00390625,1393,-0.004308802051135263,0.07427617676555297,0.0694171162088863
20261002T191712Z-7f1dc1ef,3,2,2097152,on_policy,4,-0.021356057025282205,-0.012905144826881099,0.0234375,0.013671875,1538,0.020329138226352517,0.08595906309636513,0.06911517590074495
20261002T191712Z-7f1dc1ef,3,2,2097152,on_policy,5,0.8262898333225619,0.8179886291575977,0.4140625,0.001953125,881,0.8005215422169589,0.07911005905987126,0.10456320401610822
20261002T191712Z-7f1dc1ef,3,2,2097152,on_policy,6,0.32084970505779187,0.3334476118633055,0.138671875,0.0,1815,-0.22656167645166447,0.04231912157276023,0.11845967791631007
20261002T191712Z-7f1dc1ef,3,2,2097152,common_checks,0,0.577638417627343,0.20532933704672873,1.0,0.0,512,0.2929466264034296,0.26626733355479504,0.06857983626921005
20261002T191712Z-7f1dc1ef,3,2,2097152,common_checks,1,0.5499961704336407,0.09870424325500371,1.0,0.0,512,0.1322506550626502,0.2644598520487067,0.10984172760592603
20261002T191712Z-7f1dc1ef,3,2,2097152,common_checks,2,0.8446518386010071,0.8510679470187207,1.0,0.0,512,0.9303279779130679,0.25188659439243133,0.26024996754688257
20261002T191712Z-7f1dc1ef,3,2,2097152,common_checks,3,0.5695181251223725,0.4175215888918752,1.0,0.0,512,0.13981547085380086,0.26822330061595323,0.10032191222007036
20261002T191712Z-7f1dc1ef,3,2,2097152,common_checks,4,0.3848844929102747,0.05317381267046817,1.0,0.0,512,0.16910209065219306,0.2755044110340661,0.11948023967585902
20261002T191712Z-7f1dc1ef,3,2,2097152,common_checks,5,0.9362810426062812,0.9372052915440727,1.0,0.0,512,0.8644418263019866,0.25377318878486266,0.3127762843199272
20261002T191712Z-7f1dc1ef,3,2,2097152,common_checks,6,0.48454848181189847,0.45659801215364704,1.0,0.0,512,0.435770298892036,0.2793028597295447,0.1882921800403703
20261002T191712Z-7f1dc1ef,3,3,3145728,on_policy,0,0.1658861615593601,0.17753056545564527,0.05859375,0.01171875,1312,0.23647771526595374,0.08969998249268941,0.09788457110503278
20261002T191712Z-7f1dc1ef,3,3,3145728,on_policy,1,-0.02958254645688596,-0.059645180996661384,0.05078125,0.015625,1224,0.05267977093376375,0.09516683305104642,0.06469351901489097
20261002T191712Z-7f1dc1ef,3,3,3145728,on_policy,2,0.21014616500586636,0.26071860957595294,0.123046875,0.052734375,775,0.3686562164814706,0.1266614157987524,0.1405250285641487
20261002T191712Z-7f1dc1ef,3,3,3145728,on_policy,3,0.025552971893223253,0.02363135397341609,0.07421875,0.017578125,1196,0.023433150908504508,0.09359888344581305,0.0721330450586214
20261002T191712Z-7f1dc1ef,3,3,3145728,on_policy,4,0.02738072965465921,0.0385614800898213,0.01171875,0.013671875,1298,0.022563652930368217,0.09776004476089653,0.07083061093359824
20261002T191712Z-7f1dc1ef,3,3,3145728,on_policy,5,0.8246758430145474,0.8110432952428491,0.443359375,0.0078125,765,0.8502319941386685,0.09250037366320563,0.11449263502177254
20261002T191712Z-7f1dc1ef,3,3,3145728,on_policy,6,0.5101365678945304,0.516197729999863,0.205078125,0.0,1647,0.02950774261617317,0.0527071596834828,0.10733188084237862
20261002T191712Z-7f1dc1ef,3,3,3145728,common_checks,0,0.6921175639937506,0.5231832051631935,1.0,0.0,512,0.601116319071318,0.26626733355479504,0.18967011315916338
20261002T191712Z-7f1dc1ef,3,3,3145728,common_checks,1,0.5666028249400757,0.15939929882173198,1.0,0.0,512,0.2431217822840378,0.2644598520487067,0.1427509368823996
20261002T191712Z-7f1dc1ef,3,3,3145728,common_checks,2,0.8320472809900342,0.8211657323446859,1.0,0.0,512,0.7614287039570485,0.25188659439243133,0.26763772683613696
20261002T191712Z-7f1dc1ef,3,3,3145728,common_checks,3,0.6851001334122204,0.6102116947034587,1.0,0.0,512,0.11698776057222493,0.26822330061595323,0.19911286870142764
20261002T191712Z-7f1dc1ef,3,3,3145728,common_checks,4,0.4010402621979159,0.09026086115968368,1.0,0.0,512,0.2549346930528348,0.2755044110340661,0.14783779810115316
20261002T191712Z-7f1dc1ef,3,3,3145728,common_checks,5,0.9301141416468326,0.9262879570921586,1.0,0.0,512,0.9463557116530162,0.25377318878486266,0.264541803309551
20261002T191712Z-7f1dc1ef,3,3,3145728,common_checks,6,0.4649690212581645,0.4369140314446095,1.0,0.0,512,0.0631040221195458,0.2793028597295447,0.1938123248872703
20261002T191712Z-7f1dc1ef,3,4,4194304,on_policy,0,0.08647885180530224,0.09322427374726039,0.052734375,0.0390625,996,0.12208187726006703,0.12488827172028491,0.07636296364198675
20261002T191712Z-7f1dc1ef,3,4,4194304,on_policy,1,-0.06194140319315644,-0.0822825398850473,0.044921875,0.0546875,969,0.009545644231396366,0.11228418412842925,0.0667470932551531
20261002T191712Z-7f1dc1ef,3,4,4194304,on_policy,2,0.21215110783013802,0.18480534732649467,0.162109375,0.072265625,662,0.3681090313773602,0.1458031569411722,0.13630334760132898
20261002T191712Z-7f1dc1ef,3,4,4194304,on_policy,3,0.05897805365173214,0.08691785005155428,0.099609375,0.03125,974,0.13284770559690395,0.11444609545541562,0.09167029927303653
20261002T191712Z-7f1dc1ef,3,4,4194304,on_policy,4,0.02118144580764081,0.03445403114528467,0.02734375,0.041015625,1018,0.01957144631052432,0.12832297993167102,0.06413808108879326
20261002T191712Z-7f1dc1ef,3,4,4194304,on_policy,5,0.8127628841572325,0.7959443460038259,0.462890625,0.017578125,684,0.8867189413446676,0.10288184354886555,0.1242399598520347
20261002T191712Z-7f1dc1ef,3,4,4194304,on_policy,6,0.6540318286155227,0.6627745208263844,0.2734375,0.0078125,1413,0.2331563785102826,0.07202591638931305,0.1262154031183704
20261002T191712Z-7f1dc1ef,3,4,4194304,common_checks,0,0.6319974370198622,0.3431501506090129,1.0,0.0,512,0.4469070414480626,0.26626733355479504,0.13786405072975622
20261002T191712Z-7f1dc1ef,3,4,4194304,common_checks,1,0.5708705484092211,0.17077281148047807,1.0,0.0,512,0.3611978950770397,0.2644598520487067,0.15190584384402891
20261002T191712Z-7f1dc1ef,3,4,4194304,common_checks,2,0.8252937944165059,0.7919169686674488,1.0,0.0,512,0.7800835690651158,0.25188659439243133,0.2951620771067602
20261002T191712Z-7f1dc1ef,3,4,4194304,common_checks,3,0.7109130343479694,0.6514227219449579,1.0,0.0,512,0.2367320251661179,0.26822330061595323,0.20468668401282064
20261002T191712Z-7f1dc1ef,3,4,4194304,common_checks,4,0.40491084508732544,0.11041859666836151,1.0,0.0,512,0.1163062385502972,0.2755044110340661,0.1260029649744681
20261002T191712Z-7f1dc1ef,3,4,4194304,common_checks,5,0.8907326479076105,0.8853340363922713,1.0,0.0,512,0.8766112500797163,0.25377318878486266,0.2801977049327157
20261002T191712Z-7f1dc1ef,3,4,4194304,common_checks,6,0.6252875115639902,0.6133902150914594,1.0,0.0,512,0.3057281064066615,0.2793028597295447,0.23650525889735166
20261002T191712Z-7f1dc1ef,3,5,5242880,on_policy,0,0.005335549645396509,0.04333190576577084,0.041015625,0.123046875,634,0.0857913232652745,0.192550955384749,0.06343445125562358
20261002T191712Z-7f1dc1ef,3,5,5242880,on_policy,1,-0.08944388889812238,-0.08516342330991455,0.033203125,0.134765625,615,0.025869935660680743,0.1720461752672553,0.0497783386082158
20261002T191712Z-7f1dc1ef,3,5,5242880,on_policy,2,0.27647079702364896,0.26122190539443035,0.181640625,0.173828125,484,0.4810966510551956,0.18696616927978268,0.15237055204108618
20261002T191712Z-7f1dc1ef,3,5,5242880,on_policy,3,0.03745283578515857,0.0656523875217957,0.107421875,0.083984375,654,0.2807211979467137,0.16556809670074976,0.09132880195004818
20261002T191712Z-7f1dc1ef,3,5,5242880,on_policy,4,0.00025820859294523046,0.0378701343433977,0.013671875,0.150390625,626,0.11976861665100236,0.1883434637498472,0.056856748521993676
20261002T191712Z-7f1dc1ef,3,5,5242880,on_policy,5,0.8340873389163872,0.827774660876789,0.451171875,0.0390625,545,0.8948094585764641,0.14864328530502355,0.1593592435217971
20261002T191712Z-7f1dc1ef,3,5,5242880,on_policy,6,0.7475410327485207,0.7666079801182224,0.349609375,0.0390625,963,0.574207564010516,0.123117255933672,0.13811589865581647
20261002T191712Z-7f1dc1ef,3,5,5242880,common_checks,0,0.6425574574817645,0.3935000135285358,1.0,0.0,512,0.46799156166161104,0.26626733355479504,0.15736875649586127
20261002T191712Z-7f1dc1ef,3,5,5242880,common_checks,1,0.575880831587419,0.17312824056981135,1.0,0.0,512,0.3193521061874671,0.2644598520487067,0.11412365594921796
20261002T191712Z-7f1dc1ef,3,5,5242880,common_checks,2,0.8406581172532355,0.8289682070342919,1.0,0.0,512,0.8980894338614656,0.25188659439243133,0.27724403018018634
20261002T191712Z-7f1dc1ef,3,5,5242880,common_checks,3,0.534362767492093,0.35895986823790105,1.0,0.0,512,0.4682375811108307,0.26822330061595323,0.22400227774485848
20261002T191712Z-7f1dc1ef,3,5,5242880,common_checks,4,0.3915830990953878,0.09031540604913268,1.0,0.0,512,0.26158625931579016,0.2755044110340661,0.12924607421510853
20261002T191712Z-7f1dc1ef,3,5,5242880,common_checks,5,0.8020752449541929,0.7792876144111848,1.0,0.0,512,0.8641795456600581,0.25377318878486266,0.2793441153623951
20261002T191712Z-7f1dc1ef,3,5,5242880,common_checks,6,0.8050080651983218,0.8028931801767412,1.0,0.0,512,0.6056836146129979,0.2793028597295447,0.2811119082756
20261002T191712Z-7f1dc1ef,3,6,6291456,on_policy,0,-0.027273284458704028,0.012695154611252035,0.0390625,0.189453125,426,0.12350632287493424,0.2370543844523274,0.060735399905773466
20261002T191712Z-7f1dc1ef,3,6,6291456,on_policy,1,-0.03641725822193953,-0.016176668811101358,0.052734375,0.216796875,466,0.002777760370656801,0.216899133346206,0.04353814253079352
20261002T191712Z-7f1dc1ef,3,6,6291456,on_policy,2,0.40961439296382274,0.4046543852958786,0.2578125,0.16796875,429,0.6030452170575096,0.20558324474167014,0.16279803709963164
20261002T191712Z-7f1dc1ef,3,6,6291456,on_policy,3,0.16267905341936073,0.21489051530873038,0.140625,0.154296875,473,0.37219293018734334,0.21389288886590505,0.11427086128924849
20261002T191712Z-7f1dc1ef,3,6,6291456,on_policy,4,-0.003299751090523939,0.06437704569033176,0.03515625,0.25390625,420,0.1527733729145736,0.23495518145282504,0.060729997499351776
20261002T191712Z-7f1dc1ef,3,6,6291456,on_policy,5,0.7968749772215789,0.7668302291441483,0.455078125,0.0390625,454,0.841943926935955,0.1983257366560899,0.19033313018631795
20261002T191712Z-7f1dc1ef,3,6,6291456,on_policy,6,0.8284037621594723,0.8378803261157395,0.4296875,0.0546875,725,0.7650735447414002,0.16774205076445828,0.16497050587244408
20261002T191712Z-7f1dc1ef,3,6,6291456,common_checks,0,0.6061829742265253,0.27516499027109653,1.0,0.0,512,0.2565751579961454,0.26626733355479504,0.06973807326914638
20261002T191712Z-7f1dc1ef,3,6,6291456,common_checks,1,0.5795217693413055,0.18759366835845603,1.0,0.0,512,0.16691702210137604,0.2644598520487067,0.09577677118808836
20261002T191712Z-7f1dc1ef,3,6,6291456,common_checks,2,0.8138853989118584,0.7755950215842841,1.0,0.0,512,0.7754538929789709,0.25188659439243133,0.3068034406914464
20261002T191712Z-7f1dc1ef,3,6,6291456,common_checks,3,0.7127128258116161,0.6365975715829233,1.0,0.0,512,0.7416057769120645,0.26822330061595323,0.22655609461150128
20261002T191712Z-7f1dc1ef,3,6,6291456,common_checks,4,0.3733666989248364,0.06247866086597087,1.0,0.0,512,0.11993559881723481,0.2755044110340661,0.11192752806284911
20261002T191712Z-7f1dc1ef,3,6,6291456,common_checks,5,0.7793522144441067,0.7465256248959398,1.0,0.0,512,0.8755614151085759,0.25377318878486266,0.25788660133808783
20261002T191712Z-7f1dc1ef,3,6,6291456,common_checks,6,0.8487573677025206,0.8447294555414837,1.0,0.0,512,0.8488906317675049,0.2793028597295447,0.2717554562257891
20261002T191712Z-7f1dc1ef,3,9,9437184,on_policy,0,0.04676261513213198,0.03348539883863899,0.099609375,0.17578125,432,0.08556223171016442,0.23283483851422326,0.06404160730212309
20261002T191712Z-7f1dc1ef,3,9,9437184,on_policy,1,0.11373133149209524,0.10390441614190526,0.1484375,0.201171875,428,0.15715950207540696,0.22304659720794076,0.06780387677688712
20261002T191712Z-7f1dc1ef,3,9,9437184,on_policy,2,0.5957559825827939,0.5996159944218236,0.427734375,0.03515625,481,0.7365350594870441,0.18830908922036274,0.16172816881212748
20261002T191712Z-7f1dc1ef,3,9,9437184,on_policy,3,0.6144249679097864,0.6316542018472009,0.396484375,0.048828125,502,0.6699871129896589,0.20090237636278377,0.17096947692530945
20261002T191712Z-7f1dc1ef,3,9,9437184,on_policy,4,0.05629755686205096,0.11459635435655458,0.126953125,0.259765625,389,0.14066629337385494,0.23313033984174183,0.09174337490391901
20261002T191712Z-7f1dc1ef,3,9,9437184,on_policy,5,0.8505638203243997,0.8678288436125949,0.482421875,0.015625,493,0.9371584266821642,0.18228822456602403,0.19220444580522525
20261002T191712Z-7f1dc1ef,3,9,9437184,on_policy,6,0.9285640985360873,0.9414466005213898,0.513671875,0.009765625,740,0.8439358582752255,0.16042956697727384,0.15983699666744927
20261002T191712Z-7f1dc1ef,3,9,9437184,common_checks,0,0.6373951307876176,0.39857173272064217,1.0,0.0,512,0.5784461992021943,0.26626733355479504,0.13970525756892016
20261002T191712Z-7f1dc1ef,3,9,9437184,common_checks,1,0.702489475749579,0.5127618371086268,1.0,0.0,512,0.6698457436215824,0.2644598520487067,0.173326099936574
20261002T191712Z-7f1dc1ef,3,9,9437184,common_checks,2,0.8439124051933432,0.8268559628244758,1.0,0.0,512,0.8334388703346584,0.25188659439243133,0.27566846004296686
20261002T191712Z-7f1dc1ef,3,9,9437184,common_checks,3,0.8895520266676372,0.8860525836209793,1.0,0.0,512,0.8740068442791908,0.26822330061595323,0.2520360351785049
20261002T191712Z-7f1dc1ef,3,9,9437184,common_checks,4,0.4429992332091537,0.14392593108943785,1.0,0.0,512,0.23840995934049825,0.2755044110340661,0.1344059665798376
20261002T191712Z-7f1dc1ef,3,9,9437184,common_checks,5,0.7711363925521251,0.7296363351263586,1.0,0.0,512,0.8092471704558418,0.25377318878486266,0.3042087425508768
20261002T191712Z-7f1dc1ef,3,9,9437184,common_checks,6,0.9589011282655223,0.9597982169351227,1.0,0.0,512,0.851775182548868,0.2793028597295447,0.22668734001993762
20261002T191712Z-7f1dc1ef,3,14,14680064,on_policy,0,0.6343003205109808,0.5987054177960065,0.490234375,0.01171875,653,0.619856002649058,0.13752999522863787,0.1266021300391838
20261002T191712Z-7f1dc1ef,3,14,14680064,on_policy,1,0.6315193691614802,0.6048399243468704,0.546875,0.013671875,688,0.5151189949242525,0.13334736272007577,0.12137914496250578
20261002T191712Z-7f1dc1ef,3,14,14680064,on_policy,2,0.713389102815842,0.710224439659128,0.486328125,0.0,576,0.817746998609389,0.13068979144115547,0.13109754610619456
20261002T191712Z-7f1dc1ef,3,14,14680064,on_policy,3,0.7784783203219656,0.7883689861718406,0.46484375,0.00390625,726,0.6556130259690844,0.1335209638291462,0.13375260437784406
20261002T191712Z-7f1dc1ef,3,14,14680064,on_policy,4,0.7407215924906085,0.7503569434279133,0.5078125,0.0078125,978,0.5389690570841861,0.13192624507407988,0.14568279002456688
20261002T191712Z-7f1dc1ef,3,14,14680064,on_policy,5,0.7467741690713239,0.747303616508058,0.494140625,0.0,598,0.9425517739942968,0.13373152867828153,0.14259690180918352
20261002T191712Z-7f1dc1ef,3,14,14680064,on_policy,6,0.8779433298291909,0.8862886799597814,0.50390625,0.00390625,899,0.7279808582784708,0.11961817072046767,0.11587152364964233
20261002T191712Z-7f1dc1ef,3,14,14680064,common_checks,0,0.8205366907840443,0.777144633205777,1.0,0.0,512,0.8810310811194919,0.26626733355479504,0.26043674115213145
20261002T191712Z-7f1dc1ef,3,14,14680064,common_checks,1,0.8711007167164875,0.8240680930828757,1.0,0.0,512,0.8102772200432298,0.2644598520487067,0.21137916671925538
20261002T191712Z-7f1dc1ef,3,14,14680064,common_checks,2,0.822070603253652,0.788499118283742,1.0,0.0,512,0.8293621639771378,0.25188659439243133,0.2740677477932997
20261002T191712Z-7f1dc1ef,3,14,14680064,common_checks,3,0.9140056478269478,0.9021393673287235,1.0,0.0,512,0.8835638505033523,0.26822330061595323,0.2876635093052178
20261002T191712Z-7f1dc1ef,3,14,14680064,common_checks,4,0.8158329101078063,0.764202175050825,1.0,0.0,512,0.7658921051181862,0.2755044110340661,0.22736204223452483
20261002T191712Z-7f1dc1ef,3,14,14680064,common_checks,5,0.7042690673480785,0.6591352407904751,1.0,0.0,512,0.45248565032351495,0.25377318878486266,0.33603578072111684
20261002T191712Z-7f1dc1ef,3,14,14680064,common_checks,6,0.9157375218301611,0.9180170544516393,1.0,0.0,512,0.7133464137122811,0.2793028597295447,0.204343325167143
20261002T191712Z-7f1dc1ef,3,20,20971520,on_policy,0,0.8209471150307021,0.8112157416503056,0.494140625,0.009765625,619,0.6755472270718252,0.15771085851467057,0.15554047535191637
20261002T191712Z-7f1dc1ef,3,20,20971520,on_policy,1,0.8571422066165039,0.8440341916551478,0.54296875,0.001953125,715,0.7528487870397618,0.14259775744542794,0.16785244914800918
20261002T191712Z-7f1dc1ef,3,20,20971520,on_policy,2,0.8485730196249467,0.8669421628678393,0.484375,0.001953125,597,0.8560913448952132,0.1274665839476115,0.1319787718449973
20261002T191712Z-7f1dc1ef,3,20,20971520,on_policy,3,0.8795307675083802,0.8788278934520471,0.47265625,0.0,730,0.7592926715696695,0.14466475557067324,0.13374693439238758
20261002T191712Z-7f1dc1ef,3,20,20971520,on_policy,4,0.9011555321826987,0.9134292956532231,0.521484375,0.001953125,857,0.8024536282607806,0.14767335910019028,0.15776696332217058
20261002T191712Z-7f1dc1ef,3,20,20971520,on_policy,5,0.8183934582403994,0.8173596533251349,0.49609375,0.0,627,0.9450208329989783,0.13479315022589583,0.14887091053676607
20261002T191712Z-7f1dc1ef,3,20,20971520,on_policy,6,0.934414233544087,0.9421063295062907,0.509765625,0.0,799,0.8363575401512356,0.14826842289162145,0.14774794275152708
20261002T191712Z-7f1dc1ef,3,20,20971520,common_checks,0,0.9453808118342414,0.9421659001111155,1.0,0.0,512,0.9204040794866032,0.26626733355479504,0.23091786573214623
20261002T191712Z-7f1dc1ef,3,20,20971520,common_checks,1,0.9481640242714054,0.9308173865089885,1.0,0.0,512,0.916406296425601,0.2644598520487067,0.27462972232719607
20261002T191712Z-7f1dc1ef,3,20,20971520,common_checks,2,0.9127402857771831,0.8939026249413272,1.0,0.0,512,0.9265711375161197,0.25188659439243133,0.25412485540331
20261002T191712Z-7f1dc1ef,3,20,20971520,common_checks,3,0.9575926011680841,0.9455616955140163,1.0,0.0,512,0.9108838295892866,0.26822330061595323,0.2574540829279628
20261002T191712Z-7f1dc1ef,3,20,20971520,common_checks,4,0.9560259722097791,0.9452668331671119,1.0,0.0,512,0.8116502098408624,0.2755044110340661,0.2454644188280659
20261002T191712Z-7f1dc1ef,3,20,20971520,common_checks,5,0.5166135990908653,0.4252465534860004,1.0,0.0,512,0.21598323401336728,0.25377318878486266,0.3260802520545827
20261002T191712Z-7f1dc1ef,3,20,20971520,common_checks,6,0.9663522452072874,0.9689258536560553,1.0,0.0,512,0.8550523444429414,0.2793028597295447,0.22720773599224442
20261002T191712Z-7f1dc1ef,3,29,30408704,on_policy,0,0.9161772716923829,0.9149435178401271,0.509765625,0.00390625,638,0.8650571915411592,0.15694345381367936,0.17219187718376083
20261002T191712Z-7f1dc1ef,3,29,30408704,on_policy,1,0.9346655061154976,0.9256150452624858,0.5546875,0.001953125,628,0.8412946291051211,0.15909408127061292,0.170387750226418
20261002T191712Z-7f1dc1ef,3,29,30408704,on_policy,2,0.8421614409514295,0.8213528618475119,0.48828125,0.001953125,455,0.9194710522765325,0.15586441722025104,0.16462990340652603
20261002T191712Z-7f1dc1ef,3,29,30408704,on_policy,3,0.9370091585086511,0.9412861556641352,0.466796875,0.0,658,0.8647484004345252,0.16099084797901003,0.16890072247283205
20261002T191712Z-7f1dc1ef,3,29,30408704,on_policy,4,0.9435893686871805,0.954745985174843,0.515625,0.001953125,791,0.8403963922940176,0.17059182748325866,0.16946124886745176
20261002T191712Z-7f1dc1ef,3,29,30408704,on_policy,5,0.8182059293989421,0.814574497535623,0.498046875,0.0,539,0.9491810081393922,0.16190947369155342,0.17401760244011927
20261002T191712Z-7f1dc1ef,3,29,30408704,on_policy,6,0.950561077990344,0.9541507447352268,0.5078125,0.0,858,0.8729272051509361,0.15078393814057517,0.1632644481650742
20261002T191712Z-7f1dc1ef,3,29,30408704,common_checks,0,0.9711334226715981,0.9678263301900828,1.0,0.0,512,0.9324166475988582,0.26626733355479504,0.26051973809592077
20261002T191712Z-7f1dc1ef,3,29,30408704,common_checks,1,0.9709156931855711,0.962562050146843,1.0,0.0,512,0.9361241347819662,0.2644598520487067,0.2653303244710523
20261002T191712Z-7f1dc1ef,3,29,30408704,common_checks,2,0.926699018872637,0.9024749905413615,1.0,0.0,512,0.9064517788939666,0.25188659439243133,0.281755925068258
20261002T191712Z-7f1dc1ef,3,29,30408704,common_checks,3,0.9609873237875731,0.9517691977031857,1.0,0.0,512,0.8939383710328637,0.26822330061595323,0.29321812075857956
20261002T191712Z-7f1dc1ef,3,29,30408704,common_checks,4,0.9709380690154918,0.9656145891521972,1.0,0.0,512,0.8690474971691187,0.2755044110340661,0.2651360043547424
20261002T191712Z-7f1dc1ef,3,29,30408704,common_checks,5,0.5385949574430282,0.4613597778745706,1.0,0.0,512,0.34422073577210377,0.25377318878486266,0.3244950687625767
20261002T191712Z-7f1dc1ef,3,29,30408704,common_checks,6,0.964565113769834,0.9670674934897312,1.0,0.0,512,0.7889519443821786,0.2793028597295447,0.22291706181762638
