condition,factor,factor_role,layer,is_last_layer,control,repeat,null_seed,fit_seed,null_mse,null_r_squared,sampling
token_guess,factor_1,guessed,layer_1,False,dirichlet_labels,0,1042,42,0.05512577190889516,-0.001683547490814119,
token_guess,factor_1,guessed,layer_1,False,dirichlet_labels,1,1043,42,0.05566362429553461,-0.0018731822911255414,
token_guess,factor_1,guessed,layer_1,False,dirichlet_labels,2,1044,42,0.0555075926217205,-0.0021074041657334064,
token_guess,factor_1,guessed,layer_1,False,dirichlet_labels,3,1045,42,0.05584547574451303,-0.0005052309870472449,
token_guess,factor_1,guessed,layer_1,False,dirichlet_labels,4,1046,42,0.055308347907707014,-0.0012582236968883276,
token_guess,factor_1,guessed,layer_1,False,gaussian_covariance_matched,0,1042,42,0.060110582728718234,-0.004699927170877638,"{""covariance_ddof"":1,""empirical_rank"":64,""fit_source"":""train"",""method"":""gaussian_train_full_covariance"",""n_features"":64,""n_test"":20000,""n_train"":20000,""seed"":1042,""singular_value_cutoff"":1.4005126990556432e-10,""training_mean"":[-0.01166822835576313,-0.010874401244519685,0.05801646270381752,0.045210302321812196,-0.025074619353932213,0.1427787251673639,-0.04136038518584101,-0.08666329121551826,0.12704008174547926,-0.10157963949055411,-0.02891567205600149,0.0066903958718350625,0.15042567031970247,-0.14120781829035842,-0.08437579373146872,0.059947618319664615,0.0002125861537293531,-0.03564550464814674,0.0733728498985729,-0.02652584194384981,0.07156640702285803,0.010423811128101078,-0.1264741276778863,0.039773791471401636,0.006170405566472618,-0.009029051784896911,-0.16585946852955386,0.022281937809990996,-0.09251676088562817,-0.08641199282731978,-0.07994249267217238,-0.039058832526847255,0.06350304316036927,0.005278540945803979,0.06430971021806473,0.06978617282003252,-0.004361190956883365,-0.10165537046821846,0.036413226838623636,0.04457722166849271,-0.08205130775258732,-0.05953454328267835,-0.005365894040884452,-0.042295598240272375,0.11176026250798896,-0.023784176882724568,0.0011634553213429166,-0.0048920465264644004,0.08379240951929678,-0.03290640140273608,-0.08840488824916538,-0.10610410581228788,0.0614610226475852,-0.0741262454222946,0.10160271435906179,0.011283363342640223,0.009148399232071822,0.060678982003382405,-0.01059179043758195,0.052062558573088606,0.03756315015376604,0.03046146569702105,-0.012645005660806782,-0.08377755701460556]}"
token_guess,factor_1,guessed,layer_1,False,gaussian_covariance_matched,1,1043,42,0.06013659112994681,-0.005134636628580269,"{""covariance_ddof"":1,""empirical_rank"":64,""fit_source"":""train"",""method"":""gaussian_train_full_covariance"",""n_features"":64,""n_test"":20000,""n_train"":20000,""seed"":1043,""singular_value_cutoff"":1.4005126990556432e-10,""training_mean"":[-0.01166822835576313,-0.010874401244519685,0.05801646270381752,0.045210302321812196,-0.025074619353932213,0.1427787251673639,-0.04136038518584101,-0.08666329121551826,0.12704008174547926,-0.10157963949055411,-0.02891567205600149,0.0066903958718350625,0.15042567031970247,-0.14120781829035842,-0.08437579373146872,0.059947618319664615,0.0002125861537293531,-0.03564550464814674,0.0733728498985729,-0.02652584194384981,0.07156640702285803,0.010423811128101078,-0.1264741276778863,0.039773791471401636,0.006170405566472618,-0.009029051784896911,-0.16585946852955386,0.022281937809990996,-0.09251676088562817,-0.08641199282731978,-0.07994249267217238,-0.039058832526847255,0.06350304316036927,0.005278540945803979,0.06430971021806473,0.06978617282003252,-0.004361190956883365,-0.10165537046821846,0.036413226838623636,0.04457722166849271,-0.08205130775258732,-0.05953454328267835,-0.005365894040884452,-0.042295598240272375,0.11176026250798896,-0.023784176882724568,0.0011634553213429166,-0.0048920465264644004,0.08379240951929678,-0.03290640140273608,-0.08840488824916538,-0.10610410581228788,0.0614610226475852,-0.0741262454222946,0.10160271435906179,0.011283363342640223,0.009148399232071822,0.060678982003382405,-0.01059179043758195,0.052062558573088606,0.03756315015376604,0.03046146569702105,-0.012645005660806782,-0.08377755701460556]}"
token_guess,factor_1,guessed,layer_1,False,gaussian_covariance_matched,2,1044,42,0.0600367544515907,-0.0034659470414895033,"{""covariance_ddof"":1,""empirical_rank"":64,""fit_source"":""train"",""method"":""gaussian_train_full_covariance"",""n_features"":64,""n_test"":20000,""n_train"":20000,""seed"":1044,""singular_value_cutoff"":1.4005126990556432e-10,""training_mean"":[-0.01166822835576313,-0.010874401244519685,0.05801646270381752,0.045210302321812196,-0.025074619353932213,0.1427787251673639,-0.04136038518584101,-0.08666329121551826,0.12704008174547926,-0.10157963949055411,-0.02891567205600149,0.0066903958718350625,0.15042567031970247,-0.14120781829035842,-0.08437579373146872,0.059947618319664615,0.0002125861537293531,-0.03564550464814674,0.0733728498985729,-0.02652584194384981,0.07156640702285803,0.010423811128101078,-0.1264741276778863,0.039773791471401636,0.006170405566472618,-0.009029051784896911,-0.16585946852955386,0.022281937809990996,-0.09251676088562817,-0.08641199282731978,-0.07994249267217238,-0.039058832526847255,0.06350304316036927,0.005278540945803979,0.06430971021806473,0.06978617282003252,-0.004361190956883365,-0.10165537046821846,0.036413226838623636,0.04457722166849271,-0.08205130775258732,-0.05953454328267835,-0.005365894040884452,-0.042295598240272375,0.11176026250798896,-0.023784176882724568,0.0011634553213429166,-0.0048920465264644004,0.08379240951929678,-0.03290640140273608,-0.08840488824916538,-0.10610410581228788,0.0614610226475852,-0.0741262454222946,0.10160271435906179,0.011283363342640223,0.009148399232071822,0.060678982003382405,-0.01059179043758195,0.052062558573088606,0.03756315015376604,0.03046146569702105,-0.012645005660806782,-0.08377755701460556]}"
token_guess,factor_1,guessed,layer_1,False,gaussian_covariance_matched,3,1045,42,0.06005654380218917,-0.0037967100819140676,"{""covariance_ddof"":1,""empirical_rank"":64,""fit_source"":""train"",""method"":""gaussian_train_full_covariance"",""n_features"":64,""n_test"":20000,""n_train"":20000,""seed"":1045,""singular_value_cutoff"":1.4005126990556432e-10,""training_mean"":[-0.01166822835576313,-0.010874401244519685,0.05801646270381752,0.045210302321812196,-0.025074619353932213,0.1427787251673639,-0.04136038518584101,-0.08666329121551826,0.12704008174547926,-0.10157963949055411,-0.02891567205600149,0.0066903958718350625,0.15042567031970247,-0.14120781829035842,-0.08437579373146872,0.059947618319664615,0.0002125861537293531,-0.03564550464814674,0.0733728498985729,-0.02652584194384981,0.07156640702285803,0.010423811128101078,-0.1264741276778863,0.039773791471401636,0.006170405566472618,-0.009029051784896911,-0.16585946852955386,0.022281937809990996,-0.09251676088562817,-0.08641199282731978,-0.07994249267217238,-0.039058832526847255,0.06350304316036927,0.005278540945803979,0.06430971021806473,0.06978617282003252,-0.004361190956883365,-0.10165537046821846,0.036413226838623636,0.04457722166849271,-0.08205130775258732,-0.05953454328267835,-0.005365894040884452,-0.042295598240272375,0.11176026250798896,-0.023784176882724568,0.0011634553213429166,-0.0048920465264644004,0.08379240951929678,-0.03290640140273608,-0.08840488824916538,-0.10610410581228788,0.0614610226475852,-0.0741262454222946,0.10160271435906179,0.011283363342640223,0.009148399232071822,0.060678982003382405,-0.01059179043758195,0.052062558573088606,0.03756315015376604,0.03046146569702105,-0.012645005660806782,-0.08377755701460556]}"
token_guess,factor_1,guessed,layer_1,False,gaussian_covariance_matched,4,1046,42,0.06010818317426251,-0.004659820552750382,"{""covariance_ddof"":1,""empirical_rank"":64,""fit_source"":""train"",""method"":""gaussian_train_full_covariance"",""n_features"":64,""n_test"":20000,""n_train"":20000,""seed"":1046,""singular_value_cutoff"":1.4005126990556432e-10,""training_mean"":[-0.01166822835576313,-0.010874401244519685,0.05801646270381752,0.045210302321812196,-0.025074619353932213,0.1427787251673639,-0.04136038518584101,-0.08666329121551826,0.12704008174547926,-0.10157963949055411,-0.02891567205600149,0.0066903958718350625,0.15042567031970247,-0.14120781829035842,-0.08437579373146872,0.059947618319664615,0.0002125861537293531,-0.03564550464814674,0.0733728498985729,-0.02652584194384981,0.07156640702285803,0.010423811128101078,-0.1264741276778863,0.039773791471401636,0.006170405566472618,-0.009029051784896911,-0.16585946852955386,0.022281937809990996,-0.09251676088562817,-0.08641199282731978,-0.07994249267217238,-0.039058832526847255,0.06350304316036927,0.005278540945803979,0.06430971021806473,0.06978617282003252,-0.004361190956883365,-0.10165537046821846,0.036413226838623636,0.04457722166849271,-0.08205130775258732,-0.05953454328267835,-0.005365894040884452,-0.042295598240272375,0.11176026250798896,-0.023784176882724568,0.0011634553213429166,-0.0048920465264644004,0.08379240951929678,-0.03290640140273608,-0.08840488824916538,-0.10610410581228788,0.0614610226475852,-0.0741262454222946,0.10160271435906179,0.011283363342640223,0.009148399232071822,0.060678982003382405,-0.01059179043758195,0.052062558573088606,0.03756315015376604,0.03046146569702105,-0.012645005660806782,-0.08377755701460556]}"
token_guess,factor_1,guessed,layer_1,False,ntp_bin_matched_activations,0,1042,42,0.009597565186276335,0.8395844357858349,"{""donor_source"":""train"",""fallback"":""training_marginal"",""key_width"":2,""method"":""train_row_resampling_conditional_on_exact_key"",""minimum_key_pool_size"":2,""n_features"":64,""n_test"":20000,""n_train"":20000,""n_train_keys"":8,""seed"":1042,""test"":{""exact_key_coverage"":1.0,""exact_key_rows"":20000,""fallback_rows"":0,""matched_fraction"":1.0,""matched_rows"":20000,""n_rows"":20000,""self_donor_rows"":0,""self_excluded_rows"":0,""singleton_fallback_rows"":0,""unseen_fallback_rows"":0},""train"":{""exact_key_coverage"":1.0,""exact_key_rows"":20000,""fallback_rows"":0,""matched_fraction"":1.0,""matched_rows"":20000,""n_rows"":20000,""self_donor_rows"":0,""self_excluded_rows"":20000,""singleton_fallback_rows"":0,""unseen_fallback_rows"":0},""training_self_exclusion"":""whenever_an_alternative_exists""}"
token_guess,factor_1,guessed,layer_1,False,ntp_bin_matched_activations,1,1043,42,0.009428087949516058,0.8424171111601301,"{""donor_source"":""train"",""fallback"":""training_marginal"",""key_width"":2,""method"":""train_row_resampling_conditional_on_exact_key"",""minimum_key_pool_size"":2,""n_features"":64,""n_test"":20000,""n_train"":20000,""n_train_keys"":8,""seed"":1043,""test"":{""exact_key_coverage"":1.0,""exact_key_rows"":20000,""fallback_rows"":0,""matched_fraction"":1.0,""matched_rows"":20000,""n_rows"":20000,""self_donor_rows"":0,""self_excluded_rows"":0,""singleton_fallback_rows"":0,""unseen_fallback_rows"":0},""train"":{""exact_key_coverage"":1.0,""exact_key_rows"":20000,""fallback_rows"":0,""matched_fraction"":1.0,""matched_rows"":20000,""n_rows"":20000,""self_donor_rows"":0,""self_excluded_rows"":20000,""singleton_fallback_rows"":0,""unseen_fallback_rows"":0},""training_self_exclusion"":""whenever_an_alternative_exists""}"
token_guess,factor_1,guessed,layer_1,False,ntp_bin_matched_activations,2,1044,42,0.00957098720019559,0.8400286653951232,"{""donor_source"":""train"",""fallback"":""training_marginal"",""key_width"":2,""method"":""train_row_resampling_conditional_on_exact_key"",""minimum_key_pool_size"":2,""n_features"":64,""n_test"":20000,""n_train"":20000,""n_train_keys"":8,""seed"":1044,""test"":{""exact_key_coverage"":1.0,""exact_key_rows"":20000,""fallback_rows"":0,""matched_fraction"":1.0,""matched_rows"":20000,""n_rows"":20000,""self_donor_rows"":0,""self_excluded_rows"":0,""singleton_fallback_rows"":0,""unseen_fallback_rows"":0},""train"":{""exact_key_coverage"":1.0,""exact_key_rows"":20000,""fallback_rows"":0,""matched_fraction"":1.0,""matched_rows"":20000,""n_rows"":20000,""self_donor_rows"":0,""self_excluded_rows"":20000,""singleton_fallback_rows"":0,""unseen_fallback_rows"":0},""training_self_exclusion"":""whenever_an_alternative_exists""}"
token_guess,factor_1,guessed,layer_1,False,ntp_bin_matched_activations,3,1045,42,0.009579653604126418,0.8398838134405608,"{""donor_source"":""train"",""fallback"":""training_marginal"",""key_width"":2,""method"":""train_row_resampling_conditional_on_exact_key"",""minimum_key_pool_size"":2,""n_features"":64,""n_test"":20000,""n_train"":20000,""n_train_keys"":8,""seed"":1045,""test"":{""exact_key_coverage"":1.0,""exact_key_rows"":20000,""fallback_rows"":0,""matched_fraction"":1.0,""matched_rows"":20000,""n_rows"":20000,""self_donor_rows"":0,""self_excluded_rows"":0,""singleton_fallback_rows"":0,""unseen_fallback_rows"":0},""train"":{""exact_key_coverage"":1.0,""exact_key_rows"":20000,""fallback_rows"":0,""matched_fraction"":1.0,""matched_rows"":20000,""n_rows"":20000,""self_donor_rows"":0,""self_excluded_rows"":20000,""singleton_fallback_rows"":0,""unseen_fallback_rows"":0},""training_self_exclusion"":""whenever_an_alternative_exists""}"
token_guess,factor_1,guessed,layer_1,False,ntp_bin_matched_activations,4,1046,42,0.009596430170197269,0.8396034066645089,"{""donor_source"":""train"",""fallback"":""training_marginal"",""key_width"":2,""method"":""train_row_resampling_conditional_on_exact_key"",""minimum_key_pool_size"":2,""n_features"":64,""n_test"":20000,""n_train"":20000,""n_train_keys"":8,""seed"":1046,""test"":{""exact_key_coverage"":1.0,""exact_key_rows"":20000,""fallback_rows"":0,""matched_fraction"":1.0,""matched_rows"":20000,""n_rows"":20000,""self_donor_rows"":0,""self_excluded_rows"":0,""singleton_fallback_rows"":0,""unseen_fallback_rows"":0},""train"":{""exact_key_coverage"":1.0,""exact_key_rows"":20000,""fallback_rows"":0,""matched_fraction"":1.0,""matched_rows"":20000,""n_rows"":20000,""self_donor_rows"":0,""self_excluded_rows"":20000,""singleton_fallback_rows"":0,""unseen_fallback_rows"":0},""training_self_exclusion"":""whenever_an_alternative_exists""}"
token_guess,factor_1,guessed,layer_1,False,shuffled_training_labels,0,1042,42,0.06048945291890677,-0.01103243694220235,
token_guess,factor_1,guessed,layer_1,False,shuffled_training_labels,1,1043,42,0.05973713783057005,0.0015419032180425951,
token_guess,factor_1,guessed,layer_1,False,shuffled_training_labels,2,1044,42,0.059866575947377515,-0.0006215505471038885,
token_guess,factor_1,guessed,layer_1,False,shuffled_training_labels,3,1045,42,0.06025171541826724,-0.007058846290847631,
token_guess,factor_1,guessed,layer_1,False,shuffled_training_labels,4,1046,42,0.06037977943572401,-0.009199333093191653,
token_guess,factor_1,guessed,layer_1,False,visible_suffix_matched_activations,0,1042,42,0.03713472402893481,0.37932302709890897,"{""donor_source"":""train"",""fallback"":""training_marginal"",""key_width"":1,""method"":""train_row_resampling_conditional_on_exact_key"",""minimum_key_pool_size"":2,""n_features"":64,""n_test"":20000,""n_train"":20000,""n_train_keys"":4,""seed"":1042,""test"":{""exact_key_coverage"":1.0,""exact_key_rows"":20000,""fallback_rows"":0,""matched_fraction"":1.0,""matched_rows"":20000,""n_rows"":20000,""self_donor_rows"":0,""self_excluded_rows"":0,""singleton_fallback_rows"":0,""unseen_fallback_rows"":0},""train"":{""exact_key_coverage"":1.0,""exact_key_rows"":20000,""fallback_rows"":0,""matched_fraction"":1.0,""matched_rows"":20000,""n_rows"":20000,""self_donor_rows"":0,""self_excluded_rows"":20000,""singleton_fallback_rows"":0,""unseen_fallback_rows"":0},""training_self_exclusion"":""whenever_an_alternative_exists""}"
token_guess,factor_1,guessed,layer_1,False,visible_suffix_matched_activations,1,1043,42,0.03714833632997185,0.379095508461762,"{""donor_source"":""train"",""fallback"":""training_marginal"",""key_width"":1,""method"":""train_row_resampling_conditional_on_exact_key"",""minimum_key_pool_size"":2,""n_features"":64,""n_test"":20000,""n_train"":20000,""n_train_keys"":4,""seed"":1043,""test"":{""exact_key_coverage"":1.0,""exact_key_rows"":20000,""fallback_rows"":0,""matched_fraction"":1.0,""matched_rows"":20000,""n_rows"":20000,""self_donor_rows"":0,""self_excluded_rows"":0,""singleton_fallback_rows"":0,""unseen_fallback_rows"":0},""train"":{""exact_key_coverage"":1.0,""exact_key_rows"":20000,""fallback_rows"":0,""matched_fraction"":1.0,""matched_rows"":20000,""n_rows"":20000,""self_donor_rows"":0,""self_excluded_rows"":20000,""singleton_fallback_rows"":0,""unseen_fallback_rows"":0},""training_self_exclusion"":""whenever_an_alternative_exists""}"
token_guess,factor_1,guessed,layer_1,False,visible_suffix_matched_activations,2,1044,42,0.037121702039842754,0.3795406791478244,"{""donor_source"":""train"",""fallback"":""training_marginal"",""key_width"":1,""method"":""train_row_resampling_conditional_on_exact_key"",""minimum_key_pool_size"":2,""n_features"":64,""n_test"":20000,""n_train"":20000,""n_train_keys"":4,""seed"":1044,""test"":{""exact_key_coverage"":1.0,""exact_key_rows"":20000,""fallback_rows"":0,""matched_fraction"":1.0,""matched_rows"":20000,""n_rows"":20000,""self_donor_rows"":0,""self_excluded_rows"":0,""singleton_fallback_rows"":0,""unseen_fallback_rows"":0},""train"":{""exact_key_coverage"":1.0,""exact_key_rows"":20000,""fallback_rows"":0,""matched_fraction"":1.0,""matched_rows"":20000,""n_rows"":20000,""self_donor_rows"":0,""self_excluded_rows"":20000,""singleton_fallback_rows"":0,""unseen_fallback_rows"":0},""training_self_exclusion"":""whenever_an_alternative_exists""}"
token_guess,factor_1,guessed,layer_1,False,visible_suffix_matched_activations,3,1045,42,0.037139012125265616,0.37925135502594454,"{""donor_source"":""train"",""fallback"":""training_marginal"",""key_width"":1,""method"":""train_row_resampling_conditional_on_exact_key"",""minimum_key_pool_size"":2,""n_features"":64,""n_test"":20000,""n_train"":20000,""n_train_keys"":4,""seed"":1045,""test"":{""exact_key_coverage"":1.0,""exact_key_rows"":20000,""fallback_rows"":0,""matched_fraction"":1.0,""matched_rows"":20000,""n_rows"":20000,""self_donor_rows"":0,""self_excluded_rows"":0,""singleton_fallback_rows"":0,""unseen_fallback_rows"":0},""train"":{""exact_key_coverage"":1.0,""exact_key_rows"":20000,""fallback_rows"":0,""matched_fraction"":1.0,""matched_rows"":20000,""n_rows"":20000,""self_donor_rows"":0,""self_excluded_rows"":20000,""singleton_fallback_rows"":0,""unseen_fallback_rows"":0},""training_self_exclusion"":""whenever_an_alternative_exists""}"
token_guess,factor_1,guessed,layer_1,False,visible_suffix_matched_activations,4,1046,42,0.03713736809200771,0.3792788337163764,"{""donor_source"":""train"",""fallback"":""training_marginal"",""key_width"":1,""method"":""train_row_resampling_conditional_on_exact_key"",""minimum_key_pool_size"":2,""n_features"":64,""n_test"":20000,""n_train"":20000,""n_train_keys"":4,""seed"":1046,""test"":{""exact_key_coverage"":1.0,""exact_key_rows"":20000,""fallback_rows"":0,""matched_fraction"":1.0,""matched_rows"":20000,""n_rows"":20000,""self_donor_rows"":0,""self_excluded_rows"":0,""singleton_fallback_rows"":0,""unseen_fallback_rows"":0},""train"":{""exact_key_coverage"":1.0,""exact_key_rows"":20000,""fallback_rows"":0,""matched_fraction"":1.0,""matched_rows"":20000,""n_rows"":20000,""self_donor_rows"":0,""self_excluded_rows"":20000,""singleton_fallback_rows"":0,""unseen_fallback_rows"":0},""training_self_exclusion"":""whenever_an_alternative_exists""}"
token_guess,factor_1,guessed,layer_2,False,dirichlet_labels,0,1042,42,0.055134201371228264,-0.0018367182028218298,
token_guess,factor_1,guessed,layer_2,False,dirichlet_labels,1,1043,42,0.05570679883521958,-0.002650268117202703,
token_guess,factor_1,guessed,layer_2,False,dirichlet_labels,2,1044,42,0.055546238159703124,-0.0028050921381568283,
token_guess,factor_1,guessed,layer_2,False,dirichlet_labels,3,1045,42,0.05591086468362543,-0.0016767130947463738,
token_guess,factor_1,guessed,layer_2,False,dirichlet_labels,4,1046,42,0.05530107020455024,-0.001126473962697938,
token_guess,factor_1,guessed,layer_2,False,gaussian_covariance_matched,0,1042,42,0.06018382749544953,-0.005924154394438164,"{""covariance_ddof"":1,""empirical_rank"":64,""fit_source"":""train"",""method"":""gaussian_train_full_covariance"",""n_features"":64,""n_test"":20000,""n_train"":20000,""seed"":1042,""singular_value_cutoff"":1.6034006378633777e-10,""training_mean"":[0.09957223257393344,0.00024303676213603513,0.007431048528291285,0.20037513603568077,-0.06556758632193668,0.16814770447045446,-0.03985488133241161,-0.12229345298256958,0.19981509896148927,-0.11583909288682043,0.041720899499906226,0.0372269133235357,0.07269225653465837,-0.2194867310438305,-0.13803349227170691,0.09891904305280186,0.012724849678324244,-0.1300123947012471,0.06330087793415659,-0.0015461773928043838,0.001814235126506537,0.023477179783291648,-0.17274104060791434,0.10556723029427231,-0.0905484689585166,-0.031027868528207183,-0.1501428141614422,0.026852542391273892,-0.16558608628150542,-0.128585922312201,-0.09451746305802372,-0.10902955598860281,-0.012189387520006858,0.10883224679568666,0.0675936862415576,0.029994782502713497,-0.11948474842426367,-0.2213721512458287,-0.007704762997030049,0.1259335579838138,-0.11381255396438647,-0.04824661940983496,0.060006506816588805,-0.03881726836256421,0.20867639284115286,0.0004422892431728536,-0.043710700441323566,-0.04988796213020105,0.07703896276008454,0.0021889816772192715,-0.15566637213194046,-0.05466054800648708,0.08990481555161532,-0.1441240678580885,0.13735839470320207,0.09310913889440708,-0.0033251609952945696,0.13346431728884345,-0.01801844681152288,0.04983101800287841,0.03377247409798147,0.025134180956628553,0.035346564875118204,-0.20177357903001247]}"
token_guess,factor_1,guessed,layer_2,False,gaussian_covariance_matched,1,1043,42,0.060227553481286715,-0.006654998994370942,"{""covariance_ddof"":1,""empirical_rank"":64,""fit_source"":""train"",""method"":""gaussian_train_full_covariance"",""n_features"":64,""n_test"":20000,""n_train"":20000,""seed"":1043,""singular_value_cutoff"":1.6034006378633777e-10,""training_mean"":[0.09957223257393344,0.00024303676213603513,0.007431048528291285,0.20037513603568077,-0.06556758632193668,0.16814770447045446,-0.03985488133241161,-0.12229345298256958,0.19981509896148927,-0.11583909288682043,0.041720899499906226,0.0372269133235357,0.07269225653465837,-0.2194867310438305,-0.13803349227170691,0.09891904305280186,0.012724849678324244,-0.1300123947012471,0.06330087793415659,-0.0015461773928043838,0.001814235126506537,0.023477179783291648,-0.17274104060791434,0.10556723029427231,-0.0905484689585166,-0.031027868528207183,-0.1501428141614422,0.026852542391273892,-0.16558608628150542,-0.128585922312201,-0.09451746305802372,-0.10902955598860281,-0.012189387520006858,0.10883224679568666,0.0675936862415576,0.029994782502713497,-0.11948474842426367,-0.2213721512458287,-0.007704762997030049,0.1259335579838138,-0.11381255396438647,-0.04824661940983496,0.060006506816588805,-0.03881726836256421,0.20867639284115286,0.0004422892431728536,-0.043710700441323566,-0.04988796213020105,0.07703896276008454,0.0021889816772192715,-0.15566637213194046,-0.05466054800648708,0.08990481555161532,-0.1441240678580885,0.13735839470320207,0.09310913889440708,-0.0033251609952945696,0.13346431728884345,-0.01801844681152288,0.04983101800287841,0.03377247409798147,0.025134180956628553,0.035346564875118204,-0.20177357903001247]}"
token_guess,factor_1,guessed,layer_2,False,gaussian_covariance_matched,2,1044,42,0.06009066689017901,-0.0043670499865020584,"{""covariance_ddof"":1,""empirical_rank"":64,""fit_source"":""train"",""method"":""gaussian_train_full_covariance"",""n_features"":64,""n_test"":20000,""n_train"":20000,""seed"":1044,""singular_value_cutoff"":1.6034006378633777e-10,""training_mean"":[0.09957223257393344,0.00024303676213603513,0.007431048528291285,0.20037513603568077,-0.06556758632193668,0.16814770447045446,-0.03985488133241161,-0.12229345298256958,0.19981509896148927,-0.11583909288682043,0.041720899499906226,0.0372269133235357,0.07269225653465837,-0.2194867310438305,-0.13803349227170691,0.09891904305280186,0.012724849678324244,-0.1300123947012471,0.06330087793415659,-0.0015461773928043838,0.001814235126506537,0.023477179783291648,-0.17274104060791434,0.10556723029427231,-0.0905484689585166,-0.031027868528207183,-0.1501428141614422,0.026852542391273892,-0.16558608628150542,-0.128585922312201,-0.09451746305802372,-0.10902955598860281,-0.012189387520006858,0.10883224679568666,0.0675936862415576,0.029994782502713497,-0.11948474842426367,-0.2213721512458287,-0.007704762997030049,0.1259335579838138,-0.11381255396438647,-0.04824661940983496,0.060006506816588805,-0.03881726836256421,0.20867639284115286,0.0004422892431728536,-0.043710700441323566,-0.04988796213020105,0.07703896276008454,0.0021889816772192715,-0.15566637213194046,-0.05466054800648708,0.08990481555161532,-0.1441240678580885,0.13735839470320207,0.09310913889440708,-0.0033251609952945696,0.13346431728884345,-0.01801844681152288,0.04983101800287841,0.03377247409798147,0.025134180956628553,0.035346564875118204,-0.20177357903001247]}"
token_guess,factor_1,guessed,layer_2,False,gaussian_covariance_matched,3,1045,42,0.06009109222423804,-0.0043741591023804816,"{""covariance_ddof"":1,""empirical_rank"":64,""fit_source"":""train"",""method"":""gaussian_train_full_covariance"",""n_features"":64,""n_test"":20000,""n_train"":20000,""seed"":1045,""singular_value_cutoff"":1.6034006378633777e-10,""training_mean"":[0.09957223257393344,0.00024303676213603513,0.007431048528291285,0.20037513603568077,-0.06556758632193668,0.16814770447045446,-0.03985488133241161,-0.12229345298256958,0.19981509896148927,-0.11583909288682043,0.041720899499906226,0.0372269133235357,0.07269225653465837,-0.2194867310438305,-0.13803349227170691,0.09891904305280186,0.012724849678324244,-0.1300123947012471,0.06330087793415659,-0.0015461773928043838,0.001814235126506537,0.023477179783291648,-0.17274104060791434,0.10556723029427231,-0.0905484689585166,-0.031027868528207183,-0.1501428141614422,0.026852542391273892,-0.16558608628150542,-0.128585922312201,-0.09451746305802372,-0.10902955598860281,-0.012189387520006858,0.10883224679568666,0.0675936862415576,0.029994782502713497,-0.11948474842426367,-0.2213721512458287,-0.007704762997030049,0.1259335579838138,-0.11381255396438647,-0.04824661940983496,0.060006506816588805,-0.03881726836256421,0.20867639284115286,0.0004422892431728536,-0.043710700441323566,-0.04988796213020105,0.07703896276008454,0.0021889816772192715,-0.15566637213194046,-0.05466054800648708,0.08990481555161532,-0.1441240678580885,0.13735839470320207,0.09310913889440708,-0.0033251609952945696,0.13346431728884345,-0.01801844681152288,0.04983101800287841,0.03377247409798147,0.025134180956628553,0.035346564875118204,-0.20177357903001247]}"
token_guess,factor_1,guessed,layer_2,False,gaussian_covariance_matched,4,1046,42,0.06017427279707149,-0.005764455314362982,"{""covariance_ddof"":1,""empirical_rank"":64,""fit_source"":""train"",""method"":""gaussian_train_full_covariance"",""n_features"":64,""n_test"":20000,""n_train"":20000,""seed"":1046,""singular_value_cutoff"":1.6034006378633777e-10,""training_mean"":[0.09957223257393344,0.00024303676213603513,0.007431048528291285,0.20037513603568077,-0.06556758632193668,0.16814770447045446,-0.03985488133241161,-0.12229345298256958,0.19981509896148927,-0.11583909288682043,0.041720899499906226,0.0372269133235357,0.07269225653465837,-0.2194867310438305,-0.13803349227170691,0.09891904305280186,0.012724849678324244,-0.1300123947012471,0.06330087793415659,-0.0015461773928043838,0.001814235126506537,0.023477179783291648,-0.17274104060791434,0.10556723029427231,-0.0905484689585166,-0.031027868528207183,-0.1501428141614422,0.026852542391273892,-0.16558608628150542,-0.128585922312201,-0.09451746305802372,-0.10902955598860281,-0.012189387520006858,0.10883224679568666,0.0675936862415576,0.029994782502713497,-0.11948474842426367,-0.2213721512458287,-0.007704762997030049,0.1259335579838138,-0.11381255396438647,-0.04824661940983496,0.060006506816588805,-0.03881726836256421,0.20867639284115286,0.0004422892431728536,-0.043710700441323566,-0.04988796213020105,0.07703896276008454,0.0021889816772192715,-0.15566637213194046,-0.05466054800648708,0.08990481555161532,-0.1441240678580885,0.13735839470320207,0.09310913889440708,-0.0033251609952945696,0.13346431728884345,-0.01801844681152288,0.04983101800287841,0.03377247409798147,0.025134180956628553,0.035346564875118204,-0.20177357903001247]}"
token_guess,factor_1,guessed,layer_2,False,ntp_bin_matched_activations,0,1042,42,0.009121101215748285,0.8475481469122016,"{""donor_source"":""train"",""fallback"":""training_marginal"",""key_width"":2,""method"":""train_row_resampling_conditional_on_exact_key"",""minimum_key_pool_size"":2,""n_features"":64,""n_test"":20000,""n_train"":20000,""n_train_keys"":8,""seed"":1042,""test"":{""exact_key_coverage"":1.0,""exact_key_rows"":20000,""fallback_rows"":0,""matched_fraction"":1.0,""matched_rows"":20000,""n_rows"":20000,""self_donor_rows"":0,""self_excluded_rows"":0,""singleton_fallback_rows"":0,""unseen_fallback_rows"":0},""train"":{""exact_key_coverage"":1.0,""exact_key_rows"":20000,""fallback_rows"":0,""matched_fraction"":1.0,""matched_rows"":20000,""n_rows"":20000,""self_donor_rows"":0,""self_excluded_rows"":20000,""singleton_fallback_rows"":0,""unseen_fallback_rows"":0},""training_self_exclusion"":""whenever_an_alternative_exists""}"
token_guess,factor_1,guessed,layer_2,False,ntp_bin_matched_activations,1,1043,42,0.008996066590777969,0.8496379998615309,"{""donor_source"":""train"",""fallback"":""training_marginal"",""key_width"":2,""method"":""train_row_resampling_conditional_on_exact_key"",""minimum_key_pool_size"":2,""n_features"":64,""n_test"":20000,""n_train"":20000,""n_train_keys"":8,""seed"":1043,""test"":{""exact_key_coverage"":1.0,""exact_key_rows"":20000,""fallback_rows"":0,""matched_fraction"":1.0,""matched_rows"":20000,""n_rows"":20000,""self_donor_rows"":0,""self_excluded_rows"":0,""singleton_fallback_rows"":0,""unseen_fallback_rows"":0},""train"":{""exact_key_coverage"":1.0,""exact_key_rows"":20000,""fallback_rows"":0,""matched_fraction"":1.0,""matched_rows"":20000,""n_rows"":20000,""self_donor_rows"":0,""self_excluded_rows"":20000,""singleton_fallback_rows"":0,""unseen_fallback_rows"":0},""training_self_exclusion"":""whenever_an_alternative_exists""}"
token_guess,factor_1,guessed,layer_2,False,ntp_bin_matched_activations,2,1044,42,0.00904829416055879,0.8487650581402384,"{""donor_source"":""train"",""fallback"":""training_marginal"",""key_width"":2,""method"":""train_row_resampling_conditional_on_exact_key"",""minimum_key_pool_size"":2,""n_features"":64,""n_test"":20000,""n_train"":20000,""n_train_keys"":8,""seed"":1044,""test"":{""exact_key_coverage"":1.0,""exact_key_rows"":20000,""fallback_rows"":0,""matched_fraction"":1.0,""matched_rows"":20000,""n_rows"":20000,""self_donor_rows"":0,""self_excluded_rows"":0,""singleton_fallback_rows"":0,""unseen_fallback_rows"":0},""train"":{""exact_key_coverage"":1.0,""exact_key_rows"":20000,""fallback_rows"":0,""matched_fraction"":1.0,""matched_rows"":20000,""n_rows"":20000,""self_donor_rows"":0,""self_excluded_rows"":20000,""singleton_fallback_rows"":0,""unseen_fallback_rows"":0},""training_self_exclusion"":""whenever_an_alternative_exists""}"
token_guess,factor_1,guessed,layer_2,False,ntp_bin_matched_activations,3,1045,42,0.00906449401993825,0.8484942905515731,"{""donor_source"":""train"",""fallback"":""training_marginal"",""key_width"":2,""method"":""train_row_resampling_conditional_on_exact_key"",""minimum_key_pool_size"":2,""n_features"":64,""n_test"":20000,""n_train"":20000,""n_train_keys"":8,""seed"":1045,""test"":{""exact_key_coverage"":1.0,""exact_key_rows"":20000,""fallback_rows"":0,""matched_fraction"":1.0,""matched_rows"":20000,""n_rows"":20000,""self_donor_rows"":0,""self_excluded_rows"":0,""singleton_fallback_rows"":0,""unseen_fallback_rows"":0},""train"":{""exact_key_coverage"":1.0,""exact_key_rows"":20000,""fallback_rows"":0,""matched_fraction"":1.0,""matched_rows"":20000,""n_rows"":20000,""self_donor_rows"":0,""self_excluded_rows"":20000,""singleton_fallback_rows"":0,""unseen_fallback_rows"":0},""training_self_exclusion"":""whenever_an_alternative_exists""}"
token_guess,factor_1,guessed,layer_2,False,ntp_bin_matched_activations,4,1046,42,0.009074993304405579,0.8483188034765721,"{""donor_source"":""train"",""fallback"":""training_marginal"",""key_width"":2,""method"":""train_row_resampling_conditional_on_exact_key"",""minimum_key_pool_size"":2,""n_features"":64,""n_test"":20000,""n_train"":20000,""n_train_keys"":8,""seed"":1046,""test"":{""exact_key_coverage"":1.0,""exact_key_rows"":20000,""fallback_rows"":0,""matched_fraction"":1.0,""matched_rows"":20000,""n_rows"":20000,""self_donor_rows"":0,""self_excluded_rows"":0,""singleton_fallback_rows"":0,""unseen_fallback_rows"":0},""train"":{""exact_key_coverage"":1.0,""exact_key_rows"":20000,""fallback_rows"":0,""matched_fraction"":1.0,""matched_rows"":20000,""n_rows"":20000,""self_donor_rows"":0,""self_excluded_rows"":20000,""singleton_fallback_rows"":0,""unseen_fallback_rows"":0},""training_self_exclusion"":""whenever_an_alternative_exists""}"
token_guess,factor_1,guessed,layer_2,False,shuffled_training_labels,0,1042,42,0.060517854394330016,-0.011507144705693362,
token_guess,factor_1,guessed,layer_2,False,shuffled_training_labels,1,1043,42,0.05960543651505086,0.0037431845249898954,
token_guess,factor_1,guessed,layer_2,False,shuffled_training_labels,2,1044,42,0.059886917497520745,-0.0009615431577174594,
token_guess,factor_1,guessed,layer_2,False,shuffled_training_labels,3,1045,42,0.06031954065501571,-0.00819249044014958,
token_guess,factor_1,guessed,layer_2,False,shuffled_training_labels,4,1046,42,0.06038406631654863,-0.009270984849950148,
token_guess,factor_1,guessed,layer_2,False,visible_suffix_matched_activations,0,1042,42,0.03717136465911035,0.37871060850641247,"{""donor_source"":""train"",""fallback"":""training_marginal"",""key_width"":1,""method"":""train_row_resampling_conditional_on_exact_key"",""minimum_key_pool_size"":2,""n_features"":64,""n_test"":20000,""n_train"":20000,""n_train_keys"":4,""seed"":1042,""test"":{""exact_key_coverage"":1.0,""exact_key_rows"":20000,""fallback_rows"":0,""matched_fraction"":1.0,""matched_rows"":20000,""n_rows"":20000,""self_donor_rows"":0,""self_excluded_rows"":0,""singleton_fallback_rows"":0,""unseen_fallback_rows"":0},""train"":{""exact_key_coverage"":1.0,""exact_key_rows"":20000,""fallback_rows"":0,""matched_fraction"":1.0,""matched_rows"":20000,""n_rows"":20000,""self_donor_rows"":0,""self_excluded_rows"":20000,""singleton_fallback_rows"":0,""unseen_fallback_rows"":0},""training_self_exclusion"":""whenever_an_alternative_exists""}"
token_guess,factor_1,guessed,layer_2,False,visible_suffix_matched_activations,1,1043,42,0.037235245290574585,0.3776428952541654,"{""donor_source"":""train"",""fallback"":""training_marginal"",""key_width"":1,""method"":""train_row_resampling_conditional_on_exact_key"",""minimum_key_pool_size"":2,""n_features"":64,""n_test"":20000,""n_train"":20000,""n_train_keys"":4,""seed"":1043,""test"":{""exact_key_coverage"":1.0,""exact_key_rows"":20000,""fallback_rows"":0,""matched_fraction"":1.0,""matched_rows"":20000,""n_rows"":20000,""self_donor_rows"":0,""self_excluded_rows"":0,""singleton_fallback_rows"":0,""unseen_fallback_rows"":0},""train"":{""exact_key_coverage"":1.0,""exact_key_rows"":20000,""fallback_rows"":0,""matched_fraction"":1.0,""matched_rows"":20000,""n_rows"":20000,""self_donor_rows"":0,""self_excluded_rows"":20000,""singleton_fallback_rows"":0,""unseen_fallback_rows"":0},""training_self_exclusion"":""whenever_an_alternative_exists""}"
token_guess,factor_1,guessed,layer_2,False,visible_suffix_matched_activations,2,1044,42,0.037188932440492865,0.3784169772043301,"{""donor_source"":""train"",""fallback"":""training_marginal"",""key_width"":1,""method"":""train_row_resampling_conditional_on_exact_key"",""minimum_key_pool_size"":2,""n_features"":64,""n_test"":20000,""n_train"":20000,""n_train_keys"":4,""seed"":1044,""test"":{""exact_key_coverage"":1.0,""exact_key_rows"":20000,""fallback_rows"":0,""matched_fraction"":1.0,""matched_rows"":20000,""n_rows"":20000,""self_donor_rows"":0,""self_excluded_rows"":0,""singleton_fallback_rows"":0,""unseen_fallback_rows"":0},""train"":{""exact_key_coverage"":1.0,""exact_key_rows"":20000,""fallback_rows"":0,""matched_fraction"":1.0,""matched_rows"":20000,""n_rows"":20000,""self_donor_rows"":0,""self_excluded_rows"":20000,""singleton_fallback_rows"":0,""unseen_fallback_rows"":0},""training_self_exclusion"":""whenever_an_alternative_exists""}"
token_guess,factor_1,guessed,layer_2,False,visible_suffix_matched_activations,3,1045,42,0.03717440960573188,0.3786597146785703,"{""donor_source"":""train"",""fallback"":""training_marginal"",""key_width"":1,""method"":""train_row_resampling_conditional_on_exact_key"",""minimum_key_pool_size"":2,""n_features"":64,""n_test"":20000,""n_train"":20000,""n_train_keys"":4,""seed"":1045,""test"":{""exact_key_coverage"":1.0,""exact_key_rows"":20000,""fallback_rows"":0,""matched_fraction"":1.0,""matched_rows"":20000,""n_rows"":20000,""self_donor_rows"":0,""self_excluded_rows"":0,""singleton_fallback_rows"":0,""unseen_fallback_rows"":0},""train"":{""exact_key_coverage"":1.0,""exact_key_rows"":20000,""fallback_rows"":0,""matched_fraction"":1.0,""matched_rows"":20000,""n_rows"":20000,""self_donor_rows"":0,""self_excluded_rows"":20000,""singleton_fallback_rows"":0,""unseen_fallback_rows"":0},""training_self_exclusion"":""whenever_an_alternative_exists""}"
token_guess,factor_1,guessed,layer_2,False,visible_suffix_matched_activations,4,1046,42,0.03722120069772554,0.37787763930042195,"{""donor_source"":""train"",""fallback"":""training_marginal"",""key_width"":1,""method"":""train_row_resampling_conditional_on_exact_key"",""minimum_key_pool_size"":2,""n_features"":64,""n_test"":20000,""n_train"":20000,""n_train_keys"":4,""seed"":1046,""test"":{""exact_key_coverage"":1.0,""exact_key_rows"":20000,""fallback_rows"":0,""matched_fraction"":1.0,""matched_rows"":20000,""n_rows"":20000,""self_donor_rows"":0,""self_excluded_rows"":0,""singleton_fallback_rows"":0,""unseen_fallback_rows"":0},""train"":{""exact_key_coverage"":1.0,""exact_key_rows"":20000,""fallback_rows"":0,""matched_fraction"":1.0,""matched_rows"":20000,""n_rows"":20000,""self_donor_rows"":0,""self_excluded_rows"":20000,""singleton_fallback_rows"":0,""unseen_fallback_rows"":0},""training_self_exclusion"":""whenever_an_alternative_exists""}"
token_guess,factor_1,guessed,layer_3,True,dirichlet_labels,0,1042,42,0.05515884066598052,-0.0022844357643265756,
token_guess,factor_1,guessed,layer_3,True,dirichlet_labels,1,1043,42,0.055702525511448824,-0.0025733538210288565,
token_guess,factor_1,guessed,layer_3,True,dirichlet_labels,2,1044,42,0.055571257649904275,-0.003256781991649138,
token_guess,factor_1,guessed,layer_3,True,dirichlet_labels,3,1045,42,0.05594387650359002,-0.002268139671718794,
token_guess,factor_1,guessed,layer_3,True,dirichlet_labels,4,1046,42,0.05530703549309541,-0.0012344647893729466,
token_guess,factor_1,guessed,layer_3,True,gaussian_covariance_matched,0,1042,42,0.06019375598537264,-0.006090101098825906,"{""covariance_ddof"":1,""empirical_rank"":64,""fit_source"":""train"",""method"":""gaussian_train_full_covariance"",""n_features"":64,""n_test"":20000,""n_train"":20000,""seed"":1042,""singular_value_cutoff"":1.8723870966524958e-10,""training_mean"":[0.3421741118140519,-0.16955761467739938,0.13517898259754293,0.27933885465078057,-0.13458516559340059,0.15425045602938042,0.1316419187568128,-0.18124120010444894,0.1168502523216419,-0.10214708472411148,0.21100762110073118,0.09087625526115298,0.12624976491067502,-0.4044796320127323,-0.09488830641498498,0.16182436469489767,0.03685469707916491,-0.10550642712079134,0.05126151591236121,0.04211488039740361,-0.07407356685237028,0.08872141343140974,-0.104898237759294,0.296031826746976,-0.24598339214846493,-0.2689995260063559,-0.285075936173182,-0.02619272581017576,-0.2136632974793203,-0.25760733666345476,-0.1539309284755378,-0.14917335763704032,-0.1517957317889668,0.2559262906237971,0.1829510654937476,-0.09658208852922544,-0.1698576530475286,-0.2617259592999413,-0.043728351101255974,0.31336104687713084,-0.07246586232103036,-0.03712564521980821,0.12096932574501261,-0.12178687535266508,0.40283233883939684,-0.12055540083628148,-0.062990617690637,0.06056143587371335,0.12427514403886161,0.023910374842798413,-0.17776634774806443,-0.003771172968711472,0.04386613057969371,-0.2392684967708541,0.17129410747109797,0.22561090833423658,-0.11169895404855487,0.07387325534256525,-0.052221149908768714,0.17104569392618724,-0.0385512280162191,-0.09993058632455068,0.033601336245134006,-0.30912850467609243]}"
token_guess,factor_1,guessed,layer_3,True,gaussian_covariance_matched,1,1043,42,0.0602268168177074,-0.006642686256565167,"{""covariance_ddof"":1,""empirical_rank"":64,""fit_source"":""train"",""method"":""gaussian_train_full_covariance"",""n_features"":64,""n_test"":20000,""n_train"":20000,""seed"":1043,""singular_value_cutoff"":1.8723870966524958e-10,""training_mean"":[0.3421741118140519,-0.16955761467739938,0.13517898259754293,0.27933885465078057,-0.13458516559340059,0.15425045602938042,0.1316419187568128,-0.18124120010444894,0.1168502523216419,-0.10214708472411148,0.21100762110073118,0.09087625526115298,0.12624976491067502,-0.4044796320127323,-0.09488830641498498,0.16182436469489767,0.03685469707916491,-0.10550642712079134,0.05126151591236121,0.04211488039740361,-0.07407356685237028,0.08872141343140974,-0.104898237759294,0.296031826746976,-0.24598339214846493,-0.2689995260063559,-0.285075936173182,-0.02619272581017576,-0.2136632974793203,-0.25760733666345476,-0.1539309284755378,-0.14917335763704032,-0.1517957317889668,0.2559262906237971,0.1829510654937476,-0.09658208852922544,-0.1698576530475286,-0.2617259592999413,-0.043728351101255974,0.31336104687713084,-0.07246586232103036,-0.03712564521980821,0.12096932574501261,-0.12178687535266508,0.40283233883939684,-0.12055540083628148,-0.062990617690637,0.06056143587371335,0.12427514403886161,0.023910374842798413,-0.17776634774806443,-0.003771172968711472,0.04386613057969371,-0.2392684967708541,0.17129410747109797,0.22561090833423658,-0.11169895404855487,0.07387325534256525,-0.052221149908768714,0.17104569392618724,-0.0385512280162191,-0.09993058632455068,0.033601336245134006,-0.30912850467609243]}"
token_guess,factor_1,guessed,layer_3,True,gaussian_covariance_matched,2,1044,42,0.06008951015554403,-0.004347716099676102,"{""covariance_ddof"":1,""empirical_rank"":64,""fit_source"":""train"",""method"":""gaussian_train_full_covariance"",""n_features"":64,""n_test"":20000,""n_train"":20000,""seed"":1044,""singular_value_cutoff"":1.8723870966524958e-10,""training_mean"":[0.3421741118140519,-0.16955761467739938,0.13517898259754293,0.27933885465078057,-0.13458516559340059,0.15425045602938042,0.1316419187568128,-0.18124120010444894,0.1168502523216419,-0.10214708472411148,0.21100762110073118,0.09087625526115298,0.12624976491067502,-0.4044796320127323,-0.09488830641498498,0.16182436469489767,0.03685469707916491,-0.10550642712079134,0.05126151591236121,0.04211488039740361,-0.07407356685237028,0.08872141343140974,-0.104898237759294,0.296031826746976,-0.24598339214846493,-0.2689995260063559,-0.285075936173182,-0.02619272581017576,-0.2136632974793203,-0.25760733666345476,-0.1539309284755378,-0.14917335763704032,-0.1517957317889668,0.2559262906237971,0.1829510654937476,-0.09658208852922544,-0.1698576530475286,-0.2617259592999413,-0.043728351101255974,0.31336104687713084,-0.07246586232103036,-0.03712564521980821,0.12096932574501261,-0.12178687535266508,0.40283233883939684,-0.12055540083628148,-0.062990617690637,0.06056143587371335,0.12427514403886161,0.023910374842798413,-0.17776634774806443,-0.003771172968711472,0.04386613057969371,-0.2392684967708541,0.17129410747109797,0.22561090833423658,-0.11169895404855487,0.07387325534256525,-0.052221149908768714,0.17104569392618724,-0.0385512280162191,-0.09993058632455068,0.033601336245134006,-0.30912850467609243]}"
token_guess,factor_1,guessed,layer_3,True,gaussian_covariance_matched,3,1045,42,0.060101737333238786,-0.004552083516889072,"{""covariance_ddof"":1,""empirical_rank"":64,""fit_source"":""train"",""method"":""gaussian_train_full_covariance"",""n_features"":64,""n_test"":20000,""n_train"":20000,""seed"":1045,""singular_value_cutoff"":1.8723870966524958e-10,""training_mean"":[0.3421741118140519,-0.16955761467739938,0.13517898259754293,0.27933885465078057,-0.13458516559340059,0.15425045602938042,0.1316419187568128,-0.18124120010444894,0.1168502523216419,-0.10214708472411148,0.21100762110073118,0.09087625526115298,0.12624976491067502,-0.4044796320127323,-0.09488830641498498,0.16182436469489767,0.03685469707916491,-0.10550642712079134,0.05126151591236121,0.04211488039740361,-0.07407356685237028,0.08872141343140974,-0.104898237759294,0.296031826746976,-0.24598339214846493,-0.2689995260063559,-0.285075936173182,-0.02619272581017576,-0.2136632974793203,-0.25760733666345476,-0.1539309284755378,-0.14917335763704032,-0.1517957317889668,0.2559262906237971,0.1829510654937476,-0.09658208852922544,-0.1698576530475286,-0.2617259592999413,-0.043728351101255974,0.31336104687713084,-0.07246586232103036,-0.03712564521980821,0.12096932574501261,-0.12178687535266508,0.40283233883939684,-0.12055540083628148,-0.062990617690637,0.06056143587371335,0.12427514403886161,0.023910374842798413,-0.17776634774806443,-0.003771172968711472,0.04386613057969371,-0.2392684967708541,0.17129410747109797,0.22561090833423658,-0.11169895404855487,0.07387325534256525,-0.052221149908768714,0.17104569392618724,-0.0385512280162191,-0.09993058632455068,0.033601336245134006,-0.30912850467609243]}"
token_guess,factor_1,guessed,layer_3,True,gaussian_covariance_matched,4,1046,42,0.060173930433112574,-0.005758732976814729,"{""covariance_ddof"":1,""empirical_rank"":64,""fit_source"":""train"",""method"":""gaussian_train_full_covariance"",""n_features"":64,""n_test"":20000,""n_train"":20000,""seed"":1046,""singular_value_cutoff"":1.8723870966524958e-10,""training_mean"":[0.3421741118140519,-0.16955761467739938,0.13517898259754293,0.27933885465078057,-0.13458516559340059,0.15425045602938042,0.1316419187568128,-0.18124120010444894,0.1168502523216419,-0.10214708472411148,0.21100762110073118,0.09087625526115298,0.12624976491067502,-0.4044796320127323,-0.09488830641498498,0.16182436469489767,0.03685469707916491,-0.10550642712079134,0.05126151591236121,0.04211488039740361,-0.07407356685237028,0.08872141343140974,-0.104898237759294,0.296031826746976,-0.24598339214846493,-0.2689995260063559,-0.285075936173182,-0.02619272581017576,-0.2136632974793203,-0.25760733666345476,-0.1539309284755378,-0.14917335763704032,-0.1517957317889668,0.2559262906237971,0.1829510654937476,-0.09658208852922544,-0.1698576530475286,-0.2617259592999413,-0.043728351101255974,0.31336104687713084,-0.07246586232103036,-0.03712564521980821,0.12096932574501261,-0.12178687535266508,0.40283233883939684,-0.12055540083628148,-0.062990617690637,0.06056143587371335,0.12427514403886161,0.023910374842798413,-0.17776634774806443,-0.003771172968711472,0.04386613057969371,-0.2392684967708541,0.17129410747109797,0.22561090833423658,-0.11169895404855487,0.07387325534256525,-0.052221149908768714,0.17104569392618724,-0.0385512280162191,-0.09993058632455068,0.033601336245134006,-0.30912850467609243]}"
token_guess,factor_1,guessed,layer_3,True,ntp_bin_matched_activations,0,1042,42,0.009182722390322768,0.8465181986602178,"{""donor_source"":""train"",""fallback"":""training_marginal"",""key_width"":2,""method"":""train_row_resampling_conditional_on_exact_key"",""minimum_key_pool_size"":2,""n_features"":64,""n_test"":20000,""n_train"":20000,""n_train_keys"":8,""seed"":1042,""test"":{""exact_key_coverage"":1.0,""exact_key_rows"":20000,""fallback_rows"":0,""matched_fraction"":1.0,""matched_rows"":20000,""n_rows"":20000,""self_donor_rows"":0,""self_excluded_rows"":0,""singleton_fallback_rows"":0,""unseen_fallback_rows"":0},""train"":{""exact_key_coverage"":1.0,""exact_key_rows"":20000,""fallback_rows"":0,""matched_fraction"":1.0,""matched_rows"":20000,""n_rows"":20000,""self_donor_rows"":0,""self_excluded_rows"":20000,""singleton_fallback_rows"":0,""unseen_fallback_rows"":0},""training_self_exclusion"":""whenever_an_alternative_exists""}"
token_guess,factor_1,guessed,layer_3,True,ntp_bin_matched_activations,1,1043,42,0.009114269316018813,0.8476623366080762,"{""donor_source"":""train"",""fallback"":""training_marginal"",""key_width"":2,""method"":""train_row_resampling_conditional_on_exact_key"",""minimum_key_pool_size"":2,""n_features"":64,""n_test"":20000,""n_train"":20000,""n_train_keys"":8,""seed"":1043,""test"":{""exact_key_coverage"":1.0,""exact_key_rows"":20000,""fallback_rows"":0,""matched_fraction"":1.0,""matched_rows"":20000,""n_rows"":20000,""self_donor_rows"":0,""self_excluded_rows"":0,""singleton_fallback_rows"":0,""unseen_fallback_rows"":0},""train"":{""exact_key_coverage"":1.0,""exact_key_rows"":20000,""fallback_rows"":0,""matched_fraction"":1.0,""matched_rows"":20000,""n_rows"":20000,""self_donor_rows"":0,""self_excluded_rows"":20000,""singleton_fallback_rows"":0,""unseen_fallback_rows"":0},""training_self_exclusion"":""whenever_an_alternative_exists""}"
token_guess,factor_1,guessed,layer_3,True,ntp_bin_matched_activations,2,1044,42,0.009122930644944334,0.847517569478136,"{""donor_source"":""train"",""fallback"":""training_marginal"",""key_width"":2,""method"":""train_row_resampling_conditional_on_exact_key"",""minimum_key_pool_size"":2,""n_features"":64,""n_test"":20000,""n_train"":20000,""n_train_keys"":8,""seed"":1044,""test"":{""exact_key_coverage"":1.0,""exact_key_rows"":20000,""fallback_rows"":0,""matched_fraction"":1.0,""matched_rows"":20000,""n_rows"":20000,""self_donor_rows"":0,""self_excluded_rows"":0,""singleton_fallback_rows"":0,""unseen_fallback_rows"":0},""train"":{""exact_key_coverage"":1.0,""exact_key_rows"":20000,""fallback_rows"":0,""matched_fraction"":1.0,""matched_rows"":20000,""n_rows"":20000,""self_donor_rows"":0,""self_excluded_rows"":20000,""singleton_fallback_rows"":0,""unseen_fallback_rows"":0},""training_self_exclusion"":""whenever_an_alternative_exists""}"
token_guess,factor_1,guessed,layer_3,True,ntp_bin_matched_activations,3,1045,42,0.00916864148071017,0.8467535497118974,"{""donor_source"":""train"",""fallback"":""training_marginal"",""key_width"":2,""method"":""train_row_resampling_conditional_on_exact_key"",""minimum_key_pool_size"":2,""n_features"":64,""n_test"":20000,""n_train"":20000,""n_train_keys"":8,""seed"":1045,""test"":{""exact_key_coverage"":1.0,""exact_key_rows"":20000,""fallback_rows"":0,""matched_fraction"":1.0,""matched_rows"":20000,""n_rows"":20000,""self_donor_rows"":0,""self_excluded_rows"":0,""singleton_fallback_rows"":0,""unseen_fallback_rows"":0},""train"":{""exact_key_coverage"":1.0,""exact_key_rows"":20000,""fallback_rows"":0,""matched_fraction"":1.0,""matched_rows"":20000,""n_rows"":20000,""self_donor_rows"":0,""self_excluded_rows"":20000,""singleton_fallback_rows"":0,""unseen_fallback_rows"":0},""training_self_exclusion"":""whenever_an_alternative_exists""}"
token_guess,factor_1,guessed,layer_3,True,ntp_bin_matched_activations,4,1046,42,0.009182476218447276,0.8465223132246448,"{""donor_source"":""train"",""fallback"":""training_marginal"",""key_width"":2,""method"":""train_row_resampling_conditional_on_exact_key"",""minimum_key_pool_size"":2,""n_features"":64,""n_test"":20000,""n_train"":20000,""n_train_keys"":8,""seed"":1046,""test"":{""exact_key_coverage"":1.0,""exact_key_rows"":20000,""fallback_rows"":0,""matched_fraction"":1.0,""matched_rows"":20000,""n_rows"":20000,""self_donor_rows"":0,""self_excluded_rows"":0,""singleton_fallback_rows"":0,""unseen_fallback_rows"":0},""train"":{""exact_key_coverage"":1.0,""exact_key_rows"":20000,""fallback_rows"":0,""matched_fraction"":1.0,""matched_rows"":20000,""n_rows"":20000,""self_donor_rows"":0,""self_excluded_rows"":20000,""singleton_fallback_rows"":0,""unseen_fallback_rows"":0},""training_self_exclusion"":""whenever_an_alternative_exists""}"
token_guess,factor_1,guessed,layer_3,True,shuffled_training_labels,0,1042,42,0.06062979576930063,-0.013378154537488696,
token_guess,factor_1,guessed,layer_3,True,shuffled_training_labels,1,1043,42,0.05956099472674501,0.004485993186082782,
token_guess,factor_1,guessed,layer_3,True,shuffled_training_labels,2,1044,42,0.05987189835599797,-0.0007105103160929271,
token_guess,factor_1,guessed,layer_3,True,shuffled_training_labels,3,1045,42,0.060316726930667135,-0.008145461306180657,
token_guess,factor_1,guessed,layer_3,True,shuffled_training_labels,4,1046,42,0.06041885549592374,-0.0098524579350181,
token_guess,factor_1,guessed,layer_3,True,visible_suffix_matched_activations,0,1042,42,0.0372319081181804,0.3776986734001955,"{""donor_source"":""train"",""fallback"":""training_marginal"",""key_width"":1,""method"":""train_row_resampling_conditional_on_exact_key"",""minimum_key_pool_size"":2,""n_features"":64,""n_test"":20000,""n_train"":20000,""n_train_keys"":4,""seed"":1042,""test"":{""exact_key_coverage"":1.0,""exact_key_rows"":20000,""fallback_rows"":0,""matched_fraction"":1.0,""matched_rows"":20000,""n_rows"":20000,""self_donor_rows"":0,""self_excluded_rows"":0,""singleton_fallback_rows"":0,""unseen_fallback_rows"":0},""train"":{""exact_key_coverage"":1.0,""exact_key_rows"":20000,""fallback_rows"":0,""matched_fraction"":1.0,""matched_rows"":20000,""n_rows"":20000,""self_donor_rows"":0,""self_excluded_rows"":20000,""singleton_fallback_rows"":0,""unseen_fallback_rows"":0},""training_self_exclusion"":""whenever_an_alternative_exists""}"
token_guess,factor_1,guessed,layer_3,True,visible_suffix_matched_activations,1,1043,42,0.03732345003114839,0.37616862412905305,"{""donor_source"":""train"",""fallback"":""training_marginal"",""key_width"":1,""method"":""train_row_resampling_conditional_on_exact_key"",""minimum_key_pool_size"":2,""n_features"":64,""n_test"":20000,""n_train"":20000,""n_train_keys"":4,""seed"":1043,""test"":{""exact_key_coverage"":1.0,""exact_key_rows"":20000,""fallback_rows"":0,""matched_fraction"":1.0,""matched_rows"":20000,""n_rows"":20000,""self_donor_rows"":0,""self_excluded_rows"":0,""singleton_fallback_rows"":0,""unseen_fallback_rows"":0},""train"":{""exact_key_coverage"":1.0,""exact_key_rows"":20000,""fallback_rows"":0,""matched_fraction"":1.0,""matched_rows"":20000,""n_rows"":20000,""self_donor_rows"":0,""self_excluded_rows"":20000,""singleton_fallback_rows"":0,""unseen_fallback_rows"":0},""training_self_exclusion"":""whenever_an_alternative_exists""}"
token_guess,factor_1,guessed,layer_3,True,visible_suffix_matched_activations,2,1044,42,0.03723946011318057,0.3775724478924357,"{""donor_source"":""train"",""fallback"":""training_marginal"",""key_width"":1,""method"":""train_row_resampling_conditional_on_exact_key"",""minimum_key_pool_size"":2,""n_features"":64,""n_test"":20000,""n_train"":20000,""n_train_keys"":4,""seed"":1044,""test"":{""exact_key_coverage"":1.0,""exact_key_rows"":20000,""fallback_rows"":0,""matched_fraction"":1.0,""matched_rows"":20000,""n_rows"":20000,""self_donor_rows"":0,""self_excluded_rows"":0,""singleton_fallback_rows"":0,""unseen_fallback_rows"":0},""train"":{""exact_key_coverage"":1.0,""exact_key_rows"":20000,""fallback_rows"":0,""matched_fraction"":1.0,""matched_rows"":20000,""n_rows"":20000,""self_donor_rows"":0,""self_excluded_rows"":20000,""singleton_fallback_rows"":0,""unseen_fallback_rows"":0},""training_self_exclusion"":""whenever_an_alternative_exists""}"
token_guess,factor_1,guessed,layer_3,True,visible_suffix_matched_activations,3,1045,42,0.0372056052318728,0.37813830493857026,"{""donor_source"":""train"",""fallback"":""training_marginal"",""key_width"":1,""method"":""train_row_resampling_conditional_on_exact_key"",""minimum_key_pool_size"":2,""n_features"":64,""n_test"":20000,""n_train"":20000,""n_train_keys"":4,""seed"":1045,""test"":{""exact_key_coverage"":1.0,""exact_key_rows"":20000,""fallback_rows"":0,""matched_fraction"":1.0,""matched_rows"":20000,""n_rows"":20000,""self_donor_rows"":0,""self_excluded_rows"":0,""singleton_fallback_rows"":0,""unseen_fallback_rows"":0},""train"":{""exact_key_coverage"":1.0,""exact_key_rows"":20000,""fallback_rows"":0,""matched_fraction"":1.0,""matched_rows"":20000,""n_rows"":20000,""self_donor_rows"":0,""self_excluded_rows"":20000,""singleton_fallback_rows"":0,""unseen_fallback_rows"":0},""training_self_exclusion"":""whenever_an_alternative_exists""}"
token_guess,factor_1,guessed,layer_3,True,visible_suffix_matched_activations,4,1046,42,0.03723729308448218,0.37760866802999904,"{""donor_source"":""train"",""fallback"":""training_marginal"",""key_width"":1,""method"":""train_row_resampling_conditional_on_exact_key"",""minimum_key_pool_size"":2,""n_features"":64,""n_test"":20000,""n_train"":20000,""n_train_keys"":4,""seed"":1046,""test"":{""exact_key_coverage"":1.0,""exact_key_rows"":20000,""fallback_rows"":0,""matched_fraction"":1.0,""matched_rows"":20000,""n_rows"":20000,""self_donor_rows"":0,""self_excluded_rows"":0,""singleton_fallback_rows"":0,""unseen_fallback_rows"":0},""train"":{""exact_key_coverage"":1.0,""exact_key_rows"":20000,""fallback_rows"":0,""matched_fraction"":1.0,""matched_rows"":20000,""n_rows"":20000,""self_donor_rows"":0,""self_excluded_rows"":20000,""singleton_fallback_rows"":0,""unseen_fallback_rows"":0},""training_self_exclusion"":""whenever_an_alternative_exists""}"
token_guess,factor_2,guessed,layer_1,False,dirichlet_labels,0,1042,43,0.05512577190889516,-0.001683547490814119,
token_guess,factor_2,guessed,layer_1,False,dirichlet_labels,1,1043,43,0.05566362429553461,-0.0018731822911255414,
token_guess,factor_2,guessed,layer_1,False,dirichlet_labels,2,1044,43,0.0555075926217205,-0.0021074041657334064,
token_guess,factor_2,guessed,layer_1,False,dirichlet_labels,3,1045,43,0.05584547574451303,-0.0005052309870472449,
token_guess,factor_2,guessed,layer_1,False,dirichlet_labels,4,1046,43,0.055308347907707014,-0.0012582236968883276,
token_guess,factor_2,guessed,layer_1,False,gaussian_covariance_matched,0,1042,43,0.06002662861807278,-0.0014661460050997555,"{""covariance_ddof"":1,""empirical_rank"":64,""fit_source"":""train"",""method"":""gaussian_train_full_covariance"",""n_features"":64,""n_test"":20000,""n_train"":20000,""seed"":1042,""singular_value_cutoff"":1.4005126990556432e-10,""training_mean"":[-0.01166822835576313,-0.010874401244519685,0.05801646270381752,0.045210302321812196,-0.025074619353932213,0.1427787251673639,-0.04136038518584101,-0.08666329121551826,0.12704008174547926,-0.10157963949055411,-0.02891567205600149,0.0066903958718350625,0.15042567031970247,-0.14120781829035842,-0.08437579373146872,0.059947618319664615,0.0002125861537293531,-0.03564550464814674,0.0733728498985729,-0.02652584194384981,0.07156640702285803,0.010423811128101078,-0.1264741276778863,0.039773791471401636,0.006170405566472618,-0.009029051784896911,-0.16585946852955386,0.022281937809990996,-0.09251676088562817,-0.08641199282731978,-0.07994249267217238,-0.039058832526847255,0.06350304316036927,0.005278540945803979,0.06430971021806473,0.06978617282003252,-0.004361190956883365,-0.10165537046821846,0.036413226838623636,0.04457722166849271,-0.08205130775258732,-0.05953454328267835,-0.005365894040884452,-0.042295598240272375,0.11176026250798896,-0.023784176882724568,0.0011634553213429166,-0.0048920465264644004,0.08379240951929678,-0.03290640140273608,-0.08840488824916538,-0.10610410581228788,0.0614610226475852,-0.0741262454222946,0.10160271435906179,0.011283363342640223,0.009148399232071822,0.060678982003382405,-0.01059179043758195,0.052062558573088606,0.03756315015376604,0.03046146569702105,-0.012645005660806782,-0.08377755701460556]}"
token_guess,factor_2,guessed,layer_1,False,gaussian_covariance_matched,1,1043,43,0.06001248875485161,-0.0012302407968420859,"{""covariance_ddof"":1,""empirical_rank"":64,""fit_source"":""train"",""method"":""gaussian_train_full_covariance"",""n_features"":64,""n_test"":20000,""n_train"":20000,""seed"":1043,""singular_value_cutoff"":1.4005126990556432e-10,""training_mean"":[-0.01166822835576313,-0.010874401244519685,0.05801646270381752,0.045210302321812196,-0.025074619353932213,0.1427787251673639,-0.04136038518584101,-0.08666329121551826,0.12704008174547926,-0.10157963949055411,-0.02891567205600149,0.0066903958718350625,0.15042567031970247,-0.14120781829035842,-0.08437579373146872,0.059947618319664615,0.0002125861537293531,-0.03564550464814674,0.0733728498985729,-0.02652584194384981,0.07156640702285803,0.010423811128101078,-0.1264741276778863,0.039773791471401636,0.006170405566472618,-0.009029051784896911,-0.16585946852955386,0.022281937809990996,-0.09251676088562817,-0.08641199282731978,-0.07994249267217238,-0.039058832526847255,0.06350304316036927,0.005278540945803979,0.06430971021806473,0.06978617282003252,-0.004361190956883365,-0.10165537046821846,0.036413226838623636,0.04457722166849271,-0.08205130775258732,-0.05953454328267835,-0.005365894040884452,-0.042295598240272375,0.11176026250798896,-0.023784176882724568,0.0011634553213429166,-0.0048920465264644004,0.08379240951929678,-0.03290640140273608,-0.08840488824916538,-0.10610410581228788,0.0614610226475852,-0.0741262454222946,0.10160271435906179,0.011283363342640223,0.009148399232071822,0.060678982003382405,-0.01059179043758195,0.052062558573088606,0.03756315015376604,0.03046146569702105,-0.012645005660806782,-0.08377755701460556]}"
token_guess,factor_2,guessed,layer_1,False,gaussian_covariance_matched,2,1044,43,0.06002218719632133,-0.001392046665746438,"{""covariance_ddof"":1,""empirical_rank"":64,""fit_source"":""train"",""method"":""gaussian_train_full_covariance"",""n_features"":64,""n_test"":20000,""n_train"":20000,""seed"":1044,""singular_value_cutoff"":1.4005126990556432e-10,""training_mean"":[-0.01166822835576313,-0.010874401244519685,0.05801646270381752,0.045210302321812196,-0.025074619353932213,0.1427787251673639,-0.04136038518584101,-0.08666329121551826,0.12704008174547926,-0.10157963949055411,-0.02891567205600149,0.0066903958718350625,0.15042567031970247,-0.14120781829035842,-0.08437579373146872,0.059947618319664615,0.0002125861537293531,-0.03564550464814674,0.0733728498985729,-0.02652584194384981,0.07156640702285803,0.010423811128101078,-0.1264741276778863,0.039773791471401636,0.006170405566472618,-0.009029051784896911,-0.16585946852955386,0.022281937809990996,-0.09251676088562817,-0.08641199282731978,-0.07994249267217238,-0.039058832526847255,0.06350304316036927,0.005278540945803979,0.06430971021806473,0.06978617282003252,-0.004361190956883365,-0.10165537046821846,0.036413226838623636,0.04457722166849271,-0.08205130775258732,-0.05953454328267835,-0.005365894040884452,-0.042295598240272375,0.11176026250798896,-0.023784176882724568,0.0011634553213429166,-0.0048920465264644004,0.08379240951929678,-0.03290640140273608,-0.08840488824916538,-0.10610410581228788,0.0614610226475852,-0.0741262454222946,0.10160271435906179,0.011283363342640223,0.009148399232071822,0.060678982003382405,-0.01059179043758195,0.052062558573088606,0.03756315015376604,0.03046146569702105,-0.012645005660806782,-0.08377755701460556]}"
token_guess,factor_2,guessed,layer_1,False,gaussian_covariance_matched,3,1045,43,0.06002838396279111,-0.0014954316463300366,"{""covariance_ddof"":1,""empirical_rank"":64,""fit_source"":""train"",""method"":""gaussian_train_full_covariance"",""n_features"":64,""n_test"":20000,""n_train"":20000,""seed"":1045,""singular_value_cutoff"":1.4005126990556432e-10,""training_mean"":[-0.01166822835576313,-0.010874401244519685,0.05801646270381752,0.045210302321812196,-0.025074619353932213,0.1427787251673639,-0.04136038518584101,-0.08666329121551826,0.12704008174547926,-0.10157963949055411,-0.02891567205600149,0.0066903958718350625,0.15042567031970247,-0.14120781829035842,-0.08437579373146872,0.059947618319664615,0.0002125861537293531,-0.03564550464814674,0.0733728498985729,-0.02652584194384981,0.07156640702285803,0.010423811128101078,-0.1264741276778863,0.039773791471401636,0.006170405566472618,-0.009029051784896911,-0.16585946852955386,0.022281937809990996,-0.09251676088562817,-0.08641199282731978,-0.07994249267217238,-0.039058832526847255,0.06350304316036927,0.005278540945803979,0.06430971021806473,0.06978617282003252,-0.004361190956883365,-0.10165537046821846,0.036413226838623636,0.04457722166849271,-0.08205130775258732,-0.05953454328267835,-0.005365894040884452,-0.042295598240272375,0.11176026250798896,-0.023784176882724568,0.0011634553213429166,-0.0048920465264644004,0.08379240951929678,-0.03290640140273608,-0.08840488824916538,-0.10610410581228788,0.0614610226475852,-0.0741262454222946,0.10160271435906179,0.011283363342640223,0.009148399232071822,0.060678982003382405,-0.01059179043758195,0.052062558573088606,0.03756315015376604,0.03046146569702105,-0.012645005660806782,-0.08377755701460556]}"
token_guess,factor_2,guessed,layer_1,False,gaussian_covariance_matched,4,1046,43,0.05999644646536787,-0.000962596083283529,"{""covariance_ddof"":1,""empirical_rank"":64,""fit_source"":""train"",""method"":""gaussian_train_full_covariance"",""n_features"":64,""n_test"":20000,""n_train"":20000,""seed"":1046,""singular_value_cutoff"":1.4005126990556432e-10,""training_mean"":[-0.01166822835576313,-0.010874401244519685,0.05801646270381752,0.045210302321812196,-0.025074619353932213,0.1427787251673639,-0.04136038518584101,-0.08666329121551826,0.12704008174547926,-0.10157963949055411,-0.02891567205600149,0.0066903958718350625,0.15042567031970247,-0.14120781829035842,-0.08437579373146872,0.059947618319664615,0.0002125861537293531,-0.03564550464814674,0.0733728498985729,-0.02652584194384981,0.07156640702285803,0.010423811128101078,-0.1264741276778863,0.039773791471401636,0.006170405566472618,-0.009029051784896911,-0.16585946852955386,0.022281937809990996,-0.09251676088562817,-0.08641199282731978,-0.07994249267217238,-0.039058832526847255,0.06350304316036927,0.005278540945803979,0.06430971021806473,0.06978617282003252,-0.004361190956883365,-0.10165537046821846,0.036413226838623636,0.04457722166849271,-0.08205130775258732,-0.05953454328267835,-0.005365894040884452,-0.042295598240272375,0.11176026250798896,-0.023784176882724568,0.0011634553213429166,-0.0048920465264644004,0.08379240951929678,-0.03290640140273608,-0.08840488824916538,-0.10610410581228788,0.0614610226475852,-0.0741262454222946,0.10160271435906179,0.011283363342640223,0.009148399232071822,0.060678982003382405,-0.01059179043758195,0.052062558573088606,0.03756315015376604,0.03046146569702105,-0.012645005660806782,-0.08377755701460556]}"
token_guess,factor_2,guessed,layer_1,False,ntp_bin_matched_activations,0,1042,43,0.00981766901955531,0.8362049746567394,"{""donor_source"":""train"",""fallback"":""training_marginal"",""key_width"":2,""method"":""train_row_resampling_conditional_on_exact_key"",""minimum_key_pool_size"":2,""n_features"":64,""n_test"":20000,""n_train"":20000,""n_train_keys"":8,""seed"":1042,""test"":{""exact_key_coverage"":1.0,""exact_key_rows"":20000,""fallback_rows"":0,""matched_fraction"":1.0,""matched_rows"":20000,""n_rows"":20000,""self_donor_rows"":0,""self_excluded_rows"":0,""singleton_fallback_rows"":0,""unseen_fallback_rows"":0},""train"":{""exact_key_coverage"":1.0,""exact_key_rows"":20000,""fallback_rows"":0,""matched_fraction"":1.0,""matched_rows"":20000,""n_rows"":20000,""self_donor_rows"":0,""self_excluded_rows"":20000,""singleton_fallback_rows"":0,""unseen_fallback_rows"":0},""training_self_exclusion"":""whenever_an_alternative_exists""}"
token_guess,factor_2,guessed,layer_1,False,ntp_bin_matched_activations,1,1043,43,0.009755863790315827,0.8372361144384394,"{""donor_source"":""train"",""fallback"":""training_marginal"",""key_width"":2,""method"":""train_row_resampling_conditional_on_exact_key"",""minimum_key_pool_size"":2,""n_features"":64,""n_test"":20000,""n_train"":20000,""n_train_keys"":8,""seed"":1043,""test"":{""exact_key_coverage"":1.0,""exact_key_rows"":20000,""fallback_rows"":0,""matched_fraction"":1.0,""matched_rows"":20000,""n_rows"":20000,""self_donor_rows"":0,""self_excluded_rows"":0,""singleton_fallback_rows"":0,""unseen_fallback_rows"":0},""train"":{""exact_key_coverage"":1.0,""exact_key_rows"":20000,""fallback_rows"":0,""matched_fraction"":1.0,""matched_rows"":20000,""n_rows"":20000,""self_donor_rows"":0,""self_excluded_rows"":20000,""singleton_fallback_rows"":0,""unseen_fallback_rows"":0},""training_self_exclusion"":""whenever_an_alternative_exists""}"
token_guess,factor_2,guessed,layer_1,False,ntp_bin_matched_activations,2,1044,43,0.009810702657972214,0.8363211993298039,"{""donor_source"":""train"",""fallback"":""training_marginal"",""key_width"":2,""method"":""train_row_resampling_conditional_on_exact_key"",""minimum_key_pool_size"":2,""n_features"":64,""n_test"":20000,""n_train"":20000,""n_train_keys"":8,""seed"":1044,""test"":{""exact_key_coverage"":1.0,""exact_key_rows"":20000,""fallback_rows"":0,""matched_fraction"":1.0,""matched_rows"":20000,""n_rows"":20000,""self_donor_rows"":0,""self_excluded_rows"":0,""singleton_fallback_rows"":0,""unseen_fallback_rows"":0},""train"":{""exact_key_coverage"":1.0,""exact_key_rows"":20000,""fallback_rows"":0,""matched_fraction"":1.0,""matched_rows"":20000,""n_rows"":20000,""self_donor_rows"":0,""self_excluded_rows"":20000,""singleton_fallback_rows"":0,""unseen_fallback_rows"":0},""training_self_exclusion"":""whenever_an_alternative_exists""}"
token_guess,factor_2,guessed,layer_1,False,ntp_bin_matched_activations,3,1045,43,0.009862596822003415,0.8354554127672577,"{""donor_source"":""train"",""fallback"":""training_marginal"",""key_width"":2,""method"":""train_row_resampling_conditional_on_exact_key"",""minimum_key_pool_size"":2,""n_features"":64,""n_test"":20000,""n_train"":20000,""n_train_keys"":8,""seed"":1045,""test"":{""exact_key_coverage"":1.0,""exact_key_rows"":20000,""fallback_rows"":0,""matched_fraction"":1.0,""matched_rows"":20000,""n_rows"":20000,""self_donor_rows"":0,""self_excluded_rows"":0,""singleton_fallback_rows"":0,""unseen_fallback_rows"":0},""train"":{""exact_key_coverage"":1.0,""exact_key_rows"":20000,""fallback_rows"":0,""matched_fraction"":1.0,""matched_rows"":20000,""n_rows"":20000,""self_donor_rows"":0,""self_excluded_rows"":20000,""singleton_fallback_rows"":0,""unseen_fallback_rows"":0},""training_self_exclusion"":""whenever_an_alternative_exists""}"
token_guess,factor_2,guessed,layer_1,False,ntp_bin_matched_activations,4,1046,43,0.009700914004712721,0.8381528800686048,"{""donor_source"":""train"",""fallback"":""training_marginal"",""key_width"":2,""method"":""train_row_resampling_conditional_on_exact_key"",""minimum_key_pool_size"":2,""n_features"":64,""n_test"":20000,""n_train"":20000,""n_train_keys"":8,""seed"":1046,""test"":{""exact_key_coverage"":1.0,""exact_key_rows"":20000,""fallback_rows"":0,""matched_fraction"":1.0,""matched_rows"":20000,""n_rows"":20000,""self_donor_rows"":0,""self_excluded_rows"":0,""singleton_fallback_rows"":0,""unseen_fallback_rows"":0},""train"":{""exact_key_coverage"":1.0,""exact_key_rows"":20000,""fallback_rows"":0,""matched_fraction"":1.0,""matched_rows"":20000,""n_rows"":20000,""self_donor_rows"":0,""self_excluded_rows"":20000,""singleton_fallback_rows"":0,""unseen_fallback_rows"":0},""training_self_exclusion"":""whenever_an_alternative_exists""}"
token_guess,factor_2,guessed,layer_1,False,shuffled_training_labels,0,1042,43,0.06001441924108356,-0.0012624484461993823,
token_guess,factor_2,guessed,layer_1,False,shuffled_training_labels,1,1043,43,0.060468624250022536,-0.008840267661943013,
token_guess,factor_2,guessed,layer_1,False,shuffled_training_labels,2,1044,43,0.061021288797770114,-0.018060756091969,
token_guess,factor_2,guessed,layer_1,False,shuffled_training_labels,3,1045,43,0.06079118808157008,-0.014221825224935758,
token_guess,factor_2,guessed,layer_1,False,shuffled_training_labels,4,1046,43,0.06068605116135976,-0.01246775259567312,
token_guess,factor_2,guessed,layer_1,False,visible_suffix_matched_activations,0,1042,43,0.03705544058258201,0.3817782187156453,"{""donor_source"":""train"",""fallback"":""training_marginal"",""key_width"":1,""method"":""train_row_resampling_conditional_on_exact_key"",""minimum_key_pool_size"":2,""n_features"":64,""n_test"":20000,""n_train"":20000,""n_train_keys"":4,""seed"":1042,""test"":{""exact_key_coverage"":1.0,""exact_key_rows"":20000,""fallback_rows"":0,""matched_fraction"":1.0,""matched_rows"":20000,""n_rows"":20000,""self_donor_rows"":0,""self_excluded_rows"":0,""singleton_fallback_rows"":0,""unseen_fallback_rows"":0},""train"":{""exact_key_coverage"":1.0,""exact_key_rows"":20000,""fallback_rows"":0,""matched_fraction"":1.0,""matched_rows"":20000,""n_rows"":20000,""self_donor_rows"":0,""self_excluded_rows"":20000,""singleton_fallback_rows"":0,""unseen_fallback_rows"":0},""training_self_exclusion"":""whenever_an_alternative_exists""}"
token_guess,factor_2,guessed,layer_1,False,visible_suffix_matched_activations,1,1043,43,0.037004867972094464,0.38262195687793044,"{""donor_source"":""train"",""fallback"":""training_marginal"",""key_width"":1,""method"":""train_row_resampling_conditional_on_exact_key"",""minimum_key_pool_size"":2,""n_features"":64,""n_test"":20000,""n_train"":20000,""n_train_keys"":4,""seed"":1043,""test"":{""exact_key_coverage"":1.0,""exact_key_rows"":20000,""fallback_rows"":0,""matched_fraction"":1.0,""matched_rows"":20000,""n_rows"":20000,""self_donor_rows"":0,""self_excluded_rows"":0,""singleton_fallback_rows"":0,""unseen_fallback_rows"":0},""train"":{""exact_key_coverage"":1.0,""exact_key_rows"":20000,""fallback_rows"":0,""matched_fraction"":1.0,""matched_rows"":20000,""n_rows"":20000,""self_donor_rows"":0,""self_excluded_rows"":20000,""singleton_fallback_rows"":0,""unseen_fallback_rows"":0},""training_self_exclusion"":""whenever_an_alternative_exists""}"
token_guess,factor_2,guessed,layer_1,False,visible_suffix_matched_activations,2,1044,43,0.03702454258656167,0.38229371155117764,"{""donor_source"":""train"",""fallback"":""training_marginal"",""key_width"":1,""method"":""train_row_resampling_conditional_on_exact_key"",""minimum_key_pool_size"":2,""n_features"":64,""n_test"":20000,""n_train"":20000,""n_train_keys"":4,""seed"":1044,""test"":{""exact_key_coverage"":1.0,""exact_key_rows"":20000,""fallback_rows"":0,""matched_fraction"":1.0,""matched_rows"":20000,""n_rows"":20000,""self_donor_rows"":0,""self_excluded_rows"":0,""singleton_fallback_rows"":0,""unseen_fallback_rows"":0},""train"":{""exact_key_coverage"":1.0,""exact_key_rows"":20000,""fallback_rows"":0,""matched_fraction"":1.0,""matched_rows"":20000,""n_rows"":20000,""self_donor_rows"":0,""self_excluded_rows"":20000,""singleton_fallback_rows"":0,""unseen_fallback_rows"":0},""training_self_exclusion"":""whenever_an_alternative_exists""}"
token_guess,factor_2,guessed,layer_1,False,visible_suffix_matched_activations,3,1045,43,0.037048474211594566,0.3818944435456092,"{""donor_source"":""train"",""fallback"":""training_marginal"",""key_width"":1,""method"":""train_row_resampling_conditional_on_exact_key"",""minimum_key_pool_size"":2,""n_features"":64,""n_test"":20000,""n_train"":20000,""n_train_keys"":4,""seed"":1045,""test"":{""exact_key_coverage"":1.0,""exact_key_rows"":20000,""fallback_rows"":0,""matched_fraction"":1.0,""matched_rows"":20000,""n_rows"":20000,""self_donor_rows"":0,""self_excluded_rows"":0,""singleton_fallback_rows"":0,""unseen_fallback_rows"":0},""train"":{""exact_key_coverage"":1.0,""exact_key_rows"":20000,""fallback_rows"":0,""matched_fraction"":1.0,""matched_rows"":20000,""n_rows"":20000,""self_donor_rows"":0,""self_excluded_rows"":20000,""singleton_fallback_rows"":0,""unseen_fallback_rows"":0},""training_self_exclusion"":""whenever_an_alternative_exists""}"
token_guess,factor_2,guessed,layer_1,False,visible_suffix_matched_activations,4,1046,43,0.0370368953489423,0.38208762179370415,"{""donor_source"":""train"",""fallback"":""training_marginal"",""key_width"":1,""method"":""train_row_resampling_conditional_on_exact_key"",""minimum_key_pool_size"":2,""n_features"":64,""n_test"":20000,""n_train"":20000,""n_train_keys"":4,""seed"":1046,""test"":{""exact_key_coverage"":1.0,""exact_key_rows"":20000,""fallback_rows"":0,""matched_fraction"":1.0,""matched_rows"":20000,""n_rows"":20000,""self_donor_rows"":0,""self_excluded_rows"":0,""singleton_fallback_rows"":0,""unseen_fallback_rows"":0},""train"":{""exact_key_coverage"":1.0,""exact_key_rows"":20000,""fallback_rows"":0,""matched_fraction"":1.0,""matched_rows"":20000,""n_rows"":20000,""self_donor_rows"":0,""self_excluded_rows"":20000,""singleton_fallback_rows"":0,""unseen_fallback_rows"":0},""training_self_exclusion"":""whenever_an_alternative_exists""}"
token_guess,factor_2,guessed,layer_2,False,dirichlet_labels,0,1042,43,0.055134201371228264,-0.0018367182028218298,
token_guess,factor_2,guessed,layer_2,False,dirichlet_labels,1,1043,43,0.05570679883521958,-0.002650268117202703,
token_guess,factor_2,guessed,layer_2,False,dirichlet_labels,2,1044,43,0.055546238159703124,-0.0028050921381568283,
token_guess,factor_2,guessed,layer_2,False,dirichlet_labels,3,1045,43,0.05591086468362543,-0.0016767130947463738,
token_guess,factor_2,guessed,layer_2,False,dirichlet_labels,4,1046,43,0.05530107020455024,-0.001126473962697938,
token_guess,factor_2,guessed,layer_2,False,gaussian_covariance_matched,0,1042,43,0.060106564000213664,-0.0027997637831598254,"{""covariance_ddof"":1,""empirical_rank"":64,""fit_source"":""train"",""method"":""gaussian_train_full_covariance"",""n_features"":64,""n_test"":20000,""n_train"":20000,""seed"":1042,""singular_value_cutoff"":1.6034006378633777e-10,""training_mean"":[0.09957223257393344,0.00024303676213603513,0.007431048528291285,0.20037513603568077,-0.06556758632193668,0.16814770447045446,-0.03985488133241161,-0.12229345298256958,0.19981509896148927,-0.11583909288682043,0.041720899499906226,0.0372269133235357,0.07269225653465837,-0.2194867310438305,-0.13803349227170691,0.09891904305280186,0.012724849678324244,-0.1300123947012471,0.06330087793415659,-0.0015461773928043838,0.001814235126506537,0.023477179783291648,-0.17274104060791434,0.10556723029427231,-0.0905484689585166,-0.031027868528207183,-0.1501428141614422,0.026852542391273892,-0.16558608628150542,-0.128585922312201,-0.09451746305802372,-0.10902955598860281,-0.012189387520006858,0.10883224679568666,0.0675936862415576,0.029994782502713497,-0.11948474842426367,-0.2213721512458287,-0.007704762997030049,0.1259335579838138,-0.11381255396438647,-0.04824661940983496,0.060006506816588805,-0.03881726836256421,0.20867639284115286,0.0004422892431728536,-0.043710700441323566,-0.04988796213020105,0.07703896276008454,0.0021889816772192715,-0.15566637213194046,-0.05466054800648708,0.08990481555161532,-0.1441240678580885,0.13735839470320207,0.09310913889440708,-0.0033251609952945696,0.13346431728884345,-0.01801844681152288,0.04983101800287841,0.03377247409798147,0.025134180956628553,0.035346564875118204,-0.20177357903001247]}"
token_guess,factor_2,guessed,layer_2,False,gaussian_covariance_matched,1,1043,43,0.06005562717637907,-0.0019499491953718362,"{""covariance_ddof"":1,""empirical_rank"":64,""fit_source"":""train"",""method"":""gaussian_train_full_covariance"",""n_features"":64,""n_test"":20000,""n_train"":20000,""seed"":1043,""singular_value_cutoff"":1.6034006378633777e-10,""training_mean"":[0.09957223257393344,0.00024303676213603513,0.007431048528291285,0.20037513603568077,-0.06556758632193668,0.16814770447045446,-0.03985488133241161,-0.12229345298256958,0.19981509896148927,-0.11583909288682043,0.041720899499906226,0.0372269133235357,0.07269225653465837,-0.2194867310438305,-0.13803349227170691,0.09891904305280186,0.012724849678324244,-0.1300123947012471,0.06330087793415659,-0.0015461773928043838,0.001814235126506537,0.023477179783291648,-0.17274104060791434,0.10556723029427231,-0.0905484689585166,-0.031027868528207183,-0.1501428141614422,0.026852542391273892,-0.16558608628150542,-0.128585922312201,-0.09451746305802372,-0.10902955598860281,-0.012189387520006858,0.10883224679568666,0.0675936862415576,0.029994782502713497,-0.11948474842426367,-0.2213721512458287,-0.007704762997030049,0.1259335579838138,-0.11381255396438647,-0.04824661940983496,0.060006506816588805,-0.03881726836256421,0.20867639284115286,0.0004422892431728536,-0.043710700441323566,-0.04988796213020105,0.07703896276008454,0.0021889816772192715,-0.15566637213194046,-0.05466054800648708,0.08990481555161532,-0.1441240678580885,0.13735839470320207,0.09310913889440708,-0.0033251609952945696,0.13346431728884345,-0.01801844681152288,0.04983101800287841,0.03377247409798147,0.025134180956628553,0.035346564875118204,-0.20177357903001247]}"
token_guess,factor_2,guessed,layer_2,False,gaussian_covariance_matched,2,1044,43,0.060027831970057635,-0.0014862223662466256,"{""covariance_ddof"":1,""empirical_rank"":64,""fit_source"":""train"",""method"":""gaussian_train_full_covariance"",""n_features"":64,""n_test"":20000,""n_train"":20000,""seed"":1044,""singular_value_cutoff"":1.6034006378633777e-10,""training_mean"":[0.09957223257393344,0.00024303676213603513,0.007431048528291285,0.20037513603568077,-0.06556758632193668,0.16814770447045446,-0.03985488133241161,-0.12229345298256958,0.19981509896148927,-0.11583909288682043,0.041720899499906226,0.0372269133235357,0.07269225653465837,-0.2194867310438305,-0.13803349227170691,0.09891904305280186,0.012724849678324244,-0.1300123947012471,0.06330087793415659,-0.0015461773928043838,0.001814235126506537,0.023477179783291648,-0.17274104060791434,0.10556723029427231,-0.0905484689585166,-0.031027868528207183,-0.1501428141614422,0.026852542391273892,-0.16558608628150542,-0.128585922312201,-0.09451746305802372,-0.10902955598860281,-0.012189387520006858,0.10883224679568666,0.0675936862415576,0.029994782502713497,-0.11948474842426367,-0.2213721512458287,-0.007704762997030049,0.1259335579838138,-0.11381255396438647,-0.04824661940983496,0.060006506816588805,-0.03881726836256421,0.20867639284115286,0.0004422892431728536,-0.043710700441323566,-0.04988796213020105,0.07703896276008454,0.0021889816772192715,-0.15566637213194046,-0.05466054800648708,0.08990481555161532,-0.1441240678580885,0.13735839470320207,0.09310913889440708,-0.0033251609952945696,0.13346431728884345,-0.01801844681152288,0.04983101800287841,0.03377247409798147,0.025134180956628553,0.035346564875118204,-0.20177357903001247]}"
token_guess,factor_2,guessed,layer_2,False,gaussian_covariance_matched,3,1045,43,0.060101022434070034,-0.0027073099669709944,"{""covariance_ddof"":1,""empirical_rank"":64,""fit_source"":""train"",""method"":""gaussian_train_full_covariance"",""n_features"":64,""n_test"":20000,""n_train"":20000,""seed"":1045,""singular_value_cutoff"":1.6034006378633777e-10,""training_mean"":[0.09957223257393344,0.00024303676213603513,0.007431048528291285,0.20037513603568077,-0.06556758632193668,0.16814770447045446,-0.03985488133241161,-0.12229345298256958,0.19981509896148927,-0.11583909288682043,0.041720899499906226,0.0372269133235357,0.07269225653465837,-0.2194867310438305,-0.13803349227170691,0.09891904305280186,0.012724849678324244,-0.1300123947012471,0.06330087793415659,-0.0015461773928043838,0.001814235126506537,0.023477179783291648,-0.17274104060791434,0.10556723029427231,-0.0905484689585166,-0.031027868528207183,-0.1501428141614422,0.026852542391273892,-0.16558608628150542,-0.128585922312201,-0.09451746305802372,-0.10902955598860281,-0.012189387520006858,0.10883224679568666,0.0675936862415576,0.029994782502713497,-0.11948474842426367,-0.2213721512458287,-0.007704762997030049,0.1259335579838138,-0.11381255396438647,-0.04824661940983496,0.060006506816588805,-0.03881726836256421,0.20867639284115286,0.0004422892431728536,-0.043710700441323566,-0.04988796213020105,0.07703896276008454,0.0021889816772192715,-0.15566637213194046,-0.05466054800648708,0.08990481555161532,-0.1441240678580885,0.13735839470320207,0.09310913889440708,-0.0033251609952945696,0.13346431728884345,-0.01801844681152288,0.04983101800287841,0.03377247409798147,0.025134180956628553,0.035346564875118204,-0.20177357903001247]}"
token_guess,factor_2,guessed,layer_2,False,gaussian_covariance_matched,4,1046,43,0.060007202008370064,-0.0011420383149491897,"{""covariance_ddof"":1,""empirical_rank"":64,""fit_source"":""train"",""method"":""gaussian_train_full_covariance"",""n_features"":64,""n_test"":20000,""n_train"":20000,""seed"":1046,""singular_value_cutoff"":1.6034006378633777e-10,""training_mean"":[0.09957223257393344,0.00024303676213603513,0.007431048528291285,0.20037513603568077,-0.06556758632193668,0.16814770447045446,-0.03985488133241161,-0.12229345298256958,0.19981509896148927,-0.11583909288682043,0.041720899499906226,0.0372269133235357,0.07269225653465837,-0.2194867310438305,-0.13803349227170691,0.09891904305280186,0.012724849678324244,-0.1300123947012471,0.06330087793415659,-0.0015461773928043838,0.001814235126506537,0.023477179783291648,-0.17274104060791434,0.10556723029427231,-0.0905484689585166,-0.031027868528207183,-0.1501428141614422,0.026852542391273892,-0.16558608628150542,-0.128585922312201,-0.09451746305802372,-0.10902955598860281,-0.012189387520006858,0.10883224679568666,0.0675936862415576,0.029994782502713497,-0.11948474842426367,-0.2213721512458287,-0.007704762997030049,0.1259335579838138,-0.11381255396438647,-0.04824661940983496,0.060006506816588805,-0.03881726836256421,0.20867639284115286,0.0004422892431728536,-0.043710700441323566,-0.04988796213020105,0.07703896276008454,0.0021889816772192715,-0.15566637213194046,-0.05466054800648708,0.08990481555161532,-0.1441240678580885,0.13735839470320207,0.09310913889440708,-0.0033251609952945696,0.13346431728884345,-0.01801844681152288,0.04983101800287841,0.03377247409798147,0.025134180956628553,0.035346564875118204,-0.20177357903001247]}"
token_guess,factor_2,guessed,layer_2,False,ntp_bin_matched_activations,0,1042,43,0.009239312092894495,0.8458541069783899,"{""donor_source"":""train"",""fallback"":""training_marginal"",""key_width"":2,""method"":""train_row_resampling_conditional_on_exact_key"",""minimum_key_pool_size"":2,""n_features"":64,""n_test"":20000,""n_train"":20000,""n_train_keys"":8,""seed"":1042,""test"":{""exact_key_coverage"":1.0,""exact_key_rows"":20000,""fallback_rows"":0,""matched_fraction"":1.0,""matched_rows"":20000,""n_rows"":20000,""self_donor_rows"":0,""self_excluded_rows"":0,""singleton_fallback_rows"":0,""unseen_fallback_rows"":0},""train"":{""exact_key_coverage"":1.0,""exact_key_rows"":20000,""fallback_rows"":0,""matched_fraction"":1.0,""matched_rows"":20000,""n_rows"":20000,""self_donor_rows"":0,""self_excluded_rows"":20000,""singleton_fallback_rows"":0,""unseen_fallback_rows"":0},""training_self_exclusion"":""whenever_an_alternative_exists""}"
token_guess,factor_2,guessed,layer_2,False,ntp_bin_matched_activations,1,1043,43,0.00917043365820757,0.8470032539839243,"{""donor_source"":""train"",""fallback"":""training_marginal"",""key_width"":2,""method"":""train_row_resampling_conditional_on_exact_key"",""minimum_key_pool_size"":2,""n_features"":64,""n_test"":20000,""n_train"":20000,""n_train_keys"":8,""seed"":1043,""test"":{""exact_key_coverage"":1.0,""exact_key_rows"":20000,""fallback_rows"":0,""matched_fraction"":1.0,""matched_rows"":20000,""n_rows"":20000,""self_donor_rows"":0,""self_excluded_rows"":0,""singleton_fallback_rows"":0,""unseen_fallback_rows"":0},""train"":{""exact_key_coverage"":1.0,""exact_key_rows"":20000,""fallback_rows"":0,""matched_fraction"":1.0,""matched_rows"":20000,""n_rows"":20000,""self_donor_rows"":0,""self_excluded_rows"":20000,""singleton_fallback_rows"":0,""unseen_fallback_rows"":0},""training_self_exclusion"":""whenever_an_alternative_exists""}"
token_guess,factor_2,guessed,layer_2,False,ntp_bin_matched_activations,2,1044,43,0.009279812594926289,0.8451784088321702,"{""donor_source"":""train"",""fallback"":""training_marginal"",""key_width"":2,""method"":""train_row_resampling_conditional_on_exact_key"",""minimum_key_pool_size"":2,""n_features"":64,""n_test"":20000,""n_train"":20000,""n_train_keys"":8,""seed"":1044,""test"":{""exact_key_coverage"":1.0,""exact_key_rows"":20000,""fallback_rows"":0,""matched_fraction"":1.0,""matched_rows"":20000,""n_rows"":20000,""self_donor_rows"":0,""self_excluded_rows"":0,""singleton_fallback_rows"":0,""unseen_fallback_rows"":0},""train"":{""exact_key_coverage"":1.0,""exact_key_rows"":20000,""fallback_rows"":0,""matched_fraction"":1.0,""matched_rows"":20000,""n_rows"":20000,""self_donor_rows"":0,""self_excluded_rows"":20000,""singleton_fallback_rows"":0,""unseen_fallback_rows"":0},""training_self_exclusion"":""whenever_an_alternative_exists""}"
token_guess,factor_2,guessed,layer_2,False,ntp_bin_matched_activations,3,1045,43,0.009290053504740874,0.845007552585206,"{""donor_source"":""train"",""fallback"":""training_marginal"",""key_width"":2,""method"":""train_row_resampling_conditional_on_exact_key"",""minimum_key_pool_size"":2,""n_features"":64,""n_test"":20000,""n_train"":20000,""n_train_keys"":8,""seed"":1045,""test"":{""exact_key_coverage"":1.0,""exact_key_rows"":20000,""fallback_rows"":0,""matched_fraction"":1.0,""matched_rows"":20000,""n_rows"":20000,""self_donor_rows"":0,""self_excluded_rows"":0,""singleton_fallback_rows"":0,""unseen_fallback_rows"":0},""train"":{""exact_key_coverage"":1.0,""exact_key_rows"":20000,""fallback_rows"":0,""matched_fraction"":1.0,""matched_rows"":20000,""n_rows"":20000,""self_donor_rows"":0,""self_excluded_rows"":20000,""singleton_fallback_rows"":0,""unseen_fallback_rows"":0},""training_self_exclusion"":""whenever_an_alternative_exists""}"
token_guess,factor_2,guessed,layer_2,False,ntp_bin_matched_activations,4,1046,43,0.00920110213572373,0.8464915903658096,"{""donor_source"":""train"",""fallback"":""training_marginal"",""key_width"":2,""method"":""train_row_resampling_conditional_on_exact_key"",""minimum_key_pool_size"":2,""n_features"":64,""n_test"":20000,""n_train"":20000,""n_train_keys"":8,""seed"":1046,""test"":{""exact_key_coverage"":1.0,""exact_key_rows"":20000,""fallback_rows"":0,""matched_fraction"":1.0,""matched_rows"":20000,""n_rows"":20000,""self_donor_rows"":0,""self_excluded_rows"":0,""singleton_fallback_rows"":0,""unseen_fallback_rows"":0},""train"":{""exact_key_coverage"":1.0,""exact_key_rows"":20000,""fallback_rows"":0,""matched_fraction"":1.0,""matched_rows"":20000,""n_rows"":20000,""self_donor_rows"":0,""self_excluded_rows"":20000,""singleton_fallback_rows"":0,""unseen_fallback_rows"":0},""training_self_exclusion"":""whenever_an_alternative_exists""}"
token_guess,factor_2,guessed,layer_2,False,shuffled_training_labels,0,1042,43,0.05997593813050863,-0.0006204412172632345,
token_guess,factor_2,guessed,layer_2,False,shuffled_training_labels,1,1043,43,0.06024765944402936,-0.005153757562088135,
token_guess,factor_2,guessed,layer_2,False,shuffled_training_labels,2,1044,43,0.060999492086340576,-0.017697106340292867,
token_guess,factor_2,guessed,layer_2,False,shuffled_training_labels,3,1045,43,0.06066584267748344,-0.012130600352907805,
token_guess,factor_2,guessed,layer_2,False,shuffled_training_labels,4,1046,43,0.06069998441849763,-0.012700210850424387,
token_guess,factor_2,guessed,layer_2,False,visible_suffix_matched_activations,0,1042,43,0.03708593347020955,0.38126948458621057,"{""donor_source"":""train"",""fallback"":""training_marginal"",""key_width"":1,""method"":""train_row_resampling_conditional_on_exact_key"",""minimum_key_pool_size"":2,""n_features"":64,""n_test"":20000,""n_train"":20000,""n_train_keys"":4,""seed"":1042,""test"":{""exact_key_coverage"":1.0,""exact_key_rows"":20000,""fallback_rows"":0,""matched_fraction"":1.0,""matched_rows"":20000,""n_rows"":20000,""self_donor_rows"":0,""self_excluded_rows"":0,""singleton_fallback_rows"":0,""unseen_fallback_rows"":0},""train"":{""exact_key_coverage"":1.0,""exact_key_rows"":20000,""fallback_rows"":0,""matched_fraction"":1.0,""matched_rows"":20000,""n_rows"":20000,""self_donor_rows"":0,""self_excluded_rows"":20000,""singleton_fallback_rows"":0,""unseen_fallback_rows"":0},""training_self_exclusion"":""whenever_an_alternative_exists""}"
token_guess,factor_2,guessed,layer_2,False,visible_suffix_matched_activations,1,1043,43,0.03705995013952488,0.38170298262933267,"{""donor_source"":""train"",""fallback"":""training_marginal"",""key_width"":1,""method"":""train_row_resampling_conditional_on_exact_key"",""minimum_key_pool_size"":2,""n_features"":64,""n_test"":20000,""n_train"":20000,""n_train_keys"":4,""seed"":1043,""test"":{""exact_key_coverage"":1.0,""exact_key_rows"":20000,""fallback_rows"":0,""matched_fraction"":1.0,""matched_rows"":20000,""n_rows"":20000,""self_donor_rows"":0,""self_excluded_rows"":0,""singleton_fallback_rows"":0,""unseen_fallback_rows"":0},""train"":{""exact_key_coverage"":1.0,""exact_key_rows"":20000,""fallback_rows"":0,""matched_fraction"":1.0,""matched_rows"":20000,""n_rows"":20000,""self_donor_rows"":0,""self_excluded_rows"":20000,""singleton_fallback_rows"":0,""unseen_fallback_rows"":0},""training_self_exclusion"":""whenever_an_alternative_exists""}"
token_guess,factor_2,guessed,layer_2,False,visible_suffix_matched_activations,2,1044,43,0.03707465687493564,0.38145761989663873,"{""donor_source"":""train"",""fallback"":""training_marginal"",""key_width"":1,""method"":""train_row_resampling_conditional_on_exact_key"",""minimum_key_pool_size"":2,""n_features"":64,""n_test"":20000,""n_train"":20000,""n_train_keys"":4,""seed"":1044,""test"":{""exact_key_coverage"":1.0,""exact_key_rows"":20000,""fallback_rows"":0,""matched_fraction"":1.0,""matched_rows"":20000,""n_rows"":20000,""self_donor_rows"":0,""self_excluded_rows"":0,""singleton_fallback_rows"":0,""unseen_fallback_rows"":0},""train"":{""exact_key_coverage"":1.0,""exact_key_rows"":20000,""fallback_rows"":0,""matched_fraction"":1.0,""matched_rows"":20000,""n_rows"":20000,""self_donor_rows"":0,""self_excluded_rows"":20000,""singleton_fallback_rows"":0,""unseen_fallback_rows"":0},""training_self_exclusion"":""whenever_an_alternative_exists""}"
token_guess,factor_2,guessed,layer_2,False,visible_suffix_matched_activations,3,1045,43,0.03710955689849394,0.38087535844213005,"{""donor_source"":""train"",""fallback"":""training_marginal"",""key_width"":1,""method"":""train_row_resampling_conditional_on_exact_key"",""minimum_key_pool_size"":2,""n_features"":64,""n_test"":20000,""n_train"":20000,""n_train_keys"":4,""seed"":1045,""test"":{""exact_key_coverage"":1.0,""exact_key_rows"":20000,""fallback_rows"":0,""matched_fraction"":1.0,""matched_rows"":20000,""n_rows"":20000,""self_donor_rows"":0,""self_excluded_rows"":0,""singleton_fallback_rows"":0,""unseen_fallback_rows"":0},""train"":{""exact_key_coverage"":1.0,""exact_key_rows"":20000,""fallback_rows"":0,""matched_fraction"":1.0,""matched_rows"":20000,""n_rows"":20000,""self_donor_rows"":0,""self_excluded_rows"":20000,""singleton_fallback_rows"":0,""unseen_fallback_rows"":0},""training_self_exclusion"":""whenever_an_alternative_exists""}"
token_guess,factor_2,guessed,layer_2,False,visible_suffix_matched_activations,4,1046,43,0.03711252564599314,0.3808258287553071,"{""donor_source"":""train"",""fallback"":""training_marginal"",""key_width"":1,""method"":""train_row_resampling_conditional_on_exact_key"",""minimum_key_pool_size"":2,""n_features"":64,""n_test"":20000,""n_train"":20000,""n_train_keys"":4,""seed"":1046,""test"":{""exact_key_coverage"":1.0,""exact_key_rows"":20000,""fallback_rows"":0,""matched_fraction"":1.0,""matched_rows"":20000,""n_rows"":20000,""self_donor_rows"":0,""self_excluded_rows"":0,""singleton_fallback_rows"":0,""unseen_fallback_rows"":0},""train"":{""exact_key_coverage"":1.0,""exact_key_rows"":20000,""fallback_rows"":0,""matched_fraction"":1.0,""matched_rows"":20000,""n_rows"":20000,""self_donor_rows"":0,""self_excluded_rows"":20000,""singleton_fallback_rows"":0,""unseen_fallback_rows"":0},""training_self_exclusion"":""whenever_an_alternative_exists""}"
token_guess,factor_2,guessed,layer_3,True,dirichlet_labels,0,1042,43,0.05515884066598052,-0.0022844357643265756,
token_guess,factor_2,guessed,layer_3,True,dirichlet_labels,1,1043,43,0.055702525511448824,-0.0025733538210288565,
token_guess,factor_2,guessed,layer_3,True,dirichlet_labels,2,1044,43,0.055571257649904275,-0.003256781991649138,
token_guess,factor_2,guessed,layer_3,True,dirichlet_labels,3,1045,43,0.05594387650359002,-0.002268139671718794,
token_guess,factor_2,guessed,layer_3,True,dirichlet_labels,4,1046,43,0.05530703549309541,-0.0012344647893729466,
token_guess,factor_2,guessed,layer_3,True,gaussian_covariance_matched,0,1042,43,0.06011039764228732,-0.0028637231098964655,"{""covariance_ddof"":1,""empirical_rank"":64,""fit_source"":""train"",""method"":""gaussian_train_full_covariance"",""n_features"":64,""n_test"":20000,""n_train"":20000,""seed"":1042,""singular_value_cutoff"":1.8723870966524958e-10,""training_mean"":[0.3421741118140519,-0.16955761467739938,0.13517898259754293,0.27933885465078057,-0.13458516559340059,0.15425045602938042,0.1316419187568128,-0.18124120010444894,0.1168502523216419,-0.10214708472411148,0.21100762110073118,0.09087625526115298,0.12624976491067502,-0.4044796320127323,-0.09488830641498498,0.16182436469489767,0.03685469707916491,-0.10550642712079134,0.05126151591236121,0.04211488039740361,-0.07407356685237028,0.08872141343140974,-0.104898237759294,0.296031826746976,-0.24598339214846493,-0.2689995260063559,-0.285075936173182,-0.02619272581017576,-0.2136632974793203,-0.25760733666345476,-0.1539309284755378,-0.14917335763704032,-0.1517957317889668,0.2559262906237971,0.1829510654937476,-0.09658208852922544,-0.1698576530475286,-0.2617259592999413,-0.043728351101255974,0.31336104687713084,-0.07246586232103036,-0.03712564521980821,0.12096932574501261,-0.12178687535266508,0.40283233883939684,-0.12055540083628148,-0.062990617690637,0.06056143587371335,0.12427514403886161,0.023910374842798413,-0.17776634774806443,-0.003771172968711472,0.04386613057969371,-0.2392684967708541,0.17129410747109797,0.22561090833423658,-0.11169895404855487,0.07387325534256525,-0.052221149908768714,0.17104569392618724,-0.0385512280162191,-0.09993058632455068,0.033601336245134006,-0.30912850467609243]}"
token_guess,factor_2,guessed,layer_3,True,gaussian_covariance_matched,1,1043,43,0.06006560851914857,-0.002116474904135801,"{""covariance_ddof"":1,""empirical_rank"":64,""fit_source"":""train"",""method"":""gaussian_train_full_covariance"",""n_features"":64,""n_test"":20000,""n_train"":20000,""seed"":1043,""singular_value_cutoff"":1.8723870966524958e-10,""training_mean"":[0.3421741118140519,-0.16955761467739938,0.13517898259754293,0.27933885465078057,-0.13458516559340059,0.15425045602938042,0.1316419187568128,-0.18124120010444894,0.1168502523216419,-0.10214708472411148,0.21100762110073118,0.09087625526115298,0.12624976491067502,-0.4044796320127323,-0.09488830641498498,0.16182436469489767,0.03685469707916491,-0.10550642712079134,0.05126151591236121,0.04211488039740361,-0.07407356685237028,0.08872141343140974,-0.104898237759294,0.296031826746976,-0.24598339214846493,-0.2689995260063559,-0.285075936173182,-0.02619272581017576,-0.2136632974793203,-0.25760733666345476,-0.1539309284755378,-0.14917335763704032,-0.1517957317889668,0.2559262906237971,0.1829510654937476,-0.09658208852922544,-0.1698576530475286,-0.2617259592999413,-0.043728351101255974,0.31336104687713084,-0.07246586232103036,-0.03712564521980821,0.12096932574501261,-0.12178687535266508,0.40283233883939684,-0.12055540083628148,-0.062990617690637,0.06056143587371335,0.12427514403886161,0.023910374842798413,-0.17776634774806443,-0.003771172968711472,0.04386613057969371,-0.2392684967708541,0.17129410747109797,0.22561090833423658,-0.11169895404855487,0.07387325534256525,-0.052221149908768714,0.17104569392618724,-0.0385512280162191,-0.09993058632455068,0.033601336245134006,-0.30912850467609243]}"
token_guess,factor_2,guessed,layer_3,True,gaussian_covariance_matched,2,1044,43,0.060029393016794295,-0.0015122663986215645,"{""covariance_ddof"":1,""empirical_rank"":64,""fit_source"":""train"",""method"":""gaussian_train_full_covariance"",""n_features"":64,""n_test"":20000,""n_train"":20000,""seed"":1044,""singular_value_cutoff"":1.8723870966524958e-10,""training_mean"":[0.3421741118140519,-0.16955761467739938,0.13517898259754293,0.27933885465078057,-0.13458516559340059,0.15425045602938042,0.1316419187568128,-0.18124120010444894,0.1168502523216419,-0.10214708472411148,0.21100762110073118,0.09087625526115298,0.12624976491067502,-0.4044796320127323,-0.09488830641498498,0.16182436469489767,0.03685469707916491,-0.10550642712079134,0.05126151591236121,0.04211488039740361,-0.07407356685237028,0.08872141343140974,-0.104898237759294,0.296031826746976,-0.24598339214846493,-0.2689995260063559,-0.285075936173182,-0.02619272581017576,-0.2136632974793203,-0.25760733666345476,-0.1539309284755378,-0.14917335763704032,-0.1517957317889668,0.2559262906237971,0.1829510654937476,-0.09658208852922544,-0.1698576530475286,-0.2617259592999413,-0.043728351101255974,0.31336104687713084,-0.07246586232103036,-0.03712564521980821,0.12096932574501261,-0.12178687535266508,0.40283233883939684,-0.12055540083628148,-0.062990617690637,0.06056143587371335,0.12427514403886161,0.023910374842798413,-0.17776634774806443,-0.003771172968711472,0.04386613057969371,-0.2392684967708541,0.17129410747109797,0.22561090833423658,-0.11169895404855487,0.07387325534256525,-0.052221149908768714,0.17104569392618724,-0.0385512280162191,-0.09993058632455068,0.033601336245134006,-0.30912850467609243]}"
token_guess,factor_2,guessed,layer_3,True,gaussian_covariance_matched,3,1045,43,0.060113138155160555,-0.0029094449991380333,"{""covariance_ddof"":1,""empirical_rank"":64,""fit_source"":""train"",""method"":""gaussian_train_full_covariance"",""n_features"":64,""n_test"":20000,""n_train"":20000,""seed"":1045,""singular_value_cutoff"":1.8723870966524958e-10,""training_mean"":[0.3421741118140519,-0.16955761467739938,0.13517898259754293,0.27933885465078057,-0.13458516559340059,0.15425045602938042,0.1316419187568128,-0.18124120010444894,0.1168502523216419,-0.10214708472411148,0.21100762110073118,0.09087625526115298,0.12624976491067502,-0.4044796320127323,-0.09488830641498498,0.16182436469489767,0.03685469707916491,-0.10550642712079134,0.05126151591236121,0.04211488039740361,-0.07407356685237028,0.08872141343140974,-0.104898237759294,0.296031826746976,-0.24598339214846493,-0.2689995260063559,-0.285075936173182,-0.02619272581017576,-0.2136632974793203,-0.25760733666345476,-0.1539309284755378,-0.14917335763704032,-0.1517957317889668,0.2559262906237971,0.1829510654937476,-0.09658208852922544,-0.1698576530475286,-0.2617259592999413,-0.043728351101255974,0.31336104687713084,-0.07246586232103036,-0.03712564521980821,0.12096932574501261,-0.12178687535266508,0.40283233883939684,-0.12055540083628148,-0.062990617690637,0.06056143587371335,0.12427514403886161,0.023910374842798413,-0.17776634774806443,-0.003771172968711472,0.04386613057969371,-0.2392684967708541,0.17129410747109797,0.22561090833423658,-0.11169895404855487,0.07387325534256525,-0.052221149908768714,0.17104569392618724,-0.0385512280162191,-0.09993058632455068,0.033601336245134006,-0.30912850467609243]}"
token_guess,factor_2,guessed,layer_3,True,gaussian_covariance_matched,4,1046,43,0.0600135402174261,-0.0012477830809316526,"{""covariance_ddof"":1,""empirical_rank"":64,""fit_source"":""train"",""method"":""gaussian_train_full_covariance"",""n_features"":64,""n_test"":20000,""n_train"":20000,""seed"":1046,""singular_value_cutoff"":1.8723870966524958e-10,""training_mean"":[0.3421741118140519,-0.16955761467739938,0.13517898259754293,0.27933885465078057,-0.13458516559340059,0.15425045602938042,0.1316419187568128,-0.18124120010444894,0.1168502523216419,-0.10214708472411148,0.21100762110073118,0.09087625526115298,0.12624976491067502,-0.4044796320127323,-0.09488830641498498,0.16182436469489767,0.03685469707916491,-0.10550642712079134,0.05126151591236121,0.04211488039740361,-0.07407356685237028,0.08872141343140974,-0.104898237759294,0.296031826746976,-0.24598339214846493,-0.2689995260063559,-0.285075936173182,-0.02619272581017576,-0.2136632974793203,-0.25760733666345476,-0.1539309284755378,-0.14917335763704032,-0.1517957317889668,0.2559262906237971,0.1829510654937476,-0.09658208852922544,-0.1698576530475286,-0.2617259592999413,-0.043728351101255974,0.31336104687713084,-0.07246586232103036,-0.03712564521980821,0.12096932574501261,-0.12178687535266508,0.40283233883939684,-0.12055540083628148,-0.062990617690637,0.06056143587371335,0.12427514403886161,0.023910374842798413,-0.17776634774806443,-0.003771172968711472,0.04386613057969371,-0.2392684967708541,0.17129410747109797,0.22561090833423658,-0.11169895404855487,0.07387325534256525,-0.052221149908768714,0.17104569392618724,-0.0385512280162191,-0.09993058632455068,0.033601336245134006,-0.30912850467609243]}"
token_guess,factor_2,guessed,layer_3,True,ntp_bin_matched_activations,0,1042,43,0.009223753792772045,0.846113676959592,"{""donor_source"":""train"",""fallback"":""training_marginal"",""key_width"":2,""method"":""train_row_resampling_conditional_on_exact_key"",""minimum_key_pool_size"":2,""n_features"":64,""n_test"":20000,""n_train"":20000,""n_train_keys"":8,""seed"":1042,""test"":{""exact_key_coverage"":1.0,""exact_key_rows"":20000,""fallback_rows"":0,""matched_fraction"":1.0,""matched_rows"":20000,""n_rows"":20000,""self_donor_rows"":0,""self_excluded_rows"":0,""singleton_fallback_rows"":0,""unseen_fallback_rows"":0},""train"":{""exact_key_coverage"":1.0,""exact_key_rows"":20000,""fallback_rows"":0,""matched_fraction"":1.0,""matched_rows"":20000,""n_rows"":20000,""self_donor_rows"":0,""self_excluded_rows"":20000,""singleton_fallback_rows"":0,""unseen_fallback_rows"":0},""training_self_exclusion"":""whenever_an_alternative_exists""}"
token_guess,factor_2,guessed,layer_3,True,ntp_bin_matched_activations,1,1043,43,0.009164953642093847,0.847094680918,"{""donor_source"":""train"",""fallback"":""training_marginal"",""key_width"":2,""method"":""train_row_resampling_conditional_on_exact_key"",""minimum_key_pool_size"":2,""n_features"":64,""n_test"":20000,""n_train"":20000,""n_train_keys"":8,""seed"":1043,""test"":{""exact_key_coverage"":1.0,""exact_key_rows"":20000,""fallback_rows"":0,""matched_fraction"":1.0,""matched_rows"":20000,""n_rows"":20000,""self_donor_rows"":0,""self_excluded_rows"":0,""singleton_fallback_rows"":0,""unseen_fallback_rows"":0},""train"":{""exact_key_coverage"":1.0,""exact_key_rows"":20000,""fallback_rows"":0,""matched_fraction"":1.0,""matched_rows"":20000,""n_rows"":20000,""self_donor_rows"":0,""self_excluded_rows"":20000,""singleton_fallback_rows"":0,""unseen_fallback_rows"":0},""training_self_exclusion"":""whenever_an_alternative_exists""}"
token_guess,factor_2,guessed,layer_3,True,ntp_bin_matched_activations,2,1044,43,0.00925096354406113,0.8456597176854403,"{""donor_source"":""train"",""fallback"":""training_marginal"",""key_width"":2,""method"":""train_row_resampling_conditional_on_exact_key"",""minimum_key_pool_size"":2,""n_features"":64,""n_test"":20000,""n_train"":20000,""n_train_keys"":8,""seed"":1044,""test"":{""exact_key_coverage"":1.0,""exact_key_rows"":20000,""fallback_rows"":0,""matched_fraction"":1.0,""matched_rows"":20000,""n_rows"":20000,""self_donor_rows"":0,""self_excluded_rows"":0,""singleton_fallback_rows"":0,""unseen_fallback_rows"":0},""train"":{""exact_key_coverage"":1.0,""exact_key_rows"":20000,""fallback_rows"":0,""matched_fraction"":1.0,""matched_rows"":20000,""n_rows"":20000,""self_donor_rows"":0,""self_excluded_rows"":20000,""singleton_fallback_rows"":0,""unseen_fallback_rows"":0},""training_self_exclusion"":""whenever_an_alternative_exists""}"
token_guess,factor_2,guessed,layer_3,True,ntp_bin_matched_activations,3,1045,43,0.009298763387867974,0.8448622395251815,"{""donor_source"":""train"",""fallback"":""training_marginal"",""key_width"":2,""method"":""train_row_resampling_conditional_on_exact_key"",""minimum_key_pool_size"":2,""n_features"":64,""n_test"":20000,""n_train"":20000,""n_train_keys"":8,""seed"":1045,""test"":{""exact_key_coverage"":1.0,""exact_key_rows"":20000,""fallback_rows"":0,""matched_fraction"":1.0,""matched_rows"":20000,""n_rows"":20000,""self_donor_rows"":0,""self_excluded_rows"":0,""singleton_fallback_rows"":0,""unseen_fallback_rows"":0},""train"":{""exact_key_coverage"":1.0,""exact_key_rows"":20000,""fallback_rows"":0,""matched_fraction"":1.0,""matched_rows"":20000,""n_rows"":20000,""self_donor_rows"":0,""self_excluded_rows"":20000,""singleton_fallback_rows"":0,""unseen_fallback_rows"":0},""training_self_exclusion"":""whenever_an_alternative_exists""}"
token_guess,factor_2,guessed,layer_3,True,ntp_bin_matched_activations,4,1046,43,0.009213775601259636,0.8462801500937341,"{""donor_source"":""train"",""fallback"":""training_marginal"",""key_width"":2,""method"":""train_row_resampling_conditional_on_exact_key"",""minimum_key_pool_size"":2,""n_features"":64,""n_test"":20000,""n_train"":20000,""n_train_keys"":8,""seed"":1046,""test"":{""exact_key_coverage"":1.0,""exact_key_rows"":20000,""fallback_rows"":0,""matched_fraction"":1.0,""matched_rows"":20000,""n_rows"":20000,""self_donor_rows"":0,""self_excluded_rows"":0,""singleton_fallback_rows"":0,""unseen_fallback_rows"":0},""train"":{""exact_key_coverage"":1.0,""exact_key_rows"":20000,""fallback_rows"":0,""matched_fraction"":1.0,""matched_rows"":20000,""n_rows"":20000,""self_donor_rows"":0,""self_excluded_rows"":20000,""singleton_fallback_rows"":0,""unseen_fallback_rows"":0},""training_self_exclusion"":""whenever_an_alternative_exists""}"
token_guess,factor_2,guessed,layer_3,True,shuffled_training_labels,0,1042,43,0.06004111830742659,-0.0017078876069194227,
token_guess,factor_2,guessed,layer_3,True,shuffled_training_labels,1,1043,43,0.06019577564648112,-0.004288143950813339,
token_guess,factor_2,guessed,layer_3,True,shuffled_training_labels,2,1044,43,0.060884680656673684,-0.01578162711660669,
token_guess,factor_2,guessed,layer_3,True,shuffled_training_labels,3,1045,43,0.06079226062607778,-0.014239719233632764,
token_guess,factor_2,guessed,layer_3,True,shuffled_training_labels,4,1046,43,0.06054590439789357,-0.010129586313229133,
token_guess,factor_2,guessed,layer_3,True,visible_suffix_matched_activations,0,1042,43,0.037209450377834664,0.37920876579700724,"{""donor_source"":""train"",""fallback"":""training_marginal"",""key_width"":1,""method"":""train_row_resampling_conditional_on_exact_key"",""minimum_key_pool_size"":2,""n_features"":64,""n_test"":20000,""n_train"":20000,""n_train_keys"":4,""seed"":1042,""test"":{""exact_key_coverage"":1.0,""exact_key_rows"":20000,""fallback_rows"":0,""matched_fraction"":1.0,""matched_rows"":20000,""n_rows"":20000,""self_donor_rows"":0,""self_excluded_rows"":0,""singleton_fallback_rows"":0,""unseen_fallback_rows"":0},""train"":{""exact_key_coverage"":1.0,""exact_key_rows"":20000,""fallback_rows"":0,""matched_fraction"":1.0,""matched_rows"":20000,""n_rows"":20000,""self_donor_rows"":0,""self_excluded_rows"":20000,""singleton_fallback_rows"":0,""unseen_fallback_rows"":0},""training_self_exclusion"":""whenever_an_alternative_exists""}"
token_guess,factor_2,guessed,layer_3,True,visible_suffix_matched_activations,1,1043,43,0.03715403983270467,0.3801332185999866,"{""donor_source"":""train"",""fallback"":""training_marginal"",""key_width"":1,""method"":""train_row_resampling_conditional_on_exact_key"",""minimum_key_pool_size"":2,""n_features"":64,""n_test"":20000,""n_train"":20000,""n_train_keys"":4,""seed"":1043,""test"":{""exact_key_coverage"":1.0,""exact_key_rows"":20000,""fallback_rows"":0,""matched_fraction"":1.0,""matched_rows"":20000,""n_rows"":20000,""self_donor_rows"":0,""self_excluded_rows"":0,""singleton_fallback_rows"":0,""unseen_fallback_rows"":0},""train"":{""exact_key_coverage"":1.0,""exact_key_rows"":20000,""fallback_rows"":0,""matched_fraction"":1.0,""matched_rows"":20000,""n_rows"":20000,""self_donor_rows"":0,""self_excluded_rows"":20000,""singleton_fallback_rows"":0,""unseen_fallback_rows"":0},""training_self_exclusion"":""whenever_an_alternative_exists""}"
token_guess,factor_2,guessed,layer_3,True,visible_suffix_matched_activations,2,1044,43,0.037190591666808694,0.3795233988371197,"{""donor_source"":""train"",""fallback"":""training_marginal"",""key_width"":1,""method"":""train_row_resampling_conditional_on_exact_key"",""minimum_key_pool_size"":2,""n_features"":64,""n_test"":20000,""n_train"":20000,""n_train_keys"":4,""seed"":1044,""test"":{""exact_key_coverage"":1.0,""exact_key_rows"":20000,""fallback_rows"":0,""matched_fraction"":1.0,""matched_rows"":20000,""n_rows"":20000,""self_donor_rows"":0,""self_excluded_rows"":0,""singleton_fallback_rows"":0,""unseen_fallback_rows"":0},""train"":{""exact_key_coverage"":1.0,""exact_key_rows"":20000,""fallback_rows"":0,""matched_fraction"":1.0,""matched_rows"":20000,""n_rows"":20000,""self_donor_rows"":0,""self_excluded_rows"":20000,""singleton_fallback_rows"":0,""unseen_fallback_rows"":0},""training_self_exclusion"":""whenever_an_alternative_exists""}"
token_guess,factor_2,guessed,layer_3,True,visible_suffix_matched_activations,3,1045,43,0.0371885570800313,0.3795573432685425,"{""donor_source"":""train"",""fallback"":""training_marginal"",""key_width"":1,""method"":""train_row_resampling_conditional_on_exact_key"",""minimum_key_pool_size"":2,""n_features"":64,""n_test"":20000,""n_train"":20000,""n_train_keys"":4,""seed"":1045,""test"":{""exact_key_coverage"":1.0,""exact_key_rows"":20000,""fallback_rows"":0,""matched_fraction"":1.0,""matched_rows"":20000,""n_rows"":20000,""self_donor_rows"":0,""self_excluded_rows"":0,""singleton_fallback_rows"":0,""unseen_fallback_rows"":0},""train"":{""exact_key_coverage"":1.0,""exact_key_rows"":20000,""fallback_rows"":0,""matched_fraction"":1.0,""matched_rows"":20000,""n_rows"":20000,""self_donor_rows"":0,""self_excluded_rows"":20000,""singleton_fallback_rows"":0,""unseen_fallback_rows"":0},""training_self_exclusion"":""whenever_an_alternative_exists""}"
token_guess,factor_2,guessed,layer_3,True,visible_suffix_matched_activations,4,1046,43,0.03713313373727076,0.38048200958332545,"{""donor_source"":""train"",""fallback"":""training_marginal"",""key_width"":1,""method"":""train_row_resampling_conditional_on_exact_key"",""minimum_key_pool_size"":2,""n_features"":64,""n_test"":20000,""n_train"":20000,""n_train_keys"":4,""seed"":1046,""test"":{""exact_key_coverage"":1.0,""exact_key_rows"":20000,""fallback_rows"":0,""matched_fraction"":1.0,""matched_rows"":20000,""n_rows"":20000,""self_donor_rows"":0,""self_excluded_rows"":0,""singleton_fallback_rows"":0,""unseen_fallback_rows"":0},""train"":{""exact_key_coverage"":1.0,""exact_key_rows"":20000,""fallback_rows"":0,""matched_fraction"":1.0,""matched_rows"":20000,""n_rows"":20000,""self_donor_rows"":0,""self_excluded_rows"":20000,""singleton_fallback_rows"":0,""unseen_fallback_rows"":0},""training_self_exclusion"":""whenever_an_alternative_exists""}"
reward_both,factor_1,rewarded,layer_1,False,dirichlet_labels,0,1042,42,0.05509014663562445,-0.001036205079552932,
reward_both,factor_1,rewarded,layer_1,False,dirichlet_labels,1,1043,42,0.055602019163793176,-0.000764369665926079,
reward_both,factor_1,rewarded,layer_1,False,dirichlet_labels,2,1044,42,0.05544332115550604,-0.0009470779990226053,
reward_both,factor_1,rewarded,layer_1,False,dirichlet_labels,3,1045,42,0.055897357396537464,-0.001434721935967831,
reward_both,factor_1,rewarded,layer_1,False,dirichlet_labels,4,1046,42,0.05530205130580765,-0.0011442350374619714,
reward_both,factor_1,rewarded,layer_1,False,gaussian_covariance_matched,0,1042,42,0.052671331165891774,-0.0009702599585144078,"{""covariance_ddof"":1,""empirical_rank"":64,""fit_source"":""train"",""method"":""gaussian_train_full_covariance"",""n_features"":64,""n_test"":20000,""n_train"":20000,""seed"":1042,""singular_value_cutoff"":1.2455979277550015e-07,""training_mean"":[44.80952190922052,33.56134323811978,-42.48176781944409,-34.0737914556101,-29.58763425254859,10.572560433562472,-23.877372033066674,-0.040724693220107966,1.736754373773934,-62.74208567133397,-17.659371203516613,-87.15856255909428,-60.78589975395873,-17.80463993817307,-2.64266560632959,38.118161569841206,3.9702443077433855,-0.8604104014003653,26.987608696842194,35.265323403058204,81.70247550349235,38.96233722250312,-24.04766853538454,-13.422579927660244,-60.24884546347111,51.50371044974178,-14.656474766738153,40.66254496984482,7.652847805861384,8.696869715124368,-30.232567646512763,29.202252365518547,23.992251712252944,41.28496399369314,11.471246107383259,-64.56497855370864,3.1381098801417284,-10.231837993025966,-26.56342232881859,-18.975463109140097,22.63698856652975,12.642754804387685,-36.38686092842519,3.584656225584446,30.142129158642234,-7.618781115254762,14.94441058259681,33.979827552064506,19.394611594449728,17.421385637255383,-103.23977925847993,-27.23069660976678,-30.509400524487717,-48.395724961467835,58.80915565743186,-12.491373605430034,-2.7653665211878717,10.076117173187061,0.2843734431251903,27.78631697029322,32.40456294996478,-19.209624369509143,-7.99457259593755,54.75709211538583]}"
reward_both,factor_1,rewarded,layer_1,False,gaussian_covariance_matched,1,1043,42,0.052713996207453734,-0.001781069877270891,"{""covariance_ddof"":1,""empirical_rank"":64,""fit_source"":""train"",""method"":""gaussian_train_full_covariance"",""n_features"":64,""n_test"":20000,""n_train"":20000,""seed"":1043,""singular_value_cutoff"":1.2455979277550015e-07,""training_mean"":[44.80952190922052,33.56134323811978,-42.48176781944409,-34.0737914556101,-29.58763425254859,10.572560433562472,-23.877372033066674,-0.040724693220107966,1.736754373773934,-62.74208567133397,-17.659371203516613,-87.15856255909428,-60.78589975395873,-17.80463993817307,-2.64266560632959,38.118161569841206,3.9702443077433855,-0.8604104014003653,26.987608696842194,35.265323403058204,81.70247550349235,38.96233722250312,-24.04766853538454,-13.422579927660244,-60.24884546347111,51.50371044974178,-14.656474766738153,40.66254496984482,7.652847805861384,8.696869715124368,-30.232567646512763,29.202252365518547,23.992251712252944,41.28496399369314,11.471246107383259,-64.56497855370864,3.1381098801417284,-10.231837993025966,-26.56342232881859,-18.975463109140097,22.63698856652975,12.642754804387685,-36.38686092842519,3.584656225584446,30.142129158642234,-7.618781115254762,14.94441058259681,33.979827552064506,19.394611594449728,17.421385637255383,-103.23977925847993,-27.23069660976678,-30.509400524487717,-48.395724961467835,58.80915565743186,-12.491373605430034,-2.7653665211878717,10.076117173187061,0.2843734431251903,27.78631697029322,32.40456294996478,-19.209624369509143,-7.99457259593755,54.75709211538583]}"
reward_both,factor_1,rewarded,layer_1,False,gaussian_covariance_matched,2,1044,42,0.052745595964081876,-0.0023815942214739927,"{""covariance_ddof"":1,""empirical_rank"":64,""fit_source"":""train"",""method"":""gaussian_train_full_covariance"",""n_features"":64,""n_test"":20000,""n_train"":20000,""seed"":1044,""singular_value_cutoff"":1.2455979277550015e-07,""training_mean"":[44.80952190922052,33.56134323811978,-42.48176781944409,-34.0737914556101,-29.58763425254859,10.572560433562472,-23.877372033066674,-0.040724693220107966,1.736754373773934,-62.74208567133397,-17.659371203516613,-87.15856255909428,-60.78589975395873,-17.80463993817307,-2.64266560632959,38.118161569841206,3.9702443077433855,-0.8604104014003653,26.987608696842194,35.265323403058204,81.70247550349235,38.96233722250312,-24.04766853538454,-13.422579927660244,-60.24884546347111,51.50371044974178,-14.656474766738153,40.66254496984482,7.652847805861384,8.696869715124368,-30.232567646512763,29.202252365518547,23.992251712252944,41.28496399369314,11.471246107383259,-64.56497855370864,3.1381098801417284,-10.231837993025966,-26.56342232881859,-18.975463109140097,22.63698856652975,12.642754804387685,-36.38686092842519,3.584656225584446,30.142129158642234,-7.618781115254762,14.94441058259681,33.979827552064506,19.394611594449728,17.421385637255383,-103.23977925847993,-27.23069660976678,-30.509400524487717,-48.395724961467835,58.80915565743186,-12.491373605430034,-2.7653665211878717,10.076117173187061,0.2843734431251903,27.78631697029322,32.40456294996478,-19.209624369509143,-7.99457259593755,54.75709211538583]}"
reward_both,factor_1,rewarded,layer_1,False,gaussian_covariance_matched,3,1045,42,0.05269639493015711,-0.001446573772440951,"{""covariance_ddof"":1,""empirical_rank"":64,""fit_source"":""train"",""method"":""gaussian_train_full_covariance"",""n_features"":64,""n_test"":20000,""n_train"":20000,""seed"":1045,""singular_value_cutoff"":1.2455979277550015e-07,""training_mean"":[44.80952190922052,33.56134323811978,-42.48176781944409,-34.0737914556101,-29.58763425254859,10.572560433562472,-23.877372033066674,-0.040724693220107966,1.736754373773934,-62.74208567133397,-17.659371203516613,-87.15856255909428,-60.78589975395873,-17.80463993817307,-2.64266560632959,38.118161569841206,3.9702443077433855,-0.8604104014003653,26.987608696842194,35.265323403058204,81.70247550349235,38.96233722250312,-24.04766853538454,-13.422579927660244,-60.24884546347111,51.50371044974178,-14.656474766738153,40.66254496984482,7.652847805861384,8.696869715124368,-30.232567646512763,29.202252365518547,23.992251712252944,41.28496399369314,11.471246107383259,-64.56497855370864,3.1381098801417284,-10.231837993025966,-26.56342232881859,-18.975463109140097,22.63698856652975,12.642754804387685,-36.38686092842519,3.584656225584446,30.142129158642234,-7.618781115254762,14.94441058259681,33.979827552064506,19.394611594449728,17.421385637255383,-103.23977925847993,-27.23069660976678,-30.509400524487717,-48.395724961467835,58.80915565743186,-12.491373605430034,-2.7653665211878717,10.076117173187061,0.2843734431251903,27.78631697029322,32.40456294996478,-19.209624369509143,-7.99457259593755,54.75709211538583]}"
reward_both,factor_1,rewarded,layer_1,False,gaussian_covariance_matched,4,1046,42,0.05271187341375959,-0.0017407281333121638,"{""covariance_ddof"":1,""empirical_rank"":64,""fit_source"":""train"",""method"":""gaussian_train_full_covariance"",""n_features"":64,""n_test"":20000,""n_train"":20000,""seed"":1046,""singular_value_cutoff"":1.2455979277550015e-07,""training_mean"":[44.80952190922052,33.56134323811978,-42.48176781944409,-34.0737914556101,-29.58763425254859,10.572560433562472,-23.877372033066674,-0.040724693220107966,1.736754373773934,-62.74208567133397,-17.659371203516613,-87.15856255909428,-60.78589975395873,-17.80463993817307,-2.64266560632959,38.118161569841206,3.9702443077433855,-0.8604104014003653,26.987608696842194,35.265323403058204,81.70247550349235,38.96233722250312,-24.04766853538454,-13.422579927660244,-60.24884546347111,51.50371044974178,-14.656474766738153,40.66254496984482,7.652847805861384,8.696869715124368,-30.232567646512763,29.202252365518547,23.992251712252944,41.28496399369314,11.471246107383259,-64.56497855370864,3.1381098801417284,-10.231837993025966,-26.56342232881859,-18.975463109140097,22.63698856652975,12.642754804387685,-36.38686092842519,3.584656225584446,30.142129158642234,-7.618781115254762,14.94441058259681,33.979827552064506,19.394611594449728,17.421385637255383,-103.23977925847993,-27.23069660976678,-30.509400524487717,-48.395724961467835,58.80915565743186,-12.491373605430034,-2.7653665211878717,10.076117173187061,0.2843734431251903,27.78631697029322,32.40456294996478,-19.209624369509143,-7.99457259593755,54.75709211538583]}"
reward_both,factor_1,rewarded,layer_1,False,ntp_bin_matched_activations,0,1042,42,0.025543526966189053,0.5145687366990114,"{""donor_source"":""train"",""fallback"":""training_marginal"",""key_width"":2,""method"":""train_row_resampling_conditional_on_exact_key"",""minimum_key_pool_size"":2,""n_features"":64,""n_test"":20000,""n_train"":20000,""n_train_keys"":8,""seed"":1042,""test"":{""exact_key_coverage"":1.0,""exact_key_rows"":20000,""fallback_rows"":0,""matched_fraction"":1.0,""matched_rows"":20000,""n_rows"":20000,""self_donor_rows"":0,""self_excluded_rows"":0,""singleton_fallback_rows"":0,""unseen_fallback_rows"":0},""train"":{""exact_key_coverage"":1.0,""exact_key_rows"":20000,""fallback_rows"":0,""matched_fraction"":1.0,""matched_rows"":20000,""n_rows"":20000,""self_donor_rows"":0,""self_excluded_rows"":20000,""singleton_fallback_rows"":0,""unseen_fallback_rows"":0},""training_self_exclusion"":""whenever_an_alternative_exists""}"
reward_both,factor_1,rewarded,layer_1,False,ntp_bin_matched_activations,1,1043,42,0.025471243672610763,0.5159424142872203,"{""donor_source"":""train"",""fallback"":""training_marginal"",""key_width"":2,""method"":""train_row_resampling_conditional_on_exact_key"",""minimum_key_pool_size"":2,""n_features"":64,""n_test"":20000,""n_train"":20000,""n_train_keys"":8,""seed"":1043,""test"":{""exact_key_coverage"":1.0,""exact_key_rows"":20000,""fallback_rows"":0,""matched_fraction"":1.0,""matched_rows"":20000,""n_rows"":20000,""self_donor_rows"":0,""self_excluded_rows"":0,""singleton_fallback_rows"":0,""unseen_fallback_rows"":0},""train"":{""exact_key_coverage"":1.0,""exact_key_rows"":20000,""fallback_rows"":0,""matched_fraction"":1.0,""matched_rows"":20000,""n_rows"":20000,""self_donor_rows"":0,""self_excluded_rows"":20000,""singleton_fallback_rows"":0,""unseen_fallback_rows"":0},""training_self_exclusion"":""whenever_an_alternative_exists""}"
reward_both,factor_1,rewarded,layer_1,False,ntp_bin_matched_activations,2,1044,42,0.025540626758395083,0.5146238524837314,"{""donor_source"":""train"",""fallback"":""training_marginal"",""key_width"":2,""method"":""train_row_resampling_conditional_on_exact_key"",""minimum_key_pool_size"":2,""n_features"":64,""n_test"":20000,""n_train"":20000,""n_train_keys"":8,""seed"":1044,""test"":{""exact_key_coverage"":1.0,""exact_key_rows"":20000,""fallback_rows"":0,""matched_fraction"":1.0,""matched_rows"":20000,""n_rows"":20000,""self_donor_rows"":0,""self_excluded_rows"":0,""singleton_fallback_rows"":0,""unseen_fallback_rows"":0},""train"":{""exact_key_coverage"":1.0,""exact_key_rows"":20000,""fallback_rows"":0,""matched_fraction"":1.0,""matched_rows"":20000,""n_rows"":20000,""self_donor_rows"":0,""self_excluded_rows"":20000,""singleton_fallback_rows"":0,""unseen_fallback_rows"":0},""training_self_exclusion"":""whenever_an_alternative_exists""}"
reward_both,factor_1,rewarded,layer_1,False,ntp_bin_matched_activations,3,1045,42,0.025842448808186647,0.5088880017096256,"{""donor_source"":""train"",""fallback"":""training_marginal"",""key_width"":2,""method"":""train_row_resampling_conditional_on_exact_key"",""minimum_key_pool_size"":2,""n_features"":64,""n_test"":20000,""n_train"":20000,""n_train_keys"":8,""seed"":1045,""test"":{""exact_key_coverage"":1.0,""exact_key_rows"":20000,""fallback_rows"":0,""matched_fraction"":1.0,""matched_rows"":20000,""n_rows"":20000,""self_donor_rows"":0,""self_excluded_rows"":0,""singleton_fallback_rows"":0,""unseen_fallback_rows"":0},""train"":{""exact_key_coverage"":1.0,""exact_key_rows"":20000,""fallback_rows"":0,""matched_fraction"":1.0,""matched_rows"":20000,""n_rows"":20000,""self_donor_rows"":0,""self_excluded_rows"":20000,""singleton_fallback_rows"":0,""unseen_fallback_rows"":0},""training_self_exclusion"":""whenever_an_alternative_exists""}"
reward_both,factor_1,rewarded,layer_1,False,ntp_bin_matched_activations,4,1046,42,0.025511907712060508,0.5151696315752973,"{""donor_source"":""train"",""fallback"":""training_marginal"",""key_width"":2,""method"":""train_row_resampling_conditional_on_exact_key"",""minimum_key_pool_size"":2,""n_features"":64,""n_test"":20000,""n_train"":20000,""n_train_keys"":8,""seed"":1046,""test"":{""exact_key_coverage"":1.0,""exact_key_rows"":20000,""fallback_rows"":0,""matched_fraction"":1.0,""matched_rows"":20000,""n_rows"":20000,""self_donor_rows"":0,""self_excluded_rows"":0,""singleton_fallback_rows"":0,""unseen_fallback_rows"":0},""train"":{""exact_key_coverage"":1.0,""exact_key_rows"":20000,""fallback_rows"":0,""matched_fraction"":1.0,""matched_rows"":20000,""n_rows"":20000,""self_donor_rows"":0,""self_excluded_rows"":20000,""singleton_fallback_rows"":0,""unseen_fallback_rows"":0},""training_self_exclusion"":""whenever_an_alternative_exists""}"
reward_both,factor_1,rewarded,layer_1,False,shuffled_training_labels,0,1042,42,0.05361723079911099,-0.018946213495288244,
reward_both,factor_1,rewarded,layer_1,False,shuffled_training_labels,1,1043,42,0.0526646145950292,-0.0008426176997462509,
reward_both,factor_1,rewarded,layer_1,False,shuffled_training_labels,2,1044,42,0.05248080781222311,0.0026504613452483783,
reward_both,factor_1,rewarded,layer_1,False,shuffled_training_labels,3,1045,42,0.052690011497297636,-0.0013252624953696834,
reward_both,factor_1,rewarded,layer_1,False,shuffled_training_labels,4,1046,42,0.053072529044560064,-0.008594657064419753,
reward_both,factor_1,rewarded,layer_1,False,visible_suffix_matched_activations,0,1042,42,0.023861020373672114,0.546543228780658,"{""donor_source"":""train"",""fallback"":""training_marginal"",""key_width"":1,""method"":""train_row_resampling_conditional_on_exact_key"",""minimum_key_pool_size"":2,""n_features"":64,""n_test"":20000,""n_train"":20000,""n_train_keys"":20,""seed"":1042,""test"":{""exact_key_coverage"":1.0,""exact_key_rows"":20000,""fallback_rows"":2,""matched_fraction"":0.9999,""matched_rows"":19998,""n_rows"":20000,""self_donor_rows"":0,""self_excluded_rows"":0,""singleton_fallback_rows"":2,""unseen_fallback_rows"":0},""train"":{""exact_key_coverage"":1.0,""exact_key_rows"":20000,""fallback_rows"":3,""matched_fraction"":0.99985,""matched_rows"":19997,""n_rows"":20000,""self_donor_rows"":0,""self_excluded_rows"":20000,""singleton_fallback_rows"":3,""unseen_fallback_rows"":0},""training_self_exclusion"":""whenever_an_alternative_exists""}"
reward_both,factor_1,rewarded,layer_1,False,visible_suffix_matched_activations,1,1043,42,0.023747073187258407,0.5487086903758251,"{""donor_source"":""train"",""fallback"":""training_marginal"",""key_width"":1,""method"":""train_row_resampling_conditional_on_exact_key"",""minimum_key_pool_size"":2,""n_features"":64,""n_test"":20000,""n_train"":20000,""n_train_keys"":20,""seed"":1043,""test"":{""exact_key_coverage"":1.0,""exact_key_rows"":20000,""fallback_rows"":2,""matched_fraction"":0.9999,""matched_rows"":19998,""n_rows"":20000,""self_donor_rows"":0,""self_excluded_rows"":0,""singleton_fallback_rows"":2,""unseen_fallback_rows"":0},""train"":{""exact_key_coverage"":1.0,""exact_key_rows"":20000,""fallback_rows"":3,""matched_fraction"":0.99985,""matched_rows"":19997,""n_rows"":20000,""self_donor_rows"":0,""self_excluded_rows"":20000,""singleton_fallback_rows"":3,""unseen_fallback_rows"":0},""training_self_exclusion"":""whenever_an_alternative_exists""}"
reward_both,factor_1,rewarded,layer_1,False,visible_suffix_matched_activations,2,1044,42,0.023682806070934946,0.5499300278797221,"{""donor_source"":""train"",""fallback"":""training_marginal"",""key_width"":1,""method"":""train_row_resampling_conditional_on_exact_key"",""minimum_key_pool_size"":2,""n_features"":64,""n_test"":20000,""n_train"":20000,""n_train_keys"":20,""seed"":1044,""test"":{""exact_key_coverage"":1.0,""exact_key_rows"":20000,""fallback_rows"":2,""matched_fraction"":0.9999,""matched_rows"":19998,""n_rows"":20000,""self_donor_rows"":0,""self_excluded_rows"":0,""singleton_fallback_rows"":2,""unseen_fallback_rows"":0},""train"":{""exact_key_coverage"":1.0,""exact_key_rows"":20000,""fallback_rows"":3,""matched_fraction"":0.99985,""matched_rows"":19997,""n_rows"":20000,""self_donor_rows"":0,""self_excluded_rows"":20000,""singleton_fallback_rows"":3,""unseen_fallback_rows"":0},""training_self_exclusion"":""whenever_an_alternative_exists""}"
reward_both,factor_1,rewarded,layer_1,False,visible_suffix_matched_activations,3,1045,42,0.02383236677131402,0.5470877641695737,"{""donor_source"":""train"",""fallback"":""training_marginal"",""key_width"":1,""method"":""train_row_resampling_conditional_on_exact_key"",""minimum_key_pool_size"":2,""n_features"":64,""n_test"":20000,""n_train"":20000,""n_train_keys"":20,""seed"":1045,""test"":{""exact_key_coverage"":1.0,""exact_key_rows"":20000,""fallback_rows"":2,""matched_fraction"":0.9999,""matched_rows"":19998,""n_rows"":20000,""self_donor_rows"":0,""self_excluded_rows"":0,""singleton_fallback_rows"":2,""unseen_fallback_rows"":0},""train"":{""exact_key_coverage"":1.0,""exact_key_rows"":20000,""fallback_rows"":3,""matched_fraction"":0.99985,""matched_rows"":19997,""n_rows"":20000,""self_donor_rows"":0,""self_excluded_rows"":20000,""singleton_fallback_rows"":3,""unseen_fallback_rows"":0},""training_self_exclusion"":""whenever_an_alternative_exists""}"
reward_both,factor_1,rewarded,layer_1,False,visible_suffix_matched_activations,4,1046,42,0.023746845117277236,0.5487130246362908,"{""donor_source"":""train"",""fallback"":""training_marginal"",""key_width"":1,""method"":""train_row_resampling_conditional_on_exact_key"",""minimum_key_pool_size"":2,""n_features"":64,""n_test"":20000,""n_train"":20000,""n_train_keys"":20,""seed"":1046,""test"":{""exact_key_coverage"":1.0,""exact_key_rows"":20000,""fallback_rows"":2,""matched_fraction"":0.9999,""matched_rows"":19998,""n_rows"":20000,""self_donor_rows"":0,""self_excluded_rows"":0,""singleton_fallback_rows"":2,""unseen_fallback_rows"":0},""train"":{""exact_key_coverage"":1.0,""exact_key_rows"":20000,""fallback_rows"":3,""matched_fraction"":0.99985,""matched_rows"":19997,""n_rows"":20000,""self_donor_rows"":0,""self_excluded_rows"":20000,""singleton_fallback_rows"":3,""unseen_fallback_rows"":0},""training_self_exclusion"":""whenever_an_alternative_exists""}"
reward_both,factor_1,rewarded,layer_2,False,dirichlet_labels,0,1042,42,0.05512260780547486,-0.0016260529609612995,
reward_both,factor_1,rewarded,layer_2,False,dirichlet_labels,1,1043,42,0.0556432296949071,-0.001506105880079156,
reward_both,factor_1,rewarded,layer_2,False,dirichlet_labels,2,1044,42,0.055487004879443386,-0.001735722959676389,
reward_both,factor_1,rewarded,layer_2,False,dirichlet_labels,3,1045,42,0.055931020709652696,-0.0020378204039301906,
reward_both,factor_1,rewarded,layer_2,False,dirichlet_labels,4,1046,42,0.05533956638544293,-0.0018233781219769707,
reward_both,factor_1,rewarded,layer_2,False,gaussian_covariance_matched,0,1042,42,0.05271754270522159,-0.0018484678092018925,"{""covariance_ddof"":1,""empirical_rank"":64,""fit_source"":""train"",""method"":""gaussian_train_full_covariance"",""n_features"":64,""n_test"":20000,""n_train"":20000,""seed"":1042,""singular_value_cutoff"":1.1553395305896105e-07,""training_mean"":[88.86266372671128,45.36975202604532,-29.092432481265067,-43.967594033375384,9.009850824180246,-42.947060555243496,-2.7560431796647613,-21.82415117443055,-38.272076584011316,-56.904443135853114,-65.84873237537741,-93.73760582113266,-62.06372540343702,25.970095870529114,19.53480269311699,44.68224814097732,20.973591440831125,13.96908338379264,51.12279340384006,60.14078037672043,141.25808479499818,38.83478147199452,-20.285153416208175,-9.581219407045841,-46.562513660765816,66.46175693114698,-50.8962261097908,26.787680530714987,8.935644019846059,2.511500877135809,-42.794345601475236,57.31495842451155,-42.261647185528275,50.16650028773397,49.06266561567784,-66.15667074427903,-38.258516117665174,47.62250585362017,-37.47619117811918,-33.5759221267879,27.974701499831674,-6.050342821472883,-8.091790814691782,40.02775685400367,-19.14170785240978,-62.24151826624274,19.451197972911597,31.892972222846748,75.37061995063424,25.825537420323492,-97.14876065870524,-26.655888555394114,-30.6354100799799,-57.506832383602855,63.45407829010338,-15.162233365270865,12.572279645238817,35.59434075348378,-48.86823335637748,56.303460701587795,15.711100666475296,-24.43866387812197,-15.616995617090165,60.020353571400044]}"
reward_both,factor_1,rewarded,layer_2,False,gaussian_covariance_matched,1,1043,42,0.05272464946713897,-0.0019835252905004985,"{""covariance_ddof"":1,""empirical_rank"":64,""fit_source"":""train"",""method"":""gaussian_train_full_covariance"",""n_features"":64,""n_test"":20000,""n_train"":20000,""seed"":1043,""singular_value_cutoff"":1.1553395305896105e-07,""training_mean"":[88.86266372671128,45.36975202604532,-29.092432481265067,-43.967594033375384,9.009850824180246,-42.947060555243496,-2.7560431796647613,-21.82415117443055,-38.272076584011316,-56.904443135853114,-65.84873237537741,-93.73760582113266,-62.06372540343702,25.970095870529114,19.53480269311699,44.68224814097732,20.973591440831125,13.96908338379264,51.12279340384006,60.14078037672043,141.25808479499818,38.83478147199452,-20.285153416208175,-9.581219407045841,-46.562513660765816,66.46175693114698,-50.8962261097908,26.787680530714987,8.935644019846059,2.511500877135809,-42.794345601475236,57.31495842451155,-42.261647185528275,50.16650028773397,49.06266561567784,-66.15667074427903,-38.258516117665174,47.62250585362017,-37.47619117811918,-33.5759221267879,27.974701499831674,-6.050342821472883,-8.091790814691782,40.02775685400367,-19.14170785240978,-62.24151826624274,19.451197972911597,31.892972222846748,75.37061995063424,25.825537420323492,-97.14876065870524,-26.655888555394114,-30.6354100799799,-57.506832383602855,63.45407829010338,-15.162233365270865,12.572279645238817,35.59434075348378,-48.86823335637748,56.303460701587795,15.711100666475296,-24.43866387812197,-15.616995617090165,60.020353571400044]}"
reward_both,factor_1,rewarded,layer_2,False,gaussian_covariance_matched,2,1044,42,0.052773703916126215,-0.0029157600274625217,"{""covariance_ddof"":1,""empirical_rank"":64,""fit_source"":""train"",""method"":""gaussian_train_full_covariance"",""n_features"":64,""n_test"":20000,""n_train"":20000,""seed"":1044,""singular_value_cutoff"":1.1553395305896105e-07,""training_mean"":[88.86266372671128,45.36975202604532,-29.092432481265067,-43.967594033375384,9.009850824180246,-42.947060555243496,-2.7560431796647613,-21.82415117443055,-38.272076584011316,-56.904443135853114,-65.84873237537741,-93.73760582113266,-62.06372540343702,25.970095870529114,19.53480269311699,44.68224814097732,20.973591440831125,13.96908338379264,51.12279340384006,60.14078037672043,141.25808479499818,38.83478147199452,-20.285153416208175,-9.581219407045841,-46.562513660765816,66.46175693114698,-50.8962261097908,26.787680530714987,8.935644019846059,2.511500877135809,-42.794345601475236,57.31495842451155,-42.261647185528275,50.16650028773397,49.06266561567784,-66.15667074427903,-38.258516117665174,47.62250585362017,-37.47619117811918,-33.5759221267879,27.974701499831674,-6.050342821472883,-8.091790814691782,40.02775685400367,-19.14170785240978,-62.24151826624274,19.451197972911597,31.892972222846748,75.37061995063424,25.825537420323492,-97.14876065870524,-26.655888555394114,-30.6354100799799,-57.506832383602855,63.45407829010338,-15.162233365270865,12.572279645238817,35.59434075348378,-48.86823335637748,56.303460701587795,15.711100666475296,-24.43866387812197,-15.616995617090165,60.020353571400044]}"
reward_both,factor_1,rewarded,layer_2,False,gaussian_covariance_matched,3,1045,42,0.05272648053995167,-0.002018323147109813,"{""covariance_ddof"":1,""empirical_rank"":64,""fit_source"":""train"",""method"":""gaussian_train_full_covariance"",""n_features"":64,""n_test"":20000,""n_train"":20000,""seed"":1045,""singular_value_cutoff"":1.1553395305896105e-07,""training_mean"":[88.86266372671128,45.36975202604532,-29.092432481265067,-43.967594033375384,9.009850824180246,-42.947060555243496,-2.7560431796647613,-21.82415117443055,-38.272076584011316,-56.904443135853114,-65.84873237537741,-93.73760582113266,-62.06372540343702,25.970095870529114,19.53480269311699,44.68224814097732,20.973591440831125,13.96908338379264,51.12279340384006,60.14078037672043,141.25808479499818,38.83478147199452,-20.285153416208175,-9.581219407045841,-46.562513660765816,66.46175693114698,-50.8962261097908,26.787680530714987,8.935644019846059,2.511500877135809,-42.794345601475236,57.31495842451155,-42.261647185528275,50.16650028773397,49.06266561567784,-66.15667074427903,-38.258516117665174,47.62250585362017,-37.47619117811918,-33.5759221267879,27.974701499831674,-6.050342821472883,-8.091790814691782,40.02775685400367,-19.14170785240978,-62.24151826624274,19.451197972911597,31.892972222846748,75.37061995063424,25.825537420323492,-97.14876065870524,-26.655888555394114,-30.6354100799799,-57.506832383602855,63.45407829010338,-15.162233365270865,12.572279645238817,35.59434075348378,-48.86823335637748,56.303460701587795,15.711100666475296,-24.43866387812197,-15.616995617090165,60.020353571400044]}"
reward_both,factor_1,rewarded,layer_2,False,gaussian_covariance_matched,4,1046,42,0.05274835400624342,-0.0024340082789566786,"{""covariance_ddof"":1,""empirical_rank"":64,""fit_source"":""train"",""method"":""gaussian_train_full_covariance"",""n_features"":64,""n_test"":20000,""n_train"":20000,""seed"":1046,""singular_value_cutoff"":1.1553395305896105e-07,""training_mean"":[88.86266372671128,45.36975202604532,-29.092432481265067,-43.967594033375384,9.009850824180246,-42.947060555243496,-2.7560431796647613,-21.82415117443055,-38.272076584011316,-56.904443135853114,-65.84873237537741,-93.73760582113266,-62.06372540343702,25.970095870529114,19.53480269311699,44.68224814097732,20.973591440831125,13.96908338379264,51.12279340384006,60.14078037672043,141.25808479499818,38.83478147199452,-20.285153416208175,-9.581219407045841,-46.562513660765816,66.46175693114698,-50.8962261097908,26.787680530714987,8.935644019846059,2.511500877135809,-42.794345601475236,57.31495842451155,-42.261647185528275,50.16650028773397,49.06266561567784,-66.15667074427903,-38.258516117665174,47.62250585362017,-37.47619117811918,-33.5759221267879,27.974701499831674,-6.050342821472883,-8.091790814691782,40.02775685400367,-19.14170785240978,-62.24151826624274,19.451197972911597,31.892972222846748,75.37061995063424,25.825537420323492,-97.14876065870524,-26.655888555394114,-30.6354100799799,-57.506832383602855,63.45407829010338,-15.162233365270865,12.572279645238817,35.59434075348378,-48.86823335637748,56.303460701587795,15.711100666475296,-24.43866387812197,-15.616995617090165,60.020353571400044]}"
reward_both,factor_1,rewarded,layer_2,False,ntp_bin_matched_activations,0,1042,42,0.026462347096621836,0.49710740423490996,"{""donor_source"":""train"",""fallback"":""training_marginal"",""key_width"":2,""method"":""train_row_resampling_conditional_on_exact_key"",""minimum_key_pool_size"":2,""n_features"":64,""n_test"":20000,""n_train"":20000,""n_train_keys"":8,""seed"":1042,""test"":{""exact_key_coverage"":1.0,""exact_key_rows"":20000,""fallback_rows"":0,""matched_fraction"":1.0,""matched_rows"":20000,""n_rows"":20000,""self_donor_rows"":0,""self_excluded_rows"":0,""singleton_fallback_rows"":0,""unseen_fallback_rows"":0},""train"":{""exact_key_coverage"":1.0,""exact_key_rows"":20000,""fallback_rows"":0,""matched_fraction"":1.0,""matched_rows"":20000,""n_rows"":20000,""self_donor_rows"":0,""self_excluded_rows"":20000,""singleton_fallback_rows"":0,""unseen_fallback_rows"":0},""training_self_exclusion"":""whenever_an_alternative_exists""}"
reward_both,factor_1,rewarded,layer_2,False,ntp_bin_matched_activations,1,1043,42,0.026413475778752967,0.49803615873320894,"{""donor_source"":""train"",""fallback"":""training_marginal"",""key_width"":2,""method"":""train_row_resampling_conditional_on_exact_key"",""minimum_key_pool_size"":2,""n_features"":64,""n_test"":20000,""n_train"":20000,""n_train_keys"":8,""seed"":1043,""test"":{""exact_key_coverage"":1.0,""exact_key_rows"":20000,""fallback_rows"":0,""matched_fraction"":1.0,""matched_rows"":20000,""n_rows"":20000,""self_donor_rows"":0,""self_excluded_rows"":0,""singleton_fallback_rows"":0,""unseen_fallback_rows"":0},""train"":{""exact_key_coverage"":1.0,""exact_key_rows"":20000,""fallback_rows"":0,""matched_fraction"":1.0,""matched_rows"":20000,""n_rows"":20000,""self_donor_rows"":0,""self_excluded_rows"":20000,""singleton_fallback_rows"":0,""unseen_fallback_rows"":0},""training_self_exclusion"":""whenever_an_alternative_exists""}"
reward_both,factor_1,rewarded,layer_2,False,ntp_bin_matched_activations,2,1044,42,0.026535009750132912,0.4957265172596942,"{""donor_source"":""train"",""fallback"":""training_marginal"",""key_width"":2,""method"":""train_row_resampling_conditional_on_exact_key"",""minimum_key_pool_size"":2,""n_features"":64,""n_test"":20000,""n_train"":20000,""n_train_keys"":8,""seed"":1044,""test"":{""exact_key_coverage"":1.0,""exact_key_rows"":20000,""fallback_rows"":0,""matched_fraction"":1.0,""matched_rows"":20000,""n_rows"":20000,""self_donor_rows"":0,""self_excluded_rows"":0,""singleton_fallback_rows"":0,""unseen_fallback_rows"":0},""train"":{""exact_key_coverage"":1.0,""exact_key_rows"":20000,""fallback_rows"":0,""matched_fraction"":1.0,""matched_rows"":20000,""n_rows"":20000,""self_donor_rows"":0,""self_excluded_rows"":20000,""singleton_fallback_rows"":0,""unseen_fallback_rows"":0},""training_self_exclusion"":""whenever_an_alternative_exists""}"
reward_both,factor_1,rewarded,layer_2,False,ntp_bin_matched_activations,3,1045,42,0.026771167616659593,0.49123855396322946,"{""donor_source"":""train"",""fallback"":""training_marginal"",""key_width"":2,""method"":""train_row_resampling_conditional_on_exact_key"",""minimum_key_pool_size"":2,""n_features"":64,""n_test"":20000,""n_train"":20000,""n_train_keys"":8,""seed"":1045,""test"":{""exact_key_coverage"":1.0,""exact_key_rows"":20000,""fallback_rows"":0,""matched_fraction"":1.0,""matched_rows"":20000,""n_rows"":20000,""self_donor_rows"":0,""self_excluded_rows"":0,""singleton_fallback_rows"":0,""unseen_fallback_rows"":0},""train"":{""exact_key_coverage"":1.0,""exact_key_rows"":20000,""fallback_rows"":0,""matched_fraction"":1.0,""matched_rows"":20000,""n_rows"":20000,""self_donor_rows"":0,""self_excluded_rows"":20000,""singleton_fallback_rows"":0,""unseen_fallback_rows"":0},""training_self_exclusion"":""whenever_an_alternative_exists""}"
reward_both,factor_1,rewarded,layer_2,False,ntp_bin_matched_activations,4,1046,42,0.02629288197804799,0.5003279331267754,"{""donor_source"":""train"",""fallback"":""training_marginal"",""key_width"":2,""method"":""train_row_resampling_conditional_on_exact_key"",""minimum_key_pool_size"":2,""n_features"":64,""n_test"":20000,""n_train"":20000,""n_train_keys"":8,""seed"":1046,""test"":{""exact_key_coverage"":1.0,""exact_key_rows"":20000,""fallback_rows"":0,""matched_fraction"":1.0,""matched_rows"":20000,""n_rows"":20000,""self_donor_rows"":0,""self_excluded_rows"":0,""singleton_fallback_rows"":0,""unseen_fallback_rows"":0},""train"":{""exact_key_coverage"":1.0,""exact_key_rows"":20000,""fallback_rows"":0,""matched_fraction"":1.0,""matched_rows"":20000,""n_rows"":20000,""self_donor_rows"":0,""self_excluded_rows"":20000,""singleton_fallback_rows"":0,""unseen_fallback_rows"":0},""training_self_exclusion"":""whenever_an_alternative_exists""}"
reward_both,factor_1,rewarded,layer_2,False,shuffled_training_labels,0,1042,42,0.053592707675401585,-0.018480174058443932,
reward_both,factor_1,rewarded,layer_2,False,shuffled_training_labels,1,1043,42,0.0527864821013328,-0.003158597698068366,
reward_both,factor_1,rewarded,layer_2,False,shuffled_training_labels,2,1044,42,0.05248380718310111,0.002593461057216806,
reward_both,factor_1,rewarded,layer_2,False,shuffled_training_labels,3,1045,42,0.05250336863452424,0.0022217136439132146,
reward_both,factor_1,rewarded,layer_2,False,shuffled_training_labels,4,1046,42,0.05310962809153918,-0.009299690369576563,
reward_both,factor_1,rewarded,layer_2,False,visible_suffix_matched_activations,0,1042,42,0.025397048608247756,0.51735242332286,"{""donor_source"":""train"",""fallback"":""training_marginal"",""key_width"":1,""method"":""train_row_resampling_conditional_on_exact_key"",""minimum_key_pool_size"":2,""n_features"":64,""n_test"":20000,""n_train"":20000,""n_train_keys"":20,""seed"":1042,""test"":{""exact_key_coverage"":1.0,""exact_key_rows"":20000,""fallback_rows"":2,""matched_fraction"":0.9999,""matched_rows"":19998,""n_rows"":20000,""self_donor_rows"":0,""self_excluded_rows"":0,""singleton_fallback_rows"":2,""unseen_fallback_rows"":0},""train"":{""exact_key_coverage"":1.0,""exact_key_rows"":20000,""fallback_rows"":3,""matched_fraction"":0.99985,""matched_rows"":19997,""n_rows"":20000,""self_donor_rows"":0,""self_excluded_rows"":20000,""singleton_fallback_rows"":3,""unseen_fallback_rows"":0},""training_self_exclusion"":""whenever_an_alternative_exists""}"
reward_both,factor_1,rewarded,layer_2,False,visible_suffix_matched_activations,1,1043,42,0.02541974992754308,0.516921005605224,"{""donor_source"":""train"",""fallback"":""training_marginal"",""key_width"":1,""method"":""train_row_resampling_conditional_on_exact_key"",""minimum_key_pool_size"":2,""n_features"":64,""n_test"":20000,""n_train"":20000,""n_train_keys"":20,""seed"":1043,""test"":{""exact_key_coverage"":1.0,""exact_key_rows"":20000,""fallback_rows"":2,""matched_fraction"":0.9999,""matched_rows"":19998,""n_rows"":20000,""self_donor_rows"":0,""self_excluded_rows"":0,""singleton_fallback_rows"":2,""unseen_fallback_rows"":0},""train"":{""exact_key_coverage"":1.0,""exact_key_rows"":20000,""fallback_rows"":3,""matched_fraction"":0.99985,""matched_rows"":19997,""n_rows"":20000,""self_donor_rows"":0,""self_excluded_rows"":20000,""singleton_fallback_rows"":3,""unseen_fallback_rows"":0},""training_self_exclusion"":""whenever_an_alternative_exists""}"
reward_both,factor_1,rewarded,layer_2,False,visible_suffix_matched_activations,2,1044,42,0.025173154103412695,0.5216073326966554,"{""donor_source"":""train"",""fallback"":""training_marginal"",""key_width"":1,""method"":""train_row_resampling_conditional_on_exact_key"",""minimum_key_pool_size"":2,""n_features"":64,""n_test"":20000,""n_train"":20000,""n_train_keys"":20,""seed"":1044,""test"":{""exact_key_coverage"":1.0,""exact_key_rows"":20000,""fallback_rows"":2,""matched_fraction"":0.9999,""matched_rows"":19998,""n_rows"":20000,""self_donor_rows"":0,""self_excluded_rows"":0,""singleton_fallback_rows"":2,""unseen_fallback_rows"":0},""train"":{""exact_key_coverage"":1.0,""exact_key_rows"":20000,""fallback_rows"":3,""matched_fraction"":0.99985,""matched_rows"":19997,""n_rows"":20000,""self_donor_rows"":0,""self_excluded_rows"":20000,""singleton_fallback_rows"":3,""unseen_fallback_rows"":0},""training_self_exclusion"":""whenever_an_alternative_exists""}"
reward_both,factor_1,rewarded,layer_2,False,visible_suffix_matched_activations,3,1045,42,0.02546071886752065,0.51614242853888,"{""donor_source"":""train"",""fallback"":""training_marginal"",""key_width"":1,""method"":""train_row_resampling_conditional_on_exact_key"",""minimum_key_pool_size"":2,""n_features"":64,""n_test"":20000,""n_train"":20000,""n_train_keys"":20,""seed"":1045,""test"":{""exact_key_coverage"":1.0,""exact_key_rows"":20000,""fallback_rows"":2,""matched_fraction"":0.9999,""matched_rows"":19998,""n_rows"":20000,""self_donor_rows"":0,""self_excluded_rows"":0,""singleton_fallback_rows"":2,""unseen_fallback_rows"":0},""train"":{""exact_key_coverage"":1.0,""exact_key_rows"":20000,""fallback_rows"":3,""matched_fraction"":0.99985,""matched_rows"":19997,""n_rows"":20000,""self_donor_rows"":0,""self_excluded_rows"":20000,""singleton_fallback_rows"":3,""unseen_fallback_rows"":0},""training_self_exclusion"":""whenever_an_alternative_exists""}"
reward_both,factor_1,rewarded,layer_2,False,visible_suffix_matched_activations,4,1046,42,0.025306309057715984,0.5190768451188128,"{""donor_source"":""train"",""fallback"":""training_marginal"",""key_width"":1,""method"":""train_row_resampling_conditional_on_exact_key"",""minimum_key_pool_size"":2,""n_features"":64,""n_test"":20000,""n_train"":20000,""n_train_keys"":20,""seed"":1046,""test"":{""exact_key_coverage"":1.0,""exact_key_rows"":20000,""fallback_rows"":2,""matched_fraction"":0.9999,""matched_rows"":19998,""n_rows"":20000,""self_donor_rows"":0,""self_excluded_rows"":0,""singleton_fallback_rows"":2,""unseen_fallback_rows"":0},""train"":{""exact_key_coverage"":1.0,""exact_key_rows"":20000,""fallback_rows"":3,""matched_fraction"":0.99985,""matched_rows"":19997,""n_rows"":20000,""self_donor_rows"":0,""self_excluded_rows"":20000,""singleton_fallback_rows"":3,""unseen_fallback_rows"":0},""training_self_exclusion"":""whenever_an_alternative_exists""}"
reward_both,factor_1,rewarded,layer_3,True,dirichlet_labels,0,1042,42,0.0551386403251611,-0.0019173778828340815,
reward_both,factor_1,rewarded,layer_3,True,dirichlet_labels,1,1043,42,0.05564188095764703,-0.0014818303553010281,
reward_both,factor_1,rewarded,layer_3,True,dirichlet_labels,2,1044,42,0.05551148782334698,-0.002177726264139146,
reward_both,factor_1,rewarded,layer_3,True,dirichlet_labels,3,1045,42,0.05595782824376371,-0.0025180934744049033,
reward_both,factor_1,rewarded,layer_3,True,dirichlet_labels,4,1046,42,0.05536923491279592,-0.002360473481374248,
reward_both,factor_1,rewarded,layer_3,True,gaussian_covariance_matched,0,1042,42,0.05271800185705776,-0.0018571935680282703,"{""covariance_ddof"":1,""empirical_rank"":64,""fit_source"":""train"",""method"":""gaussian_train_full_covariance"",""n_features"":64,""n_test"":20000,""n_train"":20000,""seed"":1042,""singular_value_cutoff"":2.55750707265786e-07,""training_mean"":[342.6819475078583,292.26282116127015,-141.00308455553056,-231.644640725708,204.7736862844467,-295.8729706298828,119.59390989408493,-204.8352788342476,-363.99880581054686,-270.53263906822207,-287.531416860199,-356.8150599311829,-219.6504583925724,242.32249803771973,139.734219927828,153.8523964682579,169.0675027217865,168.441548999691,313.575806848526,234.71400063171387,345.88922331848147,256.65424471969607,-185.65935827713014,211.58015967559814,-302.3720181526184,324.2392903194428,-279.1082602241516,175.1368130056858,-34.16803922169954,255.50360887947082,-179.69624775509834,331.5708137580872,-307.9436573253632,262.81848496799466,130.13071701420247,-363.0620802272797,-218.4246289468765,274.74514464530944,-150.59286444063187,-292.7939028060913,274.9616783225298,-188.82368178958893,-146.56801170864105,251.06215499343872,-197.21036268122793,-305.8450397888184,-164.61002325267793,290.8573674484253,274.8703395092011,327.8795395542145,-296.8053475971222,-142.85892459330557,-182.4681263051033,-268.41934806747435,312.933385005188,-227.6513651802063,236.82852083320617,238.02961243534088,-264.7598088142395,280.97896131210325,-156.25175263671875,-210.93373563613892,283.86116839942935,217.72475729560853]}"
reward_both,factor_1,rewarded,layer_3,True,gaussian_covariance_matched,1,1043,42,0.05273991059868677,-0.0022735490752525678,"{""covariance_ddof"":1,""empirical_rank"":64,""fit_source"":""train"",""method"":""gaussian_train_full_covariance"",""n_features"":64,""n_test"":20000,""n_train"":20000,""seed"":1043,""singular_value_cutoff"":2.55750707265786e-07,""training_mean"":[342.6819475078583,292.26282116127015,-141.00308455553056,-231.644640725708,204.7736862844467,-295.8729706298828,119.59390989408493,-204.8352788342476,-363.99880581054686,-270.53263906822207,-287.531416860199,-356.8150599311829,-219.6504583925724,242.32249803771973,139.734219927828,153.8523964682579,169.0675027217865,168.441548999691,313.575806848526,234.71400063171387,345.88922331848147,256.65424471969607,-185.65935827713014,211.58015967559814,-302.3720181526184,324.2392903194428,-279.1082602241516,175.1368130056858,-34.16803922169954,255.50360887947082,-179.69624775509834,331.5708137580872,-307.9436573253632,262.81848496799466,130.13071701420247,-363.0620802272797,-218.4246289468765,274.74514464530944,-150.59286444063187,-292.7939028060913,274.9616783225298,-188.82368178958893,-146.56801170864105,251.06215499343872,-197.21036268122793,-305.8450397888184,-164.61002325267793,290.8573674484253,274.8703395092011,327.8795395542145,-296.8053475971222,-142.85892459330557,-182.4681263051033,-268.41934806747435,312.933385005188,-227.6513651802063,236.82852083320617,238.02961243534088,-264.7598088142395,280.97896131210325,-156.25175263671875,-210.93373563613892,283.86116839942935,217.72475729560853]}"
reward_both,factor_1,rewarded,layer_3,True,gaussian_covariance_matched,2,1044,42,0.05278752329821503,-0.0031783846882735833,"{""covariance_ddof"":1,""empirical_rank"":64,""fit_source"":""train"",""method"":""gaussian_train_full_covariance"",""n_features"":64,""n_test"":20000,""n_train"":20000,""seed"":1044,""singular_value_cutoff"":2.55750707265786e-07,""training_mean"":[342.6819475078583,292.26282116127015,-141.00308455553056,-231.644640725708,204.7736862844467,-295.8729706298828,119.59390989408493,-204.8352788342476,-363.99880581054686,-270.53263906822207,-287.531416860199,-356.8150599311829,-219.6504583925724,242.32249803771973,139.734219927828,153.8523964682579,169.0675027217865,168.441548999691,313.575806848526,234.71400063171387,345.88922331848147,256.65424471969607,-185.65935827713014,211.58015967559814,-302.3720181526184,324.2392903194428,-279.1082602241516,175.1368130056858,-34.16803922169954,255.50360887947082,-179.69624775509834,331.5708137580872,-307.9436573253632,262.81848496799466,130.13071701420247,-363.0620802272797,-218.4246289468765,274.74514464530944,-150.59286444063187,-292.7939028060913,274.9616783225298,-188.82368178958893,-146.56801170864105,251.06215499343872,-197.21036268122793,-305.8450397888184,-164.61002325267793,290.8573674484253,274.8703395092011,327.8795395542145,-296.8053475971222,-142.85892459330557,-182.4681263051033,-268.41934806747435,312.933385005188,-227.6513651802063,236.82852083320617,238.02961243534088,-264.7598088142395,280.97896131210325,-156.25175263671875,-210.93373563613892,283.86116839942935,217.72475729560853]}"
reward_both,factor_1,rewarded,layer_3,True,gaussian_covariance_matched,3,1045,42,0.05272326926939228,-0.0019572959003042456,"{""covariance_ddof"":1,""empirical_rank"":64,""fit_source"":""train"",""method"":""gaussian_train_full_covariance"",""n_features"":64,""n_test"":20000,""n_train"":20000,""seed"":1045,""singular_value_cutoff"":2.55750707265786e-07,""training_mean"":[342.6819475078583,292.26282116127015,-141.00308455553056,-231.644640725708,204.7736862844467,-295.8729706298828,119.59390989408493,-204.8352788342476,-363.99880581054686,-270.53263906822207,-287.531416860199,-356.8150599311829,-219.6504583925724,242.32249803771973,139.734219927828,153.8523964682579,169.0675027217865,168.441548999691,313.575806848526,234.71400063171387,345.88922331848147,256.65424471969607,-185.65935827713014,211.58015967559814,-302.3720181526184,324.2392903194428,-279.1082602241516,175.1368130056858,-34.16803922169954,255.50360887947082,-179.69624775509834,331.5708137580872,-307.9436573253632,262.81848496799466,130.13071701420247,-363.0620802272797,-218.4246289468765,274.74514464530944,-150.59286444063187,-292.7939028060913,274.9616783225298,-188.82368178958893,-146.56801170864105,251.06215499343872,-197.21036268122793,-305.8450397888184,-164.61002325267793,290.8573674484253,274.8703395092011,327.8795395542145,-296.8053475971222,-142.85892459330557,-182.4681263051033,-268.41934806747435,312.933385005188,-227.6513651802063,236.82852083320617,238.02961243534088,-264.7598088142395,280.97896131210325,-156.25175263671875,-210.93373563613892,283.86116839942935,217.72475729560853]}"
reward_both,factor_1,rewarded,layer_3,True,gaussian_covariance_matched,4,1046,42,0.05276446154508414,-0.0027401172567211862,"{""covariance_ddof"":1,""empirical_rank"":64,""fit_source"":""train"",""method"":""gaussian_train_full_covariance"",""n_features"":64,""n_test"":20000,""n_train"":20000,""seed"":1046,""singular_value_cutoff"":2.55750707265786e-07,""training_mean"":[342.6819475078583,292.26282116127015,-141.00308455553056,-231.644640725708,204.7736862844467,-295.8729706298828,119.59390989408493,-204.8352788342476,-363.99880581054686,-270.53263906822207,-287.531416860199,-356.8150599311829,-219.6504583925724,242.32249803771973,139.734219927828,153.8523964682579,169.0675027217865,168.441548999691,313.575806848526,234.71400063171387,345.88922331848147,256.65424471969607,-185.65935827713014,211.58015967559814,-302.3720181526184,324.2392903194428,-279.1082602241516,175.1368130056858,-34.16803922169954,255.50360887947082,-179.69624775509834,331.5708137580872,-307.9436573253632,262.81848496799466,130.13071701420247,-363.0620802272797,-218.4246289468765,274.74514464530944,-150.59286444063187,-292.7939028060913,274.9616783225298,-188.82368178958893,-146.56801170864105,251.06215499343872,-197.21036268122793,-305.8450397888184,-164.61002325267793,290.8573674484253,274.8703395092011,327.8795395542145,-296.8053475971222,-142.85892459330557,-182.4681263051033,-268.41934806747435,312.933385005188,-227.6513651802063,236.82852083320617,238.02961243534088,-264.7598088142395,280.97896131210325,-156.25175263671875,-210.93373563613892,283.86116839942935,217.72475729560853]}"
reward_both,factor_1,rewarded,layer_3,True,ntp_bin_matched_activations,0,1042,42,0.027153361897291704,0.4839753027795055,"{""donor_source"":""train"",""fallback"":""training_marginal"",""key_width"":2,""method"":""train_row_resampling_conditional_on_exact_key"",""minimum_key_pool_size"":2,""n_features"":64,""n_test"":20000,""n_train"":20000,""n_train_keys"":8,""seed"":1042,""test"":{""exact_key_coverage"":1.0,""exact_key_rows"":20000,""fallback_rows"":0,""matched_fraction"":1.0,""matched_rows"":20000,""n_rows"":20000,""self_donor_rows"":0,""self_excluded_rows"":0,""singleton_fallback_rows"":0,""unseen_fallback_rows"":0},""train"":{""exact_key_coverage"":1.0,""exact_key_rows"":20000,""fallback_rows"":0,""matched_fraction"":1.0,""matched_rows"":20000,""n_rows"":20000,""self_donor_rows"":0,""self_excluded_rows"":20000,""singleton_fallback_rows"":0,""unseen_fallback_rows"":0},""training_self_exclusion"":""whenever_an_alternative_exists""}"
reward_both,factor_1,rewarded,layer_3,True,ntp_bin_matched_activations,1,1043,42,0.026999168628854788,0.48690560418967954,"{""donor_source"":""train"",""fallback"":""training_marginal"",""key_width"":2,""method"":""train_row_resampling_conditional_on_exact_key"",""minimum_key_pool_size"":2,""n_features"":64,""n_test"":20000,""n_train"":20000,""n_train_keys"":8,""seed"":1043,""test"":{""exact_key_coverage"":1.0,""exact_key_rows"":20000,""fallback_rows"":0,""matched_fraction"":1.0,""matched_rows"":20000,""n_rows"":20000,""self_donor_rows"":0,""self_excluded_rows"":0,""singleton_fallback_rows"":0,""unseen_fallback_rows"":0},""train"":{""exact_key_coverage"":1.0,""exact_key_rows"":20000,""fallback_rows"":0,""matched_fraction"":1.0,""matched_rows"":20000,""n_rows"":20000,""self_donor_rows"":0,""self_excluded_rows"":20000,""singleton_fallback_rows"":0,""unseen_fallback_rows"":0},""training_self_exclusion"":""whenever_an_alternative_exists""}"
reward_both,factor_1,rewarded,layer_3,True,ntp_bin_matched_activations,2,1044,42,0.02714028589340422,0.48422380022053757,"{""donor_source"":""train"",""fallback"":""training_marginal"",""key_width"":2,""method"":""train_row_resampling_conditional_on_exact_key"",""minimum_key_pool_size"":2,""n_features"":64,""n_test"":20000,""n_train"":20000,""n_train_keys"":8,""seed"":1044,""test"":{""exact_key_coverage"":1.0,""exact_key_rows"":20000,""fallback_rows"":0,""matched_fraction"":1.0,""matched_rows"":20000,""n_rows"":20000,""self_donor_rows"":0,""self_excluded_rows"":0,""singleton_fallback_rows"":0,""unseen_fallback_rows"":0},""train"":{""exact_key_coverage"":1.0,""exact_key_rows"":20000,""fallback_rows"":0,""matched_fraction"":1.0,""matched_rows"":20000,""n_rows"":20000,""self_donor_rows"":0,""self_excluded_rows"":20000,""singleton_fallback_rows"":0,""unseen_fallback_rows"":0},""training_self_exclusion"":""whenever_an_alternative_exists""}"
reward_both,factor_1,rewarded,layer_3,True,ntp_bin_matched_activations,3,1045,42,0.027374433626222838,0.47977403766849624,"{""donor_source"":""train"",""fallback"":""training_marginal"",""key_width"":2,""method"":""train_row_resampling_conditional_on_exact_key"",""minimum_key_pool_size"":2,""n_features"":64,""n_test"":20000,""n_train"":20000,""n_train_keys"":8,""seed"":1045,""test"":{""exact_key_coverage"":1.0,""exact_key_rows"":20000,""fallback_rows"":0,""matched_fraction"":1.0,""matched_rows"":20000,""n_rows"":20000,""self_donor_rows"":0,""self_excluded_rows"":0,""singleton_fallback_rows"":0,""unseen_fallback_rows"":0},""train"":{""exact_key_coverage"":1.0,""exact_key_rows"":20000,""fallback_rows"":0,""matched_fraction"":1.0,""matched_rows"":20000,""n_rows"":20000,""self_donor_rows"":0,""self_excluded_rows"":20000,""singleton_fallback_rows"":0,""unseen_fallback_rows"":0},""training_self_exclusion"":""whenever_an_alternative_exists""}"
reward_both,factor_1,rewarded,layer_3,True,ntp_bin_matched_activations,4,1046,42,0.026945427426029997,0.4879269063776305,"{""donor_source"":""train"",""fallback"":""training_marginal"",""key_width"":2,""method"":""train_row_resampling_conditional_on_exact_key"",""minimum_key_pool_size"":2,""n_features"":64,""n_test"":20000,""n_train"":20000,""n_train_keys"":8,""seed"":1046,""test"":{""exact_key_coverage"":1.0,""exact_key_rows"":20000,""fallback_rows"":0,""matched_fraction"":1.0,""matched_rows"":20000,""n_rows"":20000,""self_donor_rows"":0,""self_excluded_rows"":0,""singleton_fallback_rows"":0,""unseen_fallback_rows"":0},""train"":{""exact_key_coverage"":1.0,""exact_key_rows"":20000,""fallback_rows"":0,""matched_fraction"":1.0,""matched_rows"":20000,""n_rows"":20000,""self_donor_rows"":0,""self_excluded_rows"":20000,""singleton_fallback_rows"":0,""unseen_fallback_rows"":0},""training_self_exclusion"":""whenever_an_alternative_exists""}"
reward_both,factor_1,rewarded,layer_3,True,shuffled_training_labels,0,1042,42,0.053597346790261964,-0.018568336174437317,
reward_both,factor_1,rewarded,layer_3,True,shuffled_training_labels,1,1043,42,0.05291015476288282,-0.005508883013463084,
reward_both,factor_1,rewarded,layer_3,True,shuffled_training_labels,2,1044,42,0.05240242585900282,0.004140038357149933,
reward_both,factor_1,rewarded,layer_3,True,shuffled_training_labels,3,1045,42,0.05266761278846872,-0.000899595611641324,
reward_both,factor_1,rewarded,layer_3,True,shuffled_training_labels,4,1046,42,0.052925930935028634,-0.0058086946716156,
reward_both,factor_1,rewarded,layer_3,True,visible_suffix_matched_activations,0,1042,42,0.026004904085737912,0.5058006884064936,"{""donor_source"":""train"",""fallback"":""training_marginal"",""key_width"":1,""method"":""train_row_resampling_conditional_on_exact_key"",""minimum_key_pool_size"":2,""n_features"":64,""n_test"":20000,""n_train"":20000,""n_train_keys"":20,""seed"":1042,""test"":{""exact_key_coverage"":1.0,""exact_key_rows"":20000,""fallback_rows"":2,""matched_fraction"":0.9999,""matched_rows"":19998,""n_rows"":20000,""self_donor_rows"":0,""self_excluded_rows"":0,""singleton_fallback_rows"":2,""unseen_fallback_rows"":0},""train"":{""exact_key_coverage"":1.0,""exact_key_rows"":20000,""fallback_rows"":3,""matched_fraction"":0.99985,""matched_rows"":19997,""n_rows"":20000,""self_donor_rows"":0,""self_excluded_rows"":20000,""singleton_fallback_rows"":3,""unseen_fallback_rows"":0},""training_self_exclusion"":""whenever_an_alternative_exists""}"
reward_both,factor_1,rewarded,layer_3,True,visible_suffix_matched_activations,1,1043,42,0.025943526507551898,0.5069671128926905,"{""donor_source"":""train"",""fallback"":""training_marginal"",""key_width"":1,""method"":""train_row_resampling_conditional_on_exact_key"",""minimum_key_pool_size"":2,""n_features"":64,""n_test"":20000,""n_train"":20000,""n_train_keys"":20,""seed"":1043,""test"":{""exact_key_coverage"":1.0,""exact_key_rows"":20000,""fallback_rows"":2,""matched_fraction"":0.9999,""matched_rows"":19998,""n_rows"":20000,""self_donor_rows"":0,""self_excluded_rows"":0,""singleton_fallback_rows"":2,""unseen_fallback_rows"":0},""train"":{""exact_key_coverage"":1.0,""exact_key_rows"":20000,""fallback_rows"":3,""matched_fraction"":0.99985,""matched_rows"":19997,""n_rows"":20000,""self_donor_rows"":0,""self_excluded_rows"":20000,""singleton_fallback_rows"":3,""unseen_fallback_rows"":0},""training_self_exclusion"":""whenever_an_alternative_exists""}"
reward_both,factor_1,rewarded,layer_3,True,visible_suffix_matched_activations,2,1044,42,0.025804675105266118,0.5096058562311464,"{""donor_source"":""train"",""fallback"":""training_marginal"",""key_width"":1,""method"":""train_row_resampling_conditional_on_exact_key"",""minimum_key_pool_size"":2,""n_features"":64,""n_test"":20000,""n_train"":20000,""n_train_keys"":20,""seed"":1044,""test"":{""exact_key_coverage"":1.0,""exact_key_rows"":20000,""fallback_rows"":2,""matched_fraction"":0.9999,""matched_rows"":19998,""n_rows"":20000,""self_donor_rows"":0,""self_excluded_rows"":0,""singleton_fallback_rows"":2,""unseen_fallback_rows"":0},""train"":{""exact_key_coverage"":1.0,""exact_key_rows"":20000,""fallback_rows"":3,""matched_fraction"":0.99985,""matched_rows"":19997,""n_rows"":20000,""self_donor_rows"":0,""self_excluded_rows"":20000,""singleton_fallback_rows"":3,""unseen_fallback_rows"":0},""training_self_exclusion"":""whenever_an_alternative_exists""}"
reward_both,factor_1,rewarded,layer_3,True,visible_suffix_matched_activations,3,1045,42,0.026072158760425585,0.5045225751005376,"{""donor_source"":""train"",""fallback"":""training_marginal"",""key_width"":1,""method"":""train_row_resampling_conditional_on_exact_key"",""minimum_key_pool_size"":2,""n_features"":64,""n_test"":20000,""n_train"":20000,""n_train_keys"":20,""seed"":1045,""test"":{""exact_key_coverage"":1.0,""exact_key_rows"":20000,""fallback_rows"":2,""matched_fraction"":0.9999,""matched_rows"":19998,""n_rows"":20000,""self_donor_rows"":0,""self_excluded_rows"":0,""singleton_fallback_rows"":2,""unseen_fallback_rows"":0},""train"":{""exact_key_coverage"":1.0,""exact_key_rows"":20000,""fallback_rows"":3,""matched_fraction"":0.99985,""matched_rows"":19997,""n_rows"":20000,""self_donor_rows"":0,""self_excluded_rows"":20000,""singleton_fallback_rows"":3,""unseen_fallback_rows"":0},""training_self_exclusion"":""whenever_an_alternative_exists""}"
reward_both,factor_1,rewarded,layer_3,True,visible_suffix_matched_activations,4,1046,42,0.025948147259464094,0.5068792997476574,"{""donor_source"":""train"",""fallback"":""training_marginal"",""key_width"":1,""method"":""train_row_resampling_conditional_on_exact_key"",""minimum_key_pool_size"":2,""n_features"":64,""n_test"":20000,""n_train"":20000,""n_train_keys"":20,""seed"":1046,""test"":{""exact_key_coverage"":1.0,""exact_key_rows"":20000,""fallback_rows"":2,""matched_fraction"":0.9999,""matched_rows"":19998,""n_rows"":20000,""self_donor_rows"":0,""self_excluded_rows"":0,""singleton_fallback_rows"":2,""unseen_fallback_rows"":0},""train"":{""exact_key_coverage"":1.0,""exact_key_rows"":20000,""fallback_rows"":3,""matched_fraction"":0.99985,""matched_rows"":19997,""n_rows"":20000,""self_donor_rows"":0,""self_excluded_rows"":20000,""singleton_fallback_rows"":3,""unseen_fallback_rows"":0},""training_self_exclusion"":""whenever_an_alternative_exists""}"
reward_both,factor_2,rewarded,layer_1,False,dirichlet_labels,0,1042,43,0.05509014663562445,-0.001036205079552932,
reward_both,factor_2,rewarded,layer_1,False,dirichlet_labels,1,1043,43,0.055602019163793176,-0.000764369665926079,
reward_both,factor_2,rewarded,layer_1,False,dirichlet_labels,2,1044,43,0.05544332115550604,-0.0009470779990226053,
reward_both,factor_2,rewarded,layer_1,False,dirichlet_labels,3,1045,43,0.055897357396537464,-0.001434721935967831,
reward_both,factor_2,rewarded,layer_1,False,dirichlet_labels,4,1046,43,0.05530205130580765,-0.0011442350374619714,
reward_both,factor_2,rewarded,layer_1,False,gaussian_covariance_matched,0,1042,43,0.039011865120423046,-0.002607890180980066,"{""covariance_ddof"":1,""empirical_rank"":64,""fit_source"":""train"",""method"":""gaussian_train_full_covariance"",""n_features"":64,""n_test"":20000,""n_train"":20000,""seed"":1042,""singular_value_cutoff"":1.2455979277550015e-07,""training_mean"":[44.80952190922052,33.56134323811978,-42.48176781944409,-34.0737914556101,-29.58763425254859,10.572560433562472,-23.877372033066674,-0.040724693220107966,1.736754373773934,-62.74208567133397,-17.659371203516613,-87.15856255909428,-60.78589975395873,-17.80463993817307,-2.64266560632959,38.118161569841206,3.9702443077433855,-0.8604104014003653,26.987608696842194,35.265323403058204,81.70247550349235,38.96233722250312,-24.04766853538454,-13.422579927660244,-60.24884546347111,51.50371044974178,-14.656474766738153,40.66254496984482,7.652847805861384,8.696869715124368,-30.232567646512763,29.202252365518547,23.992251712252944,41.28496399369314,11.471246107383259,-64.56497855370864,3.1381098801417284,-10.231837993025966,-26.56342232881859,-18.975463109140097,22.63698856652975,12.642754804387685,-36.38686092842519,3.584656225584446,30.142129158642234,-7.618781115254762,14.94441058259681,33.979827552064506,19.394611594449728,17.421385637255383,-103.23977925847993,-27.23069660976678,-30.509400524487717,-48.395724961467835,58.80915565743186,-12.491373605430034,-2.7653665211878717,10.076117173187061,0.2843734431251903,27.78631697029322,32.40456294996478,-19.209624369509143,-7.99457259593755,54.75709211538583]}"
reward_both,factor_2,rewarded,layer_1,False,gaussian_covariance_matched,1,1043,43,0.03897548472884961,-0.0016729113603877188,"{""covariance_ddof"":1,""empirical_rank"":64,""fit_source"":""train"",""method"":""gaussian_train_full_covariance"",""n_features"":64,""n_test"":20000,""n_train"":20000,""seed"":1043,""singular_value_cutoff"":1.2455979277550015e-07,""training_mean"":[44.80952190922052,33.56134323811978,-42.48176781944409,-34.0737914556101,-29.58763425254859,10.572560433562472,-23.877372033066674,-0.040724693220107966,1.736754373773934,-62.74208567133397,-17.659371203516613,-87.15856255909428,-60.78589975395873,-17.80463993817307,-2.64266560632959,38.118161569841206,3.9702443077433855,-0.8604104014003653,26.987608696842194,35.265323403058204,81.70247550349235,38.96233722250312,-24.04766853538454,-13.422579927660244,-60.24884546347111,51.50371044974178,-14.656474766738153,40.66254496984482,7.652847805861384,8.696869715124368,-30.232567646512763,29.202252365518547,23.992251712252944,41.28496399369314,11.471246107383259,-64.56497855370864,3.1381098801417284,-10.231837993025966,-26.56342232881859,-18.975463109140097,22.63698856652975,12.642754804387685,-36.38686092842519,3.584656225584446,30.142129158642234,-7.618781115254762,14.94441058259681,33.979827552064506,19.394611594449728,17.421385637255383,-103.23977925847993,-27.23069660976678,-30.509400524487717,-48.395724961467835,58.80915565743186,-12.491373605430034,-2.7653665211878717,10.076117173187061,0.2843734431251903,27.78631697029322,32.40456294996478,-19.209624369509143,-7.99457259593755,54.75709211538583]}"
reward_both,factor_2,rewarded,layer_1,False,gaussian_covariance_matched,2,1044,43,0.03896892888914052,-0.0015044257830176821,"{""covariance_ddof"":1,""empirical_rank"":64,""fit_source"":""train"",""method"":""gaussian_train_full_covariance"",""n_features"":64,""n_test"":20000,""n_train"":20000,""seed"":1044,""singular_value_cutoff"":1.2455979277550015e-07,""training_mean"":[44.80952190922052,33.56134323811978,-42.48176781944409,-34.0737914556101,-29.58763425254859,10.572560433562472,-23.877372033066674,-0.040724693220107966,1.736754373773934,-62.74208567133397,-17.659371203516613,-87.15856255909428,-60.78589975395873,-17.80463993817307,-2.64266560632959,38.118161569841206,3.9702443077433855,-0.8604104014003653,26.987608696842194,35.265323403058204,81.70247550349235,38.96233722250312,-24.04766853538454,-13.422579927660244,-60.24884546347111,51.50371044974178,-14.656474766738153,40.66254496984482,7.652847805861384,8.696869715124368,-30.232567646512763,29.202252365518547,23.992251712252944,41.28496399369314,11.471246107383259,-64.56497855370864,3.1381098801417284,-10.231837993025966,-26.56342232881859,-18.975463109140097,22.63698856652975,12.642754804387685,-36.38686092842519,3.584656225584446,30.142129158642234,-7.618781115254762,14.94441058259681,33.979827552064506,19.394611594449728,17.421385637255383,-103.23977925847993,-27.23069660976678,-30.509400524487717,-48.395724961467835,58.80915565743186,-12.491373605430034,-2.7653665211878717,10.076117173187061,0.2843734431251903,27.78631697029322,32.40456294996478,-19.209624369509143,-7.99457259593755,54.75709211538583]}"
reward_both,factor_2,rewarded,layer_1,False,gaussian_covariance_matched,3,1045,43,0.03898578083017665,-0.001937521944801679,"{""covariance_ddof"":1,""empirical_rank"":64,""fit_source"":""train"",""method"":""gaussian_train_full_covariance"",""n_features"":64,""n_test"":20000,""n_train"":20000,""seed"":1045,""singular_value_cutoff"":1.2455979277550015e-07,""training_mean"":[44.80952190922052,33.56134323811978,-42.48176781944409,-34.0737914556101,-29.58763425254859,10.572560433562472,-23.877372033066674,-0.040724693220107966,1.736754373773934,-62.74208567133397,-17.659371203516613,-87.15856255909428,-60.78589975395873,-17.80463993817307,-2.64266560632959,38.118161569841206,3.9702443077433855,-0.8604104014003653,26.987608696842194,35.265323403058204,81.70247550349235,38.96233722250312,-24.04766853538454,-13.422579927660244,-60.24884546347111,51.50371044974178,-14.656474766738153,40.66254496984482,7.652847805861384,8.696869715124368,-30.232567646512763,29.202252365518547,23.992251712252944,41.28496399369314,11.471246107383259,-64.56497855370864,3.1381098801417284,-10.231837993025966,-26.56342232881859,-18.975463109140097,22.63698856652975,12.642754804387685,-36.38686092842519,3.584656225584446,30.142129158642234,-7.618781115254762,14.94441058259681,33.979827552064506,19.394611594449728,17.421385637255383,-103.23977925847993,-27.23069660976678,-30.509400524487717,-48.395724961467835,58.80915565743186,-12.491373605430034,-2.7653665211878717,10.076117173187061,0.2843734431251903,27.78631697029322,32.40456294996478,-19.209624369509143,-7.99457259593755,54.75709211538583]}"
reward_both,factor_2,rewarded,layer_1,False,gaussian_covariance_matched,4,1046,43,0.0389612947199967,-0.0013082270574520383,"{""covariance_ddof"":1,""empirical_rank"":64,""fit_source"":""train"",""method"":""gaussian_train_full_covariance"",""n_features"":64,""n_test"":20000,""n_train"":20000,""seed"":1046,""singular_value_cutoff"":1.2455979277550015e-07,""training_mean"":[44.80952190922052,33.56134323811978,-42.48176781944409,-34.0737914556101,-29.58763425254859,10.572560433562472,-23.877372033066674,-0.040724693220107966,1.736754373773934,-62.74208567133397,-17.659371203516613,-87.15856255909428,-60.78589975395873,-17.80463993817307,-2.64266560632959,38.118161569841206,3.9702443077433855,-0.8604104014003653,26.987608696842194,35.265323403058204,81.70247550349235,38.96233722250312,-24.04766853538454,-13.422579927660244,-60.24884546347111,51.50371044974178,-14.656474766738153,40.66254496984482,7.652847805861384,8.696869715124368,-30.232567646512763,29.202252365518547,23.992251712252944,41.28496399369314,11.471246107383259,-64.56497855370864,3.1381098801417284,-10.231837993025966,-26.56342232881859,-18.975463109140097,22.63698856652975,12.642754804387685,-36.38686092842519,3.584656225584446,30.142129158642234,-7.618781115254762,14.94441058259681,33.979827552064506,19.394611594449728,17.421385637255383,-103.23977925847993,-27.23069660976678,-30.509400524487717,-48.395724961467835,58.80915565743186,-12.491373605430034,-2.7653665211878717,10.076117173187061,0.2843734431251903,27.78631697029322,32.40456294996478,-19.209624369509143,-7.99457259593755,54.75709211538583]}"
reward_both,factor_2,rewarded,layer_1,False,ntp_bin_matched_activations,0,1042,43,0.011045229296890866,0.7161367699868431,"{""donor_source"":""train"",""fallback"":""training_marginal"",""key_width"":2,""method"":""train_row_resampling_conditional_on_exact_key"",""minimum_key_pool_size"":2,""n_features"":64,""n_test"":20000,""n_train"":20000,""n_train_keys"":8,""seed"":1042,""test"":{""exact_key_coverage"":1.0,""exact_key_rows"":20000,""fallback_rows"":0,""matched_fraction"":1.0,""matched_rows"":20000,""n_rows"":20000,""self_donor_rows"":0,""self_excluded_rows"":0,""singleton_fallback_rows"":0,""unseen_fallback_rows"":0},""train"":{""exact_key_coverage"":1.0,""exact_key_rows"":20000,""fallback_rows"":0,""matched_fraction"":1.0,""matched_rows"":20000,""n_rows"":20000,""self_donor_rows"":0,""self_excluded_rows"":20000,""singleton_fallback_rows"":0,""unseen_fallback_rows"":0},""training_self_exclusion"":""whenever_an_alternative_exists""}"
reward_both,factor_2,rewarded,layer_1,False,ntp_bin_matched_activations,1,1043,43,0.011131274763051955,0.7139253949853888,"{""donor_source"":""train"",""fallback"":""training_marginal"",""key_width"":2,""method"":""train_row_resampling_conditional_on_exact_key"",""minimum_key_pool_size"":2,""n_features"":64,""n_test"":20000,""n_train"":20000,""n_train_keys"":8,""seed"":1043,""test"":{""exact_key_coverage"":1.0,""exact_key_rows"":20000,""fallback_rows"":0,""matched_fraction"":1.0,""matched_rows"":20000,""n_rows"":20000,""self_donor_rows"":0,""self_excluded_rows"":0,""singleton_fallback_rows"":0,""unseen_fallback_rows"":0},""train"":{""exact_key_coverage"":1.0,""exact_key_rows"":20000,""fallback_rows"":0,""matched_fraction"":1.0,""matched_rows"":20000,""n_rows"":20000,""self_donor_rows"":0,""self_excluded_rows"":20000,""singleton_fallback_rows"":0,""unseen_fallback_rows"":0},""training_self_exclusion"":""whenever_an_alternative_exists""}"
reward_both,factor_2,rewarded,layer_1,False,ntp_bin_matched_activations,2,1044,43,0.011116495887383827,0.714305213210104,"{""donor_source"":""train"",""fallback"":""training_marginal"",""key_width"":2,""method"":""train_row_resampling_conditional_on_exact_key"",""minimum_key_pool_size"":2,""n_features"":64,""n_test"":20000,""n_train"":20000,""n_train_keys"":8,""seed"":1044,""test"":{""exact_key_coverage"":1.0,""exact_key_rows"":20000,""fallback_rows"":0,""matched_fraction"":1.0,""matched_rows"":20000,""n_rows"":20000,""self_donor_rows"":0,""self_excluded_rows"":0,""singleton_fallback_rows"":0,""unseen_fallback_rows"":0},""train"":{""exact_key_coverage"":1.0,""exact_key_rows"":20000,""fallback_rows"":0,""matched_fraction"":1.0,""matched_rows"":20000,""n_rows"":20000,""self_donor_rows"":0,""self_excluded_rows"":20000,""singleton_fallback_rows"":0,""unseen_fallback_rows"":0},""training_self_exclusion"":""whenever_an_alternative_exists""}"
reward_both,factor_2,rewarded,layer_1,False,ntp_bin_matched_activations,3,1045,43,0.011172988940323245,0.712853337468131,"{""donor_source"":""train"",""fallback"":""training_marginal"",""key_width"":2,""method"":""train_row_resampling_conditional_on_exact_key"",""minimum_key_pool_size"":2,""n_features"":64,""n_test"":20000,""n_train"":20000,""n_train_keys"":8,""seed"":1045,""test"":{""exact_key_coverage"":1.0,""exact_key_rows"":20000,""fallback_rows"":0,""matched_fraction"":1.0,""matched_rows"":20000,""n_rows"":20000,""self_donor_rows"":0,""self_excluded_rows"":0,""singleton_fallback_rows"":0,""unseen_fallback_rows"":0},""train"":{""exact_key_coverage"":1.0,""exact_key_rows"":20000,""fallback_rows"":0,""matched_fraction"":1.0,""matched_rows"":20000,""n_rows"":20000,""self_donor_rows"":0,""self_excluded_rows"":20000,""singleton_fallback_rows"":0,""unseen_fallback_rows"":0},""training_self_exclusion"":""whenever_an_alternative_exists""}"
reward_both,factor_2,rewarded,layer_1,False,ntp_bin_matched_activations,4,1046,43,0.0111643688635411,0.7130748740947204,"{""donor_source"":""train"",""fallback"":""training_marginal"",""key_width"":2,""method"":""train_row_resampling_conditional_on_exact_key"",""minimum_key_pool_size"":2,""n_features"":64,""n_test"":20000,""n_train"":20000,""n_train_keys"":8,""seed"":1046,""test"":{""exact_key_coverage"":1.0,""exact_key_rows"":20000,""fallback_rows"":0,""matched_fraction"":1.0,""matched_rows"":20000,""n_rows"":20000,""self_donor_rows"":0,""self_excluded_rows"":0,""singleton_fallback_rows"":0,""unseen_fallback_rows"":0},""train"":{""exact_key_coverage"":1.0,""exact_key_rows"":20000,""fallback_rows"":0,""matched_fraction"":1.0,""matched_rows"":20000,""n_rows"":20000,""self_donor_rows"":0,""self_excluded_rows"":20000,""singleton_fallback_rows"":0,""unseen_fallback_rows"":0},""training_self_exclusion"":""whenever_an_alternative_exists""}"
reward_both,factor_2,rewarded,layer_1,False,shuffled_training_labels,0,1042,43,0.03896902696509219,-0.001506946342408444,
reward_both,factor_2,rewarded,layer_1,False,shuffled_training_labels,1,1043,43,0.03911840053638919,-0.005345858445292784,
reward_both,factor_2,rewarded,layer_1,False,shuffled_training_labels,2,1044,43,0.039270855860731035,-0.009263971834986062,
reward_both,factor_2,rewarded,layer_1,False,shuffled_training_labels,3,1045,43,0.038743195688718715,0.004296934575429345,
reward_both,factor_2,rewarded,layer_1,False,shuffled_training_labels,4,1046,43,0.03863347988404239,0.007116639070625319,
reward_both,factor_2,rewarded,layer_1,False,visible_suffix_matched_activations,0,1042,43,0.013616235528317368,0.6500617149907357,"{""donor_source"":""train"",""fallback"":""training_marginal"",""key_width"":1,""method"":""train_row_resampling_conditional_on_exact_key"",""minimum_key_pool_size"":2,""n_features"":64,""n_test"":20000,""n_train"":20000,""n_train_keys"":20,""seed"":1042,""test"":{""exact_key_coverage"":1.0,""exact_key_rows"":20000,""fallback_rows"":2,""matched_fraction"":0.9999,""matched_rows"":19998,""n_rows"":20000,""self_donor_rows"":0,""self_excluded_rows"":0,""singleton_fallback_rows"":2,""unseen_fallback_rows"":0},""train"":{""exact_key_coverage"":1.0,""exact_key_rows"":20000,""fallback_rows"":3,""matched_fraction"":0.99985,""matched_rows"":19997,""n_rows"":20000,""self_donor_rows"":0,""self_excluded_rows"":20000,""singleton_fallback_rows"":3,""unseen_fallback_rows"":0},""training_self_exclusion"":""whenever_an_alternative_exists""}"
reward_both,factor_2,rewarded,layer_1,False,visible_suffix_matched_activations,1,1043,43,0.013635033897773466,0.6495785954710449,"{""donor_source"":""train"",""fallback"":""training_marginal"",""key_width"":1,""method"":""train_row_resampling_conditional_on_exact_key"",""minimum_key_pool_size"":2,""n_features"":64,""n_test"":20000,""n_train"":20000,""n_train_keys"":20,""seed"":1043,""test"":{""exact_key_coverage"":1.0,""exact_key_rows"":20000,""fallback_rows"":2,""matched_fraction"":0.9999,""matched_rows"":19998,""n_rows"":20000,""self_donor_rows"":0,""self_excluded_rows"":0,""singleton_fallback_rows"":2,""unseen_fallback_rows"":0},""train"":{""exact_key_coverage"":1.0,""exact_key_rows"":20000,""fallback_rows"":3,""matched_fraction"":0.99985,""matched_rows"":19997,""n_rows"":20000,""self_donor_rows"":0,""self_excluded_rows"":20000,""singleton_fallback_rows"":3,""unseen_fallback_rows"":0},""training_self_exclusion"":""whenever_an_alternative_exists""}"
reward_both,factor_2,rewarded,layer_1,False,visible_suffix_matched_activations,2,1044,43,0.013590105702545027,0.6507332534933818,"{""donor_source"":""train"",""fallback"":""training_marginal"",""key_width"":1,""method"":""train_row_resampling_conditional_on_exact_key"",""minimum_key_pool_size"":2,""n_features"":64,""n_test"":20000,""n_train"":20000,""n_train_keys"":20,""seed"":1044,""test"":{""exact_key_coverage"":1.0,""exact_key_rows"":20000,""fallback_rows"":2,""matched_fraction"":0.9999,""matched_rows"":19998,""n_rows"":20000,""self_donor_rows"":0,""self_excluded_rows"":0,""singleton_fallback_rows"":2,""unseen_fallback_rows"":0},""train"":{""exact_key_coverage"":1.0,""exact_key_rows"":20000,""fallback_rows"":3,""matched_fraction"":0.99985,""matched_rows"":19997,""n_rows"":20000,""self_donor_rows"":0,""self_excluded_rows"":20000,""singleton_fallback_rows"":3,""unseen_fallback_rows"":0},""training_self_exclusion"":""whenever_an_alternative_exists""}"
reward_both,factor_2,rewarded,layer_1,False,visible_suffix_matched_activations,3,1045,43,0.013529596496424028,0.6522883446764932,"{""donor_source"":""train"",""fallback"":""training_marginal"",""key_width"":1,""method"":""train_row_resampling_conditional_on_exact_key"",""minimum_key_pool_size"":2,""n_features"":64,""n_test"":20000,""n_train"":20000,""n_train_keys"":20,""seed"":1045,""test"":{""exact_key_coverage"":1.0,""exact_key_rows"":20000,""fallback_rows"":2,""matched_fraction"":0.9999,""matched_rows"":19998,""n_rows"":20000,""self_donor_rows"":0,""self_excluded_rows"":0,""singleton_fallback_rows"":2,""unseen_fallback_rows"":0},""train"":{""exact_key_coverage"":1.0,""exact_key_rows"":20000,""fallback_rows"":3,""matched_fraction"":0.99985,""matched_rows"":19997,""n_rows"":20000,""self_donor_rows"":0,""self_excluded_rows"":20000,""singleton_fallback_rows"":3,""unseen_fallback_rows"":0},""training_self_exclusion"":""whenever_an_alternative_exists""}"
reward_both,factor_2,rewarded,layer_1,False,visible_suffix_matched_activations,4,1046,43,0.013541766915053308,0.651975563995363,"{""donor_source"":""train"",""fallback"":""training_marginal"",""key_width"":1,""method"":""train_row_resampling_conditional_on_exact_key"",""minimum_key_pool_size"":2,""n_features"":64,""n_test"":20000,""n_train"":20000,""n_train_keys"":20,""seed"":1046,""test"":{""exact_key_coverage"":1.0,""exact_key_rows"":20000,""fallback_rows"":2,""matched_fraction"":0.9999,""matched_rows"":19998,""n_rows"":20000,""self_donor_rows"":0,""self_excluded_rows"":0,""singleton_fallback_rows"":2,""unseen_fallback_rows"":0},""train"":{""exact_key_coverage"":1.0,""exact_key_rows"":20000,""fallback_rows"":3,""matched_fraction"":0.99985,""matched_rows"":19997,""n_rows"":20000,""self_donor_rows"":0,""self_excluded_rows"":20000,""singleton_fallback_rows"":3,""unseen_fallback_rows"":0},""training_self_exclusion"":""whenever_an_alternative_exists""}"
reward_both,factor_2,rewarded,layer_2,False,dirichlet_labels,0,1042,43,0.05512260780547486,-0.0016260529609612995,
reward_both,factor_2,rewarded,layer_2,False,dirichlet_labels,1,1043,43,0.0556432296949071,-0.001506105880079156,
reward_both,factor_2,rewarded,layer_2,False,dirichlet_labels,2,1044,43,0.055487004879443386,-0.001735722959676389,
reward_both,factor_2,rewarded,layer_2,False,dirichlet_labels,3,1045,43,0.055931020709652696,-0.0020378204039301906,
reward_both,factor_2,rewarded,layer_2,False,dirichlet_labels,4,1046,43,0.05533956638544293,-0.0018233781219769707,
reward_both,factor_2,rewarded,layer_2,False,gaussian_covariance_matched,0,1042,43,0.03904519483681149,-0.0034644664181171514,"{""covariance_ddof"":1,""empirical_rank"":64,""fit_source"":""train"",""method"":""gaussian_train_full_covariance"",""n_features"":64,""n_test"":20000,""n_train"":20000,""seed"":1042,""singular_value_cutoff"":1.1553395305896105e-07,""training_mean"":[88.86266372671128,45.36975202604532,-29.092432481265067,-43.967594033375384,9.009850824180246,-42.947060555243496,-2.7560431796647613,-21.82415117443055,-38.272076584011316,-56.904443135853114,-65.84873237537741,-93.73760582113266,-62.06372540343702,25.970095870529114,19.53480269311699,44.68224814097732,20.973591440831125,13.96908338379264,51.12279340384006,60.14078037672043,141.25808479499818,38.83478147199452,-20.285153416208175,-9.581219407045841,-46.562513660765816,66.46175693114698,-50.8962261097908,26.787680530714987,8.935644019846059,2.511500877135809,-42.794345601475236,57.31495842451155,-42.261647185528275,50.16650028773397,49.06266561567784,-66.15667074427903,-38.258516117665174,47.62250585362017,-37.47619117811918,-33.5759221267879,27.974701499831674,-6.050342821472883,-8.091790814691782,40.02775685400367,-19.14170785240978,-62.24151826624274,19.451197972911597,31.892972222846748,75.37061995063424,25.825537420323492,-97.14876065870524,-26.655888555394114,-30.6354100799799,-57.506832383602855,63.45407829010338,-15.162233365270865,12.572279645238817,35.59434075348378,-48.86823335637748,56.303460701587795,15.711100666475296,-24.43866387812197,-15.616995617090165,60.020353571400044]}"
reward_both,factor_2,rewarded,layer_2,False,gaussian_covariance_matched,1,1043,43,0.03899497930422887,-0.002173923425067059,"{""covariance_ddof"":1,""empirical_rank"":64,""fit_source"":""train"",""method"":""gaussian_train_full_covariance"",""n_features"":64,""n_test"":20000,""n_train"":20000,""seed"":1043,""singular_value_cutoff"":1.1553395305896105e-07,""training_mean"":[88.86266372671128,45.36975202604532,-29.092432481265067,-43.967594033375384,9.009850824180246,-42.947060555243496,-2.7560431796647613,-21.82415117443055,-38.272076584011316,-56.904443135853114,-65.84873237537741,-93.73760582113266,-62.06372540343702,25.970095870529114,19.53480269311699,44.68224814097732,20.973591440831125,13.96908338379264,51.12279340384006,60.14078037672043,141.25808479499818,38.83478147199452,-20.285153416208175,-9.581219407045841,-46.562513660765816,66.46175693114698,-50.8962261097908,26.787680530714987,8.935644019846059,2.511500877135809,-42.794345601475236,57.31495842451155,-42.261647185528275,50.16650028773397,49.06266561567784,-66.15667074427903,-38.258516117665174,47.62250585362017,-37.47619117811918,-33.5759221267879,27.974701499831674,-6.050342821472883,-8.091790814691782,40.02775685400367,-19.14170785240978,-62.24151826624274,19.451197972911597,31.892972222846748,75.37061995063424,25.825537420323492,-97.14876065870524,-26.655888555394114,-30.6354100799799,-57.506832383602855,63.45407829010338,-15.162233365270865,12.572279645238817,35.59434075348378,-48.86823335637748,56.303460701587795,15.711100666475296,-24.43866387812197,-15.616995617090165,60.020353571400044]}"
reward_both,factor_2,rewarded,layer_2,False,gaussian_covariance_matched,2,1044,43,0.03899349207170014,-0.0021357014363658777,"{""covariance_ddof"":1,""empirical_rank"":64,""fit_source"":""train"",""method"":""gaussian_train_full_covariance"",""n_features"":64,""n_test"":20000,""n_train"":20000,""seed"":1044,""singular_value_cutoff"":1.1553395305896105e-07,""training_mean"":[88.86266372671128,45.36975202604532,-29.092432481265067,-43.967594033375384,9.009850824180246,-42.947060555243496,-2.7560431796647613,-21.82415117443055,-38.272076584011316,-56.904443135853114,-65.84873237537741,-93.73760582113266,-62.06372540343702,25.970095870529114,19.53480269311699,44.68224814097732,20.973591440831125,13.96908338379264,51.12279340384006,60.14078037672043,141.25808479499818,38.83478147199452,-20.285153416208175,-9.581219407045841,-46.562513660765816,66.46175693114698,-50.8962261097908,26.787680530714987,8.935644019846059,2.511500877135809,-42.794345601475236,57.31495842451155,-42.261647185528275,50.16650028773397,49.06266561567784,-66.15667074427903,-38.258516117665174,47.62250585362017,-37.47619117811918,-33.5759221267879,27.974701499831674,-6.050342821472883,-8.091790814691782,40.02775685400367,-19.14170785240978,-62.24151826624274,19.451197972911597,31.892972222846748,75.37061995063424,25.825537420323492,-97.14876065870524,-26.655888555394114,-30.6354100799799,-57.506832383602855,63.45407829010338,-15.162233365270865,12.572279645238817,35.59434075348378,-48.86823335637748,56.303460701587795,15.711100666475296,-24.43866387812197,-15.616995617090165,60.020353571400044]}"
reward_both,factor_2,rewarded,layer_2,False,gaussian_covariance_matched,3,1045,43,0.03901640793847303,-0.002724640949150592,"{""covariance_ddof"":1,""empirical_rank"":64,""fit_source"":""train"",""method"":""gaussian_train_full_covariance"",""n_features"":64,""n_test"":20000,""n_train"":20000,""seed"":1045,""singular_value_cutoff"":1.1553395305896105e-07,""training_mean"":[88.86266372671128,45.36975202604532,-29.092432481265067,-43.967594033375384,9.009850824180246,-42.947060555243496,-2.7560431796647613,-21.82415117443055,-38.272076584011316,-56.904443135853114,-65.84873237537741,-93.73760582113266,-62.06372540343702,25.970095870529114,19.53480269311699,44.68224814097732,20.973591440831125,13.96908338379264,51.12279340384006,60.14078037672043,141.25808479499818,38.83478147199452,-20.285153416208175,-9.581219407045841,-46.562513660765816,66.46175693114698,-50.8962261097908,26.787680530714987,8.935644019846059,2.511500877135809,-42.794345601475236,57.31495842451155,-42.261647185528275,50.16650028773397,49.06266561567784,-66.15667074427903,-38.258516117665174,47.62250585362017,-37.47619117811918,-33.5759221267879,27.974701499831674,-6.050342821472883,-8.091790814691782,40.02775685400367,-19.14170785240978,-62.24151826624274,19.451197972911597,31.892972222846748,75.37061995063424,25.825537420323492,-97.14876065870524,-26.655888555394114,-30.6354100799799,-57.506832383602855,63.45407829010338,-15.162233365270865,12.572279645238817,35.59434075348378,-48.86823335637748,56.303460701587795,15.711100666475296,-24.43866387812197,-15.616995617090165,60.020353571400044]}"
reward_both,factor_2,rewarded,layer_2,False,gaussian_covariance_matched,4,1046,43,0.03898570958249811,-0.0019356908740635337,"{""covariance_ddof"":1,""empirical_rank"":64,""fit_source"":""train"",""method"":""gaussian_train_full_covariance"",""n_features"":64,""n_test"":20000,""n_train"":20000,""seed"":1046,""singular_value_cutoff"":1.1553395305896105e-07,""training_mean"":[88.86266372671128,45.36975202604532,-29.092432481265067,-43.967594033375384,9.009850824180246,-42.947060555243496,-2.7560431796647613,-21.82415117443055,-38.272076584011316,-56.904443135853114,-65.84873237537741,-93.73760582113266,-62.06372540343702,25.970095870529114,19.53480269311699,44.68224814097732,20.973591440831125,13.96908338379264,51.12279340384006,60.14078037672043,141.25808479499818,38.83478147199452,-20.285153416208175,-9.581219407045841,-46.562513660765816,66.46175693114698,-50.8962261097908,26.787680530714987,8.935644019846059,2.511500877135809,-42.794345601475236,57.31495842451155,-42.261647185528275,50.16650028773397,49.06266561567784,-66.15667074427903,-38.258516117665174,47.62250585362017,-37.47619117811918,-33.5759221267879,27.974701499831674,-6.050342821472883,-8.091790814691782,40.02775685400367,-19.14170785240978,-62.24151826624274,19.451197972911597,31.892972222846748,75.37061995063424,25.825537420323492,-97.14876065870524,-26.655888555394114,-30.6354100799799,-57.506832383602855,63.45407829010338,-15.162233365270865,12.572279645238817,35.59434075348378,-48.86823335637748,56.303460701587795,15.711100666475296,-24.43866387812197,-15.616995617090165,60.020353571400044]}"
reward_both,factor_2,rewarded,layer_2,False,ntp_bin_matched_activations,0,1042,43,0.01182328768803706,0.6961406103677965,"{""donor_source"":""train"",""fallback"":""training_marginal"",""key_width"":2,""method"":""train_row_resampling_conditional_on_exact_key"",""minimum_key_pool_size"":2,""n_features"":64,""n_test"":20000,""n_train"":20000,""n_train_keys"":8,""seed"":1042,""test"":{""exact_key_coverage"":1.0,""exact_key_rows"":20000,""fallback_rows"":0,""matched_fraction"":1.0,""matched_rows"":20000,""n_rows"":20000,""self_donor_rows"":0,""self_excluded_rows"":0,""singleton_fallback_rows"":0,""unseen_fallback_rows"":0},""train"":{""exact_key_coverage"":1.0,""exact_key_rows"":20000,""fallback_rows"":0,""matched_fraction"":1.0,""matched_rows"":20000,""n_rows"":20000,""self_donor_rows"":0,""self_excluded_rows"":20000,""singleton_fallback_rows"":0,""unseen_fallback_rows"":0},""training_self_exclusion"":""whenever_an_alternative_exists""}"
reward_both,factor_2,rewarded,layer_2,False,ntp_bin_matched_activations,1,1043,43,0.011918714865076684,0.6936881246857537,"{""donor_source"":""train"",""fallback"":""training_marginal"",""key_width"":2,""method"":""train_row_resampling_conditional_on_exact_key"",""minimum_key_pool_size"":2,""n_features"":64,""n_test"":20000,""n_train"":20000,""n_train_keys"":8,""seed"":1043,""test"":{""exact_key_coverage"":1.0,""exact_key_rows"":20000,""fallback_rows"":0,""matched_fraction"":1.0,""matched_rows"":20000,""n_rows"":20000,""self_donor_rows"":0,""self_excluded_rows"":0,""singleton_fallback_rows"":0,""unseen_fallback_rows"":0},""train"":{""exact_key_coverage"":1.0,""exact_key_rows"":20000,""fallback_rows"":0,""matched_fraction"":1.0,""matched_rows"":20000,""n_rows"":20000,""self_donor_rows"":0,""self_excluded_rows"":20000,""singleton_fallback_rows"":0,""unseen_fallback_rows"":0},""training_self_exclusion"":""whenever_an_alternative_exists""}"
reward_both,factor_2,rewarded,layer_2,False,ntp_bin_matched_activations,2,1044,43,0.011865333058952819,0.6950600411487756,"{""donor_source"":""train"",""fallback"":""training_marginal"",""key_width"":2,""method"":""train_row_resampling_conditional_on_exact_key"",""minimum_key_pool_size"":2,""n_features"":64,""n_test"":20000,""n_train"":20000,""n_train_keys"":8,""seed"":1044,""test"":{""exact_key_coverage"":1.0,""exact_key_rows"":20000,""fallback_rows"":0,""matched_fraction"":1.0,""matched_rows"":20000,""n_rows"":20000,""self_donor_rows"":0,""self_excluded_rows"":0,""singleton_fallback_rows"":0,""unseen_fallback_rows"":0},""train"":{""exact_key_coverage"":1.0,""exact_key_rows"":20000,""fallback_rows"":0,""matched_fraction"":1.0,""matched_rows"":20000,""n_rows"":20000,""self_donor_rows"":0,""self_excluded_rows"":20000,""singleton_fallback_rows"":0,""unseen_fallback_rows"":0},""training_self_exclusion"":""whenever_an_alternative_exists""}"
reward_both,factor_2,rewarded,layer_2,False,ntp_bin_matched_activations,3,1045,43,0.011820067367448645,0.6962233728509768,"{""donor_source"":""train"",""fallback"":""training_marginal"",""key_width"":2,""method"":""train_row_resampling_conditional_on_exact_key"",""minimum_key_pool_size"":2,""n_features"":64,""n_test"":20000,""n_train"":20000,""n_train_keys"":8,""seed"":1045,""test"":{""exact_key_coverage"":1.0,""exact_key_rows"":20000,""fallback_rows"":0,""matched_fraction"":1.0,""matched_rows"":20000,""n_rows"":20000,""self_donor_rows"":0,""self_excluded_rows"":0,""singleton_fallback_rows"":0,""unseen_fallback_rows"":0},""train"":{""exact_key_coverage"":1.0,""exact_key_rows"":20000,""fallback_rows"":0,""matched_fraction"":1.0,""matched_rows"":20000,""n_rows"":20000,""self_donor_rows"":0,""self_excluded_rows"":20000,""singleton_fallback_rows"":0,""unseen_fallback_rows"":0},""training_self_exclusion"":""whenever_an_alternative_exists""}"
reward_both,factor_2,rewarded,layer_2,False,ntp_bin_matched_activations,4,1046,43,0.011890845079504466,0.6944043802871227,"{""donor_source"":""train"",""fallback"":""training_marginal"",""key_width"":2,""method"":""train_row_resampling_conditional_on_exact_key"",""minimum_key_pool_size"":2,""n_features"":64,""n_test"":20000,""n_train"":20000,""n_train_keys"":8,""seed"":1046,""test"":{""exact_key_coverage"":1.0,""exact_key_rows"":20000,""fallback_rows"":0,""matched_fraction"":1.0,""matched_rows"":20000,""n_rows"":20000,""self_donor_rows"":0,""self_excluded_rows"":0,""singleton_fallback_rows"":0,""unseen_fallback_rows"":0},""train"":{""exact_key_coverage"":1.0,""exact_key_rows"":20000,""fallback_rows"":0,""matched_fraction"":1.0,""matched_rows"":20000,""n_rows"":20000,""self_donor_rows"":0,""self_excluded_rows"":20000,""singleton_fallback_rows"":0,""unseen_fallback_rows"":0},""training_self_exclusion"":""whenever_an_alternative_exists""}"
reward_both,factor_2,rewarded,layer_2,False,shuffled_training_labels,0,1042,43,0.03895047943628235,-0.0010302734463367713,
reward_both,factor_2,rewarded,layer_2,False,shuffled_training_labels,1,1043,43,0.03912334734418857,-0.005472991780639758,
reward_both,factor_2,rewarded,layer_2,False,shuffled_training_labels,2,1044,43,0.03933486397892228,-0.010908985323474285,
reward_both,factor_2,rewarded,layer_2,False,shuffled_training_labels,3,1045,43,0.03868581742047788,0.005771560417736632,
reward_both,factor_2,rewarded,layer_2,False,shuffled_training_labels,4,1046,43,0.03885235643663099,0.00149149508113533,
reward_both,factor_2,rewarded,layer_2,False,visible_suffix_matched_activations,0,1042,43,0.014095853866019168,0.6377354873630396,"{""donor_source"":""train"",""fallback"":""training_marginal"",""key_width"":1,""method"":""train_row_resampling_conditional_on_exact_key"",""minimum_key_pool_size"":2,""n_features"":64,""n_test"":20000,""n_train"":20000,""n_train_keys"":20,""seed"":1042,""test"":{""exact_key_coverage"":1.0,""exact_key_rows"":20000,""fallback_rows"":2,""matched_fraction"":0.9999,""matched_rows"":19998,""n_rows"":20000,""self_donor_rows"":0,""self_excluded_rows"":0,""singleton_fallback_rows"":2,""unseen_fallback_rows"":0},""train"":{""exact_key_coverage"":1.0,""exact_key_rows"":20000,""fallback_rows"":3,""matched_fraction"":0.99985,""matched_rows"":19997,""n_rows"":20000,""self_donor_rows"":0,""self_excluded_rows"":20000,""singleton_fallback_rows"":3,""unseen_fallback_rows"":0},""training_self_exclusion"":""whenever_an_alternative_exists""}"
reward_both,factor_2,rewarded,layer_2,False,visible_suffix_matched_activations,1,1043,43,0.014177643471365573,0.6356334883070609,"{""donor_source"":""train"",""fallback"":""training_marginal"",""key_width"":1,""method"":""train_row_resampling_conditional_on_exact_key"",""minimum_key_pool_size"":2,""n_features"":64,""n_test"":20000,""n_train"":20000,""n_train_keys"":20,""seed"":1043,""test"":{""exact_key_coverage"":1.0,""exact_key_rows"":20000,""fallback_rows"":2,""matched_fraction"":0.9999,""matched_rows"":19998,""n_rows"":20000,""self_donor_rows"":0,""self_excluded_rows"":0,""singleton_fallback_rows"":2,""unseen_fallback_rows"":0},""train"":{""exact_key_coverage"":1.0,""exact_key_rows"":20000,""fallback_rows"":3,""matched_fraction"":0.99985,""matched_rows"":19997,""n_rows"":20000,""self_donor_rows"":0,""self_excluded_rows"":20000,""singleton_fallback_rows"":3,""unseen_fallback_rows"":0},""training_self_exclusion"":""whenever_an_alternative_exists""}"
reward_both,factor_2,rewarded,layer_2,False,visible_suffix_matched_activations,2,1044,43,0.01405073117328694,0.6388951439859643,"{""donor_source"":""train"",""fallback"":""training_marginal"",""key_width"":1,""method"":""train_row_resampling_conditional_on_exact_key"",""minimum_key_pool_size"":2,""n_features"":64,""n_test"":20000,""n_train"":20000,""n_train_keys"":20,""seed"":1044,""test"":{""exact_key_coverage"":1.0,""exact_key_rows"":20000,""fallback_rows"":2,""matched_fraction"":0.9999,""matched_rows"":19998,""n_rows"":20000,""self_donor_rows"":0,""self_excluded_rows"":0,""singleton_fallback_rows"":2,""unseen_fallback_rows"":0},""train"":{""exact_key_coverage"":1.0,""exact_key_rows"":20000,""fallback_rows"":3,""matched_fraction"":0.99985,""matched_rows"":19997,""n_rows"":20000,""self_donor_rows"":0,""self_excluded_rows"":20000,""singleton_fallback_rows"":3,""unseen_fallback_rows"":0},""training_self_exclusion"":""whenever_an_alternative_exists""}"
reward_both,factor_2,rewarded,layer_2,False,visible_suffix_matched_activations,3,1045,43,0.014010638945886824,0.6399255172686107,"{""donor_source"":""train"",""fallback"":""training_marginal"",""key_width"":1,""method"":""train_row_resampling_conditional_on_exact_key"",""minimum_key_pool_size"":2,""n_features"":64,""n_test"":20000,""n_train"":20000,""n_train_keys"":20,""seed"":1045,""test"":{""exact_key_coverage"":1.0,""exact_key_rows"":20000,""fallback_rows"":2,""matched_fraction"":0.9999,""matched_rows"":19998,""n_rows"":20000,""self_donor_rows"":0,""self_excluded_rows"":0,""singleton_fallback_rows"":2,""unseen_fallback_rows"":0},""train"":{""exact_key_coverage"":1.0,""exact_key_rows"":20000,""fallback_rows"":3,""matched_fraction"":0.99985,""matched_rows"":19997,""n_rows"":20000,""self_donor_rows"":0,""self_excluded_rows"":20000,""singleton_fallback_rows"":3,""unseen_fallback_rows"":0},""training_self_exclusion"":""whenever_an_alternative_exists""}"
reward_both,factor_2,rewarded,layer_2,False,visible_suffix_matched_activations,4,1046,43,0.01405272293709285,0.638843955505203,"{""donor_source"":""train"",""fallback"":""training_marginal"",""key_width"":1,""method"":""train_row_resampling_conditional_on_exact_key"",""minimum_key_pool_size"":2,""n_features"":64,""n_test"":20000,""n_train"":20000,""n_train_keys"":20,""seed"":1046,""test"":{""exact_key_coverage"":1.0,""exact_key_rows"":20000,""fallback_rows"":2,""matched_fraction"":0.9999,""matched_rows"":19998,""n_rows"":20000,""self_donor_rows"":0,""self_excluded_rows"":0,""singleton_fallback_rows"":2,""unseen_fallback_rows"":0},""train"":{""exact_key_coverage"":1.0,""exact_key_rows"":20000,""fallback_rows"":3,""matched_fraction"":0.99985,""matched_rows"":19997,""n_rows"":20000,""self_donor_rows"":0,""self_excluded_rows"":20000,""singleton_fallback_rows"":3,""unseen_fallback_rows"":0},""training_self_exclusion"":""whenever_an_alternative_exists""}"
reward_both,factor_2,rewarded,layer_3,True,dirichlet_labels,0,1042,43,0.0551386403251611,-0.0019173778828340815,
reward_both,factor_2,rewarded,layer_3,True,dirichlet_labels,1,1043,43,0.05564188095764703,-0.0014818303553010281,
reward_both,factor_2,rewarded,layer_3,True,dirichlet_labels,2,1044,43,0.05551148782334698,-0.002177726264139146,
reward_both,factor_2,rewarded,layer_3,True,dirichlet_labels,3,1045,43,0.05595782824376371,-0.0025180934744049033,
reward_both,factor_2,rewarded,layer_3,True,dirichlet_labels,4,1046,43,0.05536923491279592,-0.002360473481374248,
reward_both,factor_2,rewarded,layer_3,True,gaussian_covariance_matched,0,1042,43,0.03905304110566986,-0.0036661161224209593,"{""covariance_ddof"":1,""empirical_rank"":64,""fit_source"":""train"",""method"":""gaussian_train_full_covariance"",""n_features"":64,""n_test"":20000,""n_train"":20000,""seed"":1042,""singular_value_cutoff"":2.55750707265786e-07,""training_mean"":[342.6819475078583,292.26282116127015,-141.00308455553056,-231.644640725708,204.7736862844467,-295.8729706298828,119.59390989408493,-204.8352788342476,-363.99880581054686,-270.53263906822207,-287.531416860199,-356.8150599311829,-219.6504583925724,242.32249803771973,139.734219927828,153.8523964682579,169.0675027217865,168.441548999691,313.575806848526,234.71400063171387,345.88922331848147,256.65424471969607,-185.65935827713014,211.58015967559814,-302.3720181526184,324.2392903194428,-279.1082602241516,175.1368130056858,-34.16803922169954,255.50360887947082,-179.69624775509834,331.5708137580872,-307.9436573253632,262.81848496799466,130.13071701420247,-363.0620802272797,-218.4246289468765,274.74514464530944,-150.59286444063187,-292.7939028060913,274.9616783225298,-188.82368178958893,-146.56801170864105,251.06215499343872,-197.21036268122793,-305.8450397888184,-164.61002325267793,290.8573674484253,274.8703395092011,327.8795395542145,-296.8053475971222,-142.85892459330557,-182.4681263051033,-268.41934806747435,312.933385005188,-227.6513651802063,236.82852083320617,238.02961243534088,-264.7598088142395,280.97896131210325,-156.25175263671875,-210.93373563613892,283.86116839942935,217.72475729560853]}"
reward_both,factor_2,rewarded,layer_3,True,gaussian_covariance_matched,1,1043,43,0.039001376129378984,-0.0023383223162201094,"{""covariance_ddof"":1,""empirical_rank"":64,""fit_source"":""train"",""method"":""gaussian_train_full_covariance"",""n_features"":64,""n_test"":20000,""n_train"":20000,""seed"":1043,""singular_value_cutoff"":2.55750707265786e-07,""training_mean"":[342.6819475078583,292.26282116127015,-141.00308455553056,-231.644640725708,204.7736862844467,-295.8729706298828,119.59390989408493,-204.8352788342476,-363.99880581054686,-270.53263906822207,-287.531416860199,-356.8150599311829,-219.6504583925724,242.32249803771973,139.734219927828,153.8523964682579,169.0675027217865,168.441548999691,313.575806848526,234.71400063171387,345.88922331848147,256.65424471969607,-185.65935827713014,211.58015967559814,-302.3720181526184,324.2392903194428,-279.1082602241516,175.1368130056858,-34.16803922169954,255.50360887947082,-179.69624775509834,331.5708137580872,-307.9436573253632,262.81848496799466,130.13071701420247,-363.0620802272797,-218.4246289468765,274.74514464530944,-150.59286444063187,-292.7939028060913,274.9616783225298,-188.82368178958893,-146.56801170864105,251.06215499343872,-197.21036268122793,-305.8450397888184,-164.61002325267793,290.8573674484253,274.8703395092011,327.8795395542145,-296.8053475971222,-142.85892459330557,-182.4681263051033,-268.41934806747435,312.933385005188,-227.6513651802063,236.82852083320617,238.02961243534088,-264.7598088142395,280.97896131210325,-156.25175263671875,-210.93373563613892,283.86116839942935,217.72475729560853]}"
reward_both,factor_2,rewarded,layer_3,True,gaussian_covariance_matched,2,1044,43,0.038994880450524676,-0.0021713828773775035,"{""covariance_ddof"":1,""empirical_rank"":64,""fit_source"":""train"",""method"":""gaussian_train_full_covariance"",""n_features"":64,""n_test"":20000,""n_train"":20000,""seed"":1044,""singular_value_cutoff"":2.55750707265786e-07,""training_mean"":[342.6819475078583,292.26282116127015,-141.00308455553056,-231.644640725708,204.7736862844467,-295.8729706298828,119.59390989408493,-204.8352788342476,-363.99880581054686,-270.53263906822207,-287.531416860199,-356.8150599311829,-219.6504583925724,242.32249803771973,139.734219927828,153.8523964682579,169.0675027217865,168.441548999691,313.575806848526,234.71400063171387,345.88922331848147,256.65424471969607,-185.65935827713014,211.58015967559814,-302.3720181526184,324.2392903194428,-279.1082602241516,175.1368130056858,-34.16803922169954,255.50360887947082,-179.69624775509834,331.5708137580872,-307.9436573253632,262.81848496799466,130.13071701420247,-363.0620802272797,-218.4246289468765,274.74514464530944,-150.59286444063187,-292.7939028060913,274.9616783225298,-188.82368178958893,-146.56801170864105,251.06215499343872,-197.21036268122793,-305.8450397888184,-164.61002325267793,290.8573674484253,274.8703395092011,327.8795395542145,-296.8053475971222,-142.85892459330557,-182.4681263051033,-268.41934806747435,312.933385005188,-227.6513651802063,236.82852083320617,238.02961243534088,-264.7598088142395,280.97896131210325,-156.25175263671875,-210.93373563613892,283.86116839942935,217.72475729560853]}"
reward_both,factor_2,rewarded,layer_3,True,gaussian_covariance_matched,3,1045,43,0.03901561360565559,-0.0027042265355423645,"{""covariance_ddof"":1,""empirical_rank"":64,""fit_source"":""train"",""method"":""gaussian_train_full_covariance"",""n_features"":64,""n_test"":20000,""n_train"":20000,""seed"":1045,""singular_value_cutoff"":2.55750707265786e-07,""training_mean"":[342.6819475078583,292.26282116127015,-141.00308455553056,-231.644640725708,204.7736862844467,-295.8729706298828,119.59390989408493,-204.8352788342476,-363.99880581054686,-270.53263906822207,-287.531416860199,-356.8150599311829,-219.6504583925724,242.32249803771973,139.734219927828,153.8523964682579,169.0675027217865,168.441548999691,313.575806848526,234.71400063171387,345.88922331848147,256.65424471969607,-185.65935827713014,211.58015967559814,-302.3720181526184,324.2392903194428,-279.1082602241516,175.1368130056858,-34.16803922169954,255.50360887947082,-179.69624775509834,331.5708137580872,-307.9436573253632,262.81848496799466,130.13071701420247,-363.0620802272797,-218.4246289468765,274.74514464530944,-150.59286444063187,-292.7939028060913,274.9616783225298,-188.82368178958893,-146.56801170864105,251.06215499343872,-197.21036268122793,-305.8450397888184,-164.61002325267793,290.8573674484253,274.8703395092011,327.8795395542145,-296.8053475971222,-142.85892459330557,-182.4681263051033,-268.41934806747435,312.933385005188,-227.6513651802063,236.82852083320617,238.02961243534088,-264.7598088142395,280.97896131210325,-156.25175263671875,-210.93373563613892,283.86116839942935,217.72475729560853]}"
reward_both,factor_2,rewarded,layer_3,True,gaussian_covariance_matched,4,1046,43,0.03898430384414051,-0.0018995632917369054,"{""covariance_ddof"":1,""empirical_rank"":64,""fit_source"":""train"",""method"":""gaussian_train_full_covariance"",""n_features"":64,""n_test"":20000,""n_train"":20000,""seed"":1046,""singular_value_cutoff"":2.55750707265786e-07,""training_mean"":[342.6819475078583,292.26282116127015,-141.00308455553056,-231.644640725708,204.7736862844467,-295.8729706298828,119.59390989408493,-204.8352788342476,-363.99880581054686,-270.53263906822207,-287.531416860199,-356.8150599311829,-219.6504583925724,242.32249803771973,139.734219927828,153.8523964682579,169.0675027217865,168.441548999691,313.575806848526,234.71400063171387,345.88922331848147,256.65424471969607,-185.65935827713014,211.58015967559814,-302.3720181526184,324.2392903194428,-279.1082602241516,175.1368130056858,-34.16803922169954,255.50360887947082,-179.69624775509834,331.5708137580872,-307.9436573253632,262.81848496799466,130.13071701420247,-363.0620802272797,-218.4246289468765,274.74514464530944,-150.59286444063187,-292.7939028060913,274.9616783225298,-188.82368178958893,-146.56801170864105,251.06215499343872,-197.21036268122793,-305.8450397888184,-164.61002325267793,290.8573674484253,274.8703395092011,327.8795395542145,-296.8053475971222,-142.85892459330557,-182.4681263051033,-268.41934806747435,312.933385005188,-227.6513651802063,236.82852083320617,238.02961243534088,-264.7598088142395,280.97896131210325,-156.25175263671875,-210.93373563613892,283.86116839942935,217.72475729560853]}"
reward_both,factor_2,rewarded,layer_3,True,ntp_bin_matched_activations,0,1042,43,0.012188136541671505,0.6867639671786484,"{""donor_source"":""train"",""fallback"":""training_marginal"",""key_width"":2,""method"":""train_row_resampling_conditional_on_exact_key"",""minimum_key_pool_size"":2,""n_features"":64,""n_test"":20000,""n_train"":20000,""n_train_keys"":8,""seed"":1042,""test"":{""exact_key_coverage"":1.0,""exact_key_rows"":20000,""fallback_rows"":0,""matched_fraction"":1.0,""matched_rows"":20000,""n_rows"":20000,""self_donor_rows"":0,""self_excluded_rows"":0,""singleton_fallback_rows"":0,""unseen_fallback_rows"":0},""train"":{""exact_key_coverage"":1.0,""exact_key_rows"":20000,""fallback_rows"":0,""matched_fraction"":1.0,""matched_rows"":20000,""n_rows"":20000,""self_donor_rows"":0,""self_excluded_rows"":20000,""singleton_fallback_rows"":0,""unseen_fallback_rows"":0},""training_self_exclusion"":""whenever_an_alternative_exists""}"
reward_both,factor_2,rewarded,layer_3,True,ntp_bin_matched_activations,1,1043,43,0.012218699808670838,0.6859784889004721,"{""donor_source"":""train"",""fallback"":""training_marginal"",""key_width"":2,""method"":""train_row_resampling_conditional_on_exact_key"",""minimum_key_pool_size"":2,""n_features"":64,""n_test"":20000,""n_train"":20000,""n_train_keys"":8,""seed"":1043,""test"":{""exact_key_coverage"":1.0,""exact_key_rows"":20000,""fallback_rows"":0,""matched_fraction"":1.0,""matched_rows"":20000,""n_rows"":20000,""self_donor_rows"":0,""self_excluded_rows"":0,""singleton_fallback_rows"":0,""unseen_fallback_rows"":0},""train"":{""exact_key_coverage"":1.0,""exact_key_rows"":20000,""fallback_rows"":0,""matched_fraction"":1.0,""matched_rows"":20000,""n_rows"":20000,""self_donor_rows"":0,""self_excluded_rows"":20000,""singleton_fallback_rows"":0,""unseen_fallback_rows"":0},""training_self_exclusion"":""whenever_an_alternative_exists""}"
reward_both,factor_2,rewarded,layer_3,True,ntp_bin_matched_activations,2,1044,43,0.0121943905036431,0.6866032398820103,"{""donor_source"":""train"",""fallback"":""training_marginal"",""key_width"":2,""method"":""train_row_resampling_conditional_on_exact_key"",""minimum_key_pool_size"":2,""n_features"":64,""n_test"":20000,""n_train"":20000,""n_train_keys"":8,""seed"":1044,""test"":{""exact_key_coverage"":1.0,""exact_key_rows"":20000,""fallback_rows"":0,""matched_fraction"":1.0,""matched_rows"":20000,""n_rows"":20000,""self_donor_rows"":0,""self_excluded_rows"":0,""singleton_fallback_rows"":0,""unseen_fallback_rows"":0},""train"":{""exact_key_coverage"":1.0,""exact_key_rows"":20000,""fallback_rows"":0,""matched_fraction"":1.0,""matched_rows"":20000,""n_rows"":20000,""self_donor_rows"":0,""self_excluded_rows"":20000,""singleton_fallback_rows"":0,""unseen_fallback_rows"":0},""training_self_exclusion"":""whenever_an_alternative_exists""}"
reward_both,factor_2,rewarded,layer_3,True,ntp_bin_matched_activations,3,1045,43,0.012123077093699093,0.6884359999221896,"{""donor_source"":""train"",""fallback"":""training_marginal"",""key_width"":2,""method"":""train_row_resampling_conditional_on_exact_key"",""minimum_key_pool_size"":2,""n_features"":64,""n_test"":20000,""n_train"":20000,""n_train_keys"":8,""seed"":1045,""test"":{""exact_key_coverage"":1.0,""exact_key_rows"":20000,""fallback_rows"":0,""matched_fraction"":1.0,""matched_rows"":20000,""n_rows"":20000,""self_donor_rows"":0,""self_excluded_rows"":0,""singleton_fallback_rows"":0,""unseen_fallback_rows"":0},""train"":{""exact_key_coverage"":1.0,""exact_key_rows"":20000,""fallback_rows"":0,""matched_fraction"":1.0,""matched_rows"":20000,""n_rows"":20000,""self_donor_rows"":0,""self_excluded_rows"":20000,""singleton_fallback_rows"":0,""unseen_fallback_rows"":0},""training_self_exclusion"":""whenever_an_alternative_exists""}"
reward_both,factor_2,rewarded,layer_3,True,ntp_bin_matched_activations,4,1046,43,0.01226801567421951,0.6847110674183774,"{""donor_source"":""train"",""fallback"":""training_marginal"",""key_width"":2,""method"":""train_row_resampling_conditional_on_exact_key"",""minimum_key_pool_size"":2,""n_features"":64,""n_test"":20000,""n_train"":20000,""n_train_keys"":8,""seed"":1046,""test"":{""exact_key_coverage"":1.0,""exact_key_rows"":20000,""fallback_rows"":0,""matched_fraction"":1.0,""matched_rows"":20000,""n_rows"":20000,""self_donor_rows"":0,""self_excluded_rows"":0,""singleton_fallback_rows"":0,""unseen_fallback_rows"":0},""train"":{""exact_key_coverage"":1.0,""exact_key_rows"":20000,""fallback_rows"":0,""matched_fraction"":1.0,""matched_rows"":20000,""n_rows"":20000,""self_donor_rows"":0,""self_excluded_rows"":20000,""singleton_fallback_rows"":0,""unseen_fallback_rows"":0},""training_self_exclusion"":""whenever_an_alternative_exists""}"
reward_both,factor_2,rewarded,layer_3,True,shuffled_training_labels,0,1042,43,0.03899779007294619,-0.002246160394121288,
reward_both,factor_2,rewarded,layer_3,True,shuffled_training_labels,1,1043,43,0.039077542785706555,-0.0042958111562692025,
reward_both,factor_2,rewarded,layer_3,True,shuffled_training_labels,2,1044,43,0.03943774404632629,-0.013553010852712655,
reward_both,factor_2,rewarded,layer_3,True,shuffled_training_labels,3,1045,43,0.038751212516787384,0.0040909014864944915,
reward_both,factor_2,rewarded,layer_3,True,shuffled_training_labels,4,1046,43,0.03879797329127895,0.0028891460382096668,
reward_both,factor_2,rewarded,layer_3,True,visible_suffix_matched_activations,0,1042,43,0.014770459499518452,0.6203980714558766,"{""donor_source"":""train"",""fallback"":""training_marginal"",""key_width"":1,""method"":""train_row_resampling_conditional_on_exact_key"",""minimum_key_pool_size"":2,""n_features"":64,""n_test"":20000,""n_train"":20000,""n_train_keys"":20,""seed"":1042,""test"":{""exact_key_coverage"":1.0,""exact_key_rows"":20000,""fallback_rows"":2,""matched_fraction"":0.9999,""matched_rows"":19998,""n_rows"":20000,""self_donor_rows"":0,""self_excluded_rows"":0,""singleton_fallback_rows"":2,""unseen_fallback_rows"":0},""train"":{""exact_key_coverage"":1.0,""exact_key_rows"":20000,""fallback_rows"":3,""matched_fraction"":0.99985,""matched_rows"":19997,""n_rows"":20000,""self_donor_rows"":0,""self_excluded_rows"":20000,""singleton_fallback_rows"":3,""unseen_fallback_rows"":0},""training_self_exclusion"":""whenever_an_alternative_exists""}"
reward_both,factor_2,rewarded,layer_3,True,visible_suffix_matched_activations,1,1043,43,0.014802626862511126,0.6195713677891019,"{""donor_source"":""train"",""fallback"":""training_marginal"",""key_width"":1,""method"":""train_row_resampling_conditional_on_exact_key"",""minimum_key_pool_size"":2,""n_features"":64,""n_test"":20000,""n_train"":20000,""n_train_keys"":20,""seed"":1043,""test"":{""exact_key_coverage"":1.0,""exact_key_rows"":20000,""fallback_rows"":2,""matched_fraction"":0.9999,""matched_rows"":19998,""n_rows"":20000,""self_donor_rows"":0,""self_excluded_rows"":0,""singleton_fallback_rows"":2,""unseen_fallback_rows"":0},""train"":{""exact_key_coverage"":1.0,""exact_key_rows"":20000,""fallback_rows"":3,""matched_fraction"":0.99985,""matched_rows"":19997,""n_rows"":20000,""self_donor_rows"":0,""self_excluded_rows"":20000,""singleton_fallback_rows"":3,""unseen_fallback_rows"":0},""training_self_exclusion"":""whenever_an_alternative_exists""}"
reward_both,factor_2,rewarded,layer_3,True,visible_suffix_matched_activations,2,1044,43,0.014676317413314278,0.6228175302060555,"{""donor_source"":""train"",""fallback"":""training_marginal"",""key_width"":1,""method"":""train_row_resampling_conditional_on_exact_key"",""minimum_key_pool_size"":2,""n_features"":64,""n_test"":20000,""n_train"":20000,""n_train_keys"":20,""seed"":1044,""test"":{""exact_key_coverage"":1.0,""exact_key_rows"":20000,""fallback_rows"":2,""matched_fraction"":0.9999,""matched_rows"":19998,""n_rows"":20000,""self_donor_rows"":0,""self_excluded_rows"":0,""singleton_fallback_rows"":2,""unseen_fallback_rows"":0},""train"":{""exact_key_coverage"":1.0,""exact_key_rows"":20000,""fallback_rows"":3,""matched_fraction"":0.99985,""matched_rows"":19997,""n_rows"":20000,""self_donor_rows"":0,""self_excluded_rows"":20000,""singleton_fallback_rows"":3,""unseen_fallback_rows"":0},""training_self_exclusion"":""whenever_an_alternative_exists""}"
reward_both,factor_2,rewarded,layer_3,True,visible_suffix_matched_activations,3,1045,43,0.014693149844595644,0.6223849354464475,"{""donor_source"":""train"",""fallback"":""training_marginal"",""key_width"":1,""method"":""train_row_resampling_conditional_on_exact_key"",""minimum_key_pool_size"":2,""n_features"":64,""n_test"":20000,""n_train"":20000,""n_train_keys"":20,""seed"":1045,""test"":{""exact_key_coverage"":1.0,""exact_key_rows"":20000,""fallback_rows"":2,""matched_fraction"":0.9999,""matched_rows"":19998,""n_rows"":20000,""self_donor_rows"":0,""self_excluded_rows"":0,""singleton_fallback_rows"":2,""unseen_fallback_rows"":0},""train"":{""exact_key_coverage"":1.0,""exact_key_rows"":20000,""fallback_rows"":3,""matched_fraction"":0.99985,""matched_rows"":19997,""n_rows"":20000,""self_donor_rows"":0,""self_excluded_rows"":20000,""singleton_fallback_rows"":3,""unseen_fallback_rows"":0},""training_self_exclusion"":""whenever_an_alternative_exists""}"
reward_both,factor_2,rewarded,layer_3,True,visible_suffix_matched_activations,4,1046,43,0.014725544733101762,0.6215523843567339,"{""donor_source"":""train"",""fallback"":""training_marginal"",""key_width"":1,""method"":""train_row_resampling_conditional_on_exact_key"",""minimum_key_pool_size"":2,""n_features"":64,""n_test"":20000,""n_train"":20000,""n_train_keys"":20,""seed"":1046,""test"":{""exact_key_coverage"":1.0,""exact_key_rows"":20000,""fallback_rows"":2,""matched_fraction"":0.9999,""matched_rows"":19998,""n_rows"":20000,""self_donor_rows"":0,""self_excluded_rows"":0,""singleton_fallback_rows"":2,""unseen_fallback_rows"":0},""train"":{""exact_key_coverage"":1.0,""exact_key_rows"":20000,""fallback_rows"":3,""matched_fraction"":0.99985,""matched_rows"":19997,""n_rows"":20000,""self_donor_rows"":0,""self_excluded_rows"":20000,""singleton_fallback_rows"":3,""unseen_fallback_rows"":0},""training_self_exclusion"":""whenever_an_alternative_exists""}"
reward_factor_1,factor_1,rewarded,layer_1,False,dirichlet_labels,0,1042,42,0.05508983560716297,-0.0010305534200500954,
reward_factor_1,factor_1,rewarded,layer_1,False,dirichlet_labels,1,1043,42,0.05565501567801966,-0.0017182383194747075,
reward_factor_1,factor_1,rewarded,layer_1,False,dirichlet_labels,2,1044,42,0.05547987812584479,-0.0016070599748216896,
reward_factor_1,factor_1,rewarded,layer_1,False,dirichlet_labels,3,1045,42,0.05587597391085988,-0.0010516239501070501,
reward_factor_1,factor_1,rewarded,layer_1,False,dirichlet_labels,4,1046,42,0.05527804097963565,-0.0007095712399920462,
reward_factor_1,factor_1,rewarded,layer_1,False,gaussian_covariance_matched,0,1042,42,0.03526052614548208,-0.0011457909593945992,"{""covariance_ddof"":1,""empirical_rank"":64,""fit_source"":""train"",""method"":""gaussian_train_full_covariance"",""n_features"":64,""n_test"":20000,""n_train"":20000,""seed"":1042,""singular_value_cutoff"":3.1514140768057784e-08,""training_mean"":[-4.040050122089684,3.968982205647975,-74.38196802857519,-6.452826022590883,1.8185726344350726,-35.53117120960951,58.724524216079715,-9.936209062506258,-26.575191905856876,-9.058888470080495,9.39030837412402,-9.988310205818713,3.5187940173886716,-17.60421649093218,14.621493979049522,1.7246299038000403,33.886058649739624,19.278354358491303,-19.928265571974592,30.190815394599735,-11.38817196293585,-13.131407011648268,-16.432546965768932,23.515426387562883,-2.1307361524930633,53.985831908750534,-42.92710081360601,-8.581036996600032,-11.275152001439036,22.582031826030462,-20.860513304133715,-21.891935743652283,3.258982926596701,6.9498445458006115,-8.610508088252693,7.09003838083148,-16.155948987568916,-2.17623097098656,-9.472109362014383,-18.05958793900609,46.03277641760185,14.059559872537665,-6.1813423773989085,41.25010380376875,-20.911818616583943,-3.560661403276771,3.3600024943593887,2.217868762105703,27.2085263857007,20.353080511280893,-9.784543290838599,12.889131593202055,-4.838706473755464,-20.49334747912288,11.516720032656192,10.269925760377944,65.18576639720425,3.007670259588212,-10.94857909033522,3.0212336812857536,-5.893423733091355,-22.415187881765515,11.788673852133005,-20.204585733155906]}"
reward_factor_1,factor_1,rewarded,layer_1,False,gaussian_covariance_matched,1,1043,42,0.03527814536689746,-0.001646050351078454,"{""covariance_ddof"":1,""empirical_rank"":64,""fit_source"":""train"",""method"":""gaussian_train_full_covariance"",""n_features"":64,""n_test"":20000,""n_train"":20000,""seed"":1043,""singular_value_cutoff"":3.1514140768057784e-08,""training_mean"":[-4.040050122089684,3.968982205647975,-74.38196802857519,-6.452826022590883,1.8185726344350726,-35.53117120960951,58.724524216079715,-9.936209062506258,-26.575191905856876,-9.058888470080495,9.39030837412402,-9.988310205818713,3.5187940173886716,-17.60421649093218,14.621493979049522,1.7246299038000403,33.886058649739624,19.278354358491303,-19.928265571974592,30.190815394599735,-11.38817196293585,-13.131407011648268,-16.432546965768932,23.515426387562883,-2.1307361524930633,53.985831908750534,-42.92710081360601,-8.581036996600032,-11.275152001439036,22.582031826030462,-20.860513304133715,-21.891935743652283,3.258982926596701,6.9498445458006115,-8.610508088252693,7.09003838083148,-16.155948987568916,-2.17623097098656,-9.472109362014383,-18.05958793900609,46.03277641760185,14.059559872537665,-6.1813423773989085,41.25010380376875,-20.911818616583943,-3.560661403276771,3.3600024943593887,2.217868762105703,27.2085263857007,20.353080511280893,-9.784543290838599,12.889131593202055,-4.838706473755464,-20.49334747912288,11.516720032656192,10.269925760377944,65.18576639720425,3.007670259588212,-10.94857909033522,3.0212336812857536,-5.893423733091355,-22.415187881765515,11.788673852133005,-20.204585733155906]}"
reward_factor_1,factor_1,rewarded,layer_1,False,gaussian_covariance_matched,2,1044,42,0.03528675940375602,-0.0018906271537200148,"{""covariance_ddof"":1,""empirical_rank"":64,""fit_source"":""train"",""method"":""gaussian_train_full_covariance"",""n_features"":64,""n_test"":20000,""n_train"":20000,""seed"":1044,""singular_value_cutoff"":3.1514140768057784e-08,""training_mean"":[-4.040050122089684,3.968982205647975,-74.38196802857519,-6.452826022590883,1.8185726344350726,-35.53117120960951,58.724524216079715,-9.936209062506258,-26.575191905856876,-9.058888470080495,9.39030837412402,-9.988310205818713,3.5187940173886716,-17.60421649093218,14.621493979049522,1.7246299038000403,33.886058649739624,19.278354358491303,-19.928265571974592,30.190815394599735,-11.38817196293585,-13.131407011648268,-16.432546965768932,23.515426387562883,-2.1307361524930633,53.985831908750534,-42.92710081360601,-8.581036996600032,-11.275152001439036,22.582031826030462,-20.860513304133715,-21.891935743652283,3.258982926596701,6.9498445458006115,-8.610508088252693,7.09003838083148,-16.155948987568916,-2.17623097098656,-9.472109362014383,-18.05958793900609,46.03277641760185,14.059559872537665,-6.1813423773989085,41.25010380376875,-20.911818616583943,-3.560661403276771,3.3600024943593887,2.217868762105703,27.2085263857007,20.353080511280893,-9.784543290838599,12.889131593202055,-4.838706473755464,-20.49334747912288,11.516720032656192,10.269925760377944,65.18576639720425,3.007670259588212,-10.94857909033522,3.0212336812857536,-5.893423733091355,-22.415187881765515,11.788673852133005,-20.204585733155906]}"
reward_factor_1,factor_1,rewarded,layer_1,False,gaussian_covariance_matched,3,1045,42,0.03525281814905378,-0.0009269392000907928,"{""covariance_ddof"":1,""empirical_rank"":64,""fit_source"":""train"",""method"":""gaussian_train_full_covariance"",""n_features"":64,""n_test"":20000,""n_train"":20000,""seed"":1045,""singular_value_cutoff"":3.1514140768057784e-08,""training_mean"":[-4.040050122089684,3.968982205647975,-74.38196802857519,-6.452826022590883,1.8185726344350726,-35.53117120960951,58.724524216079715,-9.936209062506258,-26.575191905856876,-9.058888470080495,9.39030837412402,-9.988310205818713,3.5187940173886716,-17.60421649093218,14.621493979049522,1.7246299038000403,33.886058649739624,19.278354358491303,-19.928265571974592,30.190815394599735,-11.38817196293585,-13.131407011648268,-16.432546965768932,23.515426387562883,-2.1307361524930633,53.985831908750534,-42.92710081360601,-8.581036996600032,-11.275152001439036,22.582031826030462,-20.860513304133715,-21.891935743652283,3.258982926596701,6.9498445458006115,-8.610508088252693,7.09003838083148,-16.155948987568916,-2.17623097098656,-9.472109362014383,-18.05958793900609,46.03277641760185,14.059559872537665,-6.1813423773989085,41.25010380376875,-20.911818616583943,-3.560661403276771,3.3600024943593887,2.217868762105703,27.2085263857007,20.353080511280893,-9.784543290838599,12.889131593202055,-4.838706473755464,-20.49334747912288,11.516720032656192,10.269925760377944,65.18576639720425,3.007670259588212,-10.94857909033522,3.0212336812857536,-5.893423733091355,-22.415187881765515,11.788673852133005,-20.204585733155906]}"
reward_factor_1,factor_1,rewarded,layer_1,False,gaussian_covariance_matched,4,1046,42,0.035282612431466236,-0.0017728829137158009,"{""covariance_ddof"":1,""empirical_rank"":64,""fit_source"":""train"",""method"":""gaussian_train_full_covariance"",""n_features"":64,""n_test"":20000,""n_train"":20000,""seed"":1046,""singular_value_cutoff"":3.1514140768057784e-08,""training_mean"":[-4.040050122089684,3.968982205647975,-74.38196802857519,-6.452826022590883,1.8185726344350726,-35.53117120960951,58.724524216079715,-9.936209062506258,-26.575191905856876,-9.058888470080495,9.39030837412402,-9.988310205818713,3.5187940173886716,-17.60421649093218,14.621493979049522,1.7246299038000403,33.886058649739624,19.278354358491303,-19.928265571974592,30.190815394599735,-11.38817196293585,-13.131407011648268,-16.432546965768932,23.515426387562883,-2.1307361524930633,53.985831908750534,-42.92710081360601,-8.581036996600032,-11.275152001439036,22.582031826030462,-20.860513304133715,-21.891935743652283,3.258982926596701,6.9498445458006115,-8.610508088252693,7.09003838083148,-16.155948987568916,-2.17623097098656,-9.472109362014383,-18.05958793900609,46.03277641760185,14.059559872537665,-6.1813423773989085,41.25010380376875,-20.911818616583943,-3.560661403276771,3.3600024943593887,2.217868762105703,27.2085263857007,20.353080511280893,-9.784543290838599,12.889131593202055,-4.838706473755464,-20.49334747912288,11.516720032656192,10.269925760377944,65.18576639720425,3.007670259588212,-10.94857909033522,3.0212336812857536,-5.893423733091355,-22.415187881765515,11.788673852133005,-20.204585733155906]}"
reward_factor_1,factor_1,rewarded,layer_1,False,ntp_bin_matched_activations,0,1042,42,0.01396687678232273,0.6034409740291831,"{""donor_source"":""train"",""fallback"":""training_marginal"",""key_width"":2,""method"":""train_row_resampling_conditional_on_exact_key"",""minimum_key_pool_size"":2,""n_features"":64,""n_test"":20000,""n_train"":20000,""n_train_keys"":8,""seed"":1042,""test"":{""exact_key_coverage"":1.0,""exact_key_rows"":20000,""fallback_rows"":0,""matched_fraction"":1.0,""matched_rows"":20000,""n_rows"":20000,""self_donor_rows"":0,""self_excluded_rows"":0,""singleton_fallback_rows"":0,""unseen_fallback_rows"":0},""train"":{""exact_key_coverage"":1.0,""exact_key_rows"":20000,""fallback_rows"":0,""matched_fraction"":1.0,""matched_rows"":20000,""n_rows"":20000,""self_donor_rows"":0,""self_excluded_rows"":20000,""singleton_fallback_rows"":0,""unseen_fallback_rows"":0},""training_self_exclusion"":""whenever_an_alternative_exists""}"
reward_factor_1,factor_1,rewarded,layer_1,False,ntp_bin_matched_activations,1,1043,42,0.013842915480949396,0.6069605850128572,"{""donor_source"":""train"",""fallback"":""training_marginal"",""key_width"":2,""method"":""train_row_resampling_conditional_on_exact_key"",""minimum_key_pool_size"":2,""n_features"":64,""n_test"":20000,""n_train"":20000,""n_train_keys"":8,""seed"":1043,""test"":{""exact_key_coverage"":1.0,""exact_key_rows"":20000,""fallback_rows"":0,""matched_fraction"":1.0,""matched_rows"":20000,""n_rows"":20000,""self_donor_rows"":0,""self_excluded_rows"":0,""singleton_fallback_rows"":0,""unseen_fallback_rows"":0},""train"":{""exact_key_coverage"":1.0,""exact_key_rows"":20000,""fallback_rows"":0,""matched_fraction"":1.0,""matched_rows"":20000,""n_rows"":20000,""self_donor_rows"":0,""self_excluded_rows"":20000,""singleton_fallback_rows"":0,""unseen_fallback_rows"":0},""training_self_exclusion"":""whenever_an_alternative_exists""}"
reward_factor_1,factor_1,rewarded,layer_1,False,ntp_bin_matched_activations,2,1044,42,0.013972024559335277,0.6032948141202912,"{""donor_source"":""train"",""fallback"":""training_marginal"",""key_width"":2,""method"":""train_row_resampling_conditional_on_exact_key"",""minimum_key_pool_size"":2,""n_features"":64,""n_test"":20000,""n_train"":20000,""n_train_keys"":8,""seed"":1044,""test"":{""exact_key_coverage"":1.0,""exact_key_rows"":20000,""fallback_rows"":0,""matched_fraction"":1.0,""matched_rows"":20000,""n_rows"":20000,""self_donor_rows"":0,""self_excluded_rows"":0,""singleton_fallback_rows"":0,""unseen_fallback_rows"":0},""train"":{""exact_key_coverage"":1.0,""exact_key_rows"":20000,""fallback_rows"":0,""matched_fraction"":1.0,""matched_rows"":20000,""n_rows"":20000,""self_donor_rows"":0,""self_excluded_rows"":20000,""singleton_fallback_rows"":0,""unseen_fallback_rows"":0},""training_self_exclusion"":""whenever_an_alternative_exists""}"
reward_factor_1,factor_1,rewarded,layer_1,False,ntp_bin_matched_activations,3,1045,42,0.014136402593420958,0.5986276580979427,"{""donor_source"":""train"",""fallback"":""training_marginal"",""key_width"":2,""method"":""train_row_resampling_conditional_on_exact_key"",""minimum_key_pool_size"":2,""n_features"":64,""n_test"":20000,""n_train"":20000,""n_train_keys"":8,""seed"":1045,""test"":{""exact_key_coverage"":1.0,""exact_key_rows"":20000,""fallback_rows"":0,""matched_fraction"":1.0,""matched_rows"":20000,""n_rows"":20000,""self_donor_rows"":0,""self_excluded_rows"":0,""singleton_fallback_rows"":0,""unseen_fallback_rows"":0},""train"":{""exact_key_coverage"":1.0,""exact_key_rows"":20000,""fallback_rows"":0,""matched_fraction"":1.0,""matched_rows"":20000,""n_rows"":20000,""self_donor_rows"":0,""self_excluded_rows"":20000,""singleton_fallback_rows"":0,""unseen_fallback_rows"":0},""training_self_exclusion"":""whenever_an_alternative_exists""}"
reward_factor_1,factor_1,rewarded,layer_1,False,ntp_bin_matched_activations,4,1046,42,0.013976727765039046,0.603161276844786,"{""donor_source"":""train"",""fallback"":""training_marginal"",""key_width"":2,""method"":""train_row_resampling_conditional_on_exact_key"",""minimum_key_pool_size"":2,""n_features"":64,""n_test"":20000,""n_train"":20000,""n_train_keys"":8,""seed"":1046,""test"":{""exact_key_coverage"":1.0,""exact_key_rows"":20000,""fallback_rows"":0,""matched_fraction"":1.0,""matched_rows"":20000,""n_rows"":20000,""self_donor_rows"":0,""self_excluded_rows"":0,""singleton_fallback_rows"":0,""unseen_fallback_rows"":0},""train"":{""exact_key_coverage"":1.0,""exact_key_rows"":20000,""fallback_rows"":0,""matched_fraction"":1.0,""matched_rows"":20000,""n_rows"":20000,""self_donor_rows"":0,""self_excluded_rows"":20000,""singleton_fallback_rows"":0,""unseen_fallback_rows"":0},""training_self_exclusion"":""whenever_an_alternative_exists""}"
reward_factor_1,factor_1,rewarded,layer_1,False,shuffled_training_labels,0,1042,42,0.035692501216835835,-0.013410781637663627,
reward_factor_1,factor_1,rewarded,layer_1,False,shuffled_training_labels,1,1043,42,0.035438404600397114,-0.006196262007551967,
reward_factor_1,factor_1,rewarded,layer_1,False,shuffled_training_labels,2,1044,42,0.03497180699079839,0.007051760185711187,
reward_factor_1,factor_1,rewarded,layer_1,False,shuffled_training_labels,3,1045,42,0.035450107505709184,-0.006528540497862334,
reward_factor_1,factor_1,rewarded,layer_1,False,shuffled_training_labels,4,1046,42,0.03521249313804071,0.0002180016008366259,
reward_factor_1,factor_1,rewarded,layer_1,False,visible_suffix_matched_activations,0,1042,42,0.01433912005864629,0.5928719374876789,"{""donor_source"":""train"",""fallback"":""training_marginal"",""key_width"":1,""method"":""train_row_resampling_conditional_on_exact_key"",""minimum_key_pool_size"":2,""n_features"":64,""n_test"":20000,""n_train"":20000,""n_train_keys"":22,""seed"":1042,""test"":{""exact_key_coverage"":0.99975,""exact_key_rows"":19995,""fallback_rows"":8,""matched_fraction"":0.9996,""matched_rows"":19992,""n_rows"":20000,""self_donor_rows"":0,""self_excluded_rows"":0,""singleton_fallback_rows"":3,""unseen_fallback_rows"":5},""train"":{""exact_key_coverage"":1.0,""exact_key_rows"":20000,""fallback_rows"":4,""matched_fraction"":0.9998,""matched_rows"":19996,""n_rows"":20000,""self_donor_rows"":0,""self_excluded_rows"":20000,""singleton_fallback_rows"":4,""unseen_fallback_rows"":0},""training_self_exclusion"":""whenever_an_alternative_exists""}"
reward_factor_1,factor_1,rewarded,layer_1,False,visible_suffix_matched_activations,1,1043,42,0.014321620676111103,0.5933687943155437,"{""donor_source"":""train"",""fallback"":""training_marginal"",""key_width"":1,""method"":""train_row_resampling_conditional_on_exact_key"",""minimum_key_pool_size"":2,""n_features"":64,""n_test"":20000,""n_train"":20000,""n_train_keys"":22,""seed"":1043,""test"":{""exact_key_coverage"":0.99975,""exact_key_rows"":19995,""fallback_rows"":8,""matched_fraction"":0.9996,""matched_rows"":19992,""n_rows"":20000,""self_donor_rows"":0,""self_excluded_rows"":0,""singleton_fallback_rows"":3,""unseen_fallback_rows"":5},""train"":{""exact_key_coverage"":1.0,""exact_key_rows"":20000,""fallback_rows"":4,""matched_fraction"":0.9998,""matched_rows"":19996,""n_rows"":20000,""self_donor_rows"":0,""self_excluded_rows"":20000,""singleton_fallback_rows"":4,""unseen_fallback_rows"":0},""training_self_exclusion"":""whenever_an_alternative_exists""}"
reward_factor_1,factor_1,rewarded,layer_1,False,visible_suffix_matched_activations,2,1044,42,0.014314330049021414,0.593575795782118,"{""donor_source"":""train"",""fallback"":""training_marginal"",""key_width"":1,""method"":""train_row_resampling_conditional_on_exact_key"",""minimum_key_pool_size"":2,""n_features"":64,""n_test"":20000,""n_train"":20000,""n_train_keys"":22,""seed"":1044,""test"":{""exact_key_coverage"":0.99975,""exact_key_rows"":19995,""fallback_rows"":8,""matched_fraction"":0.9996,""matched_rows"":19992,""n_rows"":20000,""self_donor_rows"":0,""self_excluded_rows"":0,""singleton_fallback_rows"":3,""unseen_fallback_rows"":5},""train"":{""exact_key_coverage"":1.0,""exact_key_rows"":20000,""fallback_rows"":4,""matched_fraction"":0.9998,""matched_rows"":19996,""n_rows"":20000,""self_donor_rows"":0,""self_excluded_rows"":20000,""singleton_fallback_rows"":4,""unseen_fallback_rows"":0},""training_self_exclusion"":""whenever_an_alternative_exists""}"
reward_factor_1,factor_1,rewarded,layer_1,False,visible_suffix_matched_activations,3,1045,42,0.014355532205928079,0.5924059503352475,"{""donor_source"":""train"",""fallback"":""training_marginal"",""key_width"":1,""method"":""train_row_resampling_conditional_on_exact_key"",""minimum_key_pool_size"":2,""n_features"":64,""n_test"":20000,""n_train"":20000,""n_train_keys"":22,""seed"":1045,""test"":{""exact_key_coverage"":0.99975,""exact_key_rows"":19995,""fallback_rows"":8,""matched_fraction"":0.9996,""matched_rows"":19992,""n_rows"":20000,""self_donor_rows"":0,""self_excluded_rows"":0,""singleton_fallback_rows"":3,""unseen_fallback_rows"":5},""train"":{""exact_key_coverage"":1.0,""exact_key_rows"":20000,""fallback_rows"":4,""matched_fraction"":0.9998,""matched_rows"":19996,""n_rows"":20000,""self_donor_rows"":0,""self_excluded_rows"":20000,""singleton_fallback_rows"":4,""unseen_fallback_rows"":0},""training_self_exclusion"":""whenever_an_alternative_exists""}"
reward_factor_1,factor_1,rewarded,layer_1,False,visible_suffix_matched_activations,4,1046,42,0.014314792210224758,0.5935626737220114,"{""donor_source"":""train"",""fallback"":""training_marginal"",""key_width"":1,""method"":""train_row_resampling_conditional_on_exact_key"",""minimum_key_pool_size"":2,""n_features"":64,""n_test"":20000,""n_train"":20000,""n_train_keys"":22,""seed"":1046,""test"":{""exact_key_coverage"":0.99975,""exact_key_rows"":19995,""fallback_rows"":8,""matched_fraction"":0.9996,""matched_rows"":19992,""n_rows"":20000,""self_donor_rows"":0,""self_excluded_rows"":0,""singleton_fallback_rows"":3,""unseen_fallback_rows"":5},""train"":{""exact_key_coverage"":1.0,""exact_key_rows"":20000,""fallback_rows"":4,""matched_fraction"":0.9998,""matched_rows"":19996,""n_rows"":20000,""self_donor_rows"":0,""self_excluded_rows"":20000,""singleton_fallback_rows"":4,""unseen_fallback_rows"":0},""training_self_exclusion"":""whenever_an_alternative_exists""}"
reward_factor_1,factor_1,rewarded,layer_2,False,dirichlet_labels,0,1042,42,0.05509759070275295,-0.0011714702978133928,
reward_factor_1,factor_1,rewarded,layer_2,False,dirichlet_labels,1,1043,42,0.05567342260303136,-0.002049539142428003,
reward_factor_1,factor_1,rewarded,layer_2,False,dirichlet_labels,2,1044,42,0.05548093085945853,-0.0016260655216147057,
reward_factor_1,factor_1,rewarded,layer_2,False,dirichlet_labels,3,1045,42,0.055893798893241614,-0.0013709692126806505,
reward_factor_1,factor_1,rewarded,layer_2,False,dirichlet_labels,4,1046,42,0.05534148106069564,-0.0018580398758534233,
reward_factor_1,factor_1,rewarded,layer_2,False,gaussian_covariance_matched,0,1042,42,0.035265193554191714,-0.001278311857269454,"{""covariance_ddof"":1,""empirical_rank"":64,""fit_source"":""train"",""method"":""gaussian_train_full_covariance"",""n_features"":64,""n_test"":20000,""n_train"":20000,""seed"":1042,""singular_value_cutoff"":7.003893335414752e-08,""training_mean"":[44.31757297468185,37.79303023674935,-85.31101024243831,-27.817376523596046,39.65727578897476,-11.848558328211308,32.077893706059456,10.303960482028126,-25.804181215512752,-24.323216439545156,-12.056468290483952,-45.19124102888107,-35.15894118537903,21.036914355319738,25.8416171862185,11.849410686341674,40.412108897266535,21.499403877288103,21.87884828680754,31.501562078773976,22.29708141591847,2.2032779148906467,-31.638869185817242,21.762664354526997,5.35032758654002,43.29225668465495,-47.02164524800777,-3.1749856053948395,-35.00403913168609,14.874828848055007,-32.81766468419134,31.63025420911014,6.01703942412436,27.20070350384116,44.76150191335678,-21.026279376244545,-23.30428414154649,42.481692985716464,-3.5699777298152444,-3.9312561861038207,30.57288615651131,-21.600250646686554,-23.279618321466444,31.337583443719147,-25.518024105608465,-21.363636544440688,-29.18758235679269,13.298057354047895,27.03771012301445,30.78782608495951,-36.928259579718116,-29.740744882845878,-19.79238433200121,-32.38847988204658,21.344494079458713,-7.144653811267391,35.655285115385055,-2.296789150409028,-17.06134369779825,13.211562997233868,-34.56597259913683,-10.586306291800737,45.693613628870246,23.208436913251877]}"
reward_factor_1,factor_1,rewarded,layer_2,False,gaussian_covariance_matched,1,1043,42,0.03528612171606457,-0.0018725214015367087,"{""covariance_ddof"":1,""empirical_rank"":64,""fit_source"":""train"",""method"":""gaussian_train_full_covariance"",""n_features"":64,""n_test"":20000,""n_train"":20000,""seed"":1043,""singular_value_cutoff"":7.003893335414752e-08,""training_mean"":[44.31757297468185,37.79303023674935,-85.31101024243831,-27.817376523596046,39.65727578897476,-11.848558328211308,32.077893706059456,10.303960482028126,-25.804181215512752,-24.323216439545156,-12.056468290483952,-45.19124102888107,-35.15894118537903,21.036914355319738,25.8416171862185,11.849410686341674,40.412108897266535,21.499403877288103,21.87884828680754,31.501562078773976,22.29708141591847,2.2032779148906467,-31.638869185817242,21.762664354526997,5.35032758654002,43.29225668465495,-47.02164524800777,-3.1749856053948395,-35.00403913168609,14.874828848055007,-32.81766468419134,31.63025420911014,6.01703942412436,27.20070350384116,44.76150191335678,-21.026279376244545,-23.30428414154649,42.481692985716464,-3.5699777298152444,-3.9312561861038207,30.57288615651131,-21.600250646686554,-23.279618321466444,31.337583443719147,-25.518024105608465,-21.363636544440688,-29.18758235679269,13.298057354047895,27.03771012301445,30.78782608495951,-36.928259579718116,-29.740744882845878,-19.79238433200121,-32.38847988204658,21.344494079458713,-7.144653811267391,35.655285115385055,-2.296789150409028,-17.06134369779825,13.211562997233868,-34.56597259913683,-10.586306291800737,45.693613628870246,23.208436913251877]}"
reward_factor_1,factor_1,rewarded,layer_2,False,gaussian_covariance_matched,2,1044,42,0.03528621523056316,-0.0018751765419129374,"{""covariance_ddof"":1,""empirical_rank"":64,""fit_source"":""train"",""method"":""gaussian_train_full_covariance"",""n_features"":64,""n_test"":20000,""n_train"":20000,""seed"":1044,""singular_value_cutoff"":7.003893335414752e-08,""training_mean"":[44.31757297468185,37.79303023674935,-85.31101024243831,-27.817376523596046,39.65727578897476,-11.848558328211308,32.077893706059456,10.303960482028126,-25.804181215512752,-24.323216439545156,-12.056468290483952,-45.19124102888107,-35.15894118537903,21.036914355319738,25.8416171862185,11.849410686341674,40.412108897266535,21.499403877288103,21.87884828680754,31.501562078773976,22.29708141591847,2.2032779148906467,-31.638869185817242,21.762664354526997,5.35032758654002,43.29225668465495,-47.02164524800777,-3.1749856053948395,-35.00403913168609,14.874828848055007,-32.81766468419134,31.63025420911014,6.01703942412436,27.20070350384116,44.76150191335678,-21.026279376244545,-23.30428414154649,42.481692985716464,-3.5699777298152444,-3.9312561861038207,30.57288615651131,-21.600250646686554,-23.279618321466444,31.337583443719147,-25.518024105608465,-21.363636544440688,-29.18758235679269,13.298057354047895,27.03771012301445,30.78782608495951,-36.928259579718116,-29.740744882845878,-19.79238433200121,-32.38847988204658,21.344494079458713,-7.144653811267391,35.655285115385055,-2.296789150409028,-17.06134369779825,13.211562997233868,-34.56597259913683,-10.586306291800737,45.693613628870246,23.208436913251877]}"
reward_factor_1,factor_1,rewarded,layer_2,False,gaussian_covariance_matched,3,1045,42,0.03526185366442491,-0.0011834829665005042,"{""covariance_ddof"":1,""empirical_rank"":64,""fit_source"":""train"",""method"":""gaussian_train_full_covariance"",""n_features"":64,""n_test"":20000,""n_train"":20000,""seed"":1045,""singular_value_cutoff"":7.003893335414752e-08,""training_mean"":[44.31757297468185,37.79303023674935,-85.31101024243831,-27.817376523596046,39.65727578897476,-11.848558328211308,32.077893706059456,10.303960482028126,-25.804181215512752,-24.323216439545156,-12.056468290483952,-45.19124102888107,-35.15894118537903,21.036914355319738,25.8416171862185,11.849410686341674,40.412108897266535,21.499403877288103,21.87884828680754,31.501562078773976,22.29708141591847,2.2032779148906467,-31.638869185817242,21.762664354526997,5.35032758654002,43.29225668465495,-47.02164524800777,-3.1749856053948395,-35.00403913168609,14.874828848055007,-32.81766468419134,31.63025420911014,6.01703942412436,27.20070350384116,44.76150191335678,-21.026279376244545,-23.30428414154649,42.481692985716464,-3.5699777298152444,-3.9312561861038207,30.57288615651131,-21.600250646686554,-23.279618321466444,31.337583443719147,-25.518024105608465,-21.363636544440688,-29.18758235679269,13.298057354047895,27.03771012301445,30.78782608495951,-36.928259579718116,-29.740744882845878,-19.79238433200121,-32.38847988204658,21.344494079458713,-7.144653811267391,35.655285115385055,-2.296789150409028,-17.06134369779825,13.211562997233868,-34.56597259913683,-10.586306291800737,45.693613628870246,23.208436913251877]}"
reward_factor_1,factor_1,rewarded,layer_2,False,gaussian_covariance_matched,4,1046,42,0.035293187908293916,-0.002073150529398493,"{""covariance_ddof"":1,""empirical_rank"":64,""fit_source"":""train"",""method"":""gaussian_train_full_covariance"",""n_features"":64,""n_test"":20000,""n_train"":20000,""seed"":1046,""singular_value_cutoff"":7.003893335414752e-08,""training_mean"":[44.31757297468185,37.79303023674935,-85.31101024243831,-27.817376523596046,39.65727578897476,-11.848558328211308,32.077893706059456,10.303960482028126,-25.804181215512752,-24.323216439545156,-12.056468290483952,-45.19124102888107,-35.15894118537903,21.036914355319738,25.8416171862185,11.849410686341674,40.412108897266535,21.499403877288103,21.87884828680754,31.501562078773976,22.29708141591847,2.2032779148906467,-31.638869185817242,21.762664354526997,5.35032758654002,43.29225668465495,-47.02164524800777,-3.1749856053948395,-35.00403913168609,14.874828848055007,-32.81766468419134,31.63025420911014,6.01703942412436,27.20070350384116,44.76150191335678,-21.026279376244545,-23.30428414154649,42.481692985716464,-3.5699777298152444,-3.9312561861038207,30.57288615651131,-21.600250646686554,-23.279618321466444,31.337583443719147,-25.518024105608465,-21.363636544440688,-29.18758235679269,13.298057354047895,27.03771012301445,30.78782608495951,-36.928259579718116,-29.740744882845878,-19.79238433200121,-32.38847988204658,21.344494079458713,-7.144653811267391,35.655285115385055,-2.296789150409028,-17.06134369779825,13.211562997233868,-34.56597259913683,-10.586306291800737,45.693613628870246,23.208436913251877]}"
reward_factor_1,factor_1,rewarded,layer_2,False,ntp_bin_matched_activations,0,1042,42,0.01408035582875647,0.6002189838288531,"{""donor_source"":""train"",""fallback"":""training_marginal"",""key_width"":2,""method"":""train_row_resampling_conditional_on_exact_key"",""minimum_key_pool_size"":2,""n_features"":64,""n_test"":20000,""n_train"":20000,""n_train_keys"":8,""seed"":1042,""test"":{""exact_key_coverage"":1.0,""exact_key_rows"":20000,""fallback_rows"":0,""matched_fraction"":1.0,""matched_rows"":20000,""n_rows"":20000,""self_donor_rows"":0,""self_excluded_rows"":0,""singleton_fallback_rows"":0,""unseen_fallback_rows"":0},""train"":{""exact_key_coverage"":1.0,""exact_key_rows"":20000,""fallback_rows"":0,""matched_fraction"":1.0,""matched_rows"":20000,""n_rows"":20000,""self_donor_rows"":0,""self_excluded_rows"":20000,""singleton_fallback_rows"":0,""unseen_fallback_rows"":0},""training_self_exclusion"":""whenever_an_alternative_exists""}"
reward_factor_1,factor_1,rewarded,layer_2,False,ntp_bin_matched_activations,1,1043,42,0.013860783838223987,0.606453251951433,"{""donor_source"":""train"",""fallback"":""training_marginal"",""key_width"":2,""method"":""train_row_resampling_conditional_on_exact_key"",""minimum_key_pool_size"":2,""n_features"":64,""n_test"":20000,""n_train"":20000,""n_train_keys"":8,""seed"":1043,""test"":{""exact_key_coverage"":1.0,""exact_key_rows"":20000,""fallback_rows"":0,""matched_fraction"":1.0,""matched_rows"":20000,""n_rows"":20000,""self_donor_rows"":0,""self_excluded_rows"":0,""singleton_fallback_rows"":0,""unseen_fallback_rows"":0},""train"":{""exact_key_coverage"":1.0,""exact_key_rows"":20000,""fallback_rows"":0,""matched_fraction"":1.0,""matched_rows"":20000,""n_rows"":20000,""self_donor_rows"":0,""self_excluded_rows"":20000,""singleton_fallback_rows"":0,""unseen_fallback_rows"":0},""training_self_exclusion"":""whenever_an_alternative_exists""}"
reward_factor_1,factor_1,rewarded,layer_2,False,ntp_bin_matched_activations,2,1044,42,0.014065784223519427,0.6006327128013136,"{""donor_source"":""train"",""fallback"":""training_marginal"",""key_width"":2,""method"":""train_row_resampling_conditional_on_exact_key"",""minimum_key_pool_size"":2,""n_features"":64,""n_test"":20000,""n_train"":20000,""n_train_keys"":8,""seed"":1044,""test"":{""exact_key_coverage"":1.0,""exact_key_rows"":20000,""fallback_rows"":0,""matched_fraction"":1.0,""matched_rows"":20000,""n_rows"":20000,""self_donor_rows"":0,""self_excluded_rows"":0,""singleton_fallback_rows"":0,""unseen_fallback_rows"":0},""train"":{""exact_key_coverage"":1.0,""exact_key_rows"":20000,""fallback_rows"":0,""matched_fraction"":1.0,""matched_rows"":20000,""n_rows"":20000,""self_donor_rows"":0,""self_excluded_rows"":20000,""singleton_fallback_rows"":0,""unseen_fallback_rows"":0},""training_self_exclusion"":""whenever_an_alternative_exists""}"
reward_factor_1,factor_1,rewarded,layer_2,False,ntp_bin_matched_activations,3,1045,42,0.014178019915590352,0.5974460249382734,"{""donor_source"":""train"",""fallback"":""training_marginal"",""key_width"":2,""method"":""train_row_resampling_conditional_on_exact_key"",""minimum_key_pool_size"":2,""n_features"":64,""n_test"":20000,""n_train"":20000,""n_train_keys"":8,""seed"":1045,""test"":{""exact_key_coverage"":1.0,""exact_key_rows"":20000,""fallback_rows"":0,""matched_fraction"":1.0,""matched_rows"":20000,""n_rows"":20000,""self_donor_rows"":0,""self_excluded_rows"":0,""singleton_fallback_rows"":0,""unseen_fallback_rows"":0},""train"":{""exact_key_coverage"":1.0,""exact_key_rows"":20000,""fallback_rows"":0,""matched_fraction"":1.0,""matched_rows"":20000,""n_rows"":20000,""self_donor_rows"":0,""self_excluded_rows"":20000,""singleton_fallback_rows"":0,""unseen_fallback_rows"":0},""training_self_exclusion"":""whenever_an_alternative_exists""}"
reward_factor_1,factor_1,rewarded,layer_2,False,ntp_bin_matched_activations,4,1046,42,0.014040149832248452,0.6013605454722969,"{""donor_source"":""train"",""fallback"":""training_marginal"",""key_width"":2,""method"":""train_row_resampling_conditional_on_exact_key"",""minimum_key_pool_size"":2,""n_features"":64,""n_test"":20000,""n_train"":20000,""n_train_keys"":8,""seed"":1046,""test"":{""exact_key_coverage"":1.0,""exact_key_rows"":20000,""fallback_rows"":0,""matched_fraction"":1.0,""matched_rows"":20000,""n_rows"":20000,""self_donor_rows"":0,""self_excluded_rows"":0,""singleton_fallback_rows"":0,""unseen_fallback_rows"":0},""train"":{""exact_key_coverage"":1.0,""exact_key_rows"":20000,""fallback_rows"":0,""matched_fraction"":1.0,""matched_rows"":20000,""n_rows"":20000,""self_donor_rows"":0,""self_excluded_rows"":20000,""singleton_fallback_rows"":0,""unseen_fallback_rows"":0},""training_self_exclusion"":""whenever_an_alternative_exists""}"
reward_factor_1,factor_1,rewarded,layer_2,False,shuffled_training_labels,0,1042,42,0.03566154915145608,-0.012531965200024864,
reward_factor_1,factor_1,rewarded,layer_2,False,shuffled_training_labels,1,1043,42,0.035431298163538696,-0.0059944902211590545,
reward_factor_1,factor_1,rewarded,layer_2,False,shuffled_training_labels,2,1044,42,0.03498522927308305,0.006670663733579052,
reward_factor_1,factor_1,rewarded,layer_2,False,shuffled_training_labels,3,1045,42,0.03555075928144404,-0.009386328303233826,
reward_factor_1,factor_1,rewarded,layer_2,False,shuffled_training_labels,4,1046,42,0.03504372739297051,0.005009737113745527,
reward_factor_1,factor_1,rewarded,layer_2,False,visible_suffix_matched_activations,0,1042,42,0.01449815668906857,0.5883564389809718,"{""donor_source"":""train"",""fallback"":""training_marginal"",""key_width"":1,""method"":""train_row_resampling_conditional_on_exact_key"",""minimum_key_pool_size"":2,""n_features"":64,""n_test"":20000,""n_train"":20000,""n_train_keys"":22,""seed"":1042,""test"":{""exact_key_coverage"":0.99975,""exact_key_rows"":19995,""fallback_rows"":8,""matched_fraction"":0.9996,""matched_rows"":19992,""n_rows"":20000,""self_donor_rows"":0,""self_excluded_rows"":0,""singleton_fallback_rows"":3,""unseen_fallback_rows"":5},""train"":{""exact_key_coverage"":1.0,""exact_key_rows"":20000,""fallback_rows"":4,""matched_fraction"":0.9998,""matched_rows"":19996,""n_rows"":20000,""self_donor_rows"":0,""self_excluded_rows"":20000,""singleton_fallback_rows"":4,""unseen_fallback_rows"":0},""training_self_exclusion"":""whenever_an_alternative_exists""}"
reward_factor_1,factor_1,rewarded,layer_2,False,visible_suffix_matched_activations,1,1043,42,0.01449090273296979,0.5885623992546822,"{""donor_source"":""train"",""fallback"":""training_marginal"",""key_width"":1,""method"":""train_row_resampling_conditional_on_exact_key"",""minimum_key_pool_size"":2,""n_features"":64,""n_test"":20000,""n_train"":20000,""n_train_keys"":22,""seed"":1043,""test"":{""exact_key_coverage"":0.99975,""exact_key_rows"":19995,""fallback_rows"":8,""matched_fraction"":0.9996,""matched_rows"":19992,""n_rows"":20000,""self_donor_rows"":0,""self_excluded_rows"":0,""singleton_fallback_rows"":3,""unseen_fallback_rows"":5},""train"":{""exact_key_coverage"":1.0,""exact_key_rows"":20000,""fallback_rows"":4,""matched_fraction"":0.9998,""matched_rows"":19996,""n_rows"":20000,""self_donor_rows"":0,""self_excluded_rows"":20000,""singleton_fallback_rows"":4,""unseen_fallback_rows"":0},""training_self_exclusion"":""whenever_an_alternative_exists""}"
reward_factor_1,factor_1,rewarded,layer_2,False,visible_suffix_matched_activations,2,1044,42,0.014489806133076356,0.5885935348186595,"{""donor_source"":""train"",""fallback"":""training_marginal"",""key_width"":1,""method"":""train_row_resampling_conditional_on_exact_key"",""minimum_key_pool_size"":2,""n_features"":64,""n_test"":20000,""n_train"":20000,""n_train_keys"":22,""seed"":1044,""test"":{""exact_key_coverage"":0.99975,""exact_key_rows"":19995,""fallback_rows"":8,""matched_fraction"":0.9996,""matched_rows"":19992,""n_rows"":20000,""self_donor_rows"":0,""self_excluded_rows"":0,""singleton_fallback_rows"":3,""unseen_fallback_rows"":5},""train"":{""exact_key_coverage"":1.0,""exact_key_rows"":20000,""fallback_rows"":4,""matched_fraction"":0.9998,""matched_rows"":19996,""n_rows"":20000,""self_donor_rows"":0,""self_excluded_rows"":20000,""singleton_fallback_rows"":4,""unseen_fallback_rows"":0},""training_self_exclusion"":""whenever_an_alternative_exists""}"
reward_factor_1,factor_1,rewarded,layer_2,False,visible_suffix_matched_activations,3,1045,42,0.01449516070706474,0.5884415033603446,"{""donor_source"":""train"",""fallback"":""training_marginal"",""key_width"":1,""method"":""train_row_resampling_conditional_on_exact_key"",""minimum_key_pool_size"":2,""n_features"":64,""n_test"":20000,""n_train"":20000,""n_train_keys"":22,""seed"":1045,""test"":{""exact_key_coverage"":0.99975,""exact_key_rows"":19995,""fallback_rows"":8,""matched_fraction"":0.9996,""matched_rows"":19992,""n_rows"":20000,""self_donor_rows"":0,""self_excluded_rows"":0,""singleton_fallback_rows"":3,""unseen_fallback_rows"":5},""train"":{""exact_key_coverage"":1.0,""exact_key_rows"":20000,""fallback_rows"":4,""matched_fraction"":0.9998,""matched_rows"":19996,""n_rows"":20000,""self_donor_rows"":0,""self_excluded_rows"":20000,""singleton_fallback_rows"":4,""unseen_fallback_rows"":0},""training_self_exclusion"":""whenever_an_alternative_exists""}"
reward_factor_1,factor_1,rewarded,layer_2,False,visible_suffix_matched_activations,4,1046,42,0.014523389643033579,0.5876400042473744,"{""donor_source"":""train"",""fallback"":""training_marginal"",""key_width"":1,""method"":""train_row_resampling_conditional_on_exact_key"",""minimum_key_pool_size"":2,""n_features"":64,""n_test"":20000,""n_train"":20000,""n_train_keys"":22,""seed"":1046,""test"":{""exact_key_coverage"":0.99975,""exact_key_rows"":19995,""fallback_rows"":8,""matched_fraction"":0.9996,""matched_rows"":19992,""n_rows"":20000,""self_donor_rows"":0,""self_excluded_rows"":0,""singleton_fallback_rows"":3,""unseen_fallback_rows"":5},""train"":{""exact_key_coverage"":1.0,""exact_key_rows"":20000,""fallback_rows"":4,""matched_fraction"":0.9998,""matched_rows"":19996,""n_rows"":20000,""self_donor_rows"":0,""self_excluded_rows"":20000,""singleton_fallback_rows"":4,""unseen_fallback_rows"":0},""training_self_exclusion"":""whenever_an_alternative_exists""}"
reward_factor_1,factor_1,rewarded,layer_3,True,dirichlet_labels,0,1042,42,0.05514397118755867,-0.0020142443206665472,
reward_factor_1,factor_1,rewarded,layer_3,True,dirichlet_labels,1,1043,42,0.05567259568259036,-0.0020346556449155617,
reward_factor_1,factor_1,rewarded,layer_3,True,dirichlet_labels,2,1044,42,0.05550383677126133,-0.002039597846339891,
reward_factor_1,factor_1,rewarded,layer_3,True,dirichlet_labels,3,1045,42,0.055896755022887844,-0.0014239300503329222,
reward_factor_1,factor_1,rewarded,layer_3,True,dirichlet_labels,4,1046,42,0.055350670688675926,-0.002024401572343182,
reward_factor_1,factor_1,rewarded,layer_3,True,gaussian_covariance_matched,0,1042,42,0.03529619847523065,-0.0021586290161537125,"{""covariance_ddof"":1,""empirical_rank"":64,""fit_source"":""train"",""method"":""gaussian_train_full_covariance"",""n_features"":64,""n_test"":20000,""n_train"":20000,""seed"":1042,""singular_value_cutoff"":8.056569542461692e-08,""training_mean"":[181.20333808135987,89.65300194063187,-217.20708991661073,-179.5051606781006,228.4503103366852,-120.03894763336181,226.2217085647583,-11.597289509677886,-59.70927976884842,-169.27693229866028,-97.83968741121292,-175.58330668411256,-112.35636100835801,107.03358030910492,123.12303482112884,173.3662497947693,171.18090457572936,89.44145622272491,145.07675138645172,173.15289366779328,58.43050611755848,225.3541807296753,-112.01339694747925,68.54913834276199,-140.4725993988037,149.19831726493837,-202.14658061828612,62.08716856315136,-16.500477904745935,73.39553878173828,-132.09781554527282,191.8465649406433,-219.20381376609802,227.44711386756896,172.7918940422058,-194.18943725509644,-136.70007338733672,126.00610788974762,-38.06576377592087,-117.61087569742203,147.3032066947937,-103.7646324640274,-230.80176052627564,73.62765087547302,-126.94982568893433,-67.74249070901871,-201.92693652267457,187.41020863723756,239.7520310951233,118.70916543483735,-163.1538318611145,-110.16931287841797,-164.85492213687897,-172.37182606449127,98.39370332098008,-123.40165929889679,155.53001988105774,30.273085925221444,-202.76184444007873,74.24913023786544,-116.364210658741,-142.29144201965332,202.220821118927,197.82526541633607]}"
reward_factor_1,factor_1,rewarded,layer_3,True,gaussian_covariance_matched,1,1043,42,0.035314777750404654,-0.0026861470419141664,"{""covariance_ddof"":1,""empirical_rank"":64,""fit_source"":""train"",""method"":""gaussian_train_full_covariance"",""n_features"":64,""n_test"":20000,""n_train"":20000,""seed"":1043,""singular_value_cutoff"":8.056569542461692e-08,""training_mean"":[181.20333808135987,89.65300194063187,-217.20708991661073,-179.5051606781006,228.4503103366852,-120.03894763336181,226.2217085647583,-11.597289509677886,-59.70927976884842,-169.27693229866028,-97.83968741121292,-175.58330668411256,-112.35636100835801,107.03358030910492,123.12303482112884,173.3662497947693,171.18090457572936,89.44145622272491,145.07675138645172,173.15289366779328,58.43050611755848,225.3541807296753,-112.01339694747925,68.54913834276199,-140.4725993988037,149.19831726493837,-202.14658061828612,62.08716856315136,-16.500477904745935,73.39553878173828,-132.09781554527282,191.8465649406433,-219.20381376609802,227.44711386756896,172.7918940422058,-194.18943725509644,-136.70007338733672,126.00610788974762,-38.06576377592087,-117.61087569742203,147.3032066947937,-103.7646324640274,-230.80176052627564,73.62765087547302,-126.94982568893433,-67.74249070901871,-201.92693652267457,187.41020863723756,239.7520310951233,118.70916543483735,-163.1538318611145,-110.16931287841797,-164.85492213687897,-172.37182606449127,98.39370332098008,-123.40165929889679,155.53001988105774,30.273085925221444,-202.76184444007873,74.24913023786544,-116.364210658741,-142.29144201965332,202.220821118927,197.82526541633607]}"
reward_factor_1,factor_1,rewarded,layer_3,True,gaussian_covariance_matched,2,1044,42,0.03529812494905483,-0.0022133270417168394,"{""covariance_ddof"":1,""empirical_rank"":64,""fit_source"":""train"",""method"":""gaussian_train_full_covariance"",""n_features"":64,""n_test"":20000,""n_train"":20000,""seed"":1044,""singular_value_cutoff"":8.056569542461692e-08,""training_mean"":[181.20333808135987,89.65300194063187,-217.20708991661073,-179.5051606781006,228.4503103366852,-120.03894763336181,226.2217085647583,-11.597289509677886,-59.70927976884842,-169.27693229866028,-97.83968741121292,-175.58330668411256,-112.35636100835801,107.03358030910492,123.12303482112884,173.3662497947693,171.18090457572936,89.44145622272491,145.07675138645172,173.15289366779328,58.43050611755848,225.3541807296753,-112.01339694747925,68.54913834276199,-140.4725993988037,149.19831726493837,-202.14658061828612,62.08716856315136,-16.500477904745935,73.39553878173828,-132.09781554527282,191.8465649406433,-219.20381376609802,227.44711386756896,172.7918940422058,-194.18943725509644,-136.70007338733672,126.00610788974762,-38.06576377592087,-117.61087569742203,147.3032066947937,-103.7646324640274,-230.80176052627564,73.62765087547302,-126.94982568893433,-67.74249070901871,-201.92693652267457,187.41020863723756,239.7520310951233,118.70916543483735,-163.1538318611145,-110.16931287841797,-164.85492213687897,-172.37182606449127,98.39370332098008,-123.40165929889679,155.53001988105774,30.273085925221444,-202.76184444007873,74.24913023786544,-116.364210658741,-142.29144201965332,202.220821118927,197.82526541633607]}"
reward_factor_1,factor_1,rewarded,layer_3,True,gaussian_covariance_matched,3,1045,42,0.03528796307635734,-0.001924802813876969,"{""covariance_ddof"":1,""empirical_rank"":64,""fit_source"":""train"",""method"":""gaussian_train_full_covariance"",""n_features"":64,""n_test"":20000,""n_train"":20000,""seed"":1045,""singular_value_cutoff"":8.056569542461692e-08,""training_mean"":[181.20333808135987,89.65300194063187,-217.20708991661073,-179.5051606781006,228.4503103366852,-120.03894763336181,226.2217085647583,-11.597289509677886,-59.70927976884842,-169.27693229866028,-97.83968741121292,-175.58330668411256,-112.35636100835801,107.03358030910492,123.12303482112884,173.3662497947693,171.18090457572936,89.44145622272491,145.07675138645172,173.15289366779328,58.43050611755848,225.3541807296753,-112.01339694747925,68.54913834276199,-140.4725993988037,149.19831726493837,-202.14658061828612,62.08716856315136,-16.500477904745935,73.39553878173828,-132.09781554527282,191.8465649406433,-219.20381376609802,227.44711386756896,172.7918940422058,-194.18943725509644,-136.70007338733672,126.00610788974762,-38.06576377592087,-117.61087569742203,147.3032066947937,-103.7646324640274,-230.80176052627564,73.62765087547302,-126.94982568893433,-67.74249070901871,-201.92693652267457,187.41020863723756,239.7520310951233,118.70916543483735,-163.1538318611145,-110.16931287841797,-164.85492213687897,-172.37182606449127,98.39370332098008,-123.40165929889679,155.53001988105774,30.273085925221444,-202.76184444007873,74.24913023786544,-116.364210658741,-142.29144201965332,202.220821118927,197.82526541633607]}"
reward_factor_1,factor_1,rewarded,layer_3,True,gaussian_covariance_matched,4,1046,42,0.03532986996438969,-0.003114657565127521,"{""covariance_ddof"":1,""empirical_rank"":64,""fit_source"":""train"",""method"":""gaussian_train_full_covariance"",""n_features"":64,""n_test"":20000,""n_train"":20000,""seed"":1046,""singular_value_cutoff"":8.056569542461692e-08,""training_mean"":[181.20333808135987,89.65300194063187,-217.20708991661073,-179.5051606781006,228.4503103366852,-120.03894763336181,226.2217085647583,-11.597289509677886,-59.70927976884842,-169.27693229866028,-97.83968741121292,-175.58330668411256,-112.35636100835801,107.03358030910492,123.12303482112884,173.3662497947693,171.18090457572936,89.44145622272491,145.07675138645172,173.15289366779328,58.43050611755848,225.3541807296753,-112.01339694747925,68.54913834276199,-140.4725993988037,149.19831726493837,-202.14658061828612,62.08716856315136,-16.500477904745935,73.39553878173828,-132.09781554527282,191.8465649406433,-219.20381376609802,227.44711386756896,172.7918940422058,-194.18943725509644,-136.70007338733672,126.00610788974762,-38.06576377592087,-117.61087569742203,147.3032066947937,-103.7646324640274,-230.80176052627564,73.62765087547302,-126.94982568893433,-67.74249070901871,-201.92693652267457,187.41020863723756,239.7520310951233,118.70916543483735,-163.1538318611145,-110.16931287841797,-164.85492213687897,-172.37182606449127,98.39370332098008,-123.40165929889679,155.53001988105774,30.273085925221444,-202.76184444007873,74.24913023786544,-116.364210658741,-142.29144201965332,202.220821118927,197.82526541633607]}"
reward_factor_1,factor_1,rewarded,layer_3,True,ntp_bin_matched_activations,0,1042,42,0.013930124937718351,0.6044844625575125,"{""donor_source"":""train"",""fallback"":""training_marginal"",""key_width"":2,""method"":""train_row_resampling_conditional_on_exact_key"",""minimum_key_pool_size"":2,""n_features"":64,""n_test"":20000,""n_train"":20000,""n_train_keys"":8,""seed"":1042,""test"":{""exact_key_coverage"":1.0,""exact_key_rows"":20000,""fallback_rows"":0,""matched_fraction"":1.0,""matched_rows"":20000,""n_rows"":20000,""self_donor_rows"":0,""self_excluded_rows"":0,""singleton_fallback_rows"":0,""unseen_fallback_rows"":0},""train"":{""exact_key_coverage"":1.0,""exact_key_rows"":20000,""fallback_rows"":0,""matched_fraction"":1.0,""matched_rows"":20000,""n_rows"":20000,""self_donor_rows"":0,""self_excluded_rows"":20000,""singleton_fallback_rows"":0,""unseen_fallback_rows"":0},""training_self_exclusion"":""whenever_an_alternative_exists""}"
reward_factor_1,factor_1,rewarded,layer_3,True,ntp_bin_matched_activations,1,1043,42,0.013711013340294766,0.610705658821174,"{""donor_source"":""train"",""fallback"":""training_marginal"",""key_width"":2,""method"":""train_row_resampling_conditional_on_exact_key"",""minimum_key_pool_size"":2,""n_features"":64,""n_test"":20000,""n_train"":20000,""n_train_keys"":8,""seed"":1043,""test"":{""exact_key_coverage"":1.0,""exact_key_rows"":20000,""fallback_rows"":0,""matched_fraction"":1.0,""matched_rows"":20000,""n_rows"":20000,""self_donor_rows"":0,""self_excluded_rows"":0,""singleton_fallback_rows"":0,""unseen_fallback_rows"":0},""train"":{""exact_key_coverage"":1.0,""exact_key_rows"":20000,""fallback_rows"":0,""matched_fraction"":1.0,""matched_rows"":20000,""n_rows"":20000,""self_donor_rows"":0,""self_excluded_rows"":20000,""singleton_fallback_rows"":0,""unseen_fallback_rows"":0},""training_self_exclusion"":""whenever_an_alternative_exists""}"
reward_factor_1,factor_1,rewarded,layer_3,True,ntp_bin_matched_activations,2,1044,42,0.013936753919782212,0.6042962470594171,"{""donor_source"":""train"",""fallback"":""training_marginal"",""key_width"":2,""method"":""train_row_resampling_conditional_on_exact_key"",""minimum_key_pool_size"":2,""n_features"":64,""n_test"":20000,""n_train"":20000,""n_train_keys"":8,""seed"":1044,""test"":{""exact_key_coverage"":1.0,""exact_key_rows"":20000,""fallback_rows"":0,""matched_fraction"":1.0,""matched_rows"":20000,""n_rows"":20000,""self_donor_rows"":0,""self_excluded_rows"":0,""singleton_fallback_rows"":0,""unseen_fallback_rows"":0},""train"":{""exact_key_coverage"":1.0,""exact_key_rows"":20000,""fallback_rows"":0,""matched_fraction"":1.0,""matched_rows"":20000,""n_rows"":20000,""self_donor_rows"":0,""self_excluded_rows"":20000,""singleton_fallback_rows"":0,""unseen_fallback_rows"":0},""training_self_exclusion"":""whenever_an_alternative_exists""}"
reward_factor_1,factor_1,rewarded,layer_3,True,ntp_bin_matched_activations,3,1045,42,0.014072051250111677,0.6004547742399667,"{""donor_source"":""train"",""fallback"":""training_marginal"",""key_width"":2,""method"":""train_row_resampling_conditional_on_exact_key"",""minimum_key_pool_size"":2,""n_features"":64,""n_test"":20000,""n_train"":20000,""n_train_keys"":8,""seed"":1045,""test"":{""exact_key_coverage"":1.0,""exact_key_rows"":20000,""fallback_rows"":0,""matched_fraction"":1.0,""matched_rows"":20000,""n_rows"":20000,""self_donor_rows"":0,""self_excluded_rows"":0,""singleton_fallback_rows"":0,""unseen_fallback_rows"":0},""train"":{""exact_key_coverage"":1.0,""exact_key_rows"":20000,""fallback_rows"":0,""matched_fraction"":1.0,""matched_rows"":20000,""n_rows"":20000,""self_donor_rows"":0,""self_excluded_rows"":20000,""singleton_fallback_rows"":0,""unseen_fallback_rows"":0},""training_self_exclusion"":""whenever_an_alternative_exists""}"
reward_factor_1,factor_1,rewarded,layer_3,True,ntp_bin_matched_activations,4,1046,42,0.01382356216629767,0.6075100802025983,"{""donor_source"":""train"",""fallback"":""training_marginal"",""key_width"":2,""method"":""train_row_resampling_conditional_on_exact_key"",""minimum_key_pool_size"":2,""n_features"":64,""n_test"":20000,""n_train"":20000,""n_train_keys"":8,""seed"":1046,""test"":{""exact_key_coverage"":1.0,""exact_key_rows"":20000,""fallback_rows"":0,""matched_fraction"":1.0,""matched_rows"":20000,""n_rows"":20000,""self_donor_rows"":0,""self_excluded_rows"":0,""singleton_fallback_rows"":0,""unseen_fallback_rows"":0},""train"":{""exact_key_coverage"":1.0,""exact_key_rows"":20000,""fallback_rows"":0,""matched_fraction"":1.0,""matched_rows"":20000,""n_rows"":20000,""self_donor_rows"":0,""self_excluded_rows"":20000,""singleton_fallback_rows"":0,""unseen_fallback_rows"":0},""training_self_exclusion"":""whenever_an_alternative_exists""}"
reward_factor_1,factor_1,rewarded,layer_3,True,shuffled_training_labels,0,1042,42,0.035720532269825134,-0.014206662294707906,
reward_factor_1,factor_1,rewarded,layer_3,True,shuffled_training_labels,1,1043,42,0.03552154487332201,-0.008556848856271948,
reward_factor_1,factor_1,rewarded,layer_3,True,shuffled_training_labels,2,1044,42,0.03510143210552874,0.0033713375658249722,
reward_factor_1,factor_1,rewarded,layer_3,True,shuffled_training_labels,3,1045,42,0.03557679620420913,-0.01012558997869073,
reward_factor_1,factor_1,rewarded,layer_3,True,shuffled_training_labels,4,1046,42,0.035009344413526926,0.0059859668786832465,
reward_factor_1,factor_1,rewarded,layer_3,True,visible_suffix_matched_activations,0,1042,42,0.01476813329611335,0.5806910416274211,"{""donor_source"":""train"",""fallback"":""training_marginal"",""key_width"":1,""method"":""train_row_resampling_conditional_on_exact_key"",""minimum_key_pool_size"":2,""n_features"":64,""n_test"":20000,""n_train"":20000,""n_train_keys"":22,""seed"":1042,""test"":{""exact_key_coverage"":0.99975,""exact_key_rows"":19995,""fallback_rows"":8,""matched_fraction"":0.9996,""matched_rows"":19992,""n_rows"":20000,""self_donor_rows"":0,""self_excluded_rows"":0,""singleton_fallback_rows"":3,""unseen_fallback_rows"":5},""train"":{""exact_key_coverage"":1.0,""exact_key_rows"":20000,""fallback_rows"":4,""matched_fraction"":0.9998,""matched_rows"":19996,""n_rows"":20000,""self_donor_rows"":0,""self_excluded_rows"":20000,""singleton_fallback_rows"":4,""unseen_fallback_rows"":0},""training_self_exclusion"":""whenever_an_alternative_exists""}"
reward_factor_1,factor_1,rewarded,layer_3,True,visible_suffix_matched_activations,1,1043,42,0.014769360733833663,0.5806561912085055,"{""donor_source"":""train"",""fallback"":""training_marginal"",""key_width"":1,""method"":""train_row_resampling_conditional_on_exact_key"",""minimum_key_pool_size"":2,""n_features"":64,""n_test"":20000,""n_train"":20000,""n_train_keys"":22,""seed"":1043,""test"":{""exact_key_coverage"":0.99975,""exact_key_rows"":19995,""fallback_rows"":8,""matched_fraction"":0.9996,""matched_rows"":19992,""n_rows"":20000,""self_donor_rows"":0,""self_excluded_rows"":0,""singleton_fallback_rows"":3,""unseen_fallback_rows"":5},""train"":{""exact_key_coverage"":1.0,""exact_key_rows"":20000,""fallback_rows"":4,""matched_fraction"":0.9998,""matched_rows"":19996,""n_rows"":20000,""self_donor_rows"":0,""self_excluded_rows"":20000,""singleton_fallback_rows"":4,""unseen_fallback_rows"":0},""training_self_exclusion"":""whenever_an_alternative_exists""}"
reward_factor_1,factor_1,rewarded,layer_3,True,visible_suffix_matched_activations,2,1044,42,0.014770825072805952,0.5806146144948571,"{""donor_source"":""train"",""fallback"":""training_marginal"",""key_width"":1,""method"":""train_row_resampling_conditional_on_exact_key"",""minimum_key_pool_size"":2,""n_features"":64,""n_test"":20000,""n_train"":20000,""n_train_keys"":22,""seed"":1044,""test"":{""exact_key_coverage"":0.99975,""exact_key_rows"":19995,""fallback_rows"":8,""matched_fraction"":0.9996,""matched_rows"":19992,""n_rows"":20000,""self_donor_rows"":0,""self_excluded_rows"":0,""singleton_fallback_rows"":3,""unseen_fallback_rows"":5},""train"":{""exact_key_coverage"":1.0,""exact_key_rows"":20000,""fallback_rows"":4,""matched_fraction"":0.9998,""matched_rows"":19996,""n_rows"":20000,""self_donor_rows"":0,""self_excluded_rows"":20000,""singleton_fallback_rows"":4,""unseen_fallback_rows"":0},""training_self_exclusion"":""whenever_an_alternative_exists""}"
reward_factor_1,factor_1,rewarded,layer_3,True,visible_suffix_matched_activations,3,1045,42,0.01475807242640001,0.5809766980956583,"{""donor_source"":""train"",""fallback"":""training_marginal"",""key_width"":1,""method"":""train_row_resampling_conditional_on_exact_key"",""minimum_key_pool_size"":2,""n_features"":64,""n_test"":20000,""n_train"":20000,""n_train_keys"":22,""seed"":1045,""test"":{""exact_key_coverage"":0.99975,""exact_key_rows"":19995,""fallback_rows"":8,""matched_fraction"":0.9996,""matched_rows"":19992,""n_rows"":20000,""self_donor_rows"":0,""self_excluded_rows"":0,""singleton_fallback_rows"":3,""unseen_fallback_rows"":5},""train"":{""exact_key_coverage"":1.0,""exact_key_rows"":20000,""fallback_rows"":4,""matched_fraction"":0.9998,""matched_rows"":19996,""n_rows"":20000,""self_donor_rows"":0,""self_excluded_rows"":20000,""singleton_fallback_rows"":4,""unseen_fallback_rows"":0},""training_self_exclusion"":""whenever_an_alternative_exists""}"
reward_factor_1,factor_1,rewarded,layer_3,True,visible_suffix_matched_activations,4,1046,42,0.014791010946333043,0.5800414806103794,"{""donor_source"":""train"",""fallback"":""training_marginal"",""key_width"":1,""method"":""train_row_resampling_conditional_on_exact_key"",""minimum_key_pool_size"":2,""n_features"":64,""n_test"":20000,""n_train"":20000,""n_train_keys"":22,""seed"":1046,""test"":{""exact_key_coverage"":0.99975,""exact_key_rows"":19995,""fallback_rows"":8,""matched_fraction"":0.9996,""matched_rows"":19992,""n_rows"":20000,""self_donor_rows"":0,""self_excluded_rows"":0,""singleton_fallback_rows"":3,""unseen_fallback_rows"":5},""train"":{""exact_key_coverage"":1.0,""exact_key_rows"":20000,""fallback_rows"":4,""matched_fraction"":0.9998,""matched_rows"":19996,""n_rows"":20000,""self_donor_rows"":0,""self_excluded_rows"":20000,""singleton_fallback_rows"":4,""unseen_fallback_rows"":0},""training_self_exclusion"":""whenever_an_alternative_exists""}"
reward_factor_1,factor_2,unrewarded,layer_1,False,dirichlet_labels,0,1042,43,0.05508983560716297,-0.0010305534200500954,
reward_factor_1,factor_2,unrewarded,layer_1,False,dirichlet_labels,1,1043,43,0.05565501567801966,-0.0017182383194747075,
reward_factor_1,factor_2,unrewarded,layer_1,False,dirichlet_labels,2,1044,43,0.05547987812584479,-0.0016070599748216896,
reward_factor_1,factor_2,unrewarded,layer_1,False,dirichlet_labels,3,1045,43,0.05587597391085988,-0.0010516239501070501,
reward_factor_1,factor_2,unrewarded,layer_1,False,dirichlet_labels,4,1046,43,0.05527804097963565,-0.0007095712399920462,
reward_factor_1,factor_2,unrewarded,layer_1,False,gaussian_covariance_matched,0,1042,43,0.11408792857247128,-0.002087081540709246,"{""covariance_ddof"":1,""empirical_rank"":64,""fit_source"":""train"",""method"":""gaussian_train_full_covariance"",""n_features"":64,""n_test"":20000,""n_train"":20000,""seed"":1042,""singular_value_cutoff"":3.1514140768057784e-08,""training_mean"":[-4.040050122089684,3.968982205647975,-74.38196802857519,-6.452826022590883,1.8185726344350726,-35.53117120960951,58.724524216079715,-9.936209062506258,-26.575191905856876,-9.058888470080495,9.39030837412402,-9.988310205818713,3.5187940173886716,-17.60421649093218,14.621493979049522,1.7246299038000403,33.886058649739624,19.278354358491303,-19.928265571974592,30.190815394599735,-11.38817196293585,-13.131407011648268,-16.432546965768932,23.515426387562883,-2.1307361524930633,53.985831908750534,-42.92710081360601,-8.581036996600032,-11.275152001439036,22.582031826030462,-20.860513304133715,-21.891935743652283,3.258982926596701,6.9498445458006115,-8.610508088252693,7.09003838083148,-16.155948987568916,-2.17623097098656,-9.472109362014383,-18.05958793900609,46.03277641760185,14.059559872537665,-6.1813423773989085,41.25010380376875,-20.911818616583943,-3.560661403276771,3.3600024943593887,2.217868762105703,27.2085263857007,20.353080511280893,-9.784543290838599,12.889131593202055,-4.838706473755464,-20.49334747912288,11.516720032656192,10.269925760377944,65.18576639720425,3.007670259588212,-10.94857909033522,3.0212336812857536,-5.893423733091355,-22.415187881765515,11.788673852133005,-20.204585733155906]}"
reward_factor_1,factor_2,unrewarded,layer_1,False,gaussian_covariance_matched,1,1043,43,0.11394190461124468,-0.0008044855029729625,"{""covariance_ddof"":1,""empirical_rank"":64,""fit_source"":""train"",""method"":""gaussian_train_full_covariance"",""n_features"":64,""n_test"":20000,""n_train"":20000,""seed"":1043,""singular_value_cutoff"":3.1514140768057784e-08,""training_mean"":[-4.040050122089684,3.968982205647975,-74.38196802857519,-6.452826022590883,1.8185726344350726,-35.53117120960951,58.724524216079715,-9.936209062506258,-26.575191905856876,-9.058888470080495,9.39030837412402,-9.988310205818713,3.5187940173886716,-17.60421649093218,14.621493979049522,1.7246299038000403,33.886058649739624,19.278354358491303,-19.928265571974592,30.190815394599735,-11.38817196293585,-13.131407011648268,-16.432546965768932,23.515426387562883,-2.1307361524930633,53.985831908750534,-42.92710081360601,-8.581036996600032,-11.275152001439036,22.582031826030462,-20.860513304133715,-21.891935743652283,3.258982926596701,6.9498445458006115,-8.610508088252693,7.09003838083148,-16.155948987568916,-2.17623097098656,-9.472109362014383,-18.05958793900609,46.03277641760185,14.059559872537665,-6.1813423773989085,41.25010380376875,-20.911818616583943,-3.560661403276771,3.3600024943593887,2.217868762105703,27.2085263857007,20.353080511280893,-9.784543290838599,12.889131593202055,-4.838706473755464,-20.49334747912288,11.516720032656192,10.269925760377944,65.18576639720425,3.007670259588212,-10.94857909033522,3.0212336812857536,-5.893423733091355,-22.415187881765515,11.788673852133005,-20.204585733155906]}"
reward_factor_1,factor_2,unrewarded,layer_1,False,gaussian_covariance_matched,2,1044,43,0.11409342599811936,-0.002135367974625435,"{""covariance_ddof"":1,""empirical_rank"":64,""fit_source"":""train"",""method"":""gaussian_train_full_covariance"",""n_features"":64,""n_test"":20000,""n_train"":20000,""seed"":1044,""singular_value_cutoff"":3.1514140768057784e-08,""training_mean"":[-4.040050122089684,3.968982205647975,-74.38196802857519,-6.452826022590883,1.8185726344350726,-35.53117120960951,58.724524216079715,-9.936209062506258,-26.575191905856876,-9.058888470080495,9.39030837412402,-9.988310205818713,3.5187940173886716,-17.60421649093218,14.621493979049522,1.7246299038000403,33.886058649739624,19.278354358491303,-19.928265571974592,30.190815394599735,-11.38817196293585,-13.131407011648268,-16.432546965768932,23.515426387562883,-2.1307361524930633,53.985831908750534,-42.92710081360601,-8.581036996600032,-11.275152001439036,22.582031826030462,-20.860513304133715,-21.891935743652283,3.258982926596701,6.9498445458006115,-8.610508088252693,7.09003838083148,-16.155948987568916,-2.17623097098656,-9.472109362014383,-18.05958793900609,46.03277641760185,14.059559872537665,-6.1813423773989085,41.25010380376875,-20.911818616583943,-3.560661403276771,3.3600024943593887,2.217868762105703,27.2085263857007,20.353080511280893,-9.784543290838599,12.889131593202055,-4.838706473755464,-20.49334747912288,11.516720032656192,10.269925760377944,65.18576639720425,3.007670259588212,-10.94857909033522,3.0212336812857536,-5.893423733091355,-22.415187881765515,11.788673852133005,-20.204585733155906]}"
reward_factor_1,factor_2,unrewarded,layer_1,False,gaussian_covariance_matched,3,1045,43,0.11392704361428432,-0.0006739544883500592,"{""covariance_ddof"":1,""empirical_rank"":64,""fit_source"":""train"",""method"":""gaussian_train_full_covariance"",""n_features"":64,""n_test"":20000,""n_train"":20000,""seed"":1045,""singular_value_cutoff"":3.1514140768057784e-08,""training_mean"":[-4.040050122089684,3.968982205647975,-74.38196802857519,-6.452826022590883,1.8185726344350726,-35.53117120960951,58.724524216079715,-9.936209062506258,-26.575191905856876,-9.058888470080495,9.39030837412402,-9.988310205818713,3.5187940173886716,-17.60421649093218,14.621493979049522,1.7246299038000403,33.886058649739624,19.278354358491303,-19.928265571974592,30.190815394599735,-11.38817196293585,-13.131407011648268,-16.432546965768932,23.515426387562883,-2.1307361524930633,53.985831908750534,-42.92710081360601,-8.581036996600032,-11.275152001439036,22.582031826030462,-20.860513304133715,-21.891935743652283,3.258982926596701,6.9498445458006115,-8.610508088252693,7.09003838083148,-16.155948987568916,-2.17623097098656,-9.472109362014383,-18.05958793900609,46.03277641760185,14.059559872537665,-6.1813423773989085,41.25010380376875,-20.911818616583943,-3.560661403276771,3.3600024943593887,2.217868762105703,27.2085263857007,20.353080511280893,-9.784543290838599,12.889131593202055,-4.838706473755464,-20.49334747912288,11.516720032656192,10.269925760377944,65.18576639720425,3.007670259588212,-10.94857909033522,3.0212336812857536,-5.893423733091355,-22.415187881765515,11.788673852133005,-20.204585733155906]}"
reward_factor_1,factor_2,unrewarded,layer_1,False,gaussian_covariance_matched,4,1046,43,0.11386356032149955,-0.0001163513449737863,"{""covariance_ddof"":1,""empirical_rank"":64,""fit_source"":""train"",""method"":""gaussian_train_full_covariance"",""n_features"":64,""n_test"":20000,""n_train"":20000,""seed"":1046,""singular_value_cutoff"":3.1514140768057784e-08,""training_mean"":[-4.040050122089684,3.968982205647975,-74.38196802857519,-6.452826022590883,1.8185726344350726,-35.53117120960951,58.724524216079715,-9.936209062506258,-26.575191905856876,-9.058888470080495,9.39030837412402,-9.988310205818713,3.5187940173886716,-17.60421649093218,14.621493979049522,1.7246299038000403,33.886058649739624,19.278354358491303,-19.928265571974592,30.190815394599735,-11.38817196293585,-13.131407011648268,-16.432546965768932,23.515426387562883,-2.1307361524930633,53.985831908750534,-42.92710081360601,-8.581036996600032,-11.275152001439036,22.582031826030462,-20.860513304133715,-21.891935743652283,3.258982926596701,6.9498445458006115,-8.610508088252693,7.09003838083148,-16.155948987568916,-2.17623097098656,-9.472109362014383,-18.05958793900609,46.03277641760185,14.059559872537665,-6.1813423773989085,41.25010380376875,-20.911818616583943,-3.560661403276771,3.3600024943593887,2.217868762105703,27.2085263857007,20.353080511280893,-9.784543290838599,12.889131593202055,-4.838706473755464,-20.49334747912288,11.516720032656192,10.269925760377944,65.18576639720425,3.007670259588212,-10.94857909033522,3.0212336812857536,-5.893423733091355,-22.415187881765515,11.788673852133005,-20.204585733155906]}"
reward_factor_1,factor_2,unrewarded,layer_1,False,ntp_bin_matched_activations,0,1042,43,0.10365480848587802,0.08955184108463066,"{""donor_source"":""train"",""fallback"":""training_marginal"",""key_width"":2,""method"":""train_row_resampling_conditional_on_exact_key"",""minimum_key_pool_size"":2,""n_features"":64,""n_test"":20000,""n_train"":20000,""n_train_keys"":8,""seed"":1042,""test"":{""exact_key_coverage"":1.0,""exact_key_rows"":20000,""fallback_rows"":0,""matched_fraction"":1.0,""matched_rows"":20000,""n_rows"":20000,""self_donor_rows"":0,""self_excluded_rows"":0,""singleton_fallback_rows"":0,""unseen_fallback_rows"":0},""train"":{""exact_key_coverage"":1.0,""exact_key_rows"":20000,""fallback_rows"":0,""matched_fraction"":1.0,""matched_rows"":20000,""n_rows"":20000,""self_donor_rows"":0,""self_excluded_rows"":20000,""singleton_fallback_rows"":0,""unseen_fallback_rows"":0},""training_self_exclusion"":""whenever_an_alternative_exists""}"
reward_factor_1,factor_2,unrewarded,layer_1,False,ntp_bin_matched_activations,1,1043,43,0.10292244449355639,0.09598453299931387,"{""donor_source"":""train"",""fallback"":""training_marginal"",""key_width"":2,""method"":""train_row_resampling_conditional_on_exact_key"",""minimum_key_pool_size"":2,""n_features"":64,""n_test"":20000,""n_train"":20000,""n_train_keys"":8,""seed"":1043,""test"":{""exact_key_coverage"":1.0,""exact_key_rows"":20000,""fallback_rows"":0,""matched_fraction"":1.0,""matched_rows"":20000,""n_rows"":20000,""self_donor_rows"":0,""self_excluded_rows"":0,""singleton_fallback_rows"":0,""unseen_fallback_rows"":0},""train"":{""exact_key_coverage"":1.0,""exact_key_rows"":20000,""fallback_rows"":0,""matched_fraction"":1.0,""matched_rows"":20000,""n_rows"":20000,""self_donor_rows"":0,""self_excluded_rows"":20000,""singleton_fallback_rows"":0,""unseen_fallback_rows"":0},""training_self_exclusion"":""whenever_an_alternative_exists""}"
reward_factor_1,factor_2,unrewarded,layer_1,False,ntp_bin_matched_activations,2,1044,43,0.10340451825450193,0.09175025603208486,"{""donor_source"":""train"",""fallback"":""training_marginal"",""key_width"":2,""method"":""train_row_resampling_conditional_on_exact_key"",""minimum_key_pool_size"":2,""n_features"":64,""n_test"":20000,""n_train"":20000,""n_train_keys"":8,""seed"":1044,""test"":{""exact_key_coverage"":1.0,""exact_key_rows"":20000,""fallback_rows"":0,""matched_fraction"":1.0,""matched_rows"":20000,""n_rows"":20000,""self_donor_rows"":0,""self_excluded_rows"":0,""singleton_fallback_rows"":0,""unseen_fallback_rows"":0},""train"":{""exact_key_coverage"":1.0,""exact_key_rows"":20000,""fallback_rows"":0,""matched_fraction"":1.0,""matched_rows"":20000,""n_rows"":20000,""self_donor_rows"":0,""self_excluded_rows"":20000,""singleton_fallback_rows"":0,""unseen_fallback_rows"":0},""training_self_exclusion"":""whenever_an_alternative_exists""}"
reward_factor_1,factor_2,unrewarded,layer_1,False,ntp_bin_matched_activations,3,1045,43,0.10360733773864947,0.08996879862907936,"{""donor_source"":""train"",""fallback"":""training_marginal"",""key_width"":2,""method"":""train_row_resampling_conditional_on_exact_key"",""minimum_key_pool_size"":2,""n_features"":64,""n_test"":20000,""n_train"":20000,""n_train_keys"":8,""seed"":1045,""test"":{""exact_key_coverage"":1.0,""exact_key_rows"":20000,""fallback_rows"":0,""matched_fraction"":1.0,""matched_rows"":20000,""n_rows"":20000,""self_donor_rows"":0,""self_excluded_rows"":0,""singleton_fallback_rows"":0,""unseen_fallback_rows"":0},""train"":{""exact_key_coverage"":1.0,""exact_key_rows"":20000,""fallback_rows"":0,""matched_fraction"":1.0,""matched_rows"":20000,""n_rows"":20000,""self_donor_rows"":0,""self_excluded_rows"":20000,""singleton_fallback_rows"":0,""unseen_fallback_rows"":0},""training_self_exclusion"":""whenever_an_alternative_exists""}"
reward_factor_1,factor_2,unrewarded,layer_1,False,ntp_bin_matched_activations,4,1046,43,0.10338666267863585,0.0919070898192591,"{""donor_source"":""train"",""fallback"":""training_marginal"",""key_width"":2,""method"":""train_row_resampling_conditional_on_exact_key"",""minimum_key_pool_size"":2,""n_features"":64,""n_test"":20000,""n_train"":20000,""n_train_keys"":8,""seed"":1046,""test"":{""exact_key_coverage"":1.0,""exact_key_rows"":20000,""fallback_rows"":0,""matched_fraction"":1.0,""matched_rows"":20000,""n_rows"":20000,""self_donor_rows"":0,""self_excluded_rows"":0,""singleton_fallback_rows"":0,""unseen_fallback_rows"":0},""train"":{""exact_key_coverage"":1.0,""exact_key_rows"":20000,""fallback_rows"":0,""matched_fraction"":1.0,""matched_rows"":20000,""n_rows"":20000,""self_donor_rows"":0,""self_excluded_rows"":20000,""singleton_fallback_rows"":0,""unseen_fallback_rows"":0},""training_self_exclusion"":""whenever_an_alternative_exists""}"
reward_factor_1,factor_2,unrewarded,layer_1,False,shuffled_training_labels,0,1042,43,0.11497149692765797,-0.009847871358435789,
reward_factor_1,factor_2,unrewarded,layer_1,False,shuffled_training_labels,1,1043,43,0.11320188500136959,0.0056954492440373095,
reward_factor_1,factor_2,unrewarded,layer_1,False,shuffled_training_labels,2,1044,43,0.11385947355076977,-8.045534611778038e-05,
reward_factor_1,factor_2,unrewarded,layer_1,False,shuffled_training_labels,3,1045,43,0.11346163749200422,0.0034139228939673583,
reward_factor_1,factor_2,unrewarded,layer_1,False,shuffled_training_labels,4,1046,43,0.11393688386019316,-0.0007603859226639198,
reward_factor_1,factor_2,unrewarded,layer_1,False,visible_suffix_matched_activations,0,1042,43,0.08653161560526608,0.23995276951845113,"{""donor_source"":""train"",""fallback"":""training_marginal"",""key_width"":1,""method"":""train_row_resampling_conditional_on_exact_key"",""minimum_key_pool_size"":2,""n_features"":64,""n_test"":20000,""n_train"":20000,""n_train_keys"":22,""seed"":1042,""test"":{""exact_key_coverage"":0.99975,""exact_key_rows"":19995,""fallback_rows"":8,""matched_fraction"":0.9996,""matched_rows"":19992,""n_rows"":20000,""self_donor_rows"":0,""self_excluded_rows"":0,""singleton_fallback_rows"":3,""unseen_fallback_rows"":5},""train"":{""exact_key_coverage"":1.0,""exact_key_rows"":20000,""fallback_rows"":4,""matched_fraction"":0.9998,""matched_rows"":19996,""n_rows"":20000,""self_donor_rows"":0,""self_excluded_rows"":20000,""singleton_fallback_rows"":4,""unseen_fallback_rows"":0},""training_self_exclusion"":""whenever_an_alternative_exists""}"
reward_factor_1,factor_2,unrewarded,layer_1,False,visible_suffix_matched_activations,1,1043,43,0.08630549007558405,0.24193893470644445,"{""donor_source"":""train"",""fallback"":""training_marginal"",""key_width"":1,""method"":""train_row_resampling_conditional_on_exact_key"",""minimum_key_pool_size"":2,""n_features"":64,""n_test"":20000,""n_train"":20000,""n_train_keys"":22,""seed"":1043,""test"":{""exact_key_coverage"":0.99975,""exact_key_rows"":19995,""fallback_rows"":8,""matched_fraction"":0.9996,""matched_rows"":19992,""n_rows"":20000,""self_donor_rows"":0,""self_excluded_rows"":0,""singleton_fallback_rows"":3,""unseen_fallback_rows"":5},""train"":{""exact_key_coverage"":1.0,""exact_key_rows"":20000,""fallback_rows"":4,""matched_fraction"":0.9998,""matched_rows"":19996,""n_rows"":20000,""self_donor_rows"":0,""self_excluded_rows"":20000,""singleton_fallback_rows"":4,""unseen_fallback_rows"":0},""training_self_exclusion"":""whenever_an_alternative_exists""}"
reward_factor_1,factor_2,unrewarded,layer_1,False,visible_suffix_matched_activations,2,1044,43,0.08649399823251448,0.24028318031429552,"{""donor_source"":""train"",""fallback"":""training_marginal"",""key_width"":1,""method"":""train_row_resampling_conditional_on_exact_key"",""minimum_key_pool_size"":2,""n_features"":64,""n_test"":20000,""n_train"":20000,""n_train_keys"":22,""seed"":1044,""test"":{""exact_key_coverage"":0.99975,""exact_key_rows"":19995,""fallback_rows"":8,""matched_fraction"":0.9996,""matched_rows"":19992,""n_rows"":20000,""self_donor_rows"":0,""self_excluded_rows"":0,""singleton_fallback_rows"":3,""unseen_fallback_rows"":5},""train"":{""exact_key_coverage"":1.0,""exact_key_rows"":20000,""fallback_rows"":4,""matched_fraction"":0.9998,""matched_rows"":19996,""n_rows"":20000,""self_donor_rows"":0,""self_excluded_rows"":20000,""singleton_fallback_rows"":4,""unseen_fallback_rows"":0},""training_self_exclusion"":""whenever_an_alternative_exists""}"
reward_factor_1,factor_2,unrewarded,layer_1,False,visible_suffix_matched_activations,3,1045,43,0.08633268014687466,0.2417001117255435,"{""donor_source"":""train"",""fallback"":""training_marginal"",""key_width"":1,""method"":""train_row_resampling_conditional_on_exact_key"",""minimum_key_pool_size"":2,""n_features"":64,""n_test"":20000,""n_train"":20000,""n_train_keys"":22,""seed"":1045,""test"":{""exact_key_coverage"":0.99975,""exact_key_rows"":19995,""fallback_rows"":8,""matched_fraction"":0.9996,""matched_rows"":19992,""n_rows"":20000,""self_donor_rows"":0,""self_excluded_rows"":0,""singleton_fallback_rows"":3,""unseen_fallback_rows"":5},""train"":{""exact_key_coverage"":1.0,""exact_key_rows"":20000,""fallback_rows"":4,""matched_fraction"":0.9998,""matched_rows"":19996,""n_rows"":20000,""self_donor_rows"":0,""self_excluded_rows"":20000,""singleton_fallback_rows"":4,""unseen_fallback_rows"":0},""training_self_exclusion"":""whenever_an_alternative_exists""}"
reward_factor_1,factor_2,unrewarded,layer_1,False,visible_suffix_matched_activations,4,1046,43,0.08651695595838974,0.24008153198209248,"{""donor_source"":""train"",""fallback"":""training_marginal"",""key_width"":1,""method"":""train_row_resampling_conditional_on_exact_key"",""minimum_key_pool_size"":2,""n_features"":64,""n_test"":20000,""n_train"":20000,""n_train_keys"":22,""seed"":1046,""test"":{""exact_key_coverage"":0.99975,""exact_key_rows"":19995,""fallback_rows"":8,""matched_fraction"":0.9996,""matched_rows"":19992,""n_rows"":20000,""self_donor_rows"":0,""self_excluded_rows"":0,""singleton_fallback_rows"":3,""unseen_fallback_rows"":5},""train"":{""exact_key_coverage"":1.0,""exact_key_rows"":20000,""fallback_rows"":4,""matched_fraction"":0.9998,""matched_rows"":19996,""n_rows"":20000,""self_donor_rows"":0,""self_excluded_rows"":20000,""singleton_fallback_rows"":4,""unseen_fallback_rows"":0},""training_self_exclusion"":""whenever_an_alternative_exists""}"
reward_factor_1,factor_2,unrewarded,layer_2,False,dirichlet_labels,0,1042,43,0.05509759070275295,-0.0011714702978133928,
reward_factor_1,factor_2,unrewarded,layer_2,False,dirichlet_labels,1,1043,43,0.05567342260303136,-0.002049539142428003,
reward_factor_1,factor_2,unrewarded,layer_2,False,dirichlet_labels,2,1044,43,0.05548093085945853,-0.0016260655216147057,
reward_factor_1,factor_2,unrewarded,layer_2,False,dirichlet_labels,3,1045,43,0.055893798893241614,-0.0013709692126806505,
reward_factor_1,factor_2,unrewarded,layer_2,False,dirichlet_labels,4,1046,43,0.05534148106069564,-0.0018580398758534233,
reward_factor_1,factor_2,unrewarded,layer_2,False,gaussian_covariance_matched,0,1042,43,0.11411543340629439,-0.0023286692266188957,"{""covariance_ddof"":1,""empirical_rank"":64,""fit_source"":""train"",""method"":""gaussian_train_full_covariance"",""n_features"":64,""n_test"":20000,""n_train"":20000,""seed"":1042,""singular_value_cutoff"":7.003893335414752e-08,""training_mean"":[44.31757297468185,37.79303023674935,-85.31101024243831,-27.817376523596046,39.65727578897476,-11.848558328211308,32.077893706059456,10.303960482028126,-25.804181215512752,-24.323216439545156,-12.056468290483952,-45.19124102888107,-35.15894118537903,21.036914355319738,25.8416171862185,11.849410686341674,40.412108897266535,21.499403877288103,21.87884828680754,31.501562078773976,22.29708141591847,2.2032779148906467,-31.638869185817242,21.762664354526997,5.35032758654002,43.29225668465495,-47.02164524800777,-3.1749856053948395,-35.00403913168609,14.874828848055007,-32.81766468419134,31.63025420911014,6.01703942412436,27.20070350384116,44.76150191335678,-21.026279376244545,-23.30428414154649,42.481692985716464,-3.5699777298152444,-3.9312561861038207,30.57288615651131,-21.600250646686554,-23.279618321466444,31.337583443719147,-25.518024105608465,-21.363636544440688,-29.18758235679269,13.298057354047895,27.03771012301445,30.78782608495951,-36.928259579718116,-29.740744882845878,-19.79238433200121,-32.38847988204658,21.344494079458713,-7.144653811267391,35.655285115385055,-2.296789150409028,-17.06134369779825,13.211562997233868,-34.56597259913683,-10.586306291800737,45.693613628870246,23.208436913251877]}"
reward_factor_1,factor_2,unrewarded,layer_2,False,gaussian_covariance_matched,1,1043,43,0.11397285745939141,-0.001076358694579005,"{""covariance_ddof"":1,""empirical_rank"":64,""fit_source"":""train"",""method"":""gaussian_train_full_covariance"",""n_features"":64,""n_test"":20000,""n_train"":20000,""seed"":1043,""singular_value_cutoff"":7.003893335414752e-08,""training_mean"":[44.31757297468185,37.79303023674935,-85.31101024243831,-27.817376523596046,39.65727578897476,-11.848558328211308,32.077893706059456,10.303960482028126,-25.804181215512752,-24.323216439545156,-12.056468290483952,-45.19124102888107,-35.15894118537903,21.036914355319738,25.8416171862185,11.849410686341674,40.412108897266535,21.499403877288103,21.87884828680754,31.501562078773976,22.29708141591847,2.2032779148906467,-31.638869185817242,21.762664354526997,5.35032758654002,43.29225668465495,-47.02164524800777,-3.1749856053948395,-35.00403913168609,14.874828848055007,-32.81766468419134,31.63025420911014,6.01703942412436,27.20070350384116,44.76150191335678,-21.026279376244545,-23.30428414154649,42.481692985716464,-3.5699777298152444,-3.9312561861038207,30.57288615651131,-21.600250646686554,-23.279618321466444,31.337583443719147,-25.518024105608465,-21.363636544440688,-29.18758235679269,13.298057354047895,27.03771012301445,30.78782608495951,-36.928259579718116,-29.740744882845878,-19.79238433200121,-32.38847988204658,21.344494079458713,-7.144653811267391,35.655285115385055,-2.296789150409028,-17.06134369779825,13.211562997233868,-34.56597259913683,-10.586306291800737,45.693613628870246,23.208436913251877]}"
reward_factor_1,factor_2,unrewarded,layer_2,False,gaussian_covariance_matched,2,1044,43,0.11414963910473554,-0.0026291137079224036,"{""covariance_ddof"":1,""empirical_rank"":64,""fit_source"":""train"",""method"":""gaussian_train_full_covariance"",""n_features"":64,""n_test"":20000,""n_train"":20000,""seed"":1044,""singular_value_cutoff"":7.003893335414752e-08,""training_mean"":[44.31757297468185,37.79303023674935,-85.31101024243831,-27.817376523596046,39.65727578897476,-11.848558328211308,32.077893706059456,10.303960482028126,-25.804181215512752,-24.323216439545156,-12.056468290483952,-45.19124102888107,-35.15894118537903,21.036914355319738,25.8416171862185,11.849410686341674,40.412108897266535,21.499403877288103,21.87884828680754,31.501562078773976,22.29708141591847,2.2032779148906467,-31.638869185817242,21.762664354526997,5.35032758654002,43.29225668465495,-47.02164524800777,-3.1749856053948395,-35.00403913168609,14.874828848055007,-32.81766468419134,31.63025420911014,6.01703942412436,27.20070350384116,44.76150191335678,-21.026279376244545,-23.30428414154649,42.481692985716464,-3.5699777298152444,-3.9312561861038207,30.57288615651131,-21.600250646686554,-23.279618321466444,31.337583443719147,-25.518024105608465,-21.363636544440688,-29.18758235679269,13.298057354047895,27.03771012301445,30.78782608495951,-36.928259579718116,-29.740744882845878,-19.79238433200121,-32.38847988204658,21.344494079458713,-7.144653811267391,35.655285115385055,-2.296789150409028,-17.06134369779825,13.211562997233868,-34.56597259913683,-10.586306291800737,45.693613628870246,23.208436913251877]}"
reward_factor_1,factor_2,unrewarded,layer_2,False,gaussian_covariance_matched,3,1045,43,0.11397639860518394,-0.0011074622170721415,"{""covariance_ddof"":1,""empirical_rank"":64,""fit_source"":""train"",""method"":""gaussian_train_full_covariance"",""n_features"":64,""n_test"":20000,""n_train"":20000,""seed"":1045,""singular_value_cutoff"":7.003893335414752e-08,""training_mean"":[44.31757297468185,37.79303023674935,-85.31101024243831,-27.817376523596046,39.65727578897476,-11.848558328211308,32.077893706059456,10.303960482028126,-25.804181215512752,-24.323216439545156,-12.056468290483952,-45.19124102888107,-35.15894118537903,21.036914355319738,25.8416171862185,11.849410686341674,40.412108897266535,21.499403877288103,21.87884828680754,31.501562078773976,22.29708141591847,2.2032779148906467,-31.638869185817242,21.762664354526997,5.35032758654002,43.29225668465495,-47.02164524800777,-3.1749856053948395,-35.00403913168609,14.874828848055007,-32.81766468419134,31.63025420911014,6.01703942412436,27.20070350384116,44.76150191335678,-21.026279376244545,-23.30428414154649,42.481692985716464,-3.5699777298152444,-3.9312561861038207,30.57288615651131,-21.600250646686554,-23.279618321466444,31.337583443719147,-25.518024105608465,-21.363636544440688,-29.18758235679269,13.298057354047895,27.03771012301445,30.78782608495951,-36.928259579718116,-29.740744882845878,-19.79238433200121,-32.38847988204658,21.344494079458713,-7.144653811267391,35.655285115385055,-2.296789150409028,-17.06134369779825,13.211562997233868,-34.56597259913683,-10.586306291800737,45.693613628870246,23.208436913251877]}"
reward_factor_1,factor_2,unrewarded,layer_2,False,gaussian_covariance_matched,4,1046,43,0.11388379024428572,-0.0002940401200988152,"{""covariance_ddof"":1,""empirical_rank"":64,""fit_source"":""train"",""method"":""gaussian_train_full_covariance"",""n_features"":64,""n_test"":20000,""n_train"":20000,""seed"":1046,""singular_value_cutoff"":7.003893335414752e-08,""training_mean"":[44.31757297468185,37.79303023674935,-85.31101024243831,-27.817376523596046,39.65727578897476,-11.848558328211308,32.077893706059456,10.303960482028126,-25.804181215512752,-24.323216439545156,-12.056468290483952,-45.19124102888107,-35.15894118537903,21.036914355319738,25.8416171862185,11.849410686341674,40.412108897266535,21.499403877288103,21.87884828680754,31.501562078773976,22.29708141591847,2.2032779148906467,-31.638869185817242,21.762664354526997,5.35032758654002,43.29225668465495,-47.02164524800777,-3.1749856053948395,-35.00403913168609,14.874828848055007,-32.81766468419134,31.63025420911014,6.01703942412436,27.20070350384116,44.76150191335678,-21.026279376244545,-23.30428414154649,42.481692985716464,-3.5699777298152444,-3.9312561861038207,30.57288615651131,-21.600250646686554,-23.279618321466444,31.337583443719147,-25.518024105608465,-21.363636544440688,-29.18758235679269,13.298057354047895,27.03771012301445,30.78782608495951,-36.928259579718116,-29.740744882845878,-19.79238433200121,-32.38847988204658,21.344494079458713,-7.144653811267391,35.655285115385055,-2.296789150409028,-17.06134369779825,13.211562997233868,-34.56597259913683,-10.586306291800737,45.693613628870246,23.208436913251877]}"
reward_factor_1,factor_2,unrewarded,layer_2,False,ntp_bin_matched_activations,0,1042,43,0.1041768085187424,0.08496687319151175,"{""donor_source"":""train"",""fallback"":""training_marginal"",""key_width"":2,""method"":""train_row_resampling_conditional_on_exact_key"",""minimum_key_pool_size"":2,""n_features"":64,""n_test"":20000,""n_train"":20000,""n_train_keys"":8,""seed"":1042,""test"":{""exact_key_coverage"":1.0,""exact_key_rows"":20000,""fallback_rows"":0,""matched_fraction"":1.0,""matched_rows"":20000,""n_rows"":20000,""self_donor_rows"":0,""self_excluded_rows"":0,""singleton_fallback_rows"":0,""unseen_fallback_rows"":0},""train"":{""exact_key_coverage"":1.0,""exact_key_rows"":20000,""fallback_rows"":0,""matched_fraction"":1.0,""matched_rows"":20000,""n_rows"":20000,""self_donor_rows"":0,""self_excluded_rows"":20000,""singleton_fallback_rows"":0,""unseen_fallback_rows"":0},""training_self_exclusion"":""whenever_an_alternative_exists""}"
reward_factor_1,factor_2,unrewarded,layer_2,False,ntp_bin_matched_activations,1,1043,43,0.10391137866990115,0.08729826640644045,"{""donor_source"":""train"",""fallback"":""training_marginal"",""key_width"":2,""method"":""train_row_resampling_conditional_on_exact_key"",""minimum_key_pool_size"":2,""n_features"":64,""n_test"":20000,""n_train"":20000,""n_train_keys"":8,""seed"":1043,""test"":{""exact_key_coverage"":1.0,""exact_key_rows"":20000,""fallback_rows"":0,""matched_fraction"":1.0,""matched_rows"":20000,""n_rows"":20000,""self_donor_rows"":0,""self_excluded_rows"":0,""singleton_fallback_rows"":0,""unseen_fallback_rows"":0},""train"":{""exact_key_coverage"":1.0,""exact_key_rows"":20000,""fallback_rows"":0,""matched_fraction"":1.0,""matched_rows"":20000,""n_rows"":20000,""self_donor_rows"":0,""self_excluded_rows"":20000,""singleton_fallback_rows"":0,""unseen_fallback_rows"":0},""training_self_exclusion"":""whenever_an_alternative_exists""}"
reward_factor_1,factor_2,unrewarded,layer_2,False,ntp_bin_matched_activations,2,1044,43,0.10428771423412433,0.08399273696129117,"{""donor_source"":""train"",""fallback"":""training_marginal"",""key_width"":2,""method"":""train_row_resampling_conditional_on_exact_key"",""minimum_key_pool_size"":2,""n_features"":64,""n_test"":20000,""n_train"":20000,""n_train_keys"":8,""seed"":1044,""test"":{""exact_key_coverage"":1.0,""exact_key_rows"":20000,""fallback_rows"":0,""matched_fraction"":1.0,""matched_rows"":20000,""n_rows"":20000,""self_donor_rows"":0,""self_excluded_rows"":0,""singleton_fallback_rows"":0,""unseen_fallback_rows"":0},""train"":{""exact_key_coverage"":1.0,""exact_key_rows"":20000,""fallback_rows"":0,""matched_fraction"":1.0,""matched_rows"":20000,""n_rows"":20000,""self_donor_rows"":0,""self_excluded_rows"":20000,""singleton_fallback_rows"":0,""unseen_fallback_rows"":0},""training_self_exclusion"":""whenever_an_alternative_exists""}"
reward_factor_1,factor_2,unrewarded,layer_2,False,ntp_bin_matched_activations,3,1045,43,0.10480268832015728,0.07946948121110864,"{""donor_source"":""train"",""fallback"":""training_marginal"",""key_width"":2,""method"":""train_row_resampling_conditional_on_exact_key"",""minimum_key_pool_size"":2,""n_features"":64,""n_test"":20000,""n_train"":20000,""n_train_keys"":8,""seed"":1045,""test"":{""exact_key_coverage"":1.0,""exact_key_rows"":20000,""fallback_rows"":0,""matched_fraction"":1.0,""matched_rows"":20000,""n_rows"":20000,""self_donor_rows"":0,""self_excluded_rows"":0,""singleton_fallback_rows"":0,""unseen_fallback_rows"":0},""train"":{""exact_key_coverage"":1.0,""exact_key_rows"":20000,""fallback_rows"":0,""matched_fraction"":1.0,""matched_rows"":20000,""n_rows"":20000,""self_donor_rows"":0,""self_excluded_rows"":20000,""singleton_fallback_rows"":0,""unseen_fallback_rows"":0},""training_self_exclusion"":""whenever_an_alternative_exists""}"
reward_factor_1,factor_2,unrewarded,layer_2,False,ntp_bin_matched_activations,4,1046,43,0.10423933549214862,0.08441766984386401,"{""donor_source"":""train"",""fallback"":""training_marginal"",""key_width"":2,""method"":""train_row_resampling_conditional_on_exact_key"",""minimum_key_pool_size"":2,""n_features"":64,""n_test"":20000,""n_train"":20000,""n_train_keys"":8,""seed"":1046,""test"":{""exact_key_coverage"":1.0,""exact_key_rows"":20000,""fallback_rows"":0,""matched_fraction"":1.0,""matched_rows"":20000,""n_rows"":20000,""self_donor_rows"":0,""self_excluded_rows"":0,""singleton_fallback_rows"":0,""unseen_fallback_rows"":0},""train"":{""exact_key_coverage"":1.0,""exact_key_rows"":20000,""fallback_rows"":0,""matched_fraction"":1.0,""matched_rows"":20000,""n_rows"":20000,""self_donor_rows"":0,""self_excluded_rows"":20000,""singleton_fallback_rows"":0,""unseen_fallback_rows"":0},""training_self_exclusion"":""whenever_an_alternative_exists""}"
reward_factor_1,factor_2,unrewarded,layer_2,False,shuffled_training_labels,0,1042,43,0.11476564342286252,-0.00803976474780188,
reward_factor_1,factor_2,unrewarded,layer_2,False,shuffled_training_labels,1,1043,43,0.11364930622430978,0.0017655415568211819,
reward_factor_1,factor_2,unrewarded,layer_2,False,shuffled_training_labels,2,1044,43,0.11375001463841772,0.0008809729434475777,
reward_factor_1,factor_2,unrewarded,layer_2,False,shuffled_training_labels,3,1045,43,0.1134305116481049,0.00368731558733848,
reward_factor_1,factor_2,unrewarded,layer_2,False,shuffled_training_labels,4,1046,43,0.11382835741095966,0.00019285211174635553,
reward_factor_1,factor_2,unrewarded,layer_2,False,visible_suffix_matched_activations,0,1042,43,0.08738958242936076,0.23241684979781518,"{""donor_source"":""train"",""fallback"":""training_marginal"",""key_width"":1,""method"":""train_row_resampling_conditional_on_exact_key"",""minimum_key_pool_size"":2,""n_features"":64,""n_test"":20000,""n_train"":20000,""n_train_keys"":22,""seed"":1042,""test"":{""exact_key_coverage"":0.99975,""exact_key_rows"":19995,""fallback_rows"":8,""matched_fraction"":0.9996,""matched_rows"":19992,""n_rows"":20000,""self_donor_rows"":0,""self_excluded_rows"":0,""singleton_fallback_rows"":3,""unseen_fallback_rows"":5},""train"":{""exact_key_coverage"":1.0,""exact_key_rows"":20000,""fallback_rows"":4,""matched_fraction"":0.9998,""matched_rows"":19996,""n_rows"":20000,""self_donor_rows"":0,""self_excluded_rows"":20000,""singleton_fallback_rows"":4,""unseen_fallback_rows"":0},""training_self_exclusion"":""whenever_an_alternative_exists""}"
reward_factor_1,factor_2,unrewarded,layer_2,False,visible_suffix_matched_activations,1,1043,43,0.08715272146572885,0.2344973092710192,"{""donor_source"":""train"",""fallback"":""training_marginal"",""key_width"":1,""method"":""train_row_resampling_conditional_on_exact_key"",""minimum_key_pool_size"":2,""n_features"":64,""n_test"":20000,""n_train"":20000,""n_train_keys"":22,""seed"":1043,""test"":{""exact_key_coverage"":0.99975,""exact_key_rows"":19995,""fallback_rows"":8,""matched_fraction"":0.9996,""matched_rows"":19992,""n_rows"":20000,""self_donor_rows"":0,""self_excluded_rows"":0,""singleton_fallback_rows"":3,""unseen_fallback_rows"":5},""train"":{""exact_key_coverage"":1.0,""exact_key_rows"":20000,""fallback_rows"":4,""matched_fraction"":0.9998,""matched_rows"":19996,""n_rows"":20000,""self_donor_rows"":0,""self_excluded_rows"":20000,""singleton_fallback_rows"":4,""unseen_fallback_rows"":0},""training_self_exclusion"":""whenever_an_alternative_exists""}"
reward_factor_1,factor_2,unrewarded,layer_2,False,visible_suffix_matched_activations,2,1044,43,0.0873989142997264,0.23233488366119548,"{""donor_source"":""train"",""fallback"":""training_marginal"",""key_width"":1,""method"":""train_row_resampling_conditional_on_exact_key"",""minimum_key_pool_size"":2,""n_features"":64,""n_test"":20000,""n_train"":20000,""n_train_keys"":22,""seed"":1044,""test"":{""exact_key_coverage"":0.99975,""exact_key_rows"":19995,""fallback_rows"":8,""matched_fraction"":0.9996,""matched_rows"":19992,""n_rows"":20000,""self_donor_rows"":0,""self_excluded_rows"":0,""singleton_fallback_rows"":3,""unseen_fallback_rows"":5},""train"":{""exact_key_coverage"":1.0,""exact_key_rows"":20000,""fallback_rows"":4,""matched_fraction"":0.9998,""matched_rows"":19996,""n_rows"":20000,""self_donor_rows"":0,""self_excluded_rows"":20000,""singleton_fallback_rows"":4,""unseen_fallback_rows"":0},""training_self_exclusion"":""whenever_an_alternative_exists""}"
reward_factor_1,factor_2,unrewarded,layer_2,False,visible_suffix_matched_activations,3,1045,43,0.08728608196392203,0.23332594229031078,"{""donor_source"":""train"",""fallback"":""training_marginal"",""key_width"":1,""method"":""train_row_resampling_conditional_on_exact_key"",""minimum_key_pool_size"":2,""n_features"":64,""n_test"":20000,""n_train"":20000,""n_train_keys"":22,""seed"":1045,""test"":{""exact_key_coverage"":0.99975,""exact_key_rows"":19995,""fallback_rows"":8,""matched_fraction"":0.9996,""matched_rows"":19992,""n_rows"":20000,""self_donor_rows"":0,""self_excluded_rows"":0,""singleton_fallback_rows"":3,""unseen_fallback_rows"":5},""train"":{""exact_key_coverage"":1.0,""exact_key_rows"":20000,""fallback_rows"":4,""matched_fraction"":0.9998,""matched_rows"":19996,""n_rows"":20000,""self_donor_rows"":0,""self_excluded_rows"":20000,""singleton_fallback_rows"":4,""unseen_fallback_rows"":0},""training_self_exclusion"":""whenever_an_alternative_exists""}"
reward_factor_1,factor_2,unrewarded,layer_2,False,visible_suffix_matched_activations,4,1046,43,0.08723520442053967,0.23377282330219273,"{""donor_source"":""train"",""fallback"":""training_marginal"",""key_width"":1,""method"":""train_row_resampling_conditional_on_exact_key"",""minimum_key_pool_size"":2,""n_features"":64,""n_test"":20000,""n_train"":20000,""n_train_keys"":22,""seed"":1046,""test"":{""exact_key_coverage"":0.99975,""exact_key_rows"":19995,""fallback_rows"":8,""matched_fraction"":0.9996,""matched_rows"":19992,""n_rows"":20000,""self_donor_rows"":0,""self_excluded_rows"":0,""singleton_fallback_rows"":3,""unseen_fallback_rows"":5},""train"":{""exact_key_coverage"":1.0,""exact_key_rows"":20000,""fallback_rows"":4,""matched_fraction"":0.9998,""matched_rows"":19996,""n_rows"":20000,""self_donor_rows"":0,""self_excluded_rows"":20000,""singleton_fallback_rows"":4,""unseen_fallback_rows"":0},""training_self_exclusion"":""whenever_an_alternative_exists""}"
reward_factor_1,factor_2,unrewarded,layer_3,True,dirichlet_labels,0,1042,43,0.05514397118755867,-0.0020142443206665472,
reward_factor_1,factor_2,unrewarded,layer_3,True,dirichlet_labels,1,1043,43,0.05567259568259036,-0.0020346556449155617,
reward_factor_1,factor_2,unrewarded,layer_3,True,dirichlet_labels,2,1044,43,0.05550383677126133,-0.002039597846339891,
reward_factor_1,factor_2,unrewarded,layer_3,True,dirichlet_labels,3,1045,43,0.055896755022887844,-0.0014239300503329222,
reward_factor_1,factor_2,unrewarded,layer_3,True,dirichlet_labels,4,1046,43,0.055350670688675926,-0.002024401572343182,
reward_factor_1,factor_2,unrewarded,layer_3,True,gaussian_covariance_matched,0,1042,43,0.11416243269081892,-0.0027414856959246947,"{""covariance_ddof"":1,""empirical_rank"":64,""fit_source"":""train"",""method"":""gaussian_train_full_covariance"",""n_features"":64,""n_test"":20000,""n_train"":20000,""seed"":1042,""singular_value_cutoff"":8.056569542461692e-08,""training_mean"":[181.20333808135987,89.65300194063187,-217.20708991661073,-179.5051606781006,228.4503103366852,-120.03894763336181,226.2217085647583,-11.597289509677886,-59.70927976884842,-169.27693229866028,-97.83968741121292,-175.58330668411256,-112.35636100835801,107.03358030910492,123.12303482112884,173.3662497947693,171.18090457572936,89.44145622272491,145.07675138645172,173.15289366779328,58.43050611755848,225.3541807296753,-112.01339694747925,68.54913834276199,-140.4725993988037,149.19831726493837,-202.14658061828612,62.08716856315136,-16.500477904745935,73.39553878173828,-132.09781554527282,191.8465649406433,-219.20381376609802,227.44711386756896,172.7918940422058,-194.18943725509644,-136.70007338733672,126.00610788974762,-38.06576377592087,-117.61087569742203,147.3032066947937,-103.7646324640274,-230.80176052627564,73.62765087547302,-126.94982568893433,-67.74249070901871,-201.92693652267457,187.41020863723756,239.7520310951233,118.70916543483735,-163.1538318611145,-110.16931287841797,-164.85492213687897,-172.37182606449127,98.39370332098008,-123.40165929889679,155.53001988105774,30.273085925221444,-202.76184444007873,74.24913023786544,-116.364210658741,-142.29144201965332,202.220821118927,197.82526541633607]}"
reward_factor_1,factor_2,unrewarded,layer_3,True,gaussian_covariance_matched,1,1043,43,0.11400099214145676,-0.0013234786291218548,"{""covariance_ddof"":1,""empirical_rank"":64,""fit_source"":""train"",""method"":""gaussian_train_full_covariance"",""n_features"":64,""n_test"":20000,""n_train"":20000,""seed"":1043,""singular_value_cutoff"":8.056569542461692e-08,""training_mean"":[181.20333808135987,89.65300194063187,-217.20708991661073,-179.5051606781006,228.4503103366852,-120.03894763336181,226.2217085647583,-11.597289509677886,-59.70927976884842,-169.27693229866028,-97.83968741121292,-175.58330668411256,-112.35636100835801,107.03358030910492,123.12303482112884,173.3662497947693,171.18090457572936,89.44145622272491,145.07675138645172,173.15289366779328,58.43050611755848,225.3541807296753,-112.01339694747925,68.54913834276199,-140.4725993988037,149.19831726493837,-202.14658061828612,62.08716856315136,-16.500477904745935,73.39553878173828,-132.09781554527282,191.8465649406433,-219.20381376609802,227.44711386756896,172.7918940422058,-194.18943725509644,-136.70007338733672,126.00610788974762,-38.06576377592087,-117.61087569742203,147.3032066947937,-103.7646324640274,-230.80176052627564,73.62765087547302,-126.94982568893433,-67.74249070901871,-201.92693652267457,187.41020863723756,239.7520310951233,118.70916543483735,-163.1538318611145,-110.16931287841797,-164.85492213687897,-172.37182606449127,98.39370332098008,-123.40165929889679,155.53001988105774,30.273085925221444,-202.76184444007873,74.24913023786544,-116.364210658741,-142.29144201965332,202.220821118927,197.82526541633607]}"
reward_factor_1,factor_2,unrewarded,layer_3,True,gaussian_covariance_matched,2,1044,43,0.11421102268288272,-0.003168274085796785,"{""covariance_ddof"":1,""empirical_rank"":64,""fit_source"":""train"",""method"":""gaussian_train_full_covariance"",""n_features"":64,""n_test"":20000,""n_train"":20000,""seed"":1044,""singular_value_cutoff"":8.056569542461692e-08,""training_mean"":[181.20333808135987,89.65300194063187,-217.20708991661073,-179.5051606781006,228.4503103366852,-120.03894763336181,226.2217085647583,-11.597289509677886,-59.70927976884842,-169.27693229866028,-97.83968741121292,-175.58330668411256,-112.35636100835801,107.03358030910492,123.12303482112884,173.3662497947693,171.18090457572936,89.44145622272491,145.07675138645172,173.15289366779328,58.43050611755848,225.3541807296753,-112.01339694747925,68.54913834276199,-140.4725993988037,149.19831726493837,-202.14658061828612,62.08716856315136,-16.500477904745935,73.39553878173828,-132.09781554527282,191.8465649406433,-219.20381376609802,227.44711386756896,172.7918940422058,-194.18943725509644,-136.70007338733672,126.00610788974762,-38.06576377592087,-117.61087569742203,147.3032066947937,-103.7646324640274,-230.80176052627564,73.62765087547302,-126.94982568893433,-67.74249070901871,-201.92693652267457,187.41020863723756,239.7520310951233,118.70916543483735,-163.1538318611145,-110.16931287841797,-164.85492213687897,-172.37182606449127,98.39370332098008,-123.40165929889679,155.53001988105774,30.273085925221444,-202.76184444007873,74.24913023786544,-116.364210658741,-142.29144201965332,202.220821118927,197.82526541633607]}"
reward_factor_1,factor_2,unrewarded,layer_3,True,gaussian_covariance_matched,3,1045,43,0.11398785706517191,-0.0012081071746234961,"{""covariance_ddof"":1,""empirical_rank"":64,""fit_source"":""train"",""method"":""gaussian_train_full_covariance"",""n_features"":64,""n_test"":20000,""n_train"":20000,""seed"":1045,""singular_value_cutoff"":8.056569542461692e-08,""training_mean"":[181.20333808135987,89.65300194063187,-217.20708991661073,-179.5051606781006,228.4503103366852,-120.03894763336181,226.2217085647583,-11.597289509677886,-59.70927976884842,-169.27693229866028,-97.83968741121292,-175.58330668411256,-112.35636100835801,107.03358030910492,123.12303482112884,173.3662497947693,171.18090457572936,89.44145622272491,145.07675138645172,173.15289366779328,58.43050611755848,225.3541807296753,-112.01339694747925,68.54913834276199,-140.4725993988037,149.19831726493837,-202.14658061828612,62.08716856315136,-16.500477904745935,73.39553878173828,-132.09781554527282,191.8465649406433,-219.20381376609802,227.44711386756896,172.7918940422058,-194.18943725509644,-136.70007338733672,126.00610788974762,-38.06576377592087,-117.61087569742203,147.3032066947937,-103.7646324640274,-230.80176052627564,73.62765087547302,-126.94982568893433,-67.74249070901871,-201.92693652267457,187.41020863723756,239.7520310951233,118.70916543483735,-163.1538318611145,-110.16931287841797,-164.85492213687897,-172.37182606449127,98.39370332098008,-123.40165929889679,155.53001988105774,30.273085925221444,-202.76184444007873,74.24913023786544,-116.364210658741,-142.29144201965332,202.220821118927,197.82526541633607]}"
reward_factor_1,factor_2,unrewarded,layer_3,True,gaussian_covariance_matched,4,1046,43,0.11390197515808398,-0.00045376663476326407,"{""covariance_ddof"":1,""empirical_rank"":64,""fit_source"":""train"",""method"":""gaussian_train_full_covariance"",""n_features"":64,""n_test"":20000,""n_train"":20000,""seed"":1046,""singular_value_cutoff"":8.056569542461692e-08,""training_mean"":[181.20333808135987,89.65300194063187,-217.20708991661073,-179.5051606781006,228.4503103366852,-120.03894763336181,226.2217085647583,-11.597289509677886,-59.70927976884842,-169.27693229866028,-97.83968741121292,-175.58330668411256,-112.35636100835801,107.03358030910492,123.12303482112884,173.3662497947693,171.18090457572936,89.44145622272491,145.07675138645172,173.15289366779328,58.43050611755848,225.3541807296753,-112.01339694747925,68.54913834276199,-140.4725993988037,149.19831726493837,-202.14658061828612,62.08716856315136,-16.500477904745935,73.39553878173828,-132.09781554527282,191.8465649406433,-219.20381376609802,227.44711386756896,172.7918940422058,-194.18943725509644,-136.70007338733672,126.00610788974762,-38.06576377592087,-117.61087569742203,147.3032066947937,-103.7646324640274,-230.80176052627564,73.62765087547302,-126.94982568893433,-67.74249070901871,-201.92693652267457,187.41020863723756,239.7520310951233,118.70916543483735,-163.1538318611145,-110.16931287841797,-164.85492213687897,-172.37182606449127,98.39370332098008,-123.40165929889679,155.53001988105774,30.273085925221444,-202.76184444007873,74.24913023786544,-116.364210658741,-142.29144201965332,202.220821118927,197.82526541633607]}"
reward_factor_1,factor_2,unrewarded,layer_3,True,ntp_bin_matched_activations,0,1042,43,0.10525680894623654,0.07548072956534502,"{""donor_source"":""train"",""fallback"":""training_marginal"",""key_width"":2,""method"":""train_row_resampling_conditional_on_exact_key"",""minimum_key_pool_size"":2,""n_features"":64,""n_test"":20000,""n_train"":20000,""n_train_keys"":8,""seed"":1042,""test"":{""exact_key_coverage"":1.0,""exact_key_rows"":20000,""fallback_rows"":0,""matched_fraction"":1.0,""matched_rows"":20000,""n_rows"":20000,""self_donor_rows"":0,""self_excluded_rows"":0,""singleton_fallback_rows"":0,""unseen_fallback_rows"":0},""train"":{""exact_key_coverage"":1.0,""exact_key_rows"":20000,""fallback_rows"":0,""matched_fraction"":1.0,""matched_rows"":20000,""n_rows"":20000,""self_donor_rows"":0,""self_excluded_rows"":20000,""singleton_fallback_rows"":0,""unseen_fallback_rows"":0},""training_self_exclusion"":""whenever_an_alternative_exists""}"
reward_factor_1,factor_2,unrewarded,layer_3,True,ntp_bin_matched_activations,1,1043,43,0.10505509185104604,0.07725250417590701,"{""donor_source"":""train"",""fallback"":""training_marginal"",""key_width"":2,""method"":""train_row_resampling_conditional_on_exact_key"",""minimum_key_pool_size"":2,""n_features"":64,""n_test"":20000,""n_train"":20000,""n_train_keys"":8,""seed"":1043,""test"":{""exact_key_coverage"":1.0,""exact_key_rows"":20000,""fallback_rows"":0,""matched_fraction"":1.0,""matched_rows"":20000,""n_rows"":20000,""self_donor_rows"":0,""self_excluded_rows"":0,""singleton_fallback_rows"":0,""unseen_fallback_rows"":0},""train"":{""exact_key_coverage"":1.0,""exact_key_rows"":20000,""fallback_rows"":0,""matched_fraction"":1.0,""matched_rows"":20000,""n_rows"":20000,""self_donor_rows"":0,""self_excluded_rows"":20000,""singleton_fallback_rows"":0,""unseen_fallback_rows"":0},""training_self_exclusion"":""whenever_an_alternative_exists""}"
reward_factor_1,factor_2,unrewarded,layer_3,True,ntp_bin_matched_activations,2,1044,43,0.10528212385142208,0.07525837703625393,"{""donor_source"":""train"",""fallback"":""training_marginal"",""key_width"":2,""method"":""train_row_resampling_conditional_on_exact_key"",""minimum_key_pool_size"":2,""n_features"":64,""n_test"":20000,""n_train"":20000,""n_train_keys"":8,""seed"":1044,""test"":{""exact_key_coverage"":1.0,""exact_key_rows"":20000,""fallback_rows"":0,""matched_fraction"":1.0,""matched_rows"":20000,""n_rows"":20000,""self_donor_rows"":0,""self_excluded_rows"":0,""singleton_fallback_rows"":0,""unseen_fallback_rows"":0},""train"":{""exact_key_coverage"":1.0,""exact_key_rows"":20000,""fallback_rows"":0,""matched_fraction"":1.0,""matched_rows"":20000,""n_rows"":20000,""self_donor_rows"":0,""self_excluded_rows"":20000,""singleton_fallback_rows"":0,""unseen_fallback_rows"":0},""training_self_exclusion"":""whenever_an_alternative_exists""}"
reward_factor_1,factor_2,unrewarded,layer_3,True,ntp_bin_matched_activations,3,1045,43,0.1057082925947486,0.07151513971406276,"{""donor_source"":""train"",""fallback"":""training_marginal"",""key_width"":2,""method"":""train_row_resampling_conditional_on_exact_key"",""minimum_key_pool_size"":2,""n_features"":64,""n_test"":20000,""n_train"":20000,""n_train_keys"":8,""seed"":1045,""test"":{""exact_key_coverage"":1.0,""exact_key_rows"":20000,""fallback_rows"":0,""matched_fraction"":1.0,""matched_rows"":20000,""n_rows"":20000,""self_donor_rows"":0,""self_excluded_rows"":0,""singleton_fallback_rows"":0,""unseen_fallback_rows"":0},""train"":{""exact_key_coverage"":1.0,""exact_key_rows"":20000,""fallback_rows"":0,""matched_fraction"":1.0,""matched_rows"":20000,""n_rows"":20000,""self_donor_rows"":0,""self_excluded_rows"":20000,""singleton_fallback_rows"":0,""unseen_fallback_rows"":0},""training_self_exclusion"":""whenever_an_alternative_exists""}"
reward_factor_1,factor_2,unrewarded,layer_3,True,ntp_bin_matched_activations,4,1046,43,0.10536518816473149,0.07452878472665614,"{""donor_source"":""train"",""fallback"":""training_marginal"",""key_width"":2,""method"":""train_row_resampling_conditional_on_exact_key"",""minimum_key_pool_size"":2,""n_features"":64,""n_test"":20000,""n_train"":20000,""n_train_keys"":8,""seed"":1046,""test"":{""exact_key_coverage"":1.0,""exact_key_rows"":20000,""fallback_rows"":0,""matched_fraction"":1.0,""matched_rows"":20000,""n_rows"":20000,""self_donor_rows"":0,""self_excluded_rows"":0,""singleton_fallback_rows"":0,""unseen_fallback_rows"":0},""train"":{""exact_key_coverage"":1.0,""exact_key_rows"":20000,""fallback_rows"":0,""matched_fraction"":1.0,""matched_rows"":20000,""n_rows"":20000,""self_donor_rows"":0,""self_excluded_rows"":20000,""singleton_fallback_rows"":0,""unseen_fallback_rows"":0},""training_self_exclusion"":""whenever_an_alternative_exists""}"
reward_factor_1,factor_2,unrewarded,layer_3,True,shuffled_training_labels,0,1042,43,0.11488419763349822,-0.009081081251894885,
reward_factor_1,factor_2,unrewarded,layer_3,True,shuffled_training_labels,1,1043,43,0.11354688498480879,0.0026651547083925697,
reward_factor_1,factor_2,unrewarded,layer_3,True,shuffled_training_labels,2,1044,43,0.11364976559115615,0.0017615067251943728,
reward_factor_1,factor_2,unrewarded,layer_3,True,shuffled_training_labels,3,1045,43,0.11346038107487275,0.003424958587157967,
reward_factor_1,factor_2,unrewarded,layer_3,True,shuffled_training_labels,4,1046,43,0.11388555081800647,-0.00030950405395868685,
reward_factor_1,factor_2,unrewarded,layer_3,True,visible_suffix_matched_activations,0,1042,43,0.08857162458085267,0.22203442648039817,"{""donor_source"":""train"",""fallback"":""training_marginal"",""key_width"":1,""method"":""train_row_resampling_conditional_on_exact_key"",""minimum_key_pool_size"":2,""n_features"":64,""n_test"":20000,""n_train"":20000,""n_train_keys"":22,""seed"":1042,""test"":{""exact_key_coverage"":0.99975,""exact_key_rows"":19995,""fallback_rows"":8,""matched_fraction"":0.9996,""matched_rows"":19992,""n_rows"":20000,""self_donor_rows"":0,""self_excluded_rows"":0,""singleton_fallback_rows"":3,""unseen_fallback_rows"":5},""train"":{""exact_key_coverage"":1.0,""exact_key_rows"":20000,""fallback_rows"":4,""matched_fraction"":0.9998,""matched_rows"":19996,""n_rows"":20000,""self_donor_rows"":0,""self_excluded_rows"":20000,""singleton_fallback_rows"":4,""unseen_fallback_rows"":0},""training_self_exclusion"":""whenever_an_alternative_exists""}"
reward_factor_1,factor_2,unrewarded,layer_3,True,visible_suffix_matched_activations,1,1043,43,0.08822341114032867,0.22509294629694732,"{""donor_source"":""train"",""fallback"":""training_marginal"",""key_width"":1,""method"":""train_row_resampling_conditional_on_exact_key"",""minimum_key_pool_size"":2,""n_features"":64,""n_test"":20000,""n_train"":20000,""n_train_keys"":22,""seed"":1043,""test"":{""exact_key_coverage"":0.99975,""exact_key_rows"":19995,""fallback_rows"":8,""matched_fraction"":0.9996,""matched_rows"":19992,""n_rows"":20000,""self_donor_rows"":0,""self_excluded_rows"":0,""singleton_fallback_rows"":3,""unseen_fallback_rows"":5},""train"":{""exact_key_coverage"":1.0,""exact_key_rows"":20000,""fallback_rows"":4,""matched_fraction"":0.9998,""matched_rows"":19996,""n_rows"":20000,""self_donor_rows"":0,""self_excluded_rows"":20000,""singleton_fallback_rows"":4,""unseen_fallback_rows"":0},""training_self_exclusion"":""whenever_an_alternative_exists""}"
reward_factor_1,factor_2,unrewarded,layer_3,True,visible_suffix_matched_activations,2,1044,43,0.08853621582786507,0.22234543794660955,"{""donor_source"":""train"",""fallback"":""training_marginal"",""key_width"":1,""method"":""train_row_resampling_conditional_on_exact_key"",""minimum_key_pool_size"":2,""n_features"":64,""n_test"":20000,""n_train"":20000,""n_train_keys"":22,""seed"":1044,""test"":{""exact_key_coverage"":0.99975,""exact_key_rows"":19995,""fallback_rows"":8,""matched_fraction"":0.9996,""matched_rows"":19992,""n_rows"":20000,""self_donor_rows"":0,""self_excluded_rows"":0,""singleton_fallback_rows"":3,""unseen_fallback_rows"":5},""train"":{""exact_key_coverage"":1.0,""exact_key_rows"":20000,""fallback_rows"":4,""matched_fraction"":0.9998,""matched_rows"":19996,""n_rows"":20000,""self_donor_rows"":0,""self_excluded_rows"":20000,""singleton_fallback_rows"":4,""unseen_fallback_rows"":0},""training_self_exclusion"":""whenever_an_alternative_exists""}"
reward_factor_1,factor_2,unrewarded,layer_3,True,visible_suffix_matched_activations,3,1045,43,0.0886863055549152,0.22102713040583088,"{""donor_source"":""train"",""fallback"":""training_marginal"",""key_width"":1,""method"":""train_row_resampling_conditional_on_exact_key"",""minimum_key_pool_size"":2,""n_features"":64,""n_test"":20000,""n_train"":20000,""n_train_keys"":22,""seed"":1045,""test"":{""exact_key_coverage"":0.99975,""exact_key_rows"":19995,""fallback_rows"":8,""matched_fraction"":0.9996,""matched_rows"":19992,""n_rows"":20000,""self_donor_rows"":0,""self_excluded_rows"":0,""singleton_fallback_rows"":3,""unseen_fallback_rows"":5},""train"":{""exact_key_coverage"":1.0,""exact_key_rows"":20000,""fallback_rows"":4,""matched_fraction"":0.9998,""matched_rows"":19996,""n_rows"":20000,""self_donor_rows"":0,""self_excluded_rows"":20000,""singleton_fallback_rows"":4,""unseen_fallback_rows"":0},""training_self_exclusion"":""whenever_an_alternative_exists""}"
reward_factor_1,factor_2,unrewarded,layer_3,True,visible_suffix_matched_activations,4,1046,43,0.08854836480340264,0.2222387278713852,"{""donor_source"":""train"",""fallback"":""training_marginal"",""key_width"":1,""method"":""train_row_resampling_conditional_on_exact_key"",""minimum_key_pool_size"":2,""n_features"":64,""n_test"":20000,""n_train"":20000,""n_train_keys"":22,""seed"":1046,""test"":{""exact_key_coverage"":0.99975,""exact_key_rows"":19995,""fallback_rows"":8,""matched_fraction"":0.9996,""matched_rows"":19992,""n_rows"":20000,""self_donor_rows"":0,""self_excluded_rows"":0,""singleton_fallback_rows"":3,""unseen_fallback_rows"":5},""train"":{""exact_key_coverage"":1.0,""exact_key_rows"":20000,""fallback_rows"":4,""matched_fraction"":0.9998,""matched_rows"":19996,""n_rows"":20000,""self_donor_rows"":0,""self_excluded_rows"":20000,""singleton_fallback_rows"":4,""unseen_fallback_rows"":0},""training_self_exclusion"":""whenever_an_alternative_exists""}"
