run,seed,agent_steps,iteration,phase,n_fit,n_test,source,target,cev90_dimension,cev95_dimension,cev99_dimension,participation_ratio,rank,cev_first_8
token_cycle_1_context,42,0,0,initial,20000,20000,experiments/strata_token_guess_cycle_1/ppo/results/20260909T061802Z-7d4e2248/checkpoint_probes/steps_000000000/probe_battery.json,layer_1,2,2,3,1.5228025982154654,64,"[0.7879888179886068, 0.97634011813847, 0.9918266407102788, 0.998169929280036, 0.9992065411937064, 0.9996143707789575, 0.999746715238303, 0.999856023011033]"
token_cycle_1_context,42,0,0,initial,20000,20000,experiments/strata_token_guess_cycle_1/ppo/results/20260909T061802Z-7d4e2248/checkpoint_probes/steps_000000000/probe_battery.json,layer_2,2,2,5,2.0717926032588094,64,"[0.5980866586129375, 0.9505570198824316, 0.9709409510441831, 0.986750304846941, 0.9944558398732313, 0.9963793231378902, 0.9974121407033555, 0.9982335455215124]"
token_cycle_1_context,42,0,0,initial,20000,20000,experiments/strata_token_guess_cycle_1/ppo/results/20260909T061802Z-7d4e2248/checkpoint_probes/steps_000000000/probe_battery.json,layer_3,2,3,5,2.2394619356487864,64,"[0.5639199955806447, 0.919782145484331, 0.9506962156652048, 0.9783520801180702, 0.9908907628215744, 0.9938467221528805, 0.995461483398878, 0.9966785167188279]"
token_cycle_1_context,42,0,0,initial,20000,20000,experiments/strata_token_guess_cycle_1/ppo/results/20260909T061802Z-7d4e2248/checkpoint_probes/steps_000000000/probe_battery.json,actor_activation,2,3,5,2.2394619356487864,64,"[0.5639199955806447, 0.919782145484331, 0.9506962156652048, 0.9783520801180702, 0.9908907628215744, 0.9938467221528805, 0.995461483398878, 0.9966785167188279]"
token_cycle_1_context,42,0,0,initial,20000,20000,experiments/strata_token_guess_cycle_1/ppo/results/20260909T061802Z-7d4e2248/checkpoint_probes/steps_000000000/probe_battery.json,state_belief_target,2,2,2,1.4799745063000376,2,"[0.7963843068629277, 0.9999999999999999, 1.0]"
token_cycle_1_context,42,0,0,initial,20000,20000,experiments/strata_token_guess_cycle_1/ppo/results/20260909T061802Z-7d4e2248/checkpoint_probes/steps_000000000/probe_battery.json,strata_belief_target,2,2,2,1.4799745063000376,2,"[0.7963843068629277, 0.9999999999999999, 1.0]"
token_cycle_1_context,42,33074,1,intermediate,20000,20000,experiments/strata_token_guess_cycle_1/ppo/results/20260909T061802Z-7d4e2248/checkpoint_probes/steps_000033074/probe_battery.json,layer_1,2,2,3,1.5452166190635463,64,"[0.7790884819197048, 0.9789879441680882, 0.992449509985323, 0.9986155040315668, 0.999209120311167, 0.9996216013516747, 0.9998004010599045, 0.999884371650038]"
token_cycle_1_context,42,33074,1,intermediate,20000,20000,experiments/strata_token_guess_cycle_1/ppo/results/20260909T061802Z-7d4e2248/checkpoint_probes/steps_000033074/probe_battery.json,layer_2,2,2,4,1.9197726896892413,64,"[0.6482810694502404, 0.964851286682094, 0.9816725583909665, 0.9908731443297252, 0.9972688188960199, 0.9981983320489829, 0.9987675091373435, 0.9991442532639715]"
token_cycle_1_context,42,33074,1,intermediate,20000,20000,experiments/strata_token_guess_cycle_1/ppo/results/20260909T061802Z-7d4e2248/checkpoint_probes/steps_000033074/probe_battery.json,layer_3,2,2,4,2.0050908088319512,64,"[0.6218037539115653, 0.9555710942196105, 0.9780042806376577, 0.9901935412050323, 0.9961192996652822, 0.9975088320944729, 0.9983381399357131, 0.9988166326832478]"
token_cycle_1_context,42,33074,1,intermediate,20000,20000,experiments/strata_token_guess_cycle_1/ppo/results/20260909T061802Z-7d4e2248/checkpoint_probes/steps_000033074/probe_battery.json,actor_activation,2,2,4,2.0050908088319512,64,"[0.6218037539115653, 0.9555710942196105, 0.9780042806376577, 0.9901935412050323, 0.9961192996652822, 0.9975088320944729, 0.9983381399357131, 0.9988166326832478]"
token_cycle_1_context,42,33074,1,intermediate,20000,20000,experiments/strata_token_guess_cycle_1/ppo/results/20260909T061802Z-7d4e2248/checkpoint_probes/steps_000033074/probe_battery.json,state_belief_target,2,2,2,1.4799745063000376,2,"[0.7963843068629277, 0.9999999999999999, 1.0]"
token_cycle_1_context,42,33074,1,intermediate,20000,20000,experiments/strata_token_guess_cycle_1/ppo/results/20260909T061802Z-7d4e2248/checkpoint_probes/steps_000033074/probe_battery.json,strata_belief_target,2,2,2,1.4799745063000376,2,"[0.7963843068629277, 0.9999999999999999, 1.0]"
token_cycle_1_context,42,66154,2,intermediate,20000,20000,experiments/strata_token_guess_cycle_1/ppo/results/20260909T061802Z-7d4e2248/checkpoint_probes/steps_000066154/probe_battery.json,layer_1,2,2,3,1.6486499831884802,64,"[0.742331458847676, 0.9773531597961029, 0.9925866613322522, 0.9983165320976256, 0.9989903534996759, 0.9995235791735289, 0.9997249270033383, 0.9998545379728038]"
token_cycle_1_context,42,66154,2,intermediate,20000,20000,experiments/strata_token_guess_cycle_1/ppo/results/20260909T061802Z-7d4e2248/checkpoint_probes/steps_000066154/probe_battery.json,layer_2,2,2,5,1.9712009864215783,64,"[0.6363928493612235, 0.9552057704510277, 0.976559962734763, 0.9889086138673132, 0.9964284723759886, 0.9974576121927066, 0.9984106384198332, 0.9988626562542504]"
token_cycle_1_context,42,66154,2,intermediate,20000,20000,experiments/strata_token_guess_cycle_1/ppo/results/20260909T061802Z-7d4e2248/checkpoint_probes/steps_000066154/probe_battery.json,layer_3,2,3,5,1.968808047298562,64,"[0.6497149469278694, 0.940505531082368, 0.9693917067918, 0.9878114817312295, 0.9952446541379328, 0.9966946816170216, 0.9976216773546858, 0.9983729809964685]"
token_cycle_1_context,42,66154,2,intermediate,20000,20000,experiments/strata_token_guess_cycle_1/ppo/results/20260909T061802Z-7d4e2248/checkpoint_probes/steps_000066154/probe_battery.json,actor_activation,2,3,5,1.968808047298562,64,"[0.6497149469278694, 0.940505531082368, 0.9693917067918, 0.9878114817312295, 0.9952446541379328, 0.9966946816170216, 0.9976216773546858, 0.9983729809964685]"
token_cycle_1_context,42,66154,2,intermediate,20000,20000,experiments/strata_token_guess_cycle_1/ppo/results/20260909T061802Z-7d4e2248/checkpoint_probes/steps_000066154/probe_battery.json,state_belief_target,2,2,2,1.4799745063000376,2,"[0.7963843068629277, 0.9999999999999999, 1.0]"
token_cycle_1_context,42,66154,2,intermediate,20000,20000,experiments/strata_token_guess_cycle_1/ppo/results/20260909T061802Z-7d4e2248/checkpoint_probes/steps_000066154/probe_battery.json,strata_belief_target,2,2,2,1.4799745063000376,2,"[0.7963843068629277, 0.9999999999999999, 1.0]"
token_cycle_1_context,42,132080,4,intermediate,20000,20000,experiments/strata_token_guess_cycle_1/ppo/results/20260909T061802Z-7d4e2248/checkpoint_probes/steps_000132080/probe_battery.json,layer_1,2,2,4,1.9024914462414173,64,"[0.6513981757551105, 0.9689502061437325, 0.9885816577983229, 0.9975614012500222, 0.9984859280556637, 0.9992873759692356, 0.9995621474757108, 0.9997953882993275]"
token_cycle_1_context,42,132080,4,intermediate,20000,20000,experiments/strata_token_guess_cycle_1/ppo/results/20260909T061802Z-7d4e2248/checkpoint_probes/steps_000132080/probe_battery.json,layer_2,2,3,5,2.1474797235379617,64,"[0.5843966367819842, 0.9347755084463473, 0.9647864578673472, 0.9837878194363039, 0.9942827950849367, 0.9959792654885808, 0.997195080326175, 0.997843239451307]"
token_cycle_1_context,42,132080,4,intermediate,20000,20000,experiments/strata_token_guess_cycle_1/ppo/results/20260909T061802Z-7d4e2248/checkpoint_probes/steps_000132080/probe_battery.json,layer_3,2,3,5,2.1100253244773928,64,"[0.6223195321296041, 0.9122842099737771, 0.953152507260412, 0.9807213279390268, 0.9919508236999222, 0.9944250385639369, 0.9957362162720993, 0.9968304628195215]"
token_cycle_1_context,42,132080,4,intermediate,20000,20000,experiments/strata_token_guess_cycle_1/ppo/results/20260909T061802Z-7d4e2248/checkpoint_probes/steps_000132080/probe_battery.json,actor_activation,2,3,5,2.1100253244773928,64,"[0.6223195321296041, 0.9122842099737771, 0.953152507260412, 0.9807213279390268, 0.9919508236999222, 0.9944250385639369, 0.9957362162720993, 0.9968304628195215]"
token_cycle_1_context,42,132080,4,intermediate,20000,20000,experiments/strata_token_guess_cycle_1/ppo/results/20260909T061802Z-7d4e2248/checkpoint_probes/steps_000132080/probe_battery.json,state_belief_target,2,2,2,1.4799745063000376,2,"[0.7963843068629277, 0.9999999999999999, 1.0]"
token_cycle_1_context,42,132080,4,intermediate,20000,20000,experiments/strata_token_guess_cycle_1/ppo/results/20260909T061802Z-7d4e2248/checkpoint_probes/steps_000132080/probe_battery.json,strata_belief_target,2,2,2,1.4799745063000376,2,"[0.7963843068629277, 0.9999999999999999, 1.0]"
token_cycle_1_context,42,264407,8,intermediate,20000,20000,experiments/strata_token_guess_cycle_1/ppo/results/20260909T061802Z-7d4e2248/checkpoint_probes/steps_000264407/probe_battery.json,layer_1,2,2,4,2.047637283386067,64,"[0.593889580716648, 0.9612234619300857, 0.9863777062181047, 0.9959053208059202, 0.9976369091243829, 0.9990245190935834, 0.9995067672634776, 0.9997180885596331]"
token_cycle_1_context,42,264407,8,intermediate,20000,20000,experiments/strata_token_guess_cycle_1/ppo/results/20260909T061802Z-7d4e2248/checkpoint_probes/steps_000264407/probe_battery.json,layer_2,2,3,6,2.341323411478972,64,"[0.5144667125782975, 0.9142851789829414, 0.9599852502689249, 0.9783134629769465, 0.9899153411701707, 0.9933225015112959, 0.9954232824953234, 0.9965464712745289]"
token_cycle_1_context,42,264407,8,intermediate,20000,20000,experiments/strata_token_guess_cycle_1/ppo/results/20260909T061802Z-7d4e2248/checkpoint_probes/steps_000264407/probe_battery.json,layer_3,3,3,6,2.283170025454345,64,"[0.5729367869924271, 0.8982325763677714, 0.9560379474841871, 0.9766247663366948, 0.9878294675864843, 0.9912644058112027, 0.9936234908463042, 0.9952002461351086]"
token_cycle_1_context,42,264407,8,intermediate,20000,20000,experiments/strata_token_guess_cycle_1/ppo/results/20260909T061802Z-7d4e2248/checkpoint_probes/steps_000264407/probe_battery.json,actor_activation,3,3,6,2.283170025454345,64,"[0.5729367869924271, 0.8982325763677714, 0.9560379474841871, 0.9766247663366948, 0.9878294675864843, 0.9912644058112027, 0.9936234908463042, 0.9952002461351086]"
token_cycle_1_context,42,264407,8,intermediate,20000,20000,experiments/strata_token_guess_cycle_1/ppo/results/20260909T061802Z-7d4e2248/checkpoint_probes/steps_000264407/probe_battery.json,state_belief_target,2,2,2,1.4799745063000376,2,"[0.7963843068629277, 0.9999999999999999, 1.0]"
token_cycle_1_context,42,264407,8,intermediate,20000,20000,experiments/strata_token_guess_cycle_1/ppo/results/20260909T061802Z-7d4e2248/checkpoint_probes/steps_000264407/probe_battery.json,strata_belief_target,2,2,2,1.4799745063000376,2,"[0.7963843068629277, 0.9999999999999999, 1.0]"
token_cycle_1_context,42,529112,16,intermediate,20000,20000,experiments/strata_token_guess_cycle_1/ppo/results/20260909T061802Z-7d4e2248/checkpoint_probes/steps_000529112/probe_battery.json,layer_1,2,3,4,2.170097407420345,64,"[0.5539613636150457, 0.9444364609495659, 0.9801541156298512, 0.9932943923497453, 0.9966874065219364, 0.9988275166737963, 0.9992349435807354, 0.9995400779622555]"
token_cycle_1_context,42,529112,16,intermediate,20000,20000,experiments/strata_token_guess_cycle_1/ppo/results/20260909T061802Z-7d4e2248/checkpoint_probes/steps_000529112/probe_battery.json,layer_2,3,4,8,2.551524432835,64,"[0.5281876997855138, 0.8551092335843571, 0.9197279191453681, 0.9588506695633299, 0.9738732062479953, 0.9827376563629224, 0.9884045911905874, 0.9916520868024916]"
token_cycle_1_context,42,529112,16,intermediate,20000,20000,experiments/strata_token_guess_cycle_1/ppo/results/20260909T061802Z-7d4e2248/checkpoint_probes/steps_000529112/probe_battery.json,layer_3,3,4,9,2.197624374787213,64,"[0.6277706189625298, 0.8639447215981746, 0.9233364512124079, 0.9604590545296581, 0.9726515462618759, 0.9800383813963325, 0.9856611157141485, 0.9885450194299044]"
token_cycle_1_context,42,529112,16,intermediate,20000,20000,experiments/strata_token_guess_cycle_1/ppo/results/20260909T061802Z-7d4e2248/checkpoint_probes/steps_000529112/probe_battery.json,actor_activation,3,4,9,2.197624374787213,64,"[0.6277706189625298, 0.8639447215981746, 0.9233364512124079, 0.9604590545296581, 0.9726515462618759, 0.9800383813963325, 0.9856611157141485, 0.9885450194299044]"
token_cycle_1_context,42,529112,16,intermediate,20000,20000,experiments/strata_token_guess_cycle_1/ppo/results/20260909T061802Z-7d4e2248/checkpoint_probes/steps_000529112/probe_battery.json,state_belief_target,2,2,2,1.4799745063000376,2,"[0.7963843068629277, 0.9999999999999999, 1.0]"
token_cycle_1_context,42,529112,16,intermediate,20000,20000,experiments/strata_token_guess_cycle_1/ppo/results/20260909T061802Z-7d4e2248/checkpoint_probes/steps_000529112/probe_battery.json,strata_belief_target,2,2,2,1.4799745063000376,2,"[0.7963843068629277, 0.9999999999999999, 1.0]"
token_cycle_1_context,42,1058450,32,intermediate,20000,20000,experiments/strata_token_guess_cycle_1/ppo/results/20260909T061802Z-7d4e2248/checkpoint_probes/steps_001058450/probe_battery.json,layer_1,2,3,5,2.2253080124690587,64,"[0.5548892965631905, 0.9283076962362187, 0.9675645506826002, 0.9886999581605214, 0.9935727777940848, 0.9980560723026384, 0.9988698518196314, 0.9992246148439544]"
token_cycle_1_context,42,1058450,32,intermediate,20000,20000,experiments/strata_token_guess_cycle_1/ppo/results/20260909T061802Z-7d4e2248/checkpoint_probes/steps_001058450/probe_battery.json,layer_2,4,5,11,2.818670675520585,64,"[0.516412295516048, 0.7959124794133141, 0.8797578152636775, 0.9172338649199157, 0.9508354723142807, 0.9665144409211113, 0.9760972307790656, 0.981624433950931]"
token_cycle_1_context,42,1058450,32,intermediate,20000,20000,experiments/strata_token_guess_cycle_1/ppo/results/20260909T061802Z-7d4e2248/checkpoint_probes/steps_001058450/probe_battery.json,layer_3,4,6,13,2.1597700645050466,64,"[0.651018159159943, 0.8347195848052824, 0.8936650867975887, 0.9269838475893789, 0.9494840660016021, 0.9621447491705734, 0.9726892989930865, 0.9790130048029363]"
token_cycle_1_context,42,1058450,32,intermediate,20000,20000,experiments/strata_token_guess_cycle_1/ppo/results/20260909T061802Z-7d4e2248/checkpoint_probes/steps_001058450/probe_battery.json,actor_activation,4,6,13,2.1597700645050466,64,"[0.651018159159943, 0.8347195848052824, 0.8936650867975887, 0.9269838475893789, 0.9494840660016021, 0.9621447491705734, 0.9726892989930865, 0.9790130048029363]"
token_cycle_1_context,42,1058450,32,intermediate,20000,20000,experiments/strata_token_guess_cycle_1/ppo/results/20260909T061802Z-7d4e2248/checkpoint_probes/steps_001058450/probe_battery.json,state_belief_target,2,2,2,1.4799745063000376,2,"[0.7963843068629277, 0.9999999999999999, 1.0]"
token_cycle_1_context,42,1058450,32,intermediate,20000,20000,experiments/strata_token_guess_cycle_1/ppo/results/20260909T061802Z-7d4e2248/checkpoint_probes/steps_001058450/probe_battery.json,strata_belief_target,2,2,2,1.4799745063000376,2,"[0.7963843068629277, 0.9999999999999999, 1.0]"
token_cycle_1_context,42,2116834,64,intermediate,20000,20000,experiments/strata_token_guess_cycle_1/ppo/results/20260909T061802Z-7d4e2248/checkpoint_probes/steps_002116834/probe_battery.json,layer_1,3,4,6,2.420899779981162,64,"[0.5153950904619843, 0.8944989680833048, 0.9458741316474989, 0.9733829910079906, 0.9899021677732118, 0.9966090007370381, 0.9983003035491093, 0.9991232617564058]"
token_cycle_1_context,42,2116834,64,intermediate,20000,20000,experiments/strata_token_guess_cycle_1/ppo/results/20260909T061802Z-7d4e2248/checkpoint_probes/steps_002116834/probe_battery.json,layer_2,4,6,10,2.5465801971734283,64,"[0.5846018866941144, 0.7859708878183966, 0.8632037438435272, 0.914811984486167, 0.9475123212578306, 0.9706474499479018, 0.9794122576949087, 0.9847325271490938]"
token_cycle_1_context,42,2116834,64,intermediate,20000,20000,experiments/strata_token_guess_cycle_1/ppo/results/20260909T061802Z-7d4e2248/checkpoint_probes/steps_002116834/probe_battery.json,layer_3,4,6,12,2.153428243788005,64,"[0.660400529539038, 0.8067401623903642, 0.8669987940489737, 0.9055301784639993, 0.934998244885937, 0.9595989682321721, 0.9724164567113035, 0.9776515541200671]"
token_cycle_1_context,42,2116834,64,intermediate,20000,20000,experiments/strata_token_guess_cycle_1/ppo/results/20260909T061802Z-7d4e2248/checkpoint_probes/steps_002116834/probe_battery.json,actor_activation,4,6,12,2.153428243788005,64,"[0.660400529539038, 0.8067401623903642, 0.8669987940489737, 0.9055301784639993, 0.934998244885937, 0.9595989682321721, 0.9724164567113035, 0.9776515541200671]"
token_cycle_1_context,42,2116834,64,intermediate,20000,20000,experiments/strata_token_guess_cycle_1/ppo/results/20260909T061802Z-7d4e2248/checkpoint_probes/steps_002116834/probe_battery.json,state_belief_target,2,2,2,1.4799745063000376,2,"[0.7963843068629277, 0.9999999999999999, 1.0]"
token_cycle_1_context,42,2116834,64,intermediate,20000,20000,experiments/strata_token_guess_cycle_1/ppo/results/20260909T061802Z-7d4e2248/checkpoint_probes/steps_002116834/probe_battery.json,strata_belief_target,2,2,2,1.4799745063000376,2,"[0.7963843068629277, 0.9999999999999999, 1.0]"
token_cycle_1_context,42,2513610,76,final,20000,20000,experiments/strata_token_guess_cycle_1/ppo/results/20260909T061802Z-7d4e2248/checkpoint_probes/steps_002513610/probe_battery.json,layer_1,3,4,5,2.391635262515457,64,"[0.5468870198461018, 0.8851770989504888, 0.9427557462578013, 0.9735229038871752, 0.9906668272815848, 0.9969816305052043, 0.9983687897571702, 0.9990998440196863]"
token_cycle_1_context,42,2513610,76,final,20000,20000,experiments/strata_token_guess_cycle_1/ppo/results/20260909T061802Z-7d4e2248/checkpoint_probes/steps_002513610/probe_battery.json,layer_2,4,6,9,3.093666367358044,64,"[0.4824894083369197, 0.7618093723717465, 0.842579213811966, 0.9033924123617938, 0.9366147531911689, 0.9655501516555525, 0.9794758073537998, 0.9856312850376185]"
token_cycle_1_context,42,2513610,76,final,20000,20000,experiments/strata_token_guess_cycle_1/ppo/results/20260909T061802Z-7d4e2248/checkpoint_probes/steps_002513610/probe_battery.json,layer_3,5,7,13,2.959041685928611,64,"[0.5282730585436406, 0.7474235049312464, 0.8143643444319817, 0.8690381377417217, 0.9101916334567889, 0.9436970189606211, 0.9632253604169955, 0.9734040572693903]"
token_cycle_1_context,42,2513610,76,final,20000,20000,experiments/strata_token_guess_cycle_1/ppo/results/20260909T061802Z-7d4e2248/checkpoint_probes/steps_002513610/probe_battery.json,actor_activation,5,7,13,2.959041685928611,64,"[0.5282730585436406, 0.7474235049312464, 0.8143643444319817, 0.8690381377417217, 0.9101916334567889, 0.9436970189606211, 0.9632253604169955, 0.9734040572693903]"
token_cycle_1_context,42,2513610,76,final,20000,20000,experiments/strata_token_guess_cycle_1/ppo/results/20260909T061802Z-7d4e2248/checkpoint_probes/steps_002513610/probe_battery.json,state_belief_target,2,2,2,1.4799745063000376,2,"[0.7963843068629277, 0.9999999999999999, 1.0]"
token_cycle_1_context,42,2513610,76,final,20000,20000,experiments/strata_token_guess_cycle_1/ppo/results/20260909T061802Z-7d4e2248/checkpoint_probes/steps_002513610/probe_battery.json,strata_belief_target,2,2,2,1.4799745063000376,2,"[0.7963843068629277, 0.9999999999999999, 1.0]"
token_cycle_2,42,0,0,initial,20000,20000,experiments/strata_token_guess_cycle_2/ppo/results/20260909T083950Z-45ea794b/checkpoint_probes/steps_000000000/probe_battery.json,layer_1,2,2,4,1.736085101759012,64,"[0.7186336498133576, 0.961246930757577, 0.9855389909664449, 0.9964137346364861, 0.9983910415353637, 0.9991603276143964, 0.999615071301896, 0.9997467544463007]"
token_cycle_2,42,0,0,initial,20000,20000,experiments/strata_token_guess_cycle_2/ppo/results/20260909T083950Z-45ea794b/checkpoint_probes/steps_000000000/probe_battery.json,layer_2,2,3,5,2.039832555221417,64,"[0.629042144000249, 0.9341363306079642, 0.9671150823145745, 0.9844450571973028, 0.9920444350330737, 0.9950471931727085, 0.9969314184470586, 0.9978556061688153]"
token_cycle_2,42,0,0,initial,20000,20000,experiments/strata_token_guess_cycle_2/ppo/results/20260909T083950Z-45ea794b/checkpoint_probes/steps_000000000/probe_battery.json,layer_3,2,3,6,2.0496006003555167,64,"[0.6425950927726133, 0.9121129322543697, 0.9530900277577509, 0.9715962967587981, 0.9884006453196703, 0.9928117810273563, 0.9947727027569563, 0.9963099714098586]"
token_cycle_2,42,0,0,initial,20000,20000,experiments/strata_token_guess_cycle_2/ppo/results/20260909T083950Z-45ea794b/checkpoint_probes/steps_000000000/probe_battery.json,actor_activation,2,3,6,2.0496006003555167,64,"[0.6425950927726133, 0.9121129322543697, 0.9530900277577509, 0.9715962967587981, 0.9884006453196703, 0.9928117810273563, 0.9947727027569563, 0.9963099714098586]"
token_cycle_2,42,0,0,initial,20000,20000,experiments/strata_token_guess_cycle_2/ppo/results/20260909T083950Z-45ea794b/checkpoint_probes/steps_000000000/probe_battery.json,state_belief_target,2,2,2,1.9522033851944598,2,"[0.5782358928064049, 1.0, 1.0]"
token_cycle_2,42,0,0,initial,20000,20000,experiments/strata_token_guess_cycle_2/ppo/results/20260909T083950Z-45ea794b/checkpoint_probes/steps_000000000/probe_battery.json,strata_belief_target,2,2,2,1.9522033851944598,2,"[0.5782358928064049, 1.0, 1.0]"
token_cycle_2,42,33112,1,intermediate,20000,20000,experiments/strata_token_guess_cycle_2/ppo/results/20260909T083950Z-45ea794b/checkpoint_probes/steps_000033112/probe_battery.json,layer_1,2,2,4,1.588067223554392,64,"[0.7675339293309213, 0.9677765130744223, 0.9869641518470164, 0.9979795331135877, 0.9990061805199076, 0.9994702051004714, 0.9996680009473974, 0.9998070789009484]"
token_cycle_2,42,33112,1,intermediate,20000,20000,experiments/strata_token_guess_cycle_2/ppo/results/20260909T083950Z-45ea794b/checkpoint_probes/steps_000033112/probe_battery.json,layer_2,2,2,5,1.689078755761012,64,"[0.7371851824761205, 0.9561354973026533, 0.9779914281332334, 0.9888796384071602, 0.9965272949912188, 0.9979595860971819, 0.9985783018909741, 0.999008550935844]"
token_cycle_2,42,33112,1,intermediate,20000,20000,experiments/strata_token_guess_cycle_2/ppo/results/20260909T083950Z-45ea794b/checkpoint_probes/steps_000033112/probe_battery.json,layer_3,2,2,5,1.5683765002902066,64,"[0.7788836455890947, 0.9526313723159525, 0.976233049826765, 0.9873855085607841, 0.9956929023905878, 0.9971288220462152, 0.9980808823914191, 0.9987035475112663]"
token_cycle_2,42,33112,1,intermediate,20000,20000,experiments/strata_token_guess_cycle_2/ppo/results/20260909T083950Z-45ea794b/checkpoint_probes/steps_000033112/probe_battery.json,actor_activation,2,2,5,1.5683765002902066,64,"[0.7788836455890947, 0.9526313723159525, 0.976233049826765, 0.9873855085607841, 0.9956929023905878, 0.9971288220462152, 0.9980808823914191, 0.9987035475112663]"
token_cycle_2,42,33112,1,intermediate,20000,20000,experiments/strata_token_guess_cycle_2/ppo/results/20260909T083950Z-45ea794b/checkpoint_probes/steps_000033112/probe_battery.json,state_belief_target,2,2,2,1.9522033851944598,2,"[0.5782358928064049, 1.0, 1.0]"
token_cycle_2,42,33112,1,intermediate,20000,20000,experiments/strata_token_guess_cycle_2/ppo/results/20260909T083950Z-45ea794b/checkpoint_probes/steps_000033112/probe_battery.json,strata_belief_target,2,2,2,1.9522033851944598,2,"[0.5782358928064049, 1.0, 1.0]"
token_cycle_2,42,66254,2,intermediate,20000,20000,experiments/strata_token_guess_cycle_2/ppo/results/20260909T083950Z-45ea794b/checkpoint_probes/steps_000066254/probe_battery.json,layer_1,2,2,4,1.6345933117475024,64,"[0.7501467203418511, 0.9707100190198256, 0.9884044317951788, 0.9979032510071717, 0.998870090213685, 0.99947393121118, 0.9997154277019321, 0.9998201180180005]"
token_cycle_2,42,66254,2,intermediate,20000,20000,experiments/strata_token_guess_cycle_2/ppo/results/20260909T083950Z-45ea794b/checkpoint_probes/steps_000066254/probe_battery.json,layer_2,2,3,5,1.664083095941877,64,"[0.7479996767943223, 0.9495168730424766, 0.9725761040641746, 0.9865988710928392, 0.995923499424435, 0.9975178914481462, 0.9981825883299925, 0.9986927104490922]"
token_cycle_2,42,66254,2,intermediate,20000,20000,experiments/strata_token_guess_cycle_2/ppo/results/20260909T083950Z-45ea794b/checkpoint_probes/steps_000066254/probe_battery.json,layer_3,2,3,5,1.510689263477901,64,"[0.8011328830763912, 0.9385188579237554, 0.968006581414083, 0.9852244179025748, 0.9947155135106754, 0.9963501288815545, 0.9973587196039709, 0.9979434656472338]"
token_cycle_2,42,66254,2,intermediate,20000,20000,experiments/strata_token_guess_cycle_2/ppo/results/20260909T083950Z-45ea794b/checkpoint_probes/steps_000066254/probe_battery.json,actor_activation,2,3,5,1.510689263477901,64,"[0.8011328830763912, 0.9385188579237554, 0.968006581414083, 0.9852244179025748, 0.9947155135106754, 0.9963501288815545, 0.9973587196039709, 0.9979434656472338]"
token_cycle_2,42,66254,2,intermediate,20000,20000,experiments/strata_token_guess_cycle_2/ppo/results/20260909T083950Z-45ea794b/checkpoint_probes/steps_000066254/probe_battery.json,state_belief_target,2,2,2,1.9522033851944598,2,"[0.5782358928064049, 1.0, 1.0]"
token_cycle_2,42,66254,2,intermediate,20000,20000,experiments/strata_token_guess_cycle_2/ppo/results/20260909T083950Z-45ea794b/checkpoint_probes/steps_000066254/probe_battery.json,strata_belief_target,2,2,2,1.9522033851944598,2,"[0.5782358928064049, 1.0, 1.0]"
token_cycle_2,42,132518,4,intermediate,20000,20000,experiments/strata_token_guess_cycle_2/ppo/results/20260909T083950Z-45ea794b/checkpoint_probes/steps_000132518/probe_battery.json,layer_1,2,2,4,1.71700950651219,64,"[0.7203818241108553, 0.9714876782244084, 0.9899161922066421, 0.9978229492931584, 0.9989504742139459, 0.9995728564308982, 0.9997663104325675, 0.999860379684067]"
token_cycle_2,42,132518,4,intermediate,20000,20000,experiments/strata_token_guess_cycle_2/ppo/results/20260909T083950Z-45ea794b/checkpoint_probes/steps_000132518/probe_battery.json,layer_2,2,3,5,1.7342064270153674,64,"[0.7285405188087043, 0.9399389923342616, 0.9656428454915427, 0.9866406637338263, 0.9946860309250267, 0.9967203149597742, 0.9976035179855474, 0.9981463094966712]"
token_cycle_2,42,132518,4,intermediate,20000,20000,experiments/strata_token_guess_cycle_2/ppo/results/20260909T083950Z-45ea794b/checkpoint_probes/steps_000132518/probe_battery.json,layer_3,2,3,5,1.4470513800011162,64,"[0.8223492412946861, 0.9394755023014656, 0.9632282329666405, 0.9839336995710655, 0.9931041084419874, 0.9948816137138686, 0.9961352479547064, 0.9969732257131502]"
token_cycle_2,42,132518,4,intermediate,20000,20000,experiments/strata_token_guess_cycle_2/ppo/results/20260909T083950Z-45ea794b/checkpoint_probes/steps_000132518/probe_battery.json,actor_activation,2,3,5,1.4470513800011162,64,"[0.8223492412946861, 0.9394755023014656, 0.9632282329666405, 0.9839336995710655, 0.9931041084419874, 0.9948816137138686, 0.9961352479547064, 0.9969732257131502]"
token_cycle_2,42,132518,4,intermediate,20000,20000,experiments/strata_token_guess_cycle_2/ppo/results/20260909T083950Z-45ea794b/checkpoint_probes/steps_000132518/probe_battery.json,state_belief_target,2,2,2,1.9522033851944598,2,"[0.5782358928064049, 1.0, 1.0]"
token_cycle_2,42,132518,4,intermediate,20000,20000,experiments/strata_token_guess_cycle_2/ppo/results/20260909T083950Z-45ea794b/checkpoint_probes/steps_000132518/probe_battery.json,strata_belief_target,2,2,2,1.9522033851944598,2,"[0.5782358928064049, 1.0, 1.0]"
token_cycle_2,42,265026,8,intermediate,20000,20000,experiments/strata_token_guess_cycle_2/ppo/results/20260909T083950Z-45ea794b/checkpoint_probes/steps_000265026/probe_battery.json,layer_1,2,2,4,1.778564221660051,64,"[0.7005482336247506, 0.96686221654787, 0.9892723125073163, 0.9965770686139174, 0.998498913274051, 0.9994848543955583, 0.99972849419857, 0.9998049453039792]"
token_cycle_2,42,265026,8,intermediate,20000,20000,experiments/strata_token_guess_cycle_2/ppo/results/20260909T083950Z-45ea794b/checkpoint_probes/steps_000265026/probe_battery.json,layer_2,2,3,5,1.6080826546234628,64,"[0.7700342606070696, 0.9361588702305779, 0.9648757920426181, 0.9858113265704025, 0.9914291583285666, 0.9943632610638471, 0.9961606902536256, 0.997140582109378]"
token_cycle_2,42,265026,8,intermediate,20000,20000,experiments/strata_token_guess_cycle_2/ppo/results/20260909T083950Z-45ea794b/checkpoint_probes/steps_000265026/probe_battery.json,layer_3,2,2,5,1.305858110865659,64,"[0.8708843314153966, 0.9523197304834715, 0.9757514923330448, 0.987065445876652, 0.9918880824456482, 0.9938278686158983, 0.9952011764321815, 0.9963260953912589]"
token_cycle_2,42,265026,8,intermediate,20000,20000,experiments/strata_token_guess_cycle_2/ppo/results/20260909T083950Z-45ea794b/checkpoint_probes/steps_000265026/probe_battery.json,actor_activation,2,2,5,1.305858110865659,64,"[0.8708843314153966, 0.9523197304834715, 0.9757514923330448, 0.987065445876652, 0.9918880824456482, 0.9938278686158983, 0.9952011764321815, 0.9963260953912589]"
token_cycle_2,42,265026,8,intermediate,20000,20000,experiments/strata_token_guess_cycle_2/ppo/results/20260909T083950Z-45ea794b/checkpoint_probes/steps_000265026/probe_battery.json,state_belief_target,2,2,2,1.9522033851944598,2,"[0.5782358928064049, 1.0, 1.0]"
token_cycle_2,42,265026,8,intermediate,20000,20000,experiments/strata_token_guess_cycle_2/ppo/results/20260909T083950Z-45ea794b/checkpoint_probes/steps_000265026/probe_battery.json,strata_belief_target,2,2,2,1.9522033851944598,2,"[0.5782358928064049, 1.0, 1.0]"
token_cycle_2,42,529886,16,intermediate,20000,20000,experiments/strata_token_guess_cycle_2/ppo/results/20260909T083950Z-45ea794b/checkpoint_probes/steps_000529886/probe_battery.json,layer_1,2,2,4,1.8505450033034356,64,"[0.6771009483599999, 0.96204469822741, 0.9874931855472111, 0.995752974630204, 0.9980283093389241, 0.9992719754025278, 0.9995926640731885, 0.999740932944848]"
token_cycle_2,42,529886,16,intermediate,20000,20000,experiments/strata_token_guess_cycle_2/ppo/results/20260909T083950Z-45ea794b/checkpoint_probes/steps_000529886/probe_battery.json,layer_2,2,3,6,1.5201299530941252,64,"[0.8017618741871404, 0.9110063987537586, 0.9630182296140529, 0.9801761905413713, 0.9878956237680504, 0.9912508754688675, 0.9938522534962572, 0.9953014376001208]"
token_cycle_2,42,529886,16,intermediate,20000,20000,experiments/strata_token_guess_cycle_2/ppo/results/20260909T083950Z-45ea794b/checkpoint_probes/steps_000529886/probe_battery.json,layer_3,1,2,5,1.1166898187797774,64,"[0.945960531832839, 0.9671005758689896, 0.9771515913750546, 0.9865972440414, 0.9904037315141323, 0.9923996810095811, 0.9941467706635095, 0.9954191923686948]"
token_cycle_2,42,529886,16,intermediate,20000,20000,experiments/strata_token_guess_cycle_2/ppo/results/20260909T083950Z-45ea794b/checkpoint_probes/steps_000529886/probe_battery.json,actor_activation,1,2,5,1.1166898187797774,64,"[0.945960531832839, 0.9671005758689896, 0.9771515913750546, 0.9865972440414, 0.9904037315141323, 0.9923996810095811, 0.9941467706635095, 0.9954191923686948]"
token_cycle_2,42,529886,16,intermediate,20000,20000,experiments/strata_token_guess_cycle_2/ppo/results/20260909T083950Z-45ea794b/checkpoint_probes/steps_000529886/probe_battery.json,state_belief_target,2,2,2,1.9522033851944598,2,"[0.5782358928064049, 1.0, 1.0]"
token_cycle_2,42,529886,16,intermediate,20000,20000,experiments/strata_token_guess_cycle_2/ppo/results/20260909T083950Z-45ea794b/checkpoint_probes/steps_000529886/probe_battery.json,strata_belief_target,2,2,2,1.9522033851944598,2,"[0.5782358928064049, 1.0, 1.0]"
token_cycle_2,42,1059875,32,intermediate,20000,20000,experiments/strata_token_guess_cycle_2/ppo/results/20260909T083950Z-45ea794b/checkpoint_probes/steps_001059875/probe_battery.json,layer_1,2,2,4,1.88066894399404,64,"[0.6652098067102193, 0.9626050504110077, 0.9895545911845106, 0.9963905692679035, 0.9981840889235877, 0.9993360397601029, 0.9996588577042802, 0.9997542356195815]"
token_cycle_2,42,1059875,32,intermediate,20000,20000,experiments/strata_token_guess_cycle_2/ppo/results/20260909T083950Z-45ea794b/checkpoint_probes/steps_001059875/probe_battery.json,layer_2,2,3,5,1.4601496664543407,64,"[0.8164898853637644, 0.947991911180162, 0.9756592187180915, 0.9858410828414016, 0.991564117145294, 0.9937378223523419, 0.9955631466423349, 0.9968339556378161]"
token_cycle_2,42,1059875,32,intermediate,20000,20000,experiments/strata_token_guess_cycle_2/ppo/results/20260909T083950Z-45ea794b/checkpoint_probes/steps_001059875/probe_battery.json,layer_3,1,1,4,1.089499636205389,64,"[0.9577504437572596, 0.9790894102932987, 0.9884156664064464, 0.9921530476747236, 0.9947300061215418, 0.9959975350732512, 0.9970393741947401, 0.9977311647186983]"
token_cycle_2,42,1059875,32,intermediate,20000,20000,experiments/strata_token_guess_cycle_2/ppo/results/20260909T083950Z-45ea794b/checkpoint_probes/steps_001059875/probe_battery.json,actor_activation,1,1,4,1.089499636205389,64,"[0.9577504437572596, 0.9790894102932987, 0.9884156664064464, 0.9921530476747236, 0.9947300061215418, 0.9959975350732512, 0.9970393741947401, 0.9977311647186983]"
token_cycle_2,42,1059875,32,intermediate,20000,20000,experiments/strata_token_guess_cycle_2/ppo/results/20260909T083950Z-45ea794b/checkpoint_probes/steps_001059875/probe_battery.json,state_belief_target,2,2,2,1.9522033851944598,2,"[0.5782358928064049, 1.0, 1.0]"
token_cycle_2,42,1059875,32,intermediate,20000,20000,experiments/strata_token_guess_cycle_2/ppo/results/20260909T083950Z-45ea794b/checkpoint_probes/steps_001059875/probe_battery.json,strata_belief_target,2,2,2,1.9522033851944598,2,"[0.5782358928064049, 1.0, 1.0]"
token_cycle_2,42,2119586,64,intermediate,20000,20000,experiments/strata_token_guess_cycle_2/ppo/results/20260909T083950Z-45ea794b/checkpoint_probes/steps_002119586/probe_battery.json,layer_1,2,2,3,1.7287410449986196,64,"[0.7141929437753878, 0.9751492021252561, 0.9905278414251069, 0.9973366348672552, 0.9989245386312408, 0.9996275497245758, 0.9997437119798411, 0.999838027584849]"
token_cycle_2,42,2119586,64,intermediate,20000,20000,experiments/strata_token_guess_cycle_2/ppo/results/20260909T083950Z-45ea794b/checkpoint_probes/steps_002119586/probe_battery.json,layer_2,2,3,5,1.9822623206474905,64,"[0.6424482528995398, 0.9425896077889517, 0.9821588822916819, 0.9892696978451607, 0.9944613672853206, 0.996469980101614, 0.9974985655820634, 0.9983663123843738]"
token_cycle_2,42,2119586,64,intermediate,20000,20000,experiments/strata_token_guess_cycle_2/ppo/results/20260909T083950Z-45ea794b/checkpoint_probes/steps_002119586/probe_battery.json,layer_3,2,2,4,1.2496987550623289,64,"[0.8906260890251595, 0.97276216601971, 0.9862864997938526, 0.9924210163807183, 0.9950678267323552, 0.996527965109903, 0.9975013387737944, 0.9982849871719196]"
token_cycle_2,42,2119586,64,intermediate,20000,20000,experiments/strata_token_guess_cycle_2/ppo/results/20260909T083950Z-45ea794b/checkpoint_probes/steps_002119586/probe_battery.json,actor_activation,2,2,4,1.2496987550623289,64,"[0.8906260890251595, 0.97276216601971, 0.9862864997938526, 0.9924210163807183, 0.9950678267323552, 0.996527965109903, 0.9975013387737944, 0.9982849871719196]"
token_cycle_2,42,2119586,64,intermediate,20000,20000,experiments/strata_token_guess_cycle_2/ppo/results/20260909T083950Z-45ea794b/checkpoint_probes/steps_002119586/probe_battery.json,state_belief_target,2,2,2,1.9522033851944598,2,"[0.5782358928064049, 1.0, 1.0]"
token_cycle_2,42,2119586,64,intermediate,20000,20000,experiments/strata_token_guess_cycle_2/ppo/results/20260909T083950Z-45ea794b/checkpoint_probes/steps_002119586/probe_battery.json,strata_belief_target,2,2,2,1.9522033851944598,2,"[0.5782358928064049, 1.0, 1.0]"
token_cycle_2,42,2516889,76,final,20000,20000,experiments/strata_token_guess_cycle_2/ppo/results/20260909T083950Z-45ea794b/checkpoint_probes/steps_002516889/probe_battery.json,layer_1,2,2,3,1.5160148133168518,64,"[0.7922183620164092, 0.9695459385826171, 0.9930172955249823, 0.9961716460060115, 0.9989948906309899, 0.9994851751850427, 0.999773495352531, 0.9998496698495368]"
token_cycle_2,42,2516889,76,final,20000,20000,experiments/strata_token_guess_cycle_2/ppo/results/20260909T083950Z-45ea794b/checkpoint_probes/steps_002516889/probe_battery.json,layer_2,2,2,4,1.4643383198398703,64,"[0.8137106690255784, 0.954368697329756, 0.9845941417111398, 0.9921019562207795, 0.9965867180801924, 0.9977838975839342, 0.9986167264890382, 0.9990613311401432]"
token_cycle_2,42,2516889,76,final,20000,20000,experiments/strata_token_guess_cycle_2/ppo/results/20260909T083950Z-45ea794b/checkpoint_probes/steps_002516889/probe_battery.json,layer_3,2,2,4,1.2662501919230473,64,"[0.8852317194193425, 0.9570329905492656, 0.9869400068156897, 0.9931188770952329, 0.995687594792829, 0.9970580464821327, 0.9980448500970948, 0.9986329515612384]"
token_cycle_2,42,2516889,76,final,20000,20000,experiments/strata_token_guess_cycle_2/ppo/results/20260909T083950Z-45ea794b/checkpoint_probes/steps_002516889/probe_battery.json,actor_activation,2,2,4,1.2662501919230473,64,"[0.8852317194193425, 0.9570329905492656, 0.9869400068156897, 0.9931188770952329, 0.995687594792829, 0.9970580464821327, 0.9980448500970948, 0.9986329515612384]"
token_cycle_2,42,2516889,76,final,20000,20000,experiments/strata_token_guess_cycle_2/ppo/results/20260909T083950Z-45ea794b/checkpoint_probes/steps_002516889/probe_battery.json,state_belief_target,2,2,2,1.9522033851944598,2,"[0.5782358928064049, 1.0, 1.0]"
token_cycle_2,42,2516889,76,final,20000,20000,experiments/strata_token_guess_cycle_2/ppo/results/20260909T083950Z-45ea794b/checkpoint_probes/steps_002516889/probe_battery.json,strata_belief_target,2,2,2,1.9522033851944598,2,"[0.5782358928064049, 1.0, 1.0]"
explore_cycle_3_both,42,0,0,initial,20000,20000,experiments/strata_two_factor_explore_cycle_3/reward_both_state_0/results/20260909T084200Z-e5f5f91b/checkpoint_probes/steps_000000000/probe_battery.json,layer_1,6,8,20,6.304174502804562,64,"[0.24014111348335154, 0.44482343025368587, 0.6049469346716916, 0.7396449104452383, 0.8250113694080158, 0.9004149724995584, 0.9464190939284118, 0.9536825306855629]"
explore_cycle_3_both,42,0,0,initial,20000,20000,experiments/strata_two_factor_explore_cycle_3/reward_both_state_0/results/20260909T084200Z-e5f5f91b/checkpoint_probes/steps_000000000/probe_battery.json,layer_2,7,12,26,6.178911773288228,64,"[0.25117425706526286, 0.48625199873612046, 0.6225429604861256, 0.7429879761978027, 0.8111461755935772, 0.8710572444231462, 0.912082920495565, 0.9247068030470891]"
explore_cycle_3_both,42,0,0,initial,20000,20000,experiments/strata_two_factor_explore_cycle_3/reward_both_state_0/results/20260909T084200Z-e5f5f91b/checkpoint_probes/steps_000000000/probe_battery.json,layer_3,8,13,27,6.341757393594554,64,"[0.24444142341849998, 0.4741832521201389, 0.6207565252452328, 0.7402125376008261, 0.8059353331105275, 0.8581643126181213, 0.8996306315607019, 0.9136070665546127]"
explore_cycle_3_both,42,0,0,initial,20000,20000,experiments/strata_two_factor_explore_cycle_3/reward_both_state_0/results/20260909T084200Z-e5f5f91b/checkpoint_probes/steps_000000000/probe_battery.json,actor_activation,8,13,27,6.341757393594554,64,"[0.24444142341849998, 0.4741832521201389, 0.6207565252452328, 0.7402125376008261, 0.8059353331105275, 0.8581643126181213, 0.8996306315607019, 0.9136070665546127]"
explore_cycle_3_both,42,0,0,initial,20000,20000,experiments/strata_two_factor_explore_cycle_3/reward_both_state_0/results/20260909T084200Z-e5f5f91b/checkpoint_probes/steps_000000000/probe_battery.json,factor_1_target,2,2,2,1.9999762804221528,2,"[0.5017219124237148, 1.0, 1.0]"
explore_cycle_3_both,42,0,0,initial,20000,20000,experiments/strata_two_factor_explore_cycle_3/reward_both_state_0/results/20260909T084200Z-e5f5f91b/checkpoint_probes/steps_000000000/probe_battery.json,factor_2_target,2,2,2,1.9997322312062868,2,"[0.5057858085927659, 1.0, 1.0]"
explore_cycle_3_both,42,0,0,initial,20000,20000,experiments/strata_two_factor_explore_cycle_3/reward_both_state_0/results/20260909T084200Z-e5f5f91b/checkpoint_probes/steps_000000000/probe_battery.json,joint_mixed_state_target,8,8,8,7.905725647844291,8,"[0.1410384465605072, 0.28020957765767923, 0.41805544846696946, 0.5542110370962373, 0.6676227520124167, 0.7798355303286016, 0.8902381916287511, 0.9999999999999999]"
explore_cycle_3_both,42,33112,1,intermediate,20000,20000,experiments/strata_two_factor_explore_cycle_3/reward_both_state_0/results/20260909T084200Z-e5f5f91b/checkpoint_probes/steps_000033112/probe_battery.json,layer_1,6,7,16,4.430032518775507,64,"[0.3504439306400347, 0.6233025681904742, 0.7421333077759551, 0.8240801446757213, 0.8920170693689674, 0.9382725157371854, 0.9663844015199676, 0.9719485267906981]"
explore_cycle_3_both,42,33112,1,intermediate,20000,20000,experiments/strata_two_factor_explore_cycle_3/reward_both_state_0/results/20260909T084200Z-e5f5f91b/checkpoint_probes/steps_000033112/probe_battery.json,layer_2,6,7,17,4.130091707002139,64,"[0.3527558297688421, 0.6633477211224005, 0.7670653490044469, 0.8416675113597463, 0.8957506641851766, 0.9299281329114941, 0.952046686953681, 0.9670040604332927]"
explore_cycle_3_both,42,33112,1,intermediate,20000,20000,experiments/strata_two_factor_explore_cycle_3/reward_both_state_0/results/20260909T084200Z-e5f5f91b/checkpoint_probes/steps_000033112/probe_battery.json,layer_3,6,7,17,4.203140300390488,64,"[0.3624956844767777, 0.6522160184285635, 0.7584427776492355, 0.83336882595342, 0.8926013569000995, 0.9257778221313206, 0.9522807934777148, 0.969298600917162]"
explore_cycle_3_both,42,33112,1,intermediate,20000,20000,experiments/strata_two_factor_explore_cycle_3/reward_both_state_0/results/20260909T084200Z-e5f5f91b/checkpoint_probes/steps_000033112/probe_battery.json,actor_activation,6,7,17,4.203140300390488,64,"[0.3624956844767777, 0.6522160184285635, 0.7584427776492355, 0.83336882595342, 0.8926013569000995, 0.9257778221313206, 0.9522807934777148, 0.969298600917162]"
explore_cycle_3_both,42,33112,1,intermediate,20000,20000,experiments/strata_two_factor_explore_cycle_3/reward_both_state_0/results/20260909T084200Z-e5f5f91b/checkpoint_probes/steps_000033112/probe_battery.json,factor_1_target,2,2,2,1.9999701383665307,2,"[0.5019320351748486, 0.9999999999999999, 1.0]"
explore_cycle_3_both,42,33112,1,intermediate,20000,20000,experiments/strata_two_factor_explore_cycle_3/reward_both_state_0/results/20260909T084200Z-e5f5f91b/checkpoint_probes/steps_000033112/probe_battery.json,factor_2_target,2,2,2,1.9997236156599334,2,"[0.5058781644615608, 1.0, 1.0]"
explore_cycle_3_both,42,33112,1,intermediate,20000,20000,experiments/strata_two_factor_explore_cycle_3/reward_both_state_0/results/20260909T084200Z-e5f5f91b/checkpoint_probes/steps_000033112/probe_battery.json,joint_mixed_state_target,8,8,8,7.902790351528607,8,"[0.14217180570935667, 0.28094907616523557, 0.41851476768143325, 0.5549708508848582, 0.6682691976155755, 0.7801388476249278, 0.8904242999734846, 1.0]"
explore_cycle_3_both,42,66254,2,intermediate,20000,20000,experiments/strata_two_factor_explore_cycle_3/reward_both_state_0/results/20260909T084200Z-e5f5f91b/checkpoint_probes/steps_000066254/probe_battery.json,layer_1,6,7,18,5.394513961711075,64,"[0.3053541492476555, 0.5289520487233161, 0.6732821010950125, 0.7668932775299766, 0.8471344121904174, 0.9068031839360469, 0.9556402884413214, 0.9625013944115945]"
explore_cycle_3_both,42,66254,2,intermediate,20000,20000,experiments/strata_two_factor_explore_cycle_3/reward_both_state_0/results/20260909T084200Z-e5f5f91b/checkpoint_probes/steps_000066254/probe_battery.json,layer_2,7,8,20,5.768883559760149,64,"[0.2904789801349877, 0.4991867615894974, 0.6444966865020634, 0.7480303197701408, 0.8248551686398204, 0.8896574130095226, 0.9466145156221459, 0.9548169155703486]"
explore_cycle_3_both,42,66254,2,intermediate,20000,20000,experiments/strata_two_factor_explore_cycle_3/reward_both_state_0/results/20260909T084200Z-e5f5f91b/checkpoint_probes/steps_000066254/probe_battery.json,layer_3,7,8,20,5.680302015871135,64,"[0.29992874581353507, 0.5025328462499827, 0.6503322732565309, 0.7519483688828902, 0.824945446238148, 0.8883389048691649, 0.945716680638245, 0.9547057777362934]"
explore_cycle_3_both,42,66254,2,intermediate,20000,20000,experiments/strata_two_factor_explore_cycle_3/reward_both_state_0/results/20260909T084200Z-e5f5f91b/checkpoint_probes/steps_000066254/probe_battery.json,actor_activation,7,8,20,5.680302015871135,64,"[0.29992874581353507, 0.5025328462499827, 0.6503322732565309, 0.7519483688828902, 0.824945446238148, 0.8883389048691649, 0.945716680638245, 0.9547057777362934]"
explore_cycle_3_both,42,66254,2,intermediate,20000,20000,experiments/strata_two_factor_explore_cycle_3/reward_both_state_0/results/20260909T084200Z-e5f5f91b/checkpoint_probes/steps_000066254/probe_battery.json,factor_1_target,2,2,2,1.999841559041504,2,"[0.5044504706388646, 1.0, 1.0]"
explore_cycle_3_both,42,66254,2,intermediate,20000,20000,experiments/strata_two_factor_explore_cycle_3/reward_both_state_0/results/20260909T084200Z-e5f5f91b/checkpoint_probes/steps_000066254/probe_battery.json,factor_2_target,2,2,2,1.9999536240322702,2,"[0.5024077230717034, 0.9999999999999999, 1.0]"
explore_cycle_3_both,42,66254,2,intermediate,20000,20000,experiments/strata_two_factor_explore_cycle_3/reward_both_state_0/results/20260909T084200Z-e5f5f91b/checkpoint_probes/steps_000066254/probe_battery.json,joint_mixed_state_target,8,8,8,7.906094141128232,8,"[0.14026703214958414, 0.27899907350604314, 0.41749818314986764, 0.5542642825131184, 0.6671157948998433, 0.7792238809619384, 0.8905018246924286, 0.9999999999999999]"
explore_cycle_3_both,42,132518,4,intermediate,20000,20000,experiments/strata_two_factor_explore_cycle_3/reward_both_state_0/results/20260909T084200Z-e5f5f91b/checkpoint_probes/steps_000132518/probe_battery.json,layer_1,8,12,23,6.359079980937304,64,"[0.2597045030448271, 0.47806825939618186, 0.6219103484213889, 0.7144114882137391, 0.796321399253064, 0.8539343647932109, 0.8986123336344776, 0.9150113374402704]"
explore_cycle_3_both,42,132518,4,intermediate,20000,20000,experiments/strata_two_factor_explore_cycle_3/reward_both_state_0/results/20260909T084200Z-e5f5f91b/checkpoint_probes/steps_000132518/probe_battery.json,layer_2,9,14,26,7.226093743888075,64,"[0.22739158201008522, 0.43580284669504005, 0.5721742462225062, 0.6667253695831653, 0.7554438637496951, 0.8218606938914494, 0.8664747527261336, 0.887074188835441]"
explore_cycle_3_both,42,132518,4,intermediate,20000,20000,experiments/strata_two_factor_explore_cycle_3/reward_both_state_0/results/20260909T084200Z-e5f5f91b/checkpoint_probes/steps_000132518/probe_battery.json,layer_3,10,14,27,7.376296710660661,64,"[0.2239035027590435, 0.4343453784109779, 0.5598824139983124, 0.656263550849165, 0.7444856878645707, 0.8135188309319599, 0.8579475449928128, 0.8800120888877173]"
explore_cycle_3_both,42,132518,4,intermediate,20000,20000,experiments/strata_two_factor_explore_cycle_3/reward_both_state_0/results/20260909T084200Z-e5f5f91b/checkpoint_probes/steps_000132518/probe_battery.json,actor_activation,10,14,27,7.376296710660661,64,"[0.2239035027590435, 0.4343453784109779, 0.5598824139983124, 0.656263550849165, 0.7444856878645707, 0.8135188309319599, 0.8579475449928128, 0.8800120888877173]"
explore_cycle_3_both,42,132518,4,intermediate,20000,20000,experiments/strata_two_factor_explore_cycle_3/reward_both_state_0/results/20260909T084200Z-e5f5f91b/checkpoint_probes/steps_000132518/probe_battery.json,factor_1_target,2,2,2,1.999942007578449,2,"[0.5026924455231293, 1.0, 1.0]"
explore_cycle_3_both,42,132518,4,intermediate,20000,20000,experiments/strata_two_factor_explore_cycle_3/reward_both_state_0/results/20260909T084200Z-e5f5f91b/checkpoint_probes/steps_000132518/probe_battery.json,factor_2_target,2,2,2,1.9999886986903543,2,"[0.5011885586599731, 1.0, 1.0]"
explore_cycle_3_both,42,132518,4,intermediate,20000,20000,experiments/strata_two_factor_explore_cycle_3/reward_both_state_0/results/20260909T084200Z-e5f5f91b/checkpoint_probes/steps_000132518/probe_battery.json,joint_mixed_state_target,8,8,8,7.905286257120373,8,"[0.14144906590558506, 0.28019508828074097, 0.41765143092486884, 0.5543929952350694, 0.6674093727283922, 0.7793727699711618, 0.8899540636550624, 0.9999999999999999]"
explore_cycle_3_both,42,265026,8,intermediate,20000,20000,experiments/strata_two_factor_explore_cycle_3/reward_both_state_0/results/20260909T084200Z-e5f5f91b/checkpoint_probes/steps_000265026/probe_battery.json,layer_1,14,20,31,5.402465025344764,64,"[0.38325839990499155, 0.5140006962908836, 0.6204095104844217, 0.6750429952500894, 0.7144056108476313, 0.7527305358959536, 0.7832179581212984, 0.809162640498347]"
explore_cycle_3_both,42,265026,8,intermediate,20000,20000,experiments/strata_two_factor_explore_cycle_3/reward_both_state_0/results/20260909T084200Z-e5f5f91b/checkpoint_probes/steps_000265026/probe_battery.json,layer_2,15,21,35,5.785314328309713,64,"[0.3738325466597805, 0.4889241861883002, 0.5810993925537358, 0.6393534404337196, 0.6826301477626266, 0.7208674530744178, 0.7536766278974342, 0.7827235299666568]"
explore_cycle_3_both,42,265026,8,intermediate,20000,20000,experiments/strata_two_factor_explore_cycle_3/reward_both_state_0/results/20260909T084200Z-e5f5f91b/checkpoint_probes/steps_000265026/probe_battery.json,layer_3,16,22,36,6.197554319916517,64,"[0.35650794833731086, 0.4788430304423495, 0.5642165564688604, 0.6248388231423011, 0.6703207120012868, 0.7067763255304421, 0.7409720653172279, 0.7688658265163169]"
explore_cycle_3_both,42,265026,8,intermediate,20000,20000,experiments/strata_two_factor_explore_cycle_3/reward_both_state_0/results/20260909T084200Z-e5f5f91b/checkpoint_probes/steps_000265026/probe_battery.json,actor_activation,16,22,36,6.197554319916517,64,"[0.35650794833731086, 0.4788430304423495, 0.5642165564688604, 0.6248388231423011, 0.6703207120012868, 0.7067763255304421, 0.7409720653172279, 0.7688658265163169]"
explore_cycle_3_both,42,265026,8,intermediate,20000,20000,experiments/strata_two_factor_explore_cycle_3/reward_both_state_0/results/20260909T084200Z-e5f5f91b/checkpoint_probes/steps_000265026/probe_battery.json,factor_1_target,2,2,2,1.9999871556800117,2,"[0.5012671031172318, 0.9999999999999999, 1.0]"
explore_cycle_3_both,42,265026,8,intermediate,20000,20000,experiments/strata_two_factor_explore_cycle_3/reward_both_state_0/results/20260909T084200Z-e5f5f91b/checkpoint_probes/steps_000265026/probe_battery.json,factor_2_target,2,2,2,1.9999216400780648,2,"[0.5031297562244197, 1.0, 1.0]"
explore_cycle_3_both,42,265026,8,intermediate,20000,20000,experiments/strata_two_factor_explore_cycle_3/reward_both_state_0/results/20260909T084200Z-e5f5f91b/checkpoint_probes/steps_000265026/probe_battery.json,joint_mixed_state_target,8,8,8,7.903429009003889,8,"[0.14142388189388186, 0.2812158605529807, 0.4185678463754534, 0.5548579887584546, 0.6680866059264254, 0.7794862831541375, 0.8902525423093866, 1.0]"
explore_cycle_3_both,42,529886,16,intermediate,20000,20000,experiments/strata_two_factor_explore_cycle_3/reward_both_state_0/results/20260909T084200Z-e5f5f91b/checkpoint_probes/steps_000529886/probe_battery.json,layer_1,3,4,8,3.1735933407054793,64,"[0.43437767492117507, 0.7401199384880963, 0.9158674424328874, 0.9562083561613337, 0.9735176251516926, 0.9821370742416873, 0.9871586282335566, 0.990807372411812]"
explore_cycle_3_both,42,529886,16,intermediate,20000,20000,experiments/strata_two_factor_explore_cycle_3/reward_both_state_0/results/20260909T084200Z-e5f5f91b/checkpoint_probes/steps_000529886/probe_battery.json,layer_2,3,4,8,2.985568547987649,64,"[0.45256730836916453, 0.7769885264041729, 0.9293601541931962, 0.9673596334503807, 0.9798696983727881, 0.9857723917300982, 0.9891632011736619, 0.9918790623205375]"
explore_cycle_3_both,42,529886,16,intermediate,20000,20000,experiments/strata_two_factor_explore_cycle_3/reward_both_state_0/results/20260909T084200Z-e5f5f91b/checkpoint_probes/steps_000529886/probe_battery.json,layer_3,3,4,8,3.031678604069243,64,"[0.44316030461819955, 0.7682833661244137, 0.9298922491850841, 0.9677620386274147, 0.9797375814616316, 0.9855245422481281, 0.9889341519449709, 0.9914420247868296]"
explore_cycle_3_both,42,529886,16,intermediate,20000,20000,experiments/strata_two_factor_explore_cycle_3/reward_both_state_0/results/20260909T084200Z-e5f5f91b/checkpoint_probes/steps_000529886/probe_battery.json,actor_activation,3,4,8,3.031678604069243,64,"[0.44316030461819955, 0.7682833661244137, 0.9298922491850841, 0.9677620386274147, 0.9797375814616316, 0.9855245422481281, 0.9889341519449709, 0.9914420247868296]"
explore_cycle_3_both,42,529886,16,intermediate,20000,20000,experiments/strata_two_factor_explore_cycle_3/reward_both_state_0/results/20260909T084200Z-e5f5f91b/checkpoint_probes/steps_000529886/probe_battery.json,factor_1_target,2,2,2,1.990577426749738,2,"[0.5344005374760404, 0.9999999999999999, 1.0]"
explore_cycle_3_both,42,529886,16,intermediate,20000,20000,experiments/strata_two_factor_explore_cycle_3/reward_both_state_0/results/20260909T084200Z-e5f5f91b/checkpoint_probes/steps_000529886/probe_battery.json,factor_2_target,2,2,2,1.9936055335073493,2,"[0.5283173459855701, 1.0, 1.0]"
explore_cycle_3_both,42,529886,16,intermediate,20000,20000,experiments/strata_two_factor_explore_cycle_3/reward_both_state_0/results/20260909T084200Z-e5f5f91b/checkpoint_probes/steps_000529886/probe_battery.json,joint_mixed_state_target,7,8,8,7.8135943683473,8,"[0.15395617205475226, 0.3018704967109691, 0.438767845590896, 0.5692021402938867, 0.6883810990113832, 0.7963487745602983, 0.9031432245203226, 1.0]"
explore_cycle_3_both,42,1059875,32,intermediate,20000,20000,experiments/strata_two_factor_explore_cycle_3/reward_both_state_0/results/20260909T084200Z-e5f5f91b/checkpoint_probes/steps_001059875/probe_battery.json,layer_1,4,4,6,2.8445473518476696,64,"[0.4516957366846049, 0.8230371529888337, 0.8966795480765234, 0.9545932279202592, 0.9791894793599613, 0.9946013540243791, 0.9969208474992273, 0.9976577791097107]"
explore_cycle_3_both,42,1059875,32,intermediate,20000,20000,experiments/strata_two_factor_explore_cycle_3/reward_both_state_0/results/20260909T084200Z-e5f5f91b/checkpoint_probes/steps_001059875/probe_battery.json,layer_2,3,4,6,2.6486152016501956,64,"[0.5120940633478616, 0.8395708320440646, 0.913332683229798, 0.9569827217175787, 0.9796994877526285, 0.994033291620392, 0.996187466104575, 0.9973303075058697]"
explore_cycle_3_both,42,1059875,32,intermediate,20000,20000,experiments/strata_two_factor_explore_cycle_3/reward_both_state_0/results/20260909T084200Z-e5f5f91b/checkpoint_probes/steps_001059875/probe_battery.json,layer_3,3,4,6,2.664604062515996,64,"[0.5143706833919719, 0.8338724344894052, 0.9088424663367372, 0.9561951722820383, 0.979802050807733, 0.9941342951055689, 0.9961787980674258, 0.9972689621333551]"
explore_cycle_3_both,42,1059875,32,intermediate,20000,20000,experiments/strata_two_factor_explore_cycle_3/reward_both_state_0/results/20260909T084200Z-e5f5f91b/checkpoint_probes/steps_001059875/probe_battery.json,actor_activation,3,4,6,2.664604062515996,64,"[0.5143706833919719, 0.8338724344894052, 0.9088424663367372, 0.9561951722820383, 0.979802050807733, 0.9941342951055689, 0.9961787980674258, 0.9972689621333551]"
explore_cycle_3_both,42,1059875,32,intermediate,20000,20000,experiments/strata_two_factor_explore_cycle_3/reward_both_state_0/results/20260909T084200Z-e5f5f91b/checkpoint_probes/steps_001059875/probe_battery.json,factor_1_target,2,2,2,1.9230722452615816,2,"[0.6000031621608666, 1.0, 1.0]"
explore_cycle_3_both,42,1059875,32,intermediate,20000,20000,experiments/strata_two_factor_explore_cycle_3/reward_both_state_0/results/20260909T084200Z-e5f5f91b/checkpoint_probes/steps_001059875/probe_battery.json,factor_2_target,2,2,2,1.896918891719104,2,"[0.6165561417828727, 1.0, 1.0]"
explore_cycle_3_both,42,1059875,32,intermediate,20000,20000,experiments/strata_two_factor_explore_cycle_3/reward_both_state_0/results/20260909T084200Z-e5f5f91b/checkpoint_probes/steps_001059875/probe_battery.json,joint_mixed_state_target,7,8,8,6.351074842572456,8,"[0.25373220134305136, 0.42783058886845665, 0.5820985151686777, 0.7156327168230662, 0.8091088550212832, 0.880148469282175, 0.9492065611376006, 1.0]"
explore_cycle_3_both,42,2119586,64,intermediate,20000,20000,experiments/strata_two_factor_explore_cycle_3/reward_both_state_0/results/20260909T084200Z-e5f5f91b/checkpoint_probes/steps_002119586/probe_battery.json,layer_1,5,7,11,4.779133828388352,64,"[0.32423445555091357, 0.5677537913809482, 0.731239282868032, 0.8321216069539784, 0.9036552659095576, 0.9487696780213426, 0.9745810977386083, 0.9815736001242161]"
explore_cycle_3_both,42,2119586,64,intermediate,20000,20000,experiments/strata_two_factor_explore_cycle_3/reward_both_state_0/results/20260909T084200Z-e5f5f91b/checkpoint_probes/steps_002119586/probe_battery.json,layer_2,4,5,10,4.263748037369799,64,"[0.29395948759990065, 0.5796095015957051, 0.803661884121228, 0.9272643176947024, 0.9531748460122023, 0.966907701669703, 0.9772999198801556, 0.984792435403086]"
explore_cycle_3_both,42,2119586,64,intermediate,20000,20000,experiments/strata_two_factor_explore_cycle_3/reward_both_state_0/results/20260909T084200Z-e5f5f91b/checkpoint_probes/steps_002119586/probe_battery.json,layer_3,5,6,11,4.567059104732514,64,"[0.28884212525596825, 0.5475494182245713, 0.7771573592606669, 0.8905730219047117, 0.9363495352662061, 0.9629537878177802, 0.9734664545824597, 0.9812333422382525]"
explore_cycle_3_both,42,2119586,64,intermediate,20000,20000,experiments/strata_two_factor_explore_cycle_3/reward_both_state_0/results/20260909T084200Z-e5f5f91b/checkpoint_probes/steps_002119586/probe_battery.json,actor_activation,5,6,11,4.567059104732514,64,"[0.28884212525596825, 0.5475494182245713, 0.7771573592606669, 0.8905730219047117, 0.9363495352662061, 0.9629537878177802, 0.9734664545824597, 0.9812333422382525]"
explore_cycle_3_both,42,2119586,64,intermediate,20000,20000,experiments/strata_two_factor_explore_cycle_3/reward_both_state_0/results/20260909T084200Z-e5f5f91b/checkpoint_probes/steps_002119586/probe_battery.json,factor_1_target,2,2,2,1.6902792558939503,2,"[0.7140306254187025, 1.0, 1.0]"
explore_cycle_3_both,42,2119586,64,intermediate,20000,20000,experiments/strata_two_factor_explore_cycle_3/reward_both_state_0/results/20260909T084200Z-e5f5f91b/checkpoint_probes/steps_002119586/probe_battery.json,factor_2_target,2,2,2,1.8249895739623216,2,"[0.6548359387417088, 1.0, 1.0]"
explore_cycle_3_both,42,2119586,64,intermediate,20000,20000,experiments/strata_two_factor_explore_cycle_3/reward_both_state_0/results/20260909T084200Z-e5f5f91b/checkpoint_probes/steps_002119586/probe_battery.json,joint_mixed_state_target,5,6,8,4.1646391063572645,8,"[0.4012609987274066, 0.6016060617732962, 0.7381844932896906, 0.8572215202493969, 0.9137402728818602, 0.959933819668486, 0.9826095066126702, 1.0]"
explore_cycle_3_both,42,4238425,128,intermediate,20000,20000,experiments/strata_two_factor_explore_cycle_3/reward_both_state_0/results/20260909T084200Z-e5f5f91b/checkpoint_probes/steps_004238425/probe_battery.json,layer_1,6,8,14,5.356660115840605,64,"[0.31451564877564303, 0.5168600554045244, 0.6770406198512209, 0.783982305392032, 0.8584886010143995, 0.9063427289107383, 0.9437432217667235, 0.9592596651013469]"
explore_cycle_3_both,42,4238425,128,intermediate,20000,20000,experiments/strata_two_factor_explore_cycle_3/reward_both_state_0/results/20260909T084200Z-e5f5f91b/checkpoint_probes/steps_004238425/probe_battery.json,layer_2,4,7,14,3.85182277729519,64,"[0.417750420109533, 0.6332824617567974, 0.793513177901862, 0.9018393438142852, 0.9225728932348494, 0.9405689921155661, 0.9557018472385764, 0.9668517679101803]"
explore_cycle_3_both,42,4238425,128,intermediate,20000,20000,experiments/strata_two_factor_explore_cycle_3/reward_both_state_0/results/20260909T084200Z-e5f5f91b/checkpoint_probes/steps_004238425/probe_battery.json,layer_3,6,8,15,4.186085769608494,64,"[0.4038827093338624, 0.6006859454475044, 0.7529175869469159, 0.8578128037384456, 0.8927146848319155, 0.922384016861777, 0.9387637869560456, 0.9528763009567234]"
explore_cycle_3_both,42,4238425,128,intermediate,20000,20000,experiments/strata_two_factor_explore_cycle_3/reward_both_state_0/results/20260909T084200Z-e5f5f91b/checkpoint_probes/steps_004238425/probe_battery.json,actor_activation,6,8,15,4.186085769608494,64,"[0.4038827093338624, 0.6006859454475044, 0.7529175869469159, 0.8578128037384456, 0.8927146848319155, 0.922384016861777, 0.9387637869560456, 0.9528763009567234]"
explore_cycle_3_both,42,4238425,128,intermediate,20000,20000,experiments/strata_two_factor_explore_cycle_3/reward_both_state_0/results/20260909T084200Z-e5f5f91b/checkpoint_probes/steps_004238425/probe_battery.json,factor_1_target,2,2,2,1.7264004922315412,2,"[0.6990475721006978, 1.0, 1.0]"
explore_cycle_3_both,42,4238425,128,intermediate,20000,20000,experiments/strata_two_factor_explore_cycle_3/reward_both_state_0/results/20260909T084200Z-e5f5f91b/checkpoint_probes/steps_004238425/probe_battery.json,factor_2_target,2,2,2,1.7764208760022884,2,"[0.6773832857735194, 0.9999999999999999, 1.0]"
explore_cycle_3_both,42,4238425,128,intermediate,20000,20000,experiments/strata_two_factor_explore_cycle_3/reward_both_state_0/results/20260909T084200Z-e5f5f91b/checkpoint_probes/steps_004238425/probe_battery.json,joint_mixed_state_target,4,5,7,3.424170490571299,8,"[0.46562291767408986, 0.6420047208470929, 0.8065659738206377, 0.9320508421156496, 0.9579342943052228, 0.9749779762802968, 0.9910905201392899, 1.0]"
explore_cycle_3_both,42,8477421,256,intermediate,20000,20000,experiments/strata_two_factor_explore_cycle_3/reward_both_state_0/results/20260909T084200Z-e5f5f91b/checkpoint_probes/steps_008477421/probe_battery.json,layer_1,6,8,13,3.9609633267111235,64,"[0.42710910707821625, 0.6436864901155352, 0.7590967456772219, 0.8224539846778749, 0.878709772970595, 0.9177226455557947, 0.9391597849346832, 0.9591485789097535]"
explore_cycle_3_both,42,8477421,256,intermediate,20000,20000,experiments/strata_two_factor_explore_cycle_3/reward_both_state_0/results/20260909T084200Z-e5f5f91b/checkpoint_probes/steps_008477421/probe_battery.json,layer_2,5,8,15,3.872689604393443,64,"[0.4337060914051295, 0.6331866623075507, 0.7752438114210503, 0.8568550037076613, 0.9022608138725384, 0.9291041783735196, 0.9497612852952486, 0.9596861657570769]"
explore_cycle_3_both,42,8477421,256,intermediate,20000,20000,experiments/strata_two_factor_explore_cycle_3/reward_both_state_0/results/20260909T084200Z-e5f5f91b/checkpoint_probes/steps_008477421/probe_battery.json,layer_3,6,9,16,4.460994371902979,64,"[0.3857381146294431, 0.5895484765216815, 0.7339747725593949, 0.827250694795924, 0.875070678269964, 0.9027728128114362, 0.9240842687746108, 0.9443209972707295]"
explore_cycle_3_both,42,8477421,256,intermediate,20000,20000,experiments/strata_two_factor_explore_cycle_3/reward_both_state_0/results/20260909T084200Z-e5f5f91b/checkpoint_probes/steps_008477421/probe_battery.json,actor_activation,6,9,16,4.460994371902979,64,"[0.3857381146294431, 0.5895484765216815, 0.7339747725593949, 0.827250694795924, 0.875070678269964, 0.9027728128114362, 0.9240842687746108, 0.9443209972707295]"
explore_cycle_3_both,42,8477421,256,intermediate,20000,20000,experiments/strata_two_factor_explore_cycle_3/reward_both_state_0/results/20260909T084200Z-e5f5f91b/checkpoint_probes/steps_008477421/probe_battery.json,factor_1_target,2,2,2,1.758690445018252,2,"[0.6852092024883317, 1.0, 1.0]"
explore_cycle_3_both,42,8477421,256,intermediate,20000,20000,experiments/strata_two_factor_explore_cycle_3/reward_both_state_0/results/20260909T084200Z-e5f5f91b/checkpoint_probes/steps_008477421/probe_battery.json,factor_2_target,2,2,2,1.813720742676235,2,"[0.660238563625732, 1.0, 1.0]"
explore_cycle_3_both,42,8477421,256,intermediate,20000,20000,experiments/strata_two_factor_explore_cycle_3/reward_both_state_0/results/20260909T084200Z-e5f5f91b/checkpoint_probes/steps_008477421/probe_battery.json,joint_mixed_state_target,4,6,8,3.6149047690687746,8,"[0.4488266176677044, 0.6176241373790188, 0.773742972117077, 0.9169209205722828, 0.9455761537092312, 0.9664351313275871, 0.9842150338728157, 1.0000000000000002]"
explore_cycle_3_both,42,16954395,512,intermediate,20000,20000,experiments/strata_two_factor_explore_cycle_3/reward_both_state_0/results/20260909T084200Z-e5f5f91b/checkpoint_probes/steps_016954395/probe_battery.json,layer_1,7,9,14,5.2188453329019655,64,"[0.3417673279014574, 0.5313579060235138, 0.666670726999681, 0.782225615708189, 0.8324976804150647, 0.8791426566287586, 0.9120379702768248, 0.9376777140094746]"
explore_cycle_3_both,42,16954395,512,intermediate,20000,20000,experiments/strata_two_factor_explore_cycle_3/reward_both_state_0/results/20260909T084200Z-e5f5f91b/checkpoint_probes/steps_016954395/probe_battery.json,layer_2,7,9,17,5.162261127646777,64,"[0.31373558100559457, 0.5549964515549557, 0.7018036750024272, 0.7978487204373659, 0.8563531132776759, 0.8928617946787665, 0.9202565520105942, 0.9395967780878378]"
explore_cycle_3_both,42,16954395,512,intermediate,20000,20000,experiments/strata_two_factor_explore_cycle_3/reward_both_state_0/results/20260909T084200Z-e5f5f91b/checkpoint_probes/steps_016954395/probe_battery.json,layer_3,8,11,20,5.83773264283849,64,"[0.309289322745346, 0.49377198072977435, 0.630963409695567, 0.7464781002498004, 0.8200871334132797, 0.8573597482657607, 0.8944064195854284, 0.9173858648745776]"
explore_cycle_3_both,42,16954395,512,intermediate,20000,20000,experiments/strata_two_factor_explore_cycle_3/reward_both_state_0/results/20260909T084200Z-e5f5f91b/checkpoint_probes/steps_016954395/probe_battery.json,actor_activation,8,11,20,5.83773264283849,64,"[0.309289322745346, 0.49377198072977435, 0.630963409695567, 0.7464781002498004, 0.8200871334132797, 0.8573597482657607, 0.8944064195854284, 0.9173858648745776]"
explore_cycle_3_both,42,16954395,512,intermediate,20000,20000,experiments/strata_two_factor_explore_cycle_3/reward_both_state_0/results/20260909T084200Z-e5f5f91b/checkpoint_probes/steps_016954395/probe_battery.json,factor_1_target,2,2,2,1.759430188795467,2,"[0.6848862220903642, 0.9999999999999999, 1.0]"
explore_cycle_3_both,42,16954395,512,intermediate,20000,20000,experiments/strata_two_factor_explore_cycle_3/reward_both_state_0/results/20260909T084200Z-e5f5f91b/checkpoint_probes/steps_016954395/probe_battery.json,factor_2_target,2,2,2,1.7211435101444459,2,"[0.7012573920554209, 1.0, 1.0]"
explore_cycle_3_both,42,16954395,512,intermediate,20000,20000,experiments/strata_two_factor_explore_cycle_3/reward_both_state_0/results/20260909T084200Z-e5f5f91b/checkpoint_probes/steps_016954395/probe_battery.json,joint_mixed_state_target,4,5,8,3.460231226111723,8,"[0.4628246460089318, 0.6565436043347884, 0.8033522597596618, 0.9210144204485665, 0.9553944178843662, 0.9733554791342017, 0.9886303599351158, 0.9999999999999998]"
explore_cycle_3_both,42,33908739,1024,intermediate,20000,20000,experiments/strata_two_factor_explore_cycle_3/reward_both_state_0/results/20260909T084200Z-e5f5f91b/checkpoint_probes/steps_033908739/probe_battery.json,layer_1,7,9,13,5.578058900713615,64,"[0.301770747518059, 0.5149805845764501, 0.6596003694565866, 0.7728438297479747, 0.8386884397428063, 0.8853279018330125, 0.9218220730720854, 0.943677741795315]"
explore_cycle_3_both,42,33908739,1024,intermediate,20000,20000,experiments/strata_two_factor_explore_cycle_3/reward_both_state_0/results/20260909T084200Z-e5f5f91b/checkpoint_probes/steps_033908739/probe_battery.json,layer_2,6,8,17,3.89125650384231,64,"[0.4440051669538351, 0.6184917763930293, 0.7568604244614092, 0.8341035685263081, 0.8804039883555218, 0.9153763551871732, 0.936402405559158, 0.952491970076639]"
explore_cycle_3_both,42,33908739,1024,intermediate,20000,20000,experiments/strata_two_factor_explore_cycle_3/reward_both_state_0/results/20260909T084200Z-e5f5f91b/checkpoint_probes/steps_033908739/probe_battery.json,layer_3,8,11,21,5.889652157242439,64,"[0.28637253120091544, 0.4879154415898905, 0.6590897626322432, 0.7586500868893419, 0.8183960725377386, 0.8659398152078689, 0.8958356571818166, 0.9217972883457943]"
explore_cycle_3_both,42,33908739,1024,intermediate,20000,20000,experiments/strata_two_factor_explore_cycle_3/reward_both_state_0/results/20260909T084200Z-e5f5f91b/checkpoint_probes/steps_033908739/probe_battery.json,actor_activation,8,11,21,5.889652157242439,64,"[0.28637253120091544, 0.4879154415898905, 0.6590897626322432, 0.7586500868893419, 0.8183960725377386, 0.8659398152078689, 0.8958356571818166, 0.9217972883457943]"
explore_cycle_3_both,42,33908739,1024,intermediate,20000,20000,experiments/strata_two_factor_explore_cycle_3/reward_both_state_0/results/20260909T084200Z-e5f5f91b/checkpoint_probes/steps_033908739/probe_battery.json,factor_1_target,2,2,2,1.6921297804298976,2,"[0.7132735562174539, 1.0, 1.0]"
explore_cycle_3_both,42,33908739,1024,intermediate,20000,20000,experiments/strata_two_factor_explore_cycle_3/reward_both_state_0/results/20260909T084200Z-e5f5f91b/checkpoint_probes/steps_033908739/probe_battery.json,factor_2_target,2,2,2,1.809967732970225,2,"[0.6620124026748113, 0.9999999999999999, 1.0]"
explore_cycle_3_both,42,33908739,1024,intermediate,20000,20000,experiments/strata_two_factor_explore_cycle_3/reward_both_state_0/results/20260909T084200Z-e5f5f91b/checkpoint_probes/steps_033908739/probe_battery.json,joint_mixed_state_target,4,4,7,3.2667659084272187,8,"[0.4794377563860968, 0.6577249547439014, 0.8204424463549017, 0.9521477261351718, 0.9697211892970756, 0.9830814523691973, 0.9940464409801144, 1.0]"
explore_cycle_3_both,42,50001886,1510,final,20000,20000,experiments/strata_two_factor_explore_cycle_3/reward_both_state_0/results/20260909T084200Z-e5f5f91b/checkpoint_probes/steps_050001886/probe_battery.json,layer_1,6,8,12,5.124231844292625,64,"[0.3411817847663221, 0.5267011504760821, 0.6831991822598231, 0.7901009425978808, 0.851324270788489, 0.9013475164240045, 0.9339902321649691, 0.9580615483389551]"
explore_cycle_3_both,42,50001886,1510,final,20000,20000,experiments/strata_two_factor_explore_cycle_3/reward_both_state_0/results/20260909T084200Z-e5f5f91b/checkpoint_probes/steps_050001886/probe_battery.json,layer_2,5,8,16,3.904267016126531,64,"[0.39355870475853844, 0.6744940072631109, 0.7890689954653032, 0.872852311817923, 0.9029421692089981, 0.9286386285202978, 0.9460450276953699, 0.9562330907640174]"
explore_cycle_3_both,42,50001886,1510,final,20000,20000,experiments/strata_two_factor_explore_cycle_3/reward_both_state_0/results/20260909T084200Z-e5f5f91b/checkpoint_probes/steps_050001886/probe_battery.json,layer_3,7,10,20,4.13920648496137,64,"[0.40665595131200266, 0.6475568987212545, 0.745766748900188, 0.8091876143593092, 0.8557114422540173, 0.886753249380945, 0.9122308158953993, 0.9296705607941342]"
explore_cycle_3_both,42,50001886,1510,final,20000,20000,experiments/strata_two_factor_explore_cycle_3/reward_both_state_0/results/20260909T084200Z-e5f5f91b/checkpoint_probes/steps_050001886/probe_battery.json,actor_activation,7,10,20,4.13920648496137,64,"[0.40665595131200266, 0.6475568987212545, 0.745766748900188, 0.8091876143593092, 0.8557114422540173, 0.886753249380945, 0.9122308158953993, 0.9296705607941342]"
explore_cycle_3_both,42,50001886,1510,final,20000,20000,experiments/strata_two_factor_explore_cycle_3/reward_both_state_0/results/20260909T084200Z-e5f5f91b/checkpoint_probes/steps_050001886/probe_battery.json,factor_1_target,2,2,2,1.7131382080559419,2,"[0.704602133115858, 1.0, 1.0]"
explore_cycle_3_both,42,50001886,1510,final,20000,20000,experiments/strata_two_factor_explore_cycle_3/reward_both_state_0/results/20260909T084200Z-e5f5f91b/checkpoint_probes/steps_050001886/probe_battery.json,factor_2_target,2,2,2,1.8160225869794702,2,"[0.6591445004512032, 1.0, 1.0]"
explore_cycle_3_both,42,50001886,1510,final,20000,20000,experiments/strata_two_factor_explore_cycle_3/reward_both_state_0/results/20260909T084200Z-e5f5f91b/checkpoint_probes/steps_050001886/probe_battery.json,joint_mixed_state_target,4,5,7,3.3210618678529205,8,"[0.47721854674827846, 0.6444718946368282, 0.8015540051084907, 0.9424140258687613, 0.9623501932881392, 0.9766014156675138, 0.9901254286234124, 1.0]"
explore_cycle_3_factor_1,42,0,0,initial,20000,20000,experiments/strata_two_factor_explore_cycle_3/reward_factor_1_state_0/results/20260909T084527Z-64ab39a1/checkpoint_probes/steps_000000000/probe_battery.json,layer_1,6,8,20,6.304174502804562,64,"[0.24014111348335154, 0.44482343025368587, 0.6049469346716916, 0.7396449104452383, 0.8250113694080158, 0.9004149724995584, 0.9464190939284118, 0.9536825306855629]"
explore_cycle_3_factor_1,42,0,0,initial,20000,20000,experiments/strata_two_factor_explore_cycle_3/reward_factor_1_state_0/results/20260909T084527Z-64ab39a1/checkpoint_probes/steps_000000000/probe_battery.json,layer_2,7,12,26,6.178911773288228,64,"[0.25117425706526286, 0.48625199873612046, 0.6225429604861256, 0.7429879761978027, 0.8111461755935772, 0.8710572444231462, 0.912082920495565, 0.9247068030470891]"
explore_cycle_3_factor_1,42,0,0,initial,20000,20000,experiments/strata_two_factor_explore_cycle_3/reward_factor_1_state_0/results/20260909T084527Z-64ab39a1/checkpoint_probes/steps_000000000/probe_battery.json,layer_3,8,13,27,6.341757393594554,64,"[0.24444142341849998, 0.4741832521201389, 0.6207565252452328, 0.7402125376008261, 0.8059353331105275, 0.8581643126181213, 0.8996306315607019, 0.9136070665546127]"
explore_cycle_3_factor_1,42,0,0,initial,20000,20000,experiments/strata_two_factor_explore_cycle_3/reward_factor_1_state_0/results/20260909T084527Z-64ab39a1/checkpoint_probes/steps_000000000/probe_battery.json,actor_activation,8,13,27,6.341757393594554,64,"[0.24444142341849998, 0.4741832521201389, 0.6207565252452328, 0.7402125376008261, 0.8059353331105275, 0.8581643126181213, 0.8996306315607019, 0.9136070665546127]"
explore_cycle_3_factor_1,42,0,0,initial,20000,20000,experiments/strata_two_factor_explore_cycle_3/reward_factor_1_state_0/results/20260909T084527Z-64ab39a1/checkpoint_probes/steps_000000000/probe_battery.json,factor_1_target,2,2,2,1.9999762804221528,2,"[0.5017219124237148, 1.0, 1.0]"
explore_cycle_3_factor_1,42,0,0,initial,20000,20000,experiments/strata_two_factor_explore_cycle_3/reward_factor_1_state_0/results/20260909T084527Z-64ab39a1/checkpoint_probes/steps_000000000/probe_battery.json,factor_2_target,2,2,2,1.9997322312062868,2,"[0.5057858085927659, 1.0, 1.0]"
explore_cycle_3_factor_1,42,0,0,initial,20000,20000,experiments/strata_two_factor_explore_cycle_3/reward_factor_1_state_0/results/20260909T084527Z-64ab39a1/checkpoint_probes/steps_000000000/probe_battery.json,joint_mixed_state_target,8,8,8,7.905725647844291,8,"[0.1410384465605072, 0.28020957765767923, 0.41805544846696946, 0.5542110370962373, 0.6676227520124167, 0.7798355303286016, 0.8902381916287511, 0.9999999999999999]"
explore_cycle_3_factor_1,42,33074,1,intermediate,20000,20000,experiments/strata_two_factor_explore_cycle_3/reward_factor_1_state_0/results/20260909T084527Z-64ab39a1/checkpoint_probes/steps_000033074/probe_battery.json,layer_1,6,7,17,4.208270242959731,64,"[0.38224703338048915, 0.6396662235396233, 0.751851986741523, 0.8372907998220653, 0.8912449194123507, 0.9307797031027244, 0.9558143615178651, 0.969727513743125]"
explore_cycle_3_factor_1,42,33074,1,intermediate,20000,20000,experiments/strata_two_factor_explore_cycle_3/reward_factor_1_state_0/results/20260909T084527Z-64ab39a1/checkpoint_probes/steps_000033074/probe_battery.json,layer_2,6,7,17,4.700980145410139,64,"[0.32031475042194313, 0.5933157699129994, 0.7409876849163013, 0.8282584051441769, 0.8919047179038289, 0.9253630772072897, 0.9511290538393955, 0.9665505460961293]"
explore_cycle_3_factor_1,42,33074,1,intermediate,20000,20000,experiments/strata_two_factor_explore_cycle_3/reward_factor_1_state_0/results/20260909T084527Z-64ab39a1/checkpoint_probes/steps_000033074/probe_battery.json,layer_3,5,7,16,4.244891537277968,64,"[0.35974018586512074, 0.6035730605171064, 0.7983777886229876, 0.8696631067288273, 0.9215036169319026, 0.9442881382208803, 0.9615870143710598, 0.9721056505317707]"
explore_cycle_3_factor_1,42,33074,1,intermediate,20000,20000,experiments/strata_two_factor_explore_cycle_3/reward_factor_1_state_0/results/20260909T084527Z-64ab39a1/checkpoint_probes/steps_000033074/probe_battery.json,actor_activation,5,7,16,4.244891537277968,64,"[0.35974018586512074, 0.6035730605171064, 0.7983777886229876, 0.8696631067288273, 0.9215036169319026, 0.9442881382208803, 0.9615870143710598, 0.9721056505317707]"
explore_cycle_3_factor_1,42,33074,1,intermediate,20000,20000,experiments/strata_two_factor_explore_cycle_3/reward_factor_1_state_0/results/20260909T084527Z-64ab39a1/checkpoint_probes/steps_000033074/probe_battery.json,factor_1_target,2,2,2,1.9999814538614247,2,"[0.5015225927950561, 1.0, 1.0]"
explore_cycle_3_factor_1,42,33074,1,intermediate,20000,20000,experiments/strata_two_factor_explore_cycle_3/reward_factor_1_state_0/results/20260909T084527Z-64ab39a1/checkpoint_probes/steps_000033074/probe_battery.json,factor_2_target,2,2,2,1.9999985840095214,2,"[0.5004207124137542, 1.0, 1.0]"
explore_cycle_3_factor_1,42,33074,1,intermediate,20000,20000,experiments/strata_two_factor_explore_cycle_3/reward_factor_1_state_0/results/20260909T084527Z-64ab39a1/checkpoint_probes/steps_000033074/probe_battery.json,joint_mixed_state_target,8,8,8,7.9060236283614636,8,"[0.14014818940334337, 0.27954917378827426, 0.41761291359824204, 0.5543219144598653, 0.6669361417875823, 0.7786632568700027, 0.88998316546457, 1.0]"
explore_cycle_3_factor_1,42,66154,2,intermediate,20000,20000,experiments/strata_two_factor_explore_cycle_3/reward_factor_1_state_0/results/20260909T084527Z-64ab39a1/checkpoint_probes/steps_000066154/probe_battery.json,layer_1,7,7,18,5.733879887590255,64,"[0.2690695617652889, 0.5124382245482391, 0.6500464909481772, 0.7487510733875095, 0.8278812852255174, 0.895493798992898, 0.9505281216771997, 0.9615144109986267]"
explore_cycle_3_factor_1,42,66154,2,intermediate,20000,20000,experiments/strata_two_factor_explore_cycle_3/reward_factor_1_state_0/results/20260909T084527Z-64ab39a1/checkpoint_probes/steps_000066154/probe_battery.json,layer_2,7,8,20,6.248864511531822,64,"[0.24681543311437057, 0.47394551843467336, 0.6144153103481909, 0.7236887609538086, 0.8033301419342019, 0.877265779144283, 0.9376324552826207, 0.9527053727011845]"
explore_cycle_3_factor_1,42,66154,2,intermediate,20000,20000,experiments/strata_two_factor_explore_cycle_3/reward_factor_1_state_0/results/20260909T084527Z-64ab39a1/checkpoint_probes/steps_000066154/probe_battery.json,layer_3,7,8,20,6.31362132821546,64,"[0.2541126842369861, 0.46758002492852435, 0.6084503426356477, 0.7199953274992988, 0.8004766797960536, 0.8750102559364608, 0.9338220628399719, 0.9506953833013045]"
explore_cycle_3_factor_1,42,66154,2,intermediate,20000,20000,experiments/strata_two_factor_explore_cycle_3/reward_factor_1_state_0/results/20260909T084527Z-64ab39a1/checkpoint_probes/steps_000066154/probe_battery.json,actor_activation,7,8,20,6.31362132821546,64,"[0.2541126842369861, 0.46758002492852435, 0.6084503426356477, 0.7199953274992988, 0.8004766797960536, 0.8750102559364608, 0.9338220628399719, 0.9506953833013045]"
explore_cycle_3_factor_1,42,66154,2,intermediate,20000,20000,experiments/strata_two_factor_explore_cycle_3/reward_factor_1_state_0/results/20260909T084527Z-64ab39a1/checkpoint_probes/steps_000066154/probe_battery.json,factor_1_target,2,2,2,1.999817067206466,2,"[0.5047821220089532, 1.0, 1.0]"
explore_cycle_3_factor_1,42,66154,2,intermediate,20000,20000,experiments/strata_two_factor_explore_cycle_3/reward_factor_1_state_0/results/20260909T084527Z-64ab39a1/checkpoint_probes/steps_000066154/probe_battery.json,factor_2_target,2,2,2,1.9999518223021342,2,"[0.5024540491651368, 1.0, 1.0]"
explore_cycle_3_factor_1,42,66154,2,intermediate,20000,20000,experiments/strata_two_factor_explore_cycle_3/reward_factor_1_state_0/results/20260909T084527Z-64ab39a1/checkpoint_probes/steps_000066154/probe_battery.json,joint_mixed_state_target,8,8,8,7.904076818552634,8,"[0.1408295176760774, 0.280887893559146, 0.41949728226152094, 0.5544021685815024, 0.668096877964044, 0.7811793402118983, 0.8910509366457549, 1.0]"
explore_cycle_3_factor_1,42,132080,4,intermediate,20000,20000,experiments/strata_two_factor_explore_cycle_3/reward_factor_1_state_0/results/20260909T084527Z-64ab39a1/checkpoint_probes/steps_000132080/probe_battery.json,layer_1,8,12,23,6.694805289540083,64,"[0.24200900091804073, 0.46101634708545713, 0.5955752714648106, 0.6925772449653037, 0.7740747072082489, 0.8520443740384221, 0.8893954266016612, 0.9143529036719679]"
explore_cycle_3_factor_1,42,132080,4,intermediate,20000,20000,experiments/strata_two_factor_explore_cycle_3/reward_factor_1_state_0/results/20260909T084527Z-64ab39a1/checkpoint_probes/steps_000132080/probe_battery.json,layer_2,9,14,26,7.38848732166107,64,"[0.24154972698752472, 0.4284499532957643, 0.5491480539522031, 0.6492929576859633, 0.7360497338594191, 0.8149748643932014, 0.8572778898459621, 0.8875816292440872]"
explore_cycle_3_factor_1,42,132080,4,intermediate,20000,20000,experiments/strata_two_factor_explore_cycle_3/reward_factor_1_state_0/results/20260909T084527Z-64ab39a1/checkpoint_probes/steps_000132080/probe_battery.json,layer_3,10,14,27,7.481342262306971,64,"[0.24560830315187382, 0.4280702287013559, 0.5336504421351538, 0.6359245726466136, 0.7265620565405636, 0.8051449243253368, 0.8512649873000928, 0.8789711530845348]"
explore_cycle_3_factor_1,42,132080,4,intermediate,20000,20000,experiments/strata_two_factor_explore_cycle_3/reward_factor_1_state_0/results/20260909T084527Z-64ab39a1/checkpoint_probes/steps_000132080/probe_battery.json,actor_activation,10,14,27,7.481342262306971,64,"[0.24560830315187382, 0.4280702287013559, 0.5336504421351538, 0.6359245726466136, 0.7265620565405636, 0.8051449243253368, 0.8512649873000928, 0.8789711530845348]"
explore_cycle_3_factor_1,42,132080,4,intermediate,20000,20000,experiments/strata_two_factor_explore_cycle_3/reward_factor_1_state_0/results/20260909T084527Z-64ab39a1/checkpoint_probes/steps_000132080/probe_battery.json,factor_1_target,2,2,2,1.9998248612767233,2,"[0.504679130012701, 1.0, 1.0]"
explore_cycle_3_factor_1,42,132080,4,intermediate,20000,20000,experiments/strata_two_factor_explore_cycle_3/reward_factor_1_state_0/results/20260909T084527Z-64ab39a1/checkpoint_probes/steps_000132080/probe_battery.json,factor_2_target,2,2,2,1.9999087471067631,2,"[0.5033774446141294, 1.0, 1.0]"
explore_cycle_3_factor_1,42,132080,4,intermediate,20000,20000,experiments/strata_two_factor_explore_cycle_3/reward_factor_1_state_0/results/20260909T084527Z-64ab39a1/checkpoint_probes/steps_000132080/probe_battery.json,joint_mixed_state_target,8,8,8,7.903433635246879,8,"[0.14193236054094915, 0.2815632136350899, 0.4182981529186087, 0.5547236500515187, 0.6683143056398093, 0.7797875775288251, 0.8907517261055586, 0.9999999999999999]"
explore_cycle_3_factor_1,42,264407,8,intermediate,20000,20000,experiments/strata_two_factor_explore_cycle_3/reward_factor_1_state_0/results/20260909T084527Z-64ab39a1/checkpoint_probes/steps_000264407/probe_battery.json,layer_1,11,17,30,3.1060328105268766,64,"[0.5471780632840005, 0.6635492941048787, 0.7249672483804293, 0.7675241842415836, 0.7988146769071806, 0.8219415365576396, 0.8416734538289717, 0.8604506004896438]"
explore_cycle_3_factor_1,42,264407,8,intermediate,20000,20000,experiments/strata_two_factor_explore_cycle_3/reward_factor_1_state_0/results/20260909T084527Z-64ab39a1/checkpoint_probes/steps_000264407/probe_battery.json,layer_2,12,19,33,3.489851126375539,64,"[0.5096805443608976, 0.6350730634652577, 0.7106944042981715, 0.7504246359044272, 0.7831999322520818, 0.8065788795738407, 0.828029808839463, 0.8459928145154085]"
explore_cycle_3_factor_1,42,264407,8,intermediate,20000,20000,experiments/strata_two_factor_explore_cycle_3/reward_factor_1_state_0/results/20260909T084527Z-64ab39a1/checkpoint_probes/steps_000264407/probe_battery.json,layer_3,13,19,34,3.8991754025382837,64,"[0.47407844364943336, 0.6129889980782208, 0.6950098363231407, 0.7370987796489737, 0.7679081150653293, 0.7915298602576626, 0.813635146522486, 0.8331969356690825]"
explore_cycle_3_factor_1,42,264407,8,intermediate,20000,20000,experiments/strata_two_factor_explore_cycle_3/reward_factor_1_state_0/results/20260909T084527Z-64ab39a1/checkpoint_probes/steps_000264407/probe_battery.json,actor_activation,13,19,34,3.8991754025382837,64,"[0.47407844364943336, 0.6129889980782208, 0.6950098363231407, 0.7370987796489737, 0.7679081150653293, 0.7915298602576626, 0.813635146522486, 0.8331969356690825]"
explore_cycle_3_factor_1,42,264407,8,intermediate,20000,20000,experiments/strata_two_factor_explore_cycle_3/reward_factor_1_state_0/results/20260909T084527Z-64ab39a1/checkpoint_probes/steps_000264407/probe_battery.json,factor_1_target,2,2,2,1.999918277137442,2,"[0.5031962126417069, 0.9999999999999999, 1.0]"
explore_cycle_3_factor_1,42,264407,8,intermediate,20000,20000,experiments/strata_two_factor_explore_cycle_3/reward_factor_1_state_0/results/20260909T084527Z-64ab39a1/checkpoint_probes/steps_000264407/probe_battery.json,factor_2_target,2,2,2,1.9999713799382082,2,"[0.5018914436071267, 1.0, 1.0]"
explore_cycle_3_factor_1,42,264407,8,intermediate,20000,20000,experiments/strata_two_factor_explore_cycle_3/reward_factor_1_state_0/results/20260909T084527Z-64ab39a1/checkpoint_probes/steps_000264407/probe_battery.json,joint_mixed_state_target,8,8,8,7.909397590434893,8,"[0.14112751256817677, 0.2793584522938328, 0.4169823518446052, 0.5531739107726565, 0.6664519328981429, 0.7784297815276686, 0.8899232065267186, 0.9999999999999999]"
explore_cycle_3_factor_1,42,529112,16,intermediate,20000,20000,experiments/strata_two_factor_explore_cycle_3/reward_factor_1_state_0/results/20260909T084527Z-64ab39a1/checkpoint_probes/steps_000529112/probe_battery.json,layer_1,2,3,6,2.092208179353368,64,"[0.6258138048298577, 0.9122815330117305, 0.976756116946952, 0.9849893305261894, 0.9891955432542464, 0.9923210114783084, 0.993547606505631, 0.9946713506725852]"
explore_cycle_3_factor_1,42,529112,16,intermediate,20000,20000,experiments/strata_two_factor_explore_cycle_3/reward_factor_1_state_0/results/20260909T084527Z-64ab39a1/checkpoint_probes/steps_000529112/probe_battery.json,layer_2,2,3,5,2.0101338478392097,64,"[0.6400808551148421, 0.9326197014745745, 0.9784473222698581, 0.9869814615213116, 0.9908474333379709, 0.9930969102285196, 0.9941558004652999, 0.995121697955977]"
explore_cycle_3_factor_1,42,529112,16,intermediate,20000,20000,experiments/strata_two_factor_explore_cycle_3/reward_factor_1_state_0/results/20260909T084527Z-64ab39a1/checkpoint_probes/steps_000529112/probe_battery.json,layer_3,2,3,5,2.0113890366219502,64,"[0.6359560732874903, 0.9376733608536498, 0.9774323819568339, 0.9870604319569024, 0.9906747764513523, 0.9928556523716852, 0.9939074622268523, 0.9948708546452837]"
explore_cycle_3_factor_1,42,529112,16,intermediate,20000,20000,experiments/strata_two_factor_explore_cycle_3/reward_factor_1_state_0/results/20260909T084527Z-64ab39a1/checkpoint_probes/steps_000529112/probe_battery.json,actor_activation,2,3,5,2.0113890366219502,64,"[0.6359560732874903, 0.9376733608536498, 0.9774323819568339, 0.9870604319569024, 0.9906747764513523, 0.9928556523716852, 0.9939074622268523, 0.9948708546452837]"
explore_cycle_3_factor_1,42,529112,16,intermediate,20000,20000,experiments/strata_two_factor_explore_cycle_3/reward_factor_1_state_0/results/20260909T084527Z-64ab39a1/checkpoint_probes/steps_000529112/probe_battery.json,factor_1_target,2,2,2,1.9914275295053185,2,"[0.5328050535162776, 1.0, 1.0]"
explore_cycle_3_factor_1,42,529112,16,intermediate,20000,20000,experiments/strata_two_factor_explore_cycle_3/reward_factor_1_state_0/results/20260909T084527Z-64ab39a1/checkpoint_probes/steps_000529112/probe_battery.json,factor_2_target,2,2,2,1.9998830774392435,2,"[0.5038231105888875, 1.0, 1.0]"
explore_cycle_3_factor_1,42,529112,16,intermediate,20000,20000,experiments/strata_two_factor_explore_cycle_3/reward_factor_1_state_0/results/20260909T084527Z-64ab39a1/checkpoint_probes/steps_000529112/probe_battery.json,joint_mixed_state_target,8,8,8,7.834110081344745,8,"[0.14879441829718335, 0.2948290426962109, 0.4385799472650331, 0.5683942927118029, 0.6815727279433212, 0.7938319896342834, 0.8975545528353398, 1.0]"
explore_cycle_3_factor_1,42,1058450,32,intermediate,20000,20000,experiments/strata_two_factor_explore_cycle_3/reward_factor_1_state_0/results/20260909T084527Z-64ab39a1/checkpoint_probes/steps_001058450/probe_battery.json,layer_1,2,2,4,1.7514579676694577,64,"[0.7096513523396002, 0.9681717839221412, 0.9899128216031902, 0.9958442031703286, 0.9984360180267534, 0.998954366552507, 0.9993092021600578, 0.9995164848986644]"
explore_cycle_3_factor_1,42,1058450,32,intermediate,20000,20000,experiments/strata_two_factor_explore_cycle_3/reward_factor_1_state_0/results/20260909T084527Z-64ab39a1/checkpoint_probes/steps_001058450/probe_battery.json,layer_2,2,3,4,2.0354456343836578,64,"[0.6169943249849699, 0.9479034959659671, 0.9752998414258877, 0.9939576946277363, 0.9970856926872532, 0.9981024329613373, 0.9985744699658121, 0.9989645298689145]"
explore_cycle_3_factor_1,42,1058450,32,intermediate,20000,20000,experiments/strata_two_factor_explore_cycle_3/reward_factor_1_state_0/results/20260909T084527Z-64ab39a1/checkpoint_probes/steps_001058450/probe_battery.json,layer_3,2,3,4,2.083115919846107,64,"[0.596245733762651, 0.9475750566570629, 0.9756894070705316, 0.9932292785285847, 0.9961191560435487, 0.9972220817075537, 0.9980778540121447, 0.9984824379843278]"
explore_cycle_3_factor_1,42,1058450,32,intermediate,20000,20000,experiments/strata_two_factor_explore_cycle_3/reward_factor_1_state_0/results/20260909T084527Z-64ab39a1/checkpoint_probes/steps_001058450/probe_battery.json,actor_activation,2,3,4,2.083115919846107,64,"[0.596245733762651, 0.9475750566570629, 0.9756894070705316, 0.9932292785285847, 0.9961191560435487, 0.9972220817075537, 0.9980778540121447, 0.9984824379843278]"
explore_cycle_3_factor_1,42,1058450,32,intermediate,20000,20000,experiments/strata_two_factor_explore_cycle_3/reward_factor_1_state_0/results/20260909T084527Z-64ab39a1/checkpoint_probes/steps_001058450/probe_battery.json,factor_1_target,2,2,2,1.9231013229815024,2,"[0.5999835045132756, 1.0, 1.0]"
explore_cycle_3_factor_1,42,1058450,32,intermediate,20000,20000,experiments/strata_two_factor_explore_cycle_3/reward_factor_1_state_0/results/20260909T084527Z-64ab39a1/checkpoint_probes/steps_001058450/probe_battery.json,factor_2_target,2,2,2,1.999150790790822,2,"[0.5103051561153071, 1.0, 1.0]"
explore_cycle_3_factor_1,42,1058450,32,intermediate,20000,20000,experiments/strata_two_factor_explore_cycle_3/reward_factor_1_state_0/results/20260909T084527Z-64ab39a1/checkpoint_probes/steps_001058450/probe_battery.json,joint_mixed_state_target,7,8,8,6.812356199368414,8,"[0.21158413139465687, 0.4154075296359434, 0.5648987342867859, 0.6646906146310301, 0.7539914869623691, 0.8395108528308237, 0.9217094566025533, 0.9999999999999999]"
explore_cycle_3_factor_1,42,2116834,64,intermediate,20000,20000,experiments/strata_two_factor_explore_cycle_3/reward_factor_1_state_0/results/20260909T084527Z-64ab39a1/checkpoint_probes/steps_002116834/probe_battery.json,layer_1,3,3,5,1.6626377642384973,64,"[0.7624339278109479, 0.8761035876051824, 0.9564149421868301, 0.9794189194033308, 0.9950131099920771, 0.9969698165082115, 0.9979286050638961, 0.9983840240309263]"
explore_cycle_3_factor_1,42,2116834,64,intermediate,20000,20000,experiments/strata_two_factor_explore_cycle_3/reward_factor_1_state_0/results/20260909T084527Z-64ab39a1/checkpoint_probes/steps_002116834/probe_battery.json,layer_2,3,4,7,2.0492566308208517,64,"[0.6551022321145626, 0.8911387363874931, 0.9367879297194043, 0.9613082685154538, 0.9780528899407825, 0.9884529344914206, 0.9939850761232093, 0.9956964327697087]"
explore_cycle_3_factor_1,42,2116834,64,intermediate,20000,20000,experiments/strata_two_factor_explore_cycle_3/reward_factor_1_state_0/results/20260909T084527Z-64ab39a1/checkpoint_probes/steps_002116834/probe_battery.json,layer_3,3,4,7,1.9345508927450166,64,"[0.6839128091673892, 0.8999357660313958, 0.9402241664009046, 0.9630950722239284, 0.9781728836297358, 0.9884394322198167, 0.9938430633944468, 0.9954092315907904]"
explore_cycle_3_factor_1,42,2116834,64,intermediate,20000,20000,experiments/strata_two_factor_explore_cycle_3/reward_factor_1_state_0/results/20260909T084527Z-64ab39a1/checkpoint_probes/steps_002116834/probe_battery.json,actor_activation,3,4,7,1.9345508927450166,64,"[0.6839128091673892, 0.8999357660313958, 0.9402241664009046, 0.9630950722239284, 0.9781728836297358, 0.9884394322198167, 0.9938430633944468, 0.9954092315907904]"
explore_cycle_3_factor_1,42,2116834,64,intermediate,20000,20000,experiments/strata_two_factor_explore_cycle_3/reward_factor_1_state_0/results/20260909T084527Z-64ab39a1/checkpoint_probes/steps_002116834/probe_battery.json,factor_1_target,2,2,2,1.8349535279427154,2,"[0.64995487605855, 1.0, 1.0]"
explore_cycle_3_factor_1,42,2116834,64,intermediate,20000,20000,experiments/strata_two_factor_explore_cycle_3/reward_factor_1_state_0/results/20260909T084527Z-64ab39a1/checkpoint_probes/steps_002116834/probe_battery.json,factor_2_target,2,2,2,1.9999841703141605,2,"[0.5014066720979835, 1.0, 1.0]"
explore_cycle_3_factor_1,42,2116834,64,intermediate,20000,20000,experiments/strata_two_factor_explore_cycle_3/reward_factor_1_state_0/results/20260909T084527Z-64ab39a1/checkpoint_probes/steps_002116834/probe_battery.json,joint_mixed_state_target,6,7,8,3.7517843182453725,8,"[0.3552721498890135, 0.7072315343651814, 0.7975485335733943, 0.8464050999326478, 0.8860438655528281, 0.9250382623701454, 0.963059108866311, 1.0]"
explore_cycle_3_factor_1,42,4233720,128,intermediate,20000,20000,experiments/strata_two_factor_explore_cycle_3/reward_factor_1_state_0/results/20260909T084527Z-64ab39a1/checkpoint_probes/steps_004233720/probe_battery.json,layer_1,4,4,7,2.669678001012029,64,"[0.5632552001406403, 0.7435615362641658, 0.8763829466488434, 0.9574259618925668, 0.9800643544128138, 0.9872641017830422, 0.9922369734303818, 0.9949364715755049]"
explore_cycle_3_factor_1,42,4233720,128,intermediate,20000,20000,experiments/strata_two_factor_explore_cycle_3/reward_factor_1_state_0/results/20260909T084527Z-64ab39a1/checkpoint_probes/steps_004233720/probe_battery.json,layer_2,4,6,9,2.767771464591433,64,"[0.551428473952108, 0.7609248493874946, 0.8504938660952148, 0.9044636722866024, 0.9452540924306658, 0.9671965564777024, 0.9811681917878188, 0.986928584021436]"
explore_cycle_3_factor_1,42,4233720,128,intermediate,20000,20000,experiments/strata_two_factor_explore_cycle_3/reward_factor_1_state_0/results/20260909T084527Z-64ab39a1/checkpoint_probes/steps_004233720/probe_battery.json,layer_3,5,7,10,2.7158336699669245,64,"[0.5567499176699588, 0.7796146155579249, 0.8447568902845501, 0.8857014094947827, 0.9223070797325442, 0.9487283031624834, 0.9694723849092304, 0.9802273068055587]"
explore_cycle_3_factor_1,42,4233720,128,intermediate,20000,20000,experiments/strata_two_factor_explore_cycle_3/reward_factor_1_state_0/results/20260909T084527Z-64ab39a1/checkpoint_probes/steps_004233720/probe_battery.json,actor_activation,5,7,10,2.7158336699669245,64,"[0.5567499176699588, 0.7796146155579249, 0.8447568902845501, 0.8857014094947827, 0.9223070797325442, 0.9487283031624834, 0.9694723849092304, 0.9802273068055587]"
explore_cycle_3_factor_1,42,4233720,128,intermediate,20000,20000,experiments/strata_two_factor_explore_cycle_3/reward_factor_1_state_0/results/20260909T084527Z-64ab39a1/checkpoint_probes/steps_004233720/probe_battery.json,factor_1_target,2,2,2,1.7873010176196011,2,"[0.6724860032488839, 1.0, 1.0]"
explore_cycle_3_factor_1,42,4233720,128,intermediate,20000,20000,experiments/strata_two_factor_explore_cycle_3/reward_factor_1_state_0/results/20260909T084527Z-64ab39a1/checkpoint_probes/steps_004233720/probe_battery.json,factor_2_target,2,2,2,1.9997768590595038,2,"[0.5052816408342259, 1.0, 1.0]"
explore_cycle_3_factor_1,42,4233720,128,intermediate,20000,20000,experiments/strata_two_factor_explore_cycle_3/reward_factor_1_state_0/results/20260909T084527Z-64ab39a1/checkpoint_probes/steps_004233720/probe_battery.json,joint_mixed_state_target,5,7,8,3.277175594652578,8,"[0.38923281479767424, 0.7673570595913903, 0.8423453451867537, 0.8790126640787919, 0.9130142667527301, 0.9451345165185948, 0.9726425759237551, 1.0]"
explore_cycle_3_factor_1,42,8467762,256,intermediate,20000,20000,experiments/strata_two_factor_explore_cycle_3/reward_factor_1_state_0/results/20260909T084527Z-64ab39a1/checkpoint_probes/steps_008467762/probe_battery.json,layer_1,4,5,7,3.213712868161902,64,"[0.4881844250911349, 0.707681171587105, 0.8311241647414928, 0.9044013487974778, 0.9644011273196168, 0.9838347476816856, 0.9911091036717045, 0.9958041950862961]"
explore_cycle_3_factor_1,42,8467762,256,intermediate,20000,20000,experiments/strata_two_factor_explore_cycle_3/reward_factor_1_state_0/results/20260909T084527Z-64ab39a1/checkpoint_probes/steps_008467762/probe_battery.json,layer_2,4,6,9,2.5273120813295566,64,"[0.5825558802195769, 0.8030035421772931, 0.8618136301302348, 0.9117305084329653, 0.9454207170436882, 0.9651041702126044, 0.9756344174937714, 0.9840097204075003]"
explore_cycle_3_factor_1,42,8467762,256,intermediate,20000,20000,experiments/strata_two_factor_explore_cycle_3/reward_factor_1_state_0/results/20260909T084527Z-64ab39a1/checkpoint_probes/steps_008467762/probe_battery.json,layer_3,4,6,10,2.513049868994915,64,"[0.5820624427403749, 0.8113176698138582, 0.86051222428198, 0.9071882617915425, 0.9454870131468132, 0.9601310513173561, 0.970768574948028, 0.9808483303074722]"
explore_cycle_3_factor_1,42,8467762,256,intermediate,20000,20000,experiments/strata_two_factor_explore_cycle_3/reward_factor_1_state_0/results/20260909T084527Z-64ab39a1/checkpoint_probes/steps_008467762/probe_battery.json,actor_activation,4,6,10,2.513049868994915,64,"[0.5820624427403749, 0.8113176698138582, 0.86051222428198, 0.9071882617915425, 0.9454870131468132, 0.9601310513173561, 0.970768574948028, 0.9808483303074722]"
explore_cycle_3_factor_1,42,8467762,256,intermediate,20000,20000,experiments/strata_two_factor_explore_cycle_3/reward_factor_1_state_0/results/20260909T084527Z-64ab39a1/checkpoint_probes/steps_008467762/probe_battery.json,factor_1_target,2,2,2,1.7484775651112128,2,"[0.6896392969281019, 1.0, 1.0]"
explore_cycle_3_factor_1,42,8467762,256,intermediate,20000,20000,experiments/strata_two_factor_explore_cycle_3/reward_factor_1_state_0/results/20260909T084527Z-64ab39a1/checkpoint_probes/steps_008467762/probe_battery.json,factor_2_target,2,2,2,1.999174066300227,2,"[0.5101628915910126, 1.0, 1.0]"
explore_cycle_3_factor_1,42,8467762,256,intermediate,20000,20000,experiments/strata_two_factor_explore_cycle_3/reward_factor_1_state_0/results/20260909T084527Z-64ab39a1/checkpoint_probes/steps_008467762/probe_battery.json,joint_mixed_state_target,5,7,8,3.2245012064706344,8,"[0.39603962089592387, 0.7742055877226705, 0.8492850377698342, 0.8838149105778079, 0.9174067054685169, 0.9498982984761944, 0.9752377352186684, 0.9999999999999999]"
explore_cycle_3_factor_1,42,16935407,512,intermediate,20000,20000,experiments/strata_two_factor_explore_cycle_3/reward_factor_1_state_0/results/20260909T084527Z-64ab39a1/checkpoint_probes/steps_016935407/probe_battery.json,layer_1,4,5,8,2.30549829508495,64,"[0.6331675537754657, 0.7639970391582991, 0.8644381121497291, 0.9286387622552443, 0.9629141981978238, 0.9781620306250012, 0.985858911094263, 0.9910609245096142]"
explore_cycle_3_factor_1,42,16935407,512,intermediate,20000,20000,experiments/strata_two_factor_explore_cycle_3/reward_factor_1_state_0/results/20260909T084527Z-64ab39a1/checkpoint_probes/steps_016935407/probe_battery.json,layer_2,5,8,13,3.4908569953483006,64,"[0.41792369038553123, 0.7322689251521686, 0.8221394923351576, 0.8666770971287537, 0.9054672907225692, 0.9323530206991855, 0.9487256027397697, 0.9639387961383764]"
explore_cycle_3_factor_1,42,16935407,512,intermediate,20000,20000,experiments/strata_two_factor_explore_cycle_3/reward_factor_1_state_0/results/20260909T084527Z-64ab39a1/checkpoint_probes/steps_016935407/probe_battery.json,layer_3,5,7,14,3.464387105556474,64,"[0.3932815388441419, 0.7446452046945293, 0.8110625624193748, 0.8688992625313676, 0.9069429023547396, 0.9326882087016128, 0.9513410099669094, 0.9635070761776419]"
explore_cycle_3_factor_1,42,16935407,512,intermediate,20000,20000,experiments/strata_two_factor_explore_cycle_3/reward_factor_1_state_0/results/20260909T084527Z-64ab39a1/checkpoint_probes/steps_016935407/probe_battery.json,actor_activation,5,7,14,3.464387105556474,64,"[0.3932815388441419, 0.7446452046945293, 0.8110625624193748, 0.8688992625313676, 0.9069429023547396, 0.9326882087016128, 0.9513410099669094, 0.9635070761776419]"
explore_cycle_3_factor_1,42,16935407,512,intermediate,20000,20000,experiments/strata_two_factor_explore_cycle_3/reward_factor_1_state_0/results/20260909T084527Z-64ab39a1/checkpoint_probes/steps_016935407/probe_battery.json,factor_1_target,2,2,2,1.80828763385626,2,"[0.6628025907912956, 1.0, 1.0]"
explore_cycle_3_factor_1,42,16935407,512,intermediate,20000,20000,experiments/strata_two_factor_explore_cycle_3/reward_factor_1_state_0/results/20260909T084527Z-64ab39a1/checkpoint_probes/steps_016935407/probe_battery.json,factor_2_target,2,2,2,1.9988955740393146,2,"[0.5117528516539886, 1.0, 1.0]"
explore_cycle_3_factor_1,42,16935407,512,intermediate,20000,20000,experiments/strata_two_factor_explore_cycle_3/reward_factor_1_state_0/results/20260909T084527Z-64ab39a1/checkpoint_probes/steps_016935407/probe_battery.json,joint_mixed_state_target,4,6,8,2.9584036819172703,8,"[0.4170101235622412, 0.8136664683062547, 0.8731271432499577, 0.9033911522156673, 0.9284890248335828, 0.9528159579218577, 0.9766080821793544, 0.9999999999999999]"
explore_cycle_3_factor_1,42,30001054,907,final,20000,20000,experiments/strata_two_factor_explore_cycle_3/reward_factor_1_state_0/results/20260909T084527Z-64ab39a1/checkpoint_probes/steps_030001054/probe_battery.json,layer_1,2,3,5,1.714945005487855,64,"[0.7349075218430313, 0.9388850221314198, 0.9738303371325773, 0.9856585054341128, 0.9909846259048466, 0.9946638675687746, 0.9976325684771686, 0.9985986197910195]"
explore_cycle_3_factor_1,42,30001054,907,final,20000,20000,experiments/strata_two_factor_explore_cycle_3/reward_factor_1_state_0/results/20260909T084527Z-64ab39a1/checkpoint_probes/steps_030001054/probe_battery.json,layer_2,2,3,6,1.7130942426978146,64,"[0.7364340874129937, 0.9375498543615969, 0.9618991084652462, 0.9780618104442211, 0.9847963768751482, 0.9905325699677261, 0.9946365083163174, 0.9967304670150587]"
explore_cycle_3_factor_1,42,30001054,907,final,20000,20000,experiments/strata_two_factor_explore_cycle_3/reward_factor_1_state_0/results/20260909T084527Z-64ab39a1/checkpoint_probes/steps_030001054/probe_battery.json,layer_3,2,3,7,1.4812860746974934,64,"[0.8112235552409199, 0.9371579973284674, 0.9678779713387174, 0.9792837019513443, 0.98451208130256, 0.9893243505103536, 0.9923287626470302, 0.994964956084999]"
explore_cycle_3_factor_1,42,30001054,907,final,20000,20000,experiments/strata_two_factor_explore_cycle_3/reward_factor_1_state_0/results/20260909T084527Z-64ab39a1/checkpoint_probes/steps_030001054/probe_battery.json,actor_activation,2,3,7,1.4812860746974934,64,"[0.8112235552409199, 0.9371579973284674, 0.9678779713387174, 0.9792837019513443, 0.98451208130256, 0.9893243505103536, 0.9923287626470302, 0.994964956084999]"
explore_cycle_3_factor_1,42,30001054,907,final,20000,20000,experiments/strata_two_factor_explore_cycle_3/reward_factor_1_state_0/results/20260909T084527Z-64ab39a1/checkpoint_probes/steps_030001054/probe_battery.json,factor_1_target,2,2,2,1.9985146534351206,2,"[0.5136310789739875, 1.0, 1.0]"
explore_cycle_3_factor_1,42,30001054,907,final,20000,20000,experiments/strata_two_factor_explore_cycle_3/reward_factor_1_state_0/results/20260909T084527Z-64ab39a1/checkpoint_probes/steps_030001054/probe_battery.json,factor_2_target,2,2,2,1.9719930479675256,2,"[0.5595868240500497, 1.0000000000000002, 1.0]"
explore_cycle_3_factor_1,42,30001054,907,final,20000,20000,experiments/strata_two_factor_explore_cycle_3/reward_factor_1_state_0/results/20260909T084527Z-64ab39a1/checkpoint_probes/steps_030001054/probe_battery.json,joint_mixed_state_target,7,8,8,7.781709735472924,8,"[0.15269957866059516, 0.3021108929714126, 0.44661545780822687, 0.5715839359336269, 0.6898540878670357, 0.8074296180353214, 0.906299538885184, 1.0]"
