run,seed,agent_steps,iteration,phase,n_fit,n_test,source,split,json_pointer,value
token_cycle_1_context,42,0,0,initial,20000,20000,experiments/strata_token_guess_cycle_1/ppo/results/20260909T061802Z-7d4e2248/checkpoint_probes/steps_000000000/probe_battery.json,policy,/policy/guess_fractions/0,0.2323
token_cycle_1_context,42,0,0,initial,20000,20000,experiments/strata_token_guess_cycle_1/ppo/results/20260909T061802Z-7d4e2248/checkpoint_probes/steps_000000000/probe_battery.json,policy,/policy/guess_fractions/1,0.7677
token_cycle_1_context,42,0,0,initial,20000,20000,experiments/strata_token_guess_cycle_1/ppo/results/20260909T061802Z-7d4e2248/checkpoint_probes/steps_000000000/probe_battery.json,policy,/policy/hidden_token_fractions/0,0.3067
token_cycle_1_context,42,0,0,initial,20000,20000,experiments/strata_token_guess_cycle_1/ppo/results/20260909T061802Z-7d4e2248/checkpoint_probes/steps_000000000/probe_battery.json,policy,/policy/hidden_token_fractions/1,0.6933
token_cycle_1_context,42,0,0,initial,20000,20000,experiments/strata_token_guess_cycle_1/ppo/results/20260909T061802Z-7d4e2248/checkpoint_probes/steps_000000000/probe_battery.json,policy,/policy/mean_reward,0.6086
token_cycle_1_context,42,0,0,initial,20000,20000,experiments/strata_token_guess_cycle_1/ppo/results/20260909T061802Z-7d4e2248/checkpoint_probes/steps_000000000/probe_battery.json,policy,/policy/mode,learned_stochastic
token_cycle_1_context,42,0,0,initial,20000,20000,experiments/strata_token_guess_cycle_1/ppo/results/20260909T061802Z-7d4e2248/checkpoint_probes/steps_000000000/probe_battery.json,policy,/policy/token_accuracy,0.6086
token_cycle_1_context,42,0,0,initial,20000,20000,experiments/strata_token_guess_cycle_1/ppo/results/20260909T061802Z-7d4e2248/checkpoint_probes/steps_000000000/probe_battery.json,train_policy,/train_policy/guess_fractions/0,0.2287
token_cycle_1_context,42,0,0,initial,20000,20000,experiments/strata_token_guess_cycle_1/ppo/results/20260909T061802Z-7d4e2248/checkpoint_probes/steps_000000000/probe_battery.json,train_policy,/train_policy/guess_fractions/1,0.7713
token_cycle_1_context,42,0,0,initial,20000,20000,experiments/strata_token_guess_cycle_1/ppo/results/20260909T061802Z-7d4e2248/checkpoint_probes/steps_000000000/probe_battery.json,train_policy,/train_policy/hidden_token_fractions/0,0.3114
token_cycle_1_context,42,0,0,initial,20000,20000,experiments/strata_token_guess_cycle_1/ppo/results/20260909T061802Z-7d4e2248/checkpoint_probes/steps_000000000/probe_battery.json,train_policy,/train_policy/hidden_token_fractions/1,0.6886
token_cycle_1_context,42,0,0,initial,20000,20000,experiments/strata_token_guess_cycle_1/ppo/results/20260909T061802Z-7d4e2248/checkpoint_probes/steps_000000000/probe_battery.json,train_policy,/train_policy/mean_reward,0.6076
token_cycle_1_context,42,0,0,initial,20000,20000,experiments/strata_token_guess_cycle_1/ppo/results/20260909T061802Z-7d4e2248/checkpoint_probes/steps_000000000/probe_battery.json,train_policy,/train_policy/mode,learned_stochastic
token_cycle_1_context,42,0,0,initial,20000,20000,experiments/strata_token_guess_cycle_1/ppo/results/20260909T061802Z-7d4e2248/checkpoint_probes/steps_000000000/probe_battery.json,train_policy,/train_policy/token_accuracy,0.6076
token_cycle_1_context,42,33074,1,intermediate,20000,20000,experiments/strata_token_guess_cycle_1/ppo/results/20260909T061802Z-7d4e2248/checkpoint_probes/steps_000033074/probe_battery.json,policy,/policy/guess_fractions/0,0.1538
token_cycle_1_context,42,33074,1,intermediate,20000,20000,experiments/strata_token_guess_cycle_1/ppo/results/20260909T061802Z-7d4e2248/checkpoint_probes/steps_000033074/probe_battery.json,policy,/policy/guess_fractions/1,0.8462
token_cycle_1_context,42,33074,1,intermediate,20000,20000,experiments/strata_token_guess_cycle_1/ppo/results/20260909T061802Z-7d4e2248/checkpoint_probes/steps_000033074/probe_battery.json,policy,/policy/hidden_token_fractions/0,0.3067
token_cycle_1_context,42,33074,1,intermediate,20000,20000,experiments/strata_token_guess_cycle_1/ppo/results/20260909T061802Z-7d4e2248/checkpoint_probes/steps_000033074/probe_battery.json,policy,/policy/hidden_token_fractions/1,0.6933
token_cycle_1_context,42,33074,1,intermediate,20000,20000,experiments/strata_token_guess_cycle_1/ppo/results/20260909T061802Z-7d4e2248/checkpoint_probes/steps_000033074/probe_battery.json,policy,/policy/mean_reward,0.6598
token_cycle_1_context,42,33074,1,intermediate,20000,20000,experiments/strata_token_guess_cycle_1/ppo/results/20260909T061802Z-7d4e2248/checkpoint_probes/steps_000033074/probe_battery.json,policy,/policy/mode,learned_stochastic
token_cycle_1_context,42,33074,1,intermediate,20000,20000,experiments/strata_token_guess_cycle_1/ppo/results/20260909T061802Z-7d4e2248/checkpoint_probes/steps_000033074/probe_battery.json,policy,/policy/token_accuracy,0.6598
token_cycle_1_context,42,33074,1,intermediate,20000,20000,experiments/strata_token_guess_cycle_1/ppo/results/20260909T061802Z-7d4e2248/checkpoint_probes/steps_000033074/probe_battery.json,train_policy,/train_policy/guess_fractions/0,0.1547
token_cycle_1_context,42,33074,1,intermediate,20000,20000,experiments/strata_token_guess_cycle_1/ppo/results/20260909T061802Z-7d4e2248/checkpoint_probes/steps_000033074/probe_battery.json,train_policy,/train_policy/guess_fractions/1,0.8453
token_cycle_1_context,42,33074,1,intermediate,20000,20000,experiments/strata_token_guess_cycle_1/ppo/results/20260909T061802Z-7d4e2248/checkpoint_probes/steps_000033074/probe_battery.json,train_policy,/train_policy/hidden_token_fractions/0,0.3114
token_cycle_1_context,42,33074,1,intermediate,20000,20000,experiments/strata_token_guess_cycle_1/ppo/results/20260909T061802Z-7d4e2248/checkpoint_probes/steps_000033074/probe_battery.json,train_policy,/train_policy/hidden_token_fractions/1,0.6886
token_cycle_1_context,42,33074,1,intermediate,20000,20000,experiments/strata_token_guess_cycle_1/ppo/results/20260909T061802Z-7d4e2248/checkpoint_probes/steps_000033074/probe_battery.json,train_policy,/train_policy/mean_reward,0.6526
token_cycle_1_context,42,33074,1,intermediate,20000,20000,experiments/strata_token_guess_cycle_1/ppo/results/20260909T061802Z-7d4e2248/checkpoint_probes/steps_000033074/probe_battery.json,train_policy,/train_policy/mode,learned_stochastic
token_cycle_1_context,42,33074,1,intermediate,20000,20000,experiments/strata_token_guess_cycle_1/ppo/results/20260909T061802Z-7d4e2248/checkpoint_probes/steps_000033074/probe_battery.json,train_policy,/train_policy/token_accuracy,0.6526
token_cycle_1_context,42,66154,2,intermediate,20000,20000,experiments/strata_token_guess_cycle_1/ppo/results/20260909T061802Z-7d4e2248/checkpoint_probes/steps_000066154/probe_battery.json,policy,/policy/guess_fractions/0,0.12415
token_cycle_1_context,42,66154,2,intermediate,20000,20000,experiments/strata_token_guess_cycle_1/ppo/results/20260909T061802Z-7d4e2248/checkpoint_probes/steps_000066154/probe_battery.json,policy,/policy/guess_fractions/1,0.87585
token_cycle_1_context,42,66154,2,intermediate,20000,20000,experiments/strata_token_guess_cycle_1/ppo/results/20260909T061802Z-7d4e2248/checkpoint_probes/steps_000066154/probe_battery.json,policy,/policy/hidden_token_fractions/0,0.3067
token_cycle_1_context,42,66154,2,intermediate,20000,20000,experiments/strata_token_guess_cycle_1/ppo/results/20260909T061802Z-7d4e2248/checkpoint_probes/steps_000066154/probe_battery.json,policy,/policy/hidden_token_fractions/1,0.6933
token_cycle_1_context,42,66154,2,intermediate,20000,20000,experiments/strata_token_guess_cycle_1/ppo/results/20260909T061802Z-7d4e2248/checkpoint_probes/steps_000066154/probe_battery.json,policy,/policy/mean_reward,0.67405
token_cycle_1_context,42,66154,2,intermediate,20000,20000,experiments/strata_token_guess_cycle_1/ppo/results/20260909T061802Z-7d4e2248/checkpoint_probes/steps_000066154/probe_battery.json,policy,/policy/mode,learned_stochastic
token_cycle_1_context,42,66154,2,intermediate,20000,20000,experiments/strata_token_guess_cycle_1/ppo/results/20260909T061802Z-7d4e2248/checkpoint_probes/steps_000066154/probe_battery.json,policy,/policy/token_accuracy,0.67405
token_cycle_1_context,42,66154,2,intermediate,20000,20000,experiments/strata_token_guess_cycle_1/ppo/results/20260909T061802Z-7d4e2248/checkpoint_probes/steps_000066154/probe_battery.json,train_policy,/train_policy/guess_fractions/0,0.1229
token_cycle_1_context,42,66154,2,intermediate,20000,20000,experiments/strata_token_guess_cycle_1/ppo/results/20260909T061802Z-7d4e2248/checkpoint_probes/steps_000066154/probe_battery.json,train_policy,/train_policy/guess_fractions/1,0.8771
token_cycle_1_context,42,66154,2,intermediate,20000,20000,experiments/strata_token_guess_cycle_1/ppo/results/20260909T061802Z-7d4e2248/checkpoint_probes/steps_000066154/probe_battery.json,train_policy,/train_policy/hidden_token_fractions/0,0.3114
token_cycle_1_context,42,66154,2,intermediate,20000,20000,experiments/strata_token_guess_cycle_1/ppo/results/20260909T061802Z-7d4e2248/checkpoint_probes/steps_000066154/probe_battery.json,train_policy,/train_policy/hidden_token_fractions/1,0.6886
token_cycle_1_context,42,66154,2,intermediate,20000,20000,experiments/strata_token_guess_cycle_1/ppo/results/20260909T061802Z-7d4e2248/checkpoint_probes/steps_000066154/probe_battery.json,train_policy,/train_policy/mean_reward,0.6669
token_cycle_1_context,42,66154,2,intermediate,20000,20000,experiments/strata_token_guess_cycle_1/ppo/results/20260909T061802Z-7d4e2248/checkpoint_probes/steps_000066154/probe_battery.json,train_policy,/train_policy/mode,learned_stochastic
token_cycle_1_context,42,66154,2,intermediate,20000,20000,experiments/strata_token_guess_cycle_1/ppo/results/20260909T061802Z-7d4e2248/checkpoint_probes/steps_000066154/probe_battery.json,train_policy,/train_policy/token_accuracy,0.6669
token_cycle_1_context,42,132080,4,intermediate,20000,20000,experiments/strata_token_guess_cycle_1/ppo/results/20260909T061802Z-7d4e2248/checkpoint_probes/steps_000132080/probe_battery.json,policy,/policy/guess_fractions/0,0.0954
token_cycle_1_context,42,132080,4,intermediate,20000,20000,experiments/strata_token_guess_cycle_1/ppo/results/20260909T061802Z-7d4e2248/checkpoint_probes/steps_000132080/probe_battery.json,policy,/policy/guess_fractions/1,0.9046
token_cycle_1_context,42,132080,4,intermediate,20000,20000,experiments/strata_token_guess_cycle_1/ppo/results/20260909T061802Z-7d4e2248/checkpoint_probes/steps_000132080/probe_battery.json,policy,/policy/hidden_token_fractions/0,0.3067
token_cycle_1_context,42,132080,4,intermediate,20000,20000,experiments/strata_token_guess_cycle_1/ppo/results/20260909T061802Z-7d4e2248/checkpoint_probes/steps_000132080/probe_battery.json,policy,/policy/hidden_token_fractions/1,0.6933
token_cycle_1_context,42,132080,4,intermediate,20000,20000,experiments/strata_token_guess_cycle_1/ppo/results/20260909T061802Z-7d4e2248/checkpoint_probes/steps_000132080/probe_battery.json,policy,/policy/mean_reward,0.6837
token_cycle_1_context,42,132080,4,intermediate,20000,20000,experiments/strata_token_guess_cycle_1/ppo/results/20260909T061802Z-7d4e2248/checkpoint_probes/steps_000132080/probe_battery.json,policy,/policy/mode,learned_stochastic
token_cycle_1_context,42,132080,4,intermediate,20000,20000,experiments/strata_token_guess_cycle_1/ppo/results/20260909T061802Z-7d4e2248/checkpoint_probes/steps_000132080/probe_battery.json,policy,/policy/token_accuracy,0.6837
token_cycle_1_context,42,132080,4,intermediate,20000,20000,experiments/strata_token_guess_cycle_1/ppo/results/20260909T061802Z-7d4e2248/checkpoint_probes/steps_000132080/probe_battery.json,train_policy,/train_policy/guess_fractions/0,0.0925
token_cycle_1_context,42,132080,4,intermediate,20000,20000,experiments/strata_token_guess_cycle_1/ppo/results/20260909T061802Z-7d4e2248/checkpoint_probes/steps_000132080/probe_battery.json,train_policy,/train_policy/guess_fractions/1,0.9075
token_cycle_1_context,42,132080,4,intermediate,20000,20000,experiments/strata_token_guess_cycle_1/ppo/results/20260909T061802Z-7d4e2248/checkpoint_probes/steps_000132080/probe_battery.json,train_policy,/train_policy/hidden_token_fractions/0,0.3114
token_cycle_1_context,42,132080,4,intermediate,20000,20000,experiments/strata_token_guess_cycle_1/ppo/results/20260909T061802Z-7d4e2248/checkpoint_probes/steps_000132080/probe_battery.json,train_policy,/train_policy/hidden_token_fractions/1,0.6886
token_cycle_1_context,42,132080,4,intermediate,20000,20000,experiments/strata_token_guess_cycle_1/ppo/results/20260909T061802Z-7d4e2248/checkpoint_probes/steps_000132080/probe_battery.json,train_policy,/train_policy/mean_reward,0.6761
token_cycle_1_context,42,132080,4,intermediate,20000,20000,experiments/strata_token_guess_cycle_1/ppo/results/20260909T061802Z-7d4e2248/checkpoint_probes/steps_000132080/probe_battery.json,train_policy,/train_policy/mode,learned_stochastic
token_cycle_1_context,42,132080,4,intermediate,20000,20000,experiments/strata_token_guess_cycle_1/ppo/results/20260909T061802Z-7d4e2248/checkpoint_probes/steps_000132080/probe_battery.json,train_policy,/train_policy/token_accuracy,0.6761
token_cycle_1_context,42,264407,8,intermediate,20000,20000,experiments/strata_token_guess_cycle_1/ppo/results/20260909T061802Z-7d4e2248/checkpoint_probes/steps_000264407/probe_battery.json,policy,/policy/guess_fractions/0,0.05745
token_cycle_1_context,42,264407,8,intermediate,20000,20000,experiments/strata_token_guess_cycle_1/ppo/results/20260909T061802Z-7d4e2248/checkpoint_probes/steps_000264407/probe_battery.json,policy,/policy/guess_fractions/1,0.94255
token_cycle_1_context,42,264407,8,intermediate,20000,20000,experiments/strata_token_guess_cycle_1/ppo/results/20260909T061802Z-7d4e2248/checkpoint_probes/steps_000264407/probe_battery.json,policy,/policy/hidden_token_fractions/0,0.3067
token_cycle_1_context,42,264407,8,intermediate,20000,20000,experiments/strata_token_guess_cycle_1/ppo/results/20260909T061802Z-7d4e2248/checkpoint_probes/steps_000264407/probe_battery.json,policy,/policy/hidden_token_fractions/1,0.6933
token_cycle_1_context,42,264407,8,intermediate,20000,20000,experiments/strata_token_guess_cycle_1/ppo/results/20260909T061802Z-7d4e2248/checkpoint_probes/steps_000264407/probe_battery.json,policy,/policy/mean_reward,0.69015
token_cycle_1_context,42,264407,8,intermediate,20000,20000,experiments/strata_token_guess_cycle_1/ppo/results/20260909T061802Z-7d4e2248/checkpoint_probes/steps_000264407/probe_battery.json,policy,/policy/mode,learned_stochastic
token_cycle_1_context,42,264407,8,intermediate,20000,20000,experiments/strata_token_guess_cycle_1/ppo/results/20260909T061802Z-7d4e2248/checkpoint_probes/steps_000264407/probe_battery.json,policy,/policy/token_accuracy,0.69015
token_cycle_1_context,42,264407,8,intermediate,20000,20000,experiments/strata_token_guess_cycle_1/ppo/results/20260909T061802Z-7d4e2248/checkpoint_probes/steps_000264407/probe_battery.json,train_policy,/train_policy/guess_fractions/0,0.0512
token_cycle_1_context,42,264407,8,intermediate,20000,20000,experiments/strata_token_guess_cycle_1/ppo/results/20260909T061802Z-7d4e2248/checkpoint_probes/steps_000264407/probe_battery.json,train_policy,/train_policy/guess_fractions/1,0.9488
token_cycle_1_context,42,264407,8,intermediate,20000,20000,experiments/strata_token_guess_cycle_1/ppo/results/20260909T061802Z-7d4e2248/checkpoint_probes/steps_000264407/probe_battery.json,train_policy,/train_policy/hidden_token_fractions/0,0.3114
token_cycle_1_context,42,264407,8,intermediate,20000,20000,experiments/strata_token_guess_cycle_1/ppo/results/20260909T061802Z-7d4e2248/checkpoint_probes/steps_000264407/probe_battery.json,train_policy,/train_policy/hidden_token_fractions/1,0.6886
token_cycle_1_context,42,264407,8,intermediate,20000,20000,experiments/strata_token_guess_cycle_1/ppo/results/20260909T061802Z-7d4e2248/checkpoint_probes/steps_000264407/probe_battery.json,train_policy,/train_policy/mean_reward,0.6864
token_cycle_1_context,42,264407,8,intermediate,20000,20000,experiments/strata_token_guess_cycle_1/ppo/results/20260909T061802Z-7d4e2248/checkpoint_probes/steps_000264407/probe_battery.json,train_policy,/train_policy/mode,learned_stochastic
token_cycle_1_context,42,264407,8,intermediate,20000,20000,experiments/strata_token_guess_cycle_1/ppo/results/20260909T061802Z-7d4e2248/checkpoint_probes/steps_000264407/probe_battery.json,train_policy,/train_policy/token_accuracy,0.6864
token_cycle_1_context,42,529112,16,intermediate,20000,20000,experiments/strata_token_guess_cycle_1/ppo/results/20260909T061802Z-7d4e2248/checkpoint_probes/steps_000529112/probe_battery.json,policy,/policy/guess_fractions/0,0.0523
token_cycle_1_context,42,529112,16,intermediate,20000,20000,experiments/strata_token_guess_cycle_1/ppo/results/20260909T061802Z-7d4e2248/checkpoint_probes/steps_000529112/probe_battery.json,policy,/policy/guess_fractions/1,0.9477
token_cycle_1_context,42,529112,16,intermediate,20000,20000,experiments/strata_token_guess_cycle_1/ppo/results/20260909T061802Z-7d4e2248/checkpoint_probes/steps_000529112/probe_battery.json,policy,/policy/hidden_token_fractions/0,0.3067
token_cycle_1_context,42,529112,16,intermediate,20000,20000,experiments/strata_token_guess_cycle_1/ppo/results/20260909T061802Z-7d4e2248/checkpoint_probes/steps_000529112/probe_battery.json,policy,/policy/hidden_token_fractions/1,0.6933
token_cycle_1_context,42,529112,16,intermediate,20000,20000,experiments/strata_token_guess_cycle_1/ppo/results/20260909T061802Z-7d4e2248/checkpoint_probes/steps_000529112/probe_battery.json,policy,/policy/mean_reward,0.6945
token_cycle_1_context,42,529112,16,intermediate,20000,20000,experiments/strata_token_guess_cycle_1/ppo/results/20260909T061802Z-7d4e2248/checkpoint_probes/steps_000529112/probe_battery.json,policy,/policy/mode,learned_stochastic
token_cycle_1_context,42,529112,16,intermediate,20000,20000,experiments/strata_token_guess_cycle_1/ppo/results/20260909T061802Z-7d4e2248/checkpoint_probes/steps_000529112/probe_battery.json,policy,/policy/token_accuracy,0.6945
token_cycle_1_context,42,529112,16,intermediate,20000,20000,experiments/strata_token_guess_cycle_1/ppo/results/20260909T061802Z-7d4e2248/checkpoint_probes/steps_000529112/probe_battery.json,train_policy,/train_policy/guess_fractions/0,0.04655
token_cycle_1_context,42,529112,16,intermediate,20000,20000,experiments/strata_token_guess_cycle_1/ppo/results/20260909T061802Z-7d4e2248/checkpoint_probes/steps_000529112/probe_battery.json,train_policy,/train_policy/guess_fractions/1,0.95345
token_cycle_1_context,42,529112,16,intermediate,20000,20000,experiments/strata_token_guess_cycle_1/ppo/results/20260909T061802Z-7d4e2248/checkpoint_probes/steps_000529112/probe_battery.json,train_policy,/train_policy/hidden_token_fractions/0,0.3114
token_cycle_1_context,42,529112,16,intermediate,20000,20000,experiments/strata_token_guess_cycle_1/ppo/results/20260909T061802Z-7d4e2248/checkpoint_probes/steps_000529112/probe_battery.json,train_policy,/train_policy/hidden_token_fractions/1,0.6886
token_cycle_1_context,42,529112,16,intermediate,20000,20000,experiments/strata_token_guess_cycle_1/ppo/results/20260909T061802Z-7d4e2248/checkpoint_probes/steps_000529112/probe_battery.json,train_policy,/train_policy/mean_reward,0.68875
token_cycle_1_context,42,529112,16,intermediate,20000,20000,experiments/strata_token_guess_cycle_1/ppo/results/20260909T061802Z-7d4e2248/checkpoint_probes/steps_000529112/probe_battery.json,train_policy,/train_policy/mode,learned_stochastic
token_cycle_1_context,42,529112,16,intermediate,20000,20000,experiments/strata_token_guess_cycle_1/ppo/results/20260909T061802Z-7d4e2248/checkpoint_probes/steps_000529112/probe_battery.json,train_policy,/train_policy/token_accuracy,0.68875
token_cycle_1_context,42,1058450,32,intermediate,20000,20000,experiments/strata_token_guess_cycle_1/ppo/results/20260909T061802Z-7d4e2248/checkpoint_probes/steps_001058450/probe_battery.json,policy,/policy/guess_fractions/0,0.04735
token_cycle_1_context,42,1058450,32,intermediate,20000,20000,experiments/strata_token_guess_cycle_1/ppo/results/20260909T061802Z-7d4e2248/checkpoint_probes/steps_001058450/probe_battery.json,policy,/policy/guess_fractions/1,0.95265
token_cycle_1_context,42,1058450,32,intermediate,20000,20000,experiments/strata_token_guess_cycle_1/ppo/results/20260909T061802Z-7d4e2248/checkpoint_probes/steps_001058450/probe_battery.json,policy,/policy/hidden_token_fractions/0,0.3067
token_cycle_1_context,42,1058450,32,intermediate,20000,20000,experiments/strata_token_guess_cycle_1/ppo/results/20260909T061802Z-7d4e2248/checkpoint_probes/steps_001058450/probe_battery.json,policy,/policy/hidden_token_fractions/1,0.6933
token_cycle_1_context,42,1058450,32,intermediate,20000,20000,experiments/strata_token_guess_cycle_1/ppo/results/20260909T061802Z-7d4e2248/checkpoint_probes/steps_001058450/probe_battery.json,policy,/policy/mean_reward,0.69605
token_cycle_1_context,42,1058450,32,intermediate,20000,20000,experiments/strata_token_guess_cycle_1/ppo/results/20260909T061802Z-7d4e2248/checkpoint_probes/steps_001058450/probe_battery.json,policy,/policy/mode,learned_stochastic
token_cycle_1_context,42,1058450,32,intermediate,20000,20000,experiments/strata_token_guess_cycle_1/ppo/results/20260909T061802Z-7d4e2248/checkpoint_probes/steps_001058450/probe_battery.json,policy,/policy/token_accuracy,0.69605
token_cycle_1_context,42,1058450,32,intermediate,20000,20000,experiments/strata_token_guess_cycle_1/ppo/results/20260909T061802Z-7d4e2248/checkpoint_probes/steps_001058450/probe_battery.json,train_policy,/train_policy/guess_fractions/0,0.0397
token_cycle_1_context,42,1058450,32,intermediate,20000,20000,experiments/strata_token_guess_cycle_1/ppo/results/20260909T061802Z-7d4e2248/checkpoint_probes/steps_001058450/probe_battery.json,train_policy,/train_policy/guess_fractions/1,0.9603
token_cycle_1_context,42,1058450,32,intermediate,20000,20000,experiments/strata_token_guess_cycle_1/ppo/results/20260909T061802Z-7d4e2248/checkpoint_probes/steps_001058450/probe_battery.json,train_policy,/train_policy/hidden_token_fractions/0,0.3114
token_cycle_1_context,42,1058450,32,intermediate,20000,20000,experiments/strata_token_guess_cycle_1/ppo/results/20260909T061802Z-7d4e2248/checkpoint_probes/steps_001058450/probe_battery.json,train_policy,/train_policy/hidden_token_fractions/1,0.6886
token_cycle_1_context,42,1058450,32,intermediate,20000,20000,experiments/strata_token_guess_cycle_1/ppo/results/20260909T061802Z-7d4e2248/checkpoint_probes/steps_001058450/probe_battery.json,train_policy,/train_policy/mean_reward,0.6887
token_cycle_1_context,42,1058450,32,intermediate,20000,20000,experiments/strata_token_guess_cycle_1/ppo/results/20260909T061802Z-7d4e2248/checkpoint_probes/steps_001058450/probe_battery.json,train_policy,/train_policy/mode,learned_stochastic
token_cycle_1_context,42,1058450,32,intermediate,20000,20000,experiments/strata_token_guess_cycle_1/ppo/results/20260909T061802Z-7d4e2248/checkpoint_probes/steps_001058450/probe_battery.json,train_policy,/train_policy/token_accuracy,0.6887
token_cycle_1_context,42,2116834,64,intermediate,20000,20000,experiments/strata_token_guess_cycle_1/ppo/results/20260909T061802Z-7d4e2248/checkpoint_probes/steps_002116834/probe_battery.json,policy,/policy/guess_fractions/0,0.03355
token_cycle_1_context,42,2116834,64,intermediate,20000,20000,experiments/strata_token_guess_cycle_1/ppo/results/20260909T061802Z-7d4e2248/checkpoint_probes/steps_002116834/probe_battery.json,policy,/policy/guess_fractions/1,0.96645
token_cycle_1_context,42,2116834,64,intermediate,20000,20000,experiments/strata_token_guess_cycle_1/ppo/results/20260909T061802Z-7d4e2248/checkpoint_probes/steps_002116834/probe_battery.json,policy,/policy/hidden_token_fractions/0,0.3067
token_cycle_1_context,42,2116834,64,intermediate,20000,20000,experiments/strata_token_guess_cycle_1/ppo/results/20260909T061802Z-7d4e2248/checkpoint_probes/steps_002116834/probe_battery.json,policy,/policy/hidden_token_fractions/1,0.6933
token_cycle_1_context,42,2116834,64,intermediate,20000,20000,experiments/strata_token_guess_cycle_1/ppo/results/20260909T061802Z-7d4e2248/checkpoint_probes/steps_002116834/probe_battery.json,policy,/policy/mean_reward,0.69525
token_cycle_1_context,42,2116834,64,intermediate,20000,20000,experiments/strata_token_guess_cycle_1/ppo/results/20260909T061802Z-7d4e2248/checkpoint_probes/steps_002116834/probe_battery.json,policy,/policy/mode,learned_stochastic
token_cycle_1_context,42,2116834,64,intermediate,20000,20000,experiments/strata_token_guess_cycle_1/ppo/results/20260909T061802Z-7d4e2248/checkpoint_probes/steps_002116834/probe_battery.json,policy,/policy/token_accuracy,0.69525
token_cycle_1_context,42,2116834,64,intermediate,20000,20000,experiments/strata_token_guess_cycle_1/ppo/results/20260909T061802Z-7d4e2248/checkpoint_probes/steps_002116834/probe_battery.json,train_policy,/train_policy/guess_fractions/0,0.0309
token_cycle_1_context,42,2116834,64,intermediate,20000,20000,experiments/strata_token_guess_cycle_1/ppo/results/20260909T061802Z-7d4e2248/checkpoint_probes/steps_002116834/probe_battery.json,train_policy,/train_policy/guess_fractions/1,0.9691
token_cycle_1_context,42,2116834,64,intermediate,20000,20000,experiments/strata_token_guess_cycle_1/ppo/results/20260909T061802Z-7d4e2248/checkpoint_probes/steps_002116834/probe_battery.json,train_policy,/train_policy/hidden_token_fractions/0,0.3114
token_cycle_1_context,42,2116834,64,intermediate,20000,20000,experiments/strata_token_guess_cycle_1/ppo/results/20260909T061802Z-7d4e2248/checkpoint_probes/steps_002116834/probe_battery.json,train_policy,/train_policy/hidden_token_fractions/1,0.6886
token_cycle_1_context,42,2116834,64,intermediate,20000,20000,experiments/strata_token_guess_cycle_1/ppo/results/20260909T061802Z-7d4e2248/checkpoint_probes/steps_002116834/probe_battery.json,train_policy,/train_policy/mean_reward,0.6878
token_cycle_1_context,42,2116834,64,intermediate,20000,20000,experiments/strata_token_guess_cycle_1/ppo/results/20260909T061802Z-7d4e2248/checkpoint_probes/steps_002116834/probe_battery.json,train_policy,/train_policy/mode,learned_stochastic
token_cycle_1_context,42,2116834,64,intermediate,20000,20000,experiments/strata_token_guess_cycle_1/ppo/results/20260909T061802Z-7d4e2248/checkpoint_probes/steps_002116834/probe_battery.json,train_policy,/train_policy/token_accuracy,0.6878
token_cycle_1_context,42,2513610,76,final,20000,20000,experiments/strata_token_guess_cycle_1/ppo/results/20260909T061802Z-7d4e2248/checkpoint_probes/steps_002513610/probe_battery.json,policy,/policy/guess_fractions/0,0.0198
token_cycle_1_context,42,2513610,76,final,20000,20000,experiments/strata_token_guess_cycle_1/ppo/results/20260909T061802Z-7d4e2248/checkpoint_probes/steps_002513610/probe_battery.json,policy,/policy/guess_fractions/1,0.9802
token_cycle_1_context,42,2513610,76,final,20000,20000,experiments/strata_token_guess_cycle_1/ppo/results/20260909T061802Z-7d4e2248/checkpoint_probes/steps_002513610/probe_battery.json,policy,/policy/hidden_token_fractions/0,0.3067
token_cycle_1_context,42,2513610,76,final,20000,20000,experiments/strata_token_guess_cycle_1/ppo/results/20260909T061802Z-7d4e2248/checkpoint_probes/steps_002513610/probe_battery.json,policy,/policy/hidden_token_fractions/1,0.6933
token_cycle_1_context,42,2513610,76,final,20000,20000,experiments/strata_token_guess_cycle_1/ppo/results/20260909T061802Z-7d4e2248/checkpoint_probes/steps_002513610/probe_battery.json,policy,/policy/mean_reward,0.6949
token_cycle_1_context,42,2513610,76,final,20000,20000,experiments/strata_token_guess_cycle_1/ppo/results/20260909T061802Z-7d4e2248/checkpoint_probes/steps_002513610/probe_battery.json,policy,/policy/mode,learned_stochastic
token_cycle_1_context,42,2513610,76,final,20000,20000,experiments/strata_token_guess_cycle_1/ppo/results/20260909T061802Z-7d4e2248/checkpoint_probes/steps_002513610/probe_battery.json,policy,/policy/token_accuracy,0.6949
token_cycle_1_context,42,2513610,76,final,20000,20000,experiments/strata_token_guess_cycle_1/ppo/results/20260909T061802Z-7d4e2248/checkpoint_probes/steps_002513610/probe_battery.json,train_policy,/train_policy/guess_fractions/0,0.0206
token_cycle_1_context,42,2513610,76,final,20000,20000,experiments/strata_token_guess_cycle_1/ppo/results/20260909T061802Z-7d4e2248/checkpoint_probes/steps_002513610/probe_battery.json,train_policy,/train_policy/guess_fractions/1,0.9794
token_cycle_1_context,42,2513610,76,final,20000,20000,experiments/strata_token_guess_cycle_1/ppo/results/20260909T061802Z-7d4e2248/checkpoint_probes/steps_002513610/probe_battery.json,train_policy,/train_policy/hidden_token_fractions/0,0.3114
token_cycle_1_context,42,2513610,76,final,20000,20000,experiments/strata_token_guess_cycle_1/ppo/results/20260909T061802Z-7d4e2248/checkpoint_probes/steps_002513610/probe_battery.json,train_policy,/train_policy/hidden_token_fractions/1,0.6886
token_cycle_1_context,42,2513610,76,final,20000,20000,experiments/strata_token_guess_cycle_1/ppo/results/20260909T061802Z-7d4e2248/checkpoint_probes/steps_002513610/probe_battery.json,train_policy,/train_policy/mean_reward,0.688
token_cycle_1_context,42,2513610,76,final,20000,20000,experiments/strata_token_guess_cycle_1/ppo/results/20260909T061802Z-7d4e2248/checkpoint_probes/steps_002513610/probe_battery.json,train_policy,/train_policy/mode,learned_stochastic
token_cycle_1_context,42,2513610,76,final,20000,20000,experiments/strata_token_guess_cycle_1/ppo/results/20260909T061802Z-7d4e2248/checkpoint_probes/steps_002513610/probe_battery.json,train_policy,/train_policy/token_accuracy,0.688
token_cycle_2,42,0,0,initial,20000,20000,experiments/strata_token_guess_cycle_2/ppo/results/20260909T083950Z-45ea794b/checkpoint_probes/steps_000000000/probe_battery.json,policy,/policy/guess_fractions/0,0.2572
token_cycle_2,42,0,0,initial,20000,20000,experiments/strata_token_guess_cycle_2/ppo/results/20260909T083950Z-45ea794b/checkpoint_probes/steps_000000000/probe_battery.json,policy,/policy/guess_fractions/1,0.7428
token_cycle_2,42,0,0,initial,20000,20000,experiments/strata_token_guess_cycle_2/ppo/results/20260909T083950Z-45ea794b/checkpoint_probes/steps_000000000/probe_battery.json,policy,/policy/hidden_token_fractions/0,0.3831
token_cycle_2,42,0,0,initial,20000,20000,experiments/strata_token_guess_cycle_2/ppo/results/20260909T083950Z-45ea794b/checkpoint_probes/steps_000000000/probe_battery.json,policy,/policy/hidden_token_fractions/1,0.6169
token_cycle_2,42,0,0,initial,20000,20000,experiments/strata_token_guess_cycle_2/ppo/results/20260909T083950Z-45ea794b/checkpoint_probes/steps_000000000/probe_battery.json,policy,/policy/mean_reward,0.5866
token_cycle_2,42,0,0,initial,20000,20000,experiments/strata_token_guess_cycle_2/ppo/results/20260909T083950Z-45ea794b/checkpoint_probes/steps_000000000/probe_battery.json,policy,/policy/mode,learned_stochastic
token_cycle_2,42,0,0,initial,20000,20000,experiments/strata_token_guess_cycle_2/ppo/results/20260909T083950Z-45ea794b/checkpoint_probes/steps_000000000/probe_battery.json,policy,/policy/token_accuracy,0.5866
token_cycle_2,42,0,0,initial,20000,20000,experiments/strata_token_guess_cycle_2/ppo/results/20260909T083950Z-45ea794b/checkpoint_probes/steps_000000000/probe_battery.json,train_policy,/train_policy/guess_fractions/0,0.2525
token_cycle_2,42,0,0,initial,20000,20000,experiments/strata_token_guess_cycle_2/ppo/results/20260909T083950Z-45ea794b/checkpoint_probes/steps_000000000/probe_battery.json,train_policy,/train_policy/guess_fractions/1,0.7475
token_cycle_2,42,0,0,initial,20000,20000,experiments/strata_token_guess_cycle_2/ppo/results/20260909T083950Z-45ea794b/checkpoint_probes/steps_000000000/probe_battery.json,train_policy,/train_policy/hidden_token_fractions/0,0.37405
token_cycle_2,42,0,0,initial,20000,20000,experiments/strata_token_guess_cycle_2/ppo/results/20260909T083950Z-45ea794b/checkpoint_probes/steps_000000000/probe_battery.json,train_policy,/train_policy/hidden_token_fractions/1,0.62595
token_cycle_2,42,0,0,initial,20000,20000,experiments/strata_token_guess_cycle_2/ppo/results/20260909T083950Z-45ea794b/checkpoint_probes/steps_000000000/probe_battery.json,train_policy,/train_policy/mean_reward,0.58915
token_cycle_2,42,0,0,initial,20000,20000,experiments/strata_token_guess_cycle_2/ppo/results/20260909T083950Z-45ea794b/checkpoint_probes/steps_000000000/probe_battery.json,train_policy,/train_policy/mode,learned_stochastic
token_cycle_2,42,0,0,initial,20000,20000,experiments/strata_token_guess_cycle_2/ppo/results/20260909T083950Z-45ea794b/checkpoint_probes/steps_000000000/probe_battery.json,train_policy,/train_policy/token_accuracy,0.58915
token_cycle_2,42,33112,1,intermediate,20000,20000,experiments/strata_token_guess_cycle_2/ppo/results/20260909T083950Z-45ea794b/checkpoint_probes/steps_000033112/probe_battery.json,policy,/policy/guess_fractions/0,0.21615
token_cycle_2,42,33112,1,intermediate,20000,20000,experiments/strata_token_guess_cycle_2/ppo/results/20260909T083950Z-45ea794b/checkpoint_probes/steps_000033112/probe_battery.json,policy,/policy/guess_fractions/1,0.78385
token_cycle_2,42,33112,1,intermediate,20000,20000,experiments/strata_token_guess_cycle_2/ppo/results/20260909T083950Z-45ea794b/checkpoint_probes/steps_000033112/probe_battery.json,policy,/policy/hidden_token_fractions/0,0.3831
token_cycle_2,42,33112,1,intermediate,20000,20000,experiments/strata_token_guess_cycle_2/ppo/results/20260909T083950Z-45ea794b/checkpoint_probes/steps_000033112/probe_battery.json,policy,/policy/hidden_token_fractions/1,0.6169
token_cycle_2,42,33112,1,intermediate,20000,20000,experiments/strata_token_guess_cycle_2/ppo/results/20260909T083950Z-45ea794b/checkpoint_probes/steps_000033112/probe_battery.json,policy,/policy/mean_reward,0.65865
token_cycle_2,42,33112,1,intermediate,20000,20000,experiments/strata_token_guess_cycle_2/ppo/results/20260909T083950Z-45ea794b/checkpoint_probes/steps_000033112/probe_battery.json,policy,/policy/mode,learned_stochastic
token_cycle_2,42,33112,1,intermediate,20000,20000,experiments/strata_token_guess_cycle_2/ppo/results/20260909T083950Z-45ea794b/checkpoint_probes/steps_000033112/probe_battery.json,policy,/policy/token_accuracy,0.65865
token_cycle_2,42,33112,1,intermediate,20000,20000,experiments/strata_token_guess_cycle_2/ppo/results/20260909T083950Z-45ea794b/checkpoint_probes/steps_000033112/probe_battery.json,train_policy,/train_policy/guess_fractions/0,0.2068
token_cycle_2,42,33112,1,intermediate,20000,20000,experiments/strata_token_guess_cycle_2/ppo/results/20260909T083950Z-45ea794b/checkpoint_probes/steps_000033112/probe_battery.json,train_policy,/train_policy/guess_fractions/1,0.7932
token_cycle_2,42,33112,1,intermediate,20000,20000,experiments/strata_token_guess_cycle_2/ppo/results/20260909T083950Z-45ea794b/checkpoint_probes/steps_000033112/probe_battery.json,train_policy,/train_policy/hidden_token_fractions/0,0.37405
token_cycle_2,42,33112,1,intermediate,20000,20000,experiments/strata_token_guess_cycle_2/ppo/results/20260909T083950Z-45ea794b/checkpoint_probes/steps_000033112/probe_battery.json,train_policy,/train_policy/hidden_token_fractions/1,0.62595
token_cycle_2,42,33112,1,intermediate,20000,20000,experiments/strata_token_guess_cycle_2/ppo/results/20260909T083950Z-45ea794b/checkpoint_probes/steps_000033112/probe_battery.json,train_policy,/train_policy/mean_reward,0.66175
token_cycle_2,42,33112,1,intermediate,20000,20000,experiments/strata_token_guess_cycle_2/ppo/results/20260909T083950Z-45ea794b/checkpoint_probes/steps_000033112/probe_battery.json,train_policy,/train_policy/mode,learned_stochastic
token_cycle_2,42,33112,1,intermediate,20000,20000,experiments/strata_token_guess_cycle_2/ppo/results/20260909T083950Z-45ea794b/checkpoint_probes/steps_000033112/probe_battery.json,train_policy,/train_policy/token_accuracy,0.66175
token_cycle_2,42,66254,2,intermediate,20000,20000,experiments/strata_token_guess_cycle_2/ppo/results/20260909T083950Z-45ea794b/checkpoint_probes/steps_000066254/probe_battery.json,policy,/policy/guess_fractions/0,0.21965
token_cycle_2,42,66254,2,intermediate,20000,20000,experiments/strata_token_guess_cycle_2/ppo/results/20260909T083950Z-45ea794b/checkpoint_probes/steps_000066254/probe_battery.json,policy,/policy/guess_fractions/1,0.78035
token_cycle_2,42,66254,2,intermediate,20000,20000,experiments/strata_token_guess_cycle_2/ppo/results/20260909T083950Z-45ea794b/checkpoint_probes/steps_000066254/probe_battery.json,policy,/policy/hidden_token_fractions/0,0.3831
token_cycle_2,42,66254,2,intermediate,20000,20000,experiments/strata_token_guess_cycle_2/ppo/results/20260909T083950Z-45ea794b/checkpoint_probes/steps_000066254/probe_battery.json,policy,/policy/hidden_token_fractions/1,0.6169
token_cycle_2,42,66254,2,intermediate,20000,20000,experiments/strata_token_guess_cycle_2/ppo/results/20260909T083950Z-45ea794b/checkpoint_probes/steps_000066254/probe_battery.json,policy,/policy/mean_reward,0.68655
token_cycle_2,42,66254,2,intermediate,20000,20000,experiments/strata_token_guess_cycle_2/ppo/results/20260909T083950Z-45ea794b/checkpoint_probes/steps_000066254/probe_battery.json,policy,/policy/mode,learned_stochastic
token_cycle_2,42,66254,2,intermediate,20000,20000,experiments/strata_token_guess_cycle_2/ppo/results/20260909T083950Z-45ea794b/checkpoint_probes/steps_000066254/probe_battery.json,policy,/policy/token_accuracy,0.68655
token_cycle_2,42,66254,2,intermediate,20000,20000,experiments/strata_token_guess_cycle_2/ppo/results/20260909T083950Z-45ea794b/checkpoint_probes/steps_000066254/probe_battery.json,train_policy,/train_policy/guess_fractions/0,0.2091
token_cycle_2,42,66254,2,intermediate,20000,20000,experiments/strata_token_guess_cycle_2/ppo/results/20260909T083950Z-45ea794b/checkpoint_probes/steps_000066254/probe_battery.json,train_policy,/train_policy/guess_fractions/1,0.7909
token_cycle_2,42,66254,2,intermediate,20000,20000,experiments/strata_token_guess_cycle_2/ppo/results/20260909T083950Z-45ea794b/checkpoint_probes/steps_000066254/probe_battery.json,train_policy,/train_policy/hidden_token_fractions/0,0.37405
token_cycle_2,42,66254,2,intermediate,20000,20000,experiments/strata_token_guess_cycle_2/ppo/results/20260909T083950Z-45ea794b/checkpoint_probes/steps_000066254/probe_battery.json,train_policy,/train_policy/hidden_token_fractions/1,0.62595
token_cycle_2,42,66254,2,intermediate,20000,20000,experiments/strata_token_guess_cycle_2/ppo/results/20260909T083950Z-45ea794b/checkpoint_probes/steps_000066254/probe_battery.json,train_policy,/train_policy/mean_reward,0.68985
token_cycle_2,42,66254,2,intermediate,20000,20000,experiments/strata_token_guess_cycle_2/ppo/results/20260909T083950Z-45ea794b/checkpoint_probes/steps_000066254/probe_battery.json,train_policy,/train_policy/mode,learned_stochastic
token_cycle_2,42,66254,2,intermediate,20000,20000,experiments/strata_token_guess_cycle_2/ppo/results/20260909T083950Z-45ea794b/checkpoint_probes/steps_000066254/probe_battery.json,train_policy,/train_policy/token_accuracy,0.68985
token_cycle_2,42,132518,4,intermediate,20000,20000,experiments/strata_token_guess_cycle_2/ppo/results/20260909T083950Z-45ea794b/checkpoint_probes/steps_000132518/probe_battery.json,policy,/policy/guess_fractions/0,0.2796
token_cycle_2,42,132518,4,intermediate,20000,20000,experiments/strata_token_guess_cycle_2/ppo/results/20260909T083950Z-45ea794b/checkpoint_probes/steps_000132518/probe_battery.json,policy,/policy/guess_fractions/1,0.7204
token_cycle_2,42,132518,4,intermediate,20000,20000,experiments/strata_token_guess_cycle_2/ppo/results/20260909T083950Z-45ea794b/checkpoint_probes/steps_000132518/probe_battery.json,policy,/policy/hidden_token_fractions/0,0.3831
token_cycle_2,42,132518,4,intermediate,20000,20000,experiments/strata_token_guess_cycle_2/ppo/results/20260909T083950Z-45ea794b/checkpoint_probes/steps_000132518/probe_battery.json,policy,/policy/hidden_token_fractions/1,0.6169
token_cycle_2,42,132518,4,intermediate,20000,20000,experiments/strata_token_guess_cycle_2/ppo/results/20260909T083950Z-45ea794b/checkpoint_probes/steps_000132518/probe_battery.json,policy,/policy/mean_reward,0.7383
token_cycle_2,42,132518,4,intermediate,20000,20000,experiments/strata_token_guess_cycle_2/ppo/results/20260909T083950Z-45ea794b/checkpoint_probes/steps_000132518/probe_battery.json,policy,/policy/mode,learned_stochastic
token_cycle_2,42,132518,4,intermediate,20000,20000,experiments/strata_token_guess_cycle_2/ppo/results/20260909T083950Z-45ea794b/checkpoint_probes/steps_000132518/probe_battery.json,policy,/policy/token_accuracy,0.7383
token_cycle_2,42,132518,4,intermediate,20000,20000,experiments/strata_token_guess_cycle_2/ppo/results/20260909T083950Z-45ea794b/checkpoint_probes/steps_000132518/probe_battery.json,train_policy,/train_policy/guess_fractions/0,0.25775
token_cycle_2,42,132518,4,intermediate,20000,20000,experiments/strata_token_guess_cycle_2/ppo/results/20260909T083950Z-45ea794b/checkpoint_probes/steps_000132518/probe_battery.json,train_policy,/train_policy/guess_fractions/1,0.74225
token_cycle_2,42,132518,4,intermediate,20000,20000,experiments/strata_token_guess_cycle_2/ppo/results/20260909T083950Z-45ea794b/checkpoint_probes/steps_000132518/probe_battery.json,train_policy,/train_policy/hidden_token_fractions/0,0.37405
token_cycle_2,42,132518,4,intermediate,20000,20000,experiments/strata_token_guess_cycle_2/ppo/results/20260909T083950Z-45ea794b/checkpoint_probes/steps_000132518/probe_battery.json,train_policy,/train_policy/hidden_token_fractions/1,0.62595
token_cycle_2,42,132518,4,intermediate,20000,20000,experiments/strata_token_guess_cycle_2/ppo/results/20260909T083950Z-45ea794b/checkpoint_probes/steps_000132518/probe_battery.json,train_policy,/train_policy/mean_reward,0.7373
token_cycle_2,42,132518,4,intermediate,20000,20000,experiments/strata_token_guess_cycle_2/ppo/results/20260909T083950Z-45ea794b/checkpoint_probes/steps_000132518/probe_battery.json,train_policy,/train_policy/mode,learned_stochastic
token_cycle_2,42,132518,4,intermediate,20000,20000,experiments/strata_token_guess_cycle_2/ppo/results/20260909T083950Z-45ea794b/checkpoint_probes/steps_000132518/probe_battery.json,train_policy,/train_policy/token_accuracy,0.7373
token_cycle_2,42,265026,8,intermediate,20000,20000,experiments/strata_token_guess_cycle_2/ppo/results/20260909T083950Z-45ea794b/checkpoint_probes/steps_000265026/probe_battery.json,policy,/policy/guess_fractions/0,0.3319
token_cycle_2,42,265026,8,intermediate,20000,20000,experiments/strata_token_guess_cycle_2/ppo/results/20260909T083950Z-45ea794b/checkpoint_probes/steps_000265026/probe_battery.json,policy,/policy/guess_fractions/1,0.6681
token_cycle_2,42,265026,8,intermediate,20000,20000,experiments/strata_token_guess_cycle_2/ppo/results/20260909T083950Z-45ea794b/checkpoint_probes/steps_000265026/probe_battery.json,policy,/policy/hidden_token_fractions/0,0.3831
token_cycle_2,42,265026,8,intermediate,20000,20000,experiments/strata_token_guess_cycle_2/ppo/results/20260909T083950Z-45ea794b/checkpoint_probes/steps_000265026/probe_battery.json,policy,/policy/hidden_token_fractions/1,0.6169
token_cycle_2,42,265026,8,intermediate,20000,20000,experiments/strata_token_guess_cycle_2/ppo/results/20260909T083950Z-45ea794b/checkpoint_probes/steps_000265026/probe_battery.json,policy,/policy/mean_reward,0.777
token_cycle_2,42,265026,8,intermediate,20000,20000,experiments/strata_token_guess_cycle_2/ppo/results/20260909T083950Z-45ea794b/checkpoint_probes/steps_000265026/probe_battery.json,policy,/policy/mode,learned_stochastic
token_cycle_2,42,265026,8,intermediate,20000,20000,experiments/strata_token_guess_cycle_2/ppo/results/20260909T083950Z-45ea794b/checkpoint_probes/steps_000265026/probe_battery.json,policy,/policy/token_accuracy,0.777
token_cycle_2,42,265026,8,intermediate,20000,20000,experiments/strata_token_guess_cycle_2/ppo/results/20260909T083950Z-45ea794b/checkpoint_probes/steps_000265026/probe_battery.json,train_policy,/train_policy/guess_fractions/0,0.3064
token_cycle_2,42,265026,8,intermediate,20000,20000,experiments/strata_token_guess_cycle_2/ppo/results/20260909T083950Z-45ea794b/checkpoint_probes/steps_000265026/probe_battery.json,train_policy,/train_policy/guess_fractions/1,0.6936
token_cycle_2,42,265026,8,intermediate,20000,20000,experiments/strata_token_guess_cycle_2/ppo/results/20260909T083950Z-45ea794b/checkpoint_probes/steps_000265026/probe_battery.json,train_policy,/train_policy/hidden_token_fractions/0,0.37405
token_cycle_2,42,265026,8,intermediate,20000,20000,experiments/strata_token_guess_cycle_2/ppo/results/20260909T083950Z-45ea794b/checkpoint_probes/steps_000265026/probe_battery.json,train_policy,/train_policy/hidden_token_fractions/1,0.62595
token_cycle_2,42,265026,8,intermediate,20000,20000,experiments/strata_token_guess_cycle_2/ppo/results/20260909T083950Z-45ea794b/checkpoint_probes/steps_000265026/probe_battery.json,train_policy,/train_policy/mean_reward,0.77315
token_cycle_2,42,265026,8,intermediate,20000,20000,experiments/strata_token_guess_cycle_2/ppo/results/20260909T083950Z-45ea794b/checkpoint_probes/steps_000265026/probe_battery.json,train_policy,/train_policy/mode,learned_stochastic
token_cycle_2,42,265026,8,intermediate,20000,20000,experiments/strata_token_guess_cycle_2/ppo/results/20260909T083950Z-45ea794b/checkpoint_probes/steps_000265026/probe_battery.json,train_policy,/train_policy/token_accuracy,0.77315
token_cycle_2,42,529886,16,intermediate,20000,20000,experiments/strata_token_guess_cycle_2/ppo/results/20260909T083950Z-45ea794b/checkpoint_probes/steps_000529886/probe_battery.json,policy,/policy/guess_fractions/0,0.3539
token_cycle_2,42,529886,16,intermediate,20000,20000,experiments/strata_token_guess_cycle_2/ppo/results/20260909T083950Z-45ea794b/checkpoint_probes/steps_000529886/probe_battery.json,policy,/policy/guess_fractions/1,0.6461
token_cycle_2,42,529886,16,intermediate,20000,20000,experiments/strata_token_guess_cycle_2/ppo/results/20260909T083950Z-45ea794b/checkpoint_probes/steps_000529886/probe_battery.json,policy,/policy/hidden_token_fractions/0,0.3831
token_cycle_2,42,529886,16,intermediate,20000,20000,experiments/strata_token_guess_cycle_2/ppo/results/20260909T083950Z-45ea794b/checkpoint_probes/steps_000529886/probe_battery.json,policy,/policy/hidden_token_fractions/1,0.6169
token_cycle_2,42,529886,16,intermediate,20000,20000,experiments/strata_token_guess_cycle_2/ppo/results/20260909T083950Z-45ea794b/checkpoint_probes/steps_000529886/probe_battery.json,policy,/policy/mean_reward,0.7878
token_cycle_2,42,529886,16,intermediate,20000,20000,experiments/strata_token_guess_cycle_2/ppo/results/20260909T083950Z-45ea794b/checkpoint_probes/steps_000529886/probe_battery.json,policy,/policy/mode,learned_stochastic
token_cycle_2,42,529886,16,intermediate,20000,20000,experiments/strata_token_guess_cycle_2/ppo/results/20260909T083950Z-45ea794b/checkpoint_probes/steps_000529886/probe_battery.json,policy,/policy/token_accuracy,0.7878
token_cycle_2,42,529886,16,intermediate,20000,20000,experiments/strata_token_guess_cycle_2/ppo/results/20260909T083950Z-45ea794b/checkpoint_probes/steps_000529886/probe_battery.json,train_policy,/train_policy/guess_fractions/0,0.3275
token_cycle_2,42,529886,16,intermediate,20000,20000,experiments/strata_token_guess_cycle_2/ppo/results/20260909T083950Z-45ea794b/checkpoint_probes/steps_000529886/probe_battery.json,train_policy,/train_policy/guess_fractions/1,0.6725
token_cycle_2,42,529886,16,intermediate,20000,20000,experiments/strata_token_guess_cycle_2/ppo/results/20260909T083950Z-45ea794b/checkpoint_probes/steps_000529886/probe_battery.json,train_policy,/train_policy/hidden_token_fractions/0,0.37405
token_cycle_2,42,529886,16,intermediate,20000,20000,experiments/strata_token_guess_cycle_2/ppo/results/20260909T083950Z-45ea794b/checkpoint_probes/steps_000529886/probe_battery.json,train_policy,/train_policy/hidden_token_fractions/1,0.62595
token_cycle_2,42,529886,16,intermediate,20000,20000,experiments/strata_token_guess_cycle_2/ppo/results/20260909T083950Z-45ea794b/checkpoint_probes/steps_000529886/probe_battery.json,train_policy,/train_policy/mean_reward,0.78225
token_cycle_2,42,529886,16,intermediate,20000,20000,experiments/strata_token_guess_cycle_2/ppo/results/20260909T083950Z-45ea794b/checkpoint_probes/steps_000529886/probe_battery.json,train_policy,/train_policy/mode,learned_stochastic
token_cycle_2,42,529886,16,intermediate,20000,20000,experiments/strata_token_guess_cycle_2/ppo/results/20260909T083950Z-45ea794b/checkpoint_probes/steps_000529886/probe_battery.json,train_policy,/train_policy/token_accuracy,0.78225
token_cycle_2,42,1059875,32,intermediate,20000,20000,experiments/strata_token_guess_cycle_2/ppo/results/20260909T083950Z-45ea794b/checkpoint_probes/steps_001059875/probe_battery.json,policy,/policy/guess_fractions/0,0.34665
token_cycle_2,42,1059875,32,intermediate,20000,20000,experiments/strata_token_guess_cycle_2/ppo/results/20260909T083950Z-45ea794b/checkpoint_probes/steps_001059875/probe_battery.json,policy,/policy/guess_fractions/1,0.65335
token_cycle_2,42,1059875,32,intermediate,20000,20000,experiments/strata_token_guess_cycle_2/ppo/results/20260909T083950Z-45ea794b/checkpoint_probes/steps_001059875/probe_battery.json,policy,/policy/hidden_token_fractions/0,0.3831
token_cycle_2,42,1059875,32,intermediate,20000,20000,experiments/strata_token_guess_cycle_2/ppo/results/20260909T083950Z-45ea794b/checkpoint_probes/steps_001059875/probe_battery.json,policy,/policy/hidden_token_fractions/1,0.6169
token_cycle_2,42,1059875,32,intermediate,20000,20000,experiments/strata_token_guess_cycle_2/ppo/results/20260909T083950Z-45ea794b/checkpoint_probes/steps_001059875/probe_battery.json,policy,/policy/mean_reward,0.78805
token_cycle_2,42,1059875,32,intermediate,20000,20000,experiments/strata_token_guess_cycle_2/ppo/results/20260909T083950Z-45ea794b/checkpoint_probes/steps_001059875/probe_battery.json,policy,/policy/mode,learned_stochastic
token_cycle_2,42,1059875,32,intermediate,20000,20000,experiments/strata_token_guess_cycle_2/ppo/results/20260909T083950Z-45ea794b/checkpoint_probes/steps_001059875/probe_battery.json,policy,/policy/token_accuracy,0.78805
token_cycle_2,42,1059875,32,intermediate,20000,20000,experiments/strata_token_guess_cycle_2/ppo/results/20260909T083950Z-45ea794b/checkpoint_probes/steps_001059875/probe_battery.json,train_policy,/train_policy/guess_fractions/0,0.3203
token_cycle_2,42,1059875,32,intermediate,20000,20000,experiments/strata_token_guess_cycle_2/ppo/results/20260909T083950Z-45ea794b/checkpoint_probes/steps_001059875/probe_battery.json,train_policy,/train_policy/guess_fractions/1,0.6797
token_cycle_2,42,1059875,32,intermediate,20000,20000,experiments/strata_token_guess_cycle_2/ppo/results/20260909T083950Z-45ea794b/checkpoint_probes/steps_001059875/probe_battery.json,train_policy,/train_policy/hidden_token_fractions/0,0.37405
token_cycle_2,42,1059875,32,intermediate,20000,20000,experiments/strata_token_guess_cycle_2/ppo/results/20260909T083950Z-45ea794b/checkpoint_probes/steps_001059875/probe_battery.json,train_policy,/train_policy/hidden_token_fractions/1,0.62595
token_cycle_2,42,1059875,32,intermediate,20000,20000,experiments/strata_token_guess_cycle_2/ppo/results/20260909T083950Z-45ea794b/checkpoint_probes/steps_001059875/probe_battery.json,train_policy,/train_policy/mean_reward,0.78245
token_cycle_2,42,1059875,32,intermediate,20000,20000,experiments/strata_token_guess_cycle_2/ppo/results/20260909T083950Z-45ea794b/checkpoint_probes/steps_001059875/probe_battery.json,train_policy,/train_policy/mode,learned_stochastic
token_cycle_2,42,1059875,32,intermediate,20000,20000,experiments/strata_token_guess_cycle_2/ppo/results/20260909T083950Z-45ea794b/checkpoint_probes/steps_001059875/probe_battery.json,train_policy,/train_policy/token_accuracy,0.78245
token_cycle_2,42,2119586,64,intermediate,20000,20000,experiments/strata_token_guess_cycle_2/ppo/results/20260909T083950Z-45ea794b/checkpoint_probes/steps_002119586/probe_battery.json,policy,/policy/guess_fractions/0,0.2594
token_cycle_2,42,2119586,64,intermediate,20000,20000,experiments/strata_token_guess_cycle_2/ppo/results/20260909T083950Z-45ea794b/checkpoint_probes/steps_002119586/probe_battery.json,policy,/policy/guess_fractions/1,0.7406
token_cycle_2,42,2119586,64,intermediate,20000,20000,experiments/strata_token_guess_cycle_2/ppo/results/20260909T083950Z-45ea794b/checkpoint_probes/steps_002119586/probe_battery.json,policy,/policy/hidden_token_fractions/0,0.3831
token_cycle_2,42,2119586,64,intermediate,20000,20000,experiments/strata_token_guess_cycle_2/ppo/results/20260909T083950Z-45ea794b/checkpoint_probes/steps_002119586/probe_battery.json,policy,/policy/hidden_token_fractions/1,0.6169
token_cycle_2,42,2119586,64,intermediate,20000,20000,experiments/strata_token_guess_cycle_2/ppo/results/20260909T083950Z-45ea794b/checkpoint_probes/steps_002119586/probe_battery.json,policy,/policy/mean_reward,0.7567
token_cycle_2,42,2119586,64,intermediate,20000,20000,experiments/strata_token_guess_cycle_2/ppo/results/20260909T083950Z-45ea794b/checkpoint_probes/steps_002119586/probe_battery.json,policy,/policy/mode,learned_stochastic
token_cycle_2,42,2119586,64,intermediate,20000,20000,experiments/strata_token_guess_cycle_2/ppo/results/20260909T083950Z-45ea794b/checkpoint_probes/steps_002119586/probe_battery.json,policy,/policy/token_accuracy,0.7567
token_cycle_2,42,2119586,64,intermediate,20000,20000,experiments/strata_token_guess_cycle_2/ppo/results/20260909T083950Z-45ea794b/checkpoint_probes/steps_002119586/probe_battery.json,train_policy,/train_policy/guess_fractions/0,0.2382
token_cycle_2,42,2119586,64,intermediate,20000,20000,experiments/strata_token_guess_cycle_2/ppo/results/20260909T083950Z-45ea794b/checkpoint_probes/steps_002119586/probe_battery.json,train_policy,/train_policy/guess_fractions/1,0.7618
token_cycle_2,42,2119586,64,intermediate,20000,20000,experiments/strata_token_guess_cycle_2/ppo/results/20260909T083950Z-45ea794b/checkpoint_probes/steps_002119586/probe_battery.json,train_policy,/train_policy/hidden_token_fractions/0,0.37405
token_cycle_2,42,2119586,64,intermediate,20000,20000,experiments/strata_token_guess_cycle_2/ppo/results/20260909T083950Z-45ea794b/checkpoint_probes/steps_002119586/probe_battery.json,train_policy,/train_policy/hidden_token_fractions/1,0.62595
token_cycle_2,42,2119586,64,intermediate,20000,20000,experiments/strata_token_guess_cycle_2/ppo/results/20260909T083950Z-45ea794b/checkpoint_probes/steps_002119586/probe_battery.json,train_policy,/train_policy/mean_reward,0.75585
token_cycle_2,42,2119586,64,intermediate,20000,20000,experiments/strata_token_guess_cycle_2/ppo/results/20260909T083950Z-45ea794b/checkpoint_probes/steps_002119586/probe_battery.json,train_policy,/train_policy/mode,learned_stochastic
token_cycle_2,42,2119586,64,intermediate,20000,20000,experiments/strata_token_guess_cycle_2/ppo/results/20260909T083950Z-45ea794b/checkpoint_probes/steps_002119586/probe_battery.json,train_policy,/train_policy/token_accuracy,0.75585
token_cycle_2,42,2516889,76,final,20000,20000,experiments/strata_token_guess_cycle_2/ppo/results/20260909T083950Z-45ea794b/checkpoint_probes/steps_002516889/probe_battery.json,policy,/policy/guess_fractions/0,0.09955
token_cycle_2,42,2516889,76,final,20000,20000,experiments/strata_token_guess_cycle_2/ppo/results/20260909T083950Z-45ea794b/checkpoint_probes/steps_002516889/probe_battery.json,policy,/policy/guess_fractions/1,0.90045
token_cycle_2,42,2516889,76,final,20000,20000,experiments/strata_token_guess_cycle_2/ppo/results/20260909T083950Z-45ea794b/checkpoint_probes/steps_002516889/probe_battery.json,policy,/policy/hidden_token_fractions/0,0.3831
token_cycle_2,42,2516889,76,final,20000,20000,experiments/strata_token_guess_cycle_2/ppo/results/20260909T083950Z-45ea794b/checkpoint_probes/steps_002516889/probe_battery.json,policy,/policy/hidden_token_fractions/1,0.6169
token_cycle_2,42,2516889,76,final,20000,20000,experiments/strata_token_guess_cycle_2/ppo/results/20260909T083950Z-45ea794b/checkpoint_probes/steps_002516889/probe_battery.json,policy,/policy/mean_reward,0.67155
token_cycle_2,42,2516889,76,final,20000,20000,experiments/strata_token_guess_cycle_2/ppo/results/20260909T083950Z-45ea794b/checkpoint_probes/steps_002516889/probe_battery.json,policy,/policy/mode,learned_stochastic
token_cycle_2,42,2516889,76,final,20000,20000,experiments/strata_token_guess_cycle_2/ppo/results/20260909T083950Z-45ea794b/checkpoint_probes/steps_002516889/probe_battery.json,policy,/policy/token_accuracy,0.67155
token_cycle_2,42,2516889,76,final,20000,20000,experiments/strata_token_guess_cycle_2/ppo/results/20260909T083950Z-45ea794b/checkpoint_probes/steps_002516889/probe_battery.json,train_policy,/train_policy/guess_fractions/0,0.0903
token_cycle_2,42,2516889,76,final,20000,20000,experiments/strata_token_guess_cycle_2/ppo/results/20260909T083950Z-45ea794b/checkpoint_probes/steps_002516889/probe_battery.json,train_policy,/train_policy/guess_fractions/1,0.9097
token_cycle_2,42,2516889,76,final,20000,20000,experiments/strata_token_guess_cycle_2/ppo/results/20260909T083950Z-45ea794b/checkpoint_probes/steps_002516889/probe_battery.json,train_policy,/train_policy/hidden_token_fractions/0,0.37405
token_cycle_2,42,2516889,76,final,20000,20000,experiments/strata_token_guess_cycle_2/ppo/results/20260909T083950Z-45ea794b/checkpoint_probes/steps_002516889/probe_battery.json,train_policy,/train_policy/hidden_token_fractions/1,0.62595
token_cycle_2,42,2516889,76,final,20000,20000,experiments/strata_token_guess_cycle_2/ppo/results/20260909T083950Z-45ea794b/checkpoint_probes/steps_002516889/probe_battery.json,train_policy,/train_policy/mean_reward,0.67425
token_cycle_2,42,2516889,76,final,20000,20000,experiments/strata_token_guess_cycle_2/ppo/results/20260909T083950Z-45ea794b/checkpoint_probes/steps_002516889/probe_battery.json,train_policy,/train_policy/mode,learned_stochastic
token_cycle_2,42,2516889,76,final,20000,20000,experiments/strata_token_guess_cycle_2/ppo/results/20260909T083950Z-45ea794b/checkpoint_probes/steps_002516889/probe_battery.json,train_policy,/train_policy/token_accuracy,0.67425
explore_cycle_3_both,42,0,0,initial,20000,20000,experiments/strata_two_factor_explore_cycle_3/reward_both_state_0/results/20260909T084200Z-e5f5f91b/checkpoint_probes/steps_000000000/probe_battery.json,policy,/policy/action_fractions/0,0.12955
explore_cycle_3_both,42,0,0,initial,20000,20000,experiments/strata_two_factor_explore_cycle_3/reward_both_state_0/results/20260909T084200Z-e5f5f91b/checkpoint_probes/steps_000000000/probe_battery.json,policy,/policy/action_fractions/1,0.13735
explore_cycle_3_both,42,0,0,initial,20000,20000,experiments/strata_two_factor_explore_cycle_3/reward_both_state_0/results/20260909T084200Z-e5f5f91b/checkpoint_probes/steps_000000000/probe_battery.json,policy,/policy/action_fractions/2,0.107
explore_cycle_3_both,42,0,0,initial,20000,20000,experiments/strata_two_factor_explore_cycle_3/reward_both_state_0/results/20260909T084200Z-e5f5f91b/checkpoint_probes/steps_000000000/probe_battery.json,policy,/policy/action_fractions/3,0.06035
explore_cycle_3_both,42,0,0,initial,20000,20000,experiments/strata_two_factor_explore_cycle_3/reward_both_state_0/results/20260909T084200Z-e5f5f91b/checkpoint_probes/steps_000000000/probe_battery.json,policy,/policy/action_fractions/4,0.1154
explore_cycle_3_both,42,0,0,initial,20000,20000,experiments/strata_two_factor_explore_cycle_3/reward_both_state_0/results/20260909T084200Z-e5f5f91b/checkpoint_probes/steps_000000000/probe_battery.json,policy,/policy/action_fractions/5,0.16165
explore_cycle_3_both,42,0,0,initial,20000,20000,experiments/strata_two_factor_explore_cycle_3/reward_both_state_0/results/20260909T084200Z-e5f5f91b/checkpoint_probes/steps_000000000/probe_battery.json,policy,/policy/action_fractions/6,0.12295
explore_cycle_3_both,42,0,0,initial,20000,20000,experiments/strata_two_factor_explore_cycle_3/reward_both_state_0/results/20260909T084200Z-e5f5f91b/checkpoint_probes/steps_000000000/probe_battery.json,policy,/policy/action_fractions/7,0.06875
explore_cycle_3_both,42,0,0,initial,20000,20000,experiments/strata_two_factor_explore_cycle_3/reward_both_state_0/results/20260909T084200Z-e5f5f91b/checkpoint_probes/steps_000000000/probe_battery.json,policy,/policy/action_fractions/8,0.097
explore_cycle_3_both,42,0,0,initial,20000,20000,experiments/strata_two_factor_explore_cycle_3/reward_both_state_0/results/20260909T084200Z-e5f5f91b/checkpoint_probes/steps_000000000/probe_battery.json,policy,/policy/factor_action_fractions/factor_1/0,0.3739
explore_cycle_3_both,42,0,0,initial,20000,20000,experiments/strata_two_factor_explore_cycle_3/reward_both_state_0/results/20260909T084200Z-e5f5f91b/checkpoint_probes/steps_000000000/probe_battery.json,policy,/policy/factor_action_fractions/factor_1/1,0.3374
explore_cycle_3_both,42,0,0,initial,20000,20000,experiments/strata_two_factor_explore_cycle_3/reward_both_state_0/results/20260909T084200Z-e5f5f91b/checkpoint_probes/steps_000000000/probe_battery.json,policy,/policy/factor_action_fractions/factor_1/2,0.2887
explore_cycle_3_both,42,0,0,initial,20000,20000,experiments/strata_two_factor_explore_cycle_3/reward_both_state_0/results/20260909T084200Z-e5f5f91b/checkpoint_probes/steps_000000000/probe_battery.json,policy,/policy/factor_action_fractions/factor_2/0,0.31285
explore_cycle_3_both,42,0,0,initial,20000,20000,experiments/strata_two_factor_explore_cycle_3/reward_both_state_0/results/20260909T084200Z-e5f5f91b/checkpoint_probes/steps_000000000/probe_battery.json,policy,/policy/factor_action_fractions/factor_2/1,0.3215
explore_cycle_3_both,42,0,0,initial,20000,20000,experiments/strata_two_factor_explore_cycle_3/reward_both_state_0/results/20260909T084200Z-e5f5f91b/checkpoint_probes/steps_000000000/probe_battery.json,policy,/policy/factor_action_fractions/factor_2/2,0.36565
explore_cycle_3_both,42,0,0,initial,20000,20000,experiments/strata_two_factor_explore_cycle_3/reward_both_state_0/results/20260909T084200Z-e5f5f91b/checkpoint_probes/steps_000000000/probe_battery.json,policy,/policy/factor_state_fractions/factor_1/0,0.336
explore_cycle_3_both,42,0,0,initial,20000,20000,experiments/strata_two_factor_explore_cycle_3/reward_both_state_0/results/20260909T084200Z-e5f5f91b/checkpoint_probes/steps_000000000/probe_battery.json,policy,/policy/factor_state_fractions/factor_1/1,0.3331
explore_cycle_3_both,42,0,0,initial,20000,20000,experiments/strata_two_factor_explore_cycle_3/reward_both_state_0/results/20260909T084200Z-e5f5f91b/checkpoint_probes/steps_000000000/probe_battery.json,policy,/policy/factor_state_fractions/factor_1/2,0.3309
explore_cycle_3_both,42,0,0,initial,20000,20000,experiments/strata_two_factor_explore_cycle_3/reward_both_state_0/results/20260909T084200Z-e5f5f91b/checkpoint_probes/steps_000000000/probe_battery.json,policy,/policy/factor_state_fractions/factor_2/0,0.3334
explore_cycle_3_both,42,0,0,initial,20000,20000,experiments/strata_two_factor_explore_cycle_3/reward_both_state_0/results/20260909T084200Z-e5f5f91b/checkpoint_probes/steps_000000000/probe_battery.json,policy,/policy/factor_state_fractions/factor_2/1,0.33645
explore_cycle_3_both,42,0,0,initial,20000,20000,experiments/strata_two_factor_explore_cycle_3/reward_both_state_0/results/20260909T084200Z-e5f5f91b/checkpoint_probes/steps_000000000/probe_battery.json,policy,/policy/factor_state_fractions/factor_2/2,0.33015
explore_cycle_3_both,42,0,0,initial,20000,20000,experiments/strata_two_factor_explore_cycle_3/reward_both_state_0/results/20260909T084200Z-e5f5f91b/checkpoint_probes/steps_000000000/probe_battery.json,policy,/policy/joint_state_fractions/0,0.11055
explore_cycle_3_both,42,0,0,initial,20000,20000,experiments/strata_two_factor_explore_cycle_3/reward_both_state_0/results/20260909T084200Z-e5f5f91b/checkpoint_probes/steps_000000000/probe_battery.json,policy,/policy/joint_state_fractions/1,0.1123
explore_cycle_3_both,42,0,0,initial,20000,20000,experiments/strata_two_factor_explore_cycle_3/reward_both_state_0/results/20260909T084200Z-e5f5f91b/checkpoint_probes/steps_000000000/probe_battery.json,policy,/policy/joint_state_fractions/2,0.11315
explore_cycle_3_both,42,0,0,initial,20000,20000,experiments/strata_two_factor_explore_cycle_3/reward_both_state_0/results/20260909T084200Z-e5f5f91b/checkpoint_probes/steps_000000000/probe_battery.json,policy,/policy/joint_state_fractions/3,0.11145
explore_cycle_3_both,42,0,0,initial,20000,20000,experiments/strata_two_factor_explore_cycle_3/reward_both_state_0/results/20260909T084200Z-e5f5f91b/checkpoint_probes/steps_000000000/probe_battery.json,policy,/policy/joint_state_fractions/4,0.11055
explore_cycle_3_both,42,0,0,initial,20000,20000,experiments/strata_two_factor_explore_cycle_3/reward_both_state_0/results/20260909T084200Z-e5f5f91b/checkpoint_probes/steps_000000000/probe_battery.json,policy,/policy/joint_state_fractions/5,0.1111
explore_cycle_3_both,42,0,0,initial,20000,20000,experiments/strata_two_factor_explore_cycle_3/reward_both_state_0/results/20260909T084200Z-e5f5f91b/checkpoint_probes/steps_000000000/probe_battery.json,policy,/policy/joint_state_fractions/6,0.1114
explore_cycle_3_both,42,0,0,initial,20000,20000,experiments/strata_two_factor_explore_cycle_3/reward_both_state_0/results/20260909T084200Z-e5f5f91b/checkpoint_probes/steps_000000000/probe_battery.json,policy,/policy/joint_state_fractions/7,0.1136
explore_cycle_3_both,42,0,0,initial,20000,20000,experiments/strata_two_factor_explore_cycle_3/reward_both_state_0/results/20260909T084200Z-e5f5f91b/checkpoint_probes/steps_000000000/probe_battery.json,policy,/policy/joint_state_fractions/8,0.1059
explore_cycle_3_both,42,0,0,initial,20000,20000,experiments/strata_two_factor_explore_cycle_3/reward_both_state_0/results/20260909T084200Z-e5f5f91b/checkpoint_probes/steps_000000000/probe_battery.json,policy,/policy/mean_reward,0.3348
explore_cycle_3_both,42,0,0,initial,20000,20000,experiments/strata_two_factor_explore_cycle_3/reward_both_state_0/results/20260909T084200Z-e5f5f91b/checkpoint_probes/steps_000000000/probe_battery.json,policy,/policy/mode,learned_stochastic
explore_cycle_3_both,42,0,0,initial,20000,20000,experiments/strata_two_factor_explore_cycle_3/reward_both_state_0/results/20260909T084200Z-e5f5f91b/checkpoint_probes/steps_000000000/probe_battery.json,policy,/policy/temperature,1.5
explore_cycle_3_both,42,0,0,initial,20000,20000,experiments/strata_two_factor_explore_cycle_3/reward_both_state_0/results/20260909T084200Z-e5f5f91b/checkpoint_probes/steps_000000000/probe_battery.json,train_policy,/train_policy/action_fractions/0,0.1333
explore_cycle_3_both,42,0,0,initial,20000,20000,experiments/strata_two_factor_explore_cycle_3/reward_both_state_0/results/20260909T084200Z-e5f5f91b/checkpoint_probes/steps_000000000/probe_battery.json,train_policy,/train_policy/action_fractions/1,0.134
explore_cycle_3_both,42,0,0,initial,20000,20000,experiments/strata_two_factor_explore_cycle_3/reward_both_state_0/results/20260909T084200Z-e5f5f91b/checkpoint_probes/steps_000000000/probe_battery.json,train_policy,/train_policy/action_fractions/2,0.10765
explore_cycle_3_both,42,0,0,initial,20000,20000,experiments/strata_two_factor_explore_cycle_3/reward_both_state_0/results/20260909T084200Z-e5f5f91b/checkpoint_probes/steps_000000000/probe_battery.json,train_policy,/train_policy/action_fractions/3,0.058
explore_cycle_3_both,42,0,0,initial,20000,20000,experiments/strata_two_factor_explore_cycle_3/reward_both_state_0/results/20260909T084200Z-e5f5f91b/checkpoint_probes/steps_000000000/probe_battery.json,train_policy,/train_policy/action_fractions/4,0.11015
explore_cycle_3_both,42,0,0,initial,20000,20000,experiments/strata_two_factor_explore_cycle_3/reward_both_state_0/results/20260909T084200Z-e5f5f91b/checkpoint_probes/steps_000000000/probe_battery.json,train_policy,/train_policy/action_fractions/5,0.1624
explore_cycle_3_both,42,0,0,initial,20000,20000,experiments/strata_two_factor_explore_cycle_3/reward_both_state_0/results/20260909T084200Z-e5f5f91b/checkpoint_probes/steps_000000000/probe_battery.json,train_policy,/train_policy/action_fractions/6,0.12945
explore_cycle_3_both,42,0,0,initial,20000,20000,experiments/strata_two_factor_explore_cycle_3/reward_both_state_0/results/20260909T084200Z-e5f5f91b/checkpoint_probes/steps_000000000/probe_battery.json,train_policy,/train_policy/action_fractions/7,0.067
explore_cycle_3_both,42,0,0,initial,20000,20000,experiments/strata_two_factor_explore_cycle_3/reward_both_state_0/results/20260909T084200Z-e5f5f91b/checkpoint_probes/steps_000000000/probe_battery.json,train_policy,/train_policy/action_fractions/8,0.09805
explore_cycle_3_both,42,0,0,initial,20000,20000,experiments/strata_two_factor_explore_cycle_3/reward_both_state_0/results/20260909T084200Z-e5f5f91b/checkpoint_probes/steps_000000000/probe_battery.json,train_policy,/train_policy/factor_action_fractions/factor_1/0,0.37495
explore_cycle_3_both,42,0,0,initial,20000,20000,experiments/strata_two_factor_explore_cycle_3/reward_both_state_0/results/20260909T084200Z-e5f5f91b/checkpoint_probes/steps_000000000/probe_battery.json,train_policy,/train_policy/factor_action_fractions/factor_1/1,0.33055
explore_cycle_3_both,42,0,0,initial,20000,20000,experiments/strata_two_factor_explore_cycle_3/reward_both_state_0/results/20260909T084200Z-e5f5f91b/checkpoint_probes/steps_000000000/probe_battery.json,train_policy,/train_policy/factor_action_fractions/factor_1/2,0.2945
explore_cycle_3_both,42,0,0,initial,20000,20000,experiments/strata_two_factor_explore_cycle_3/reward_both_state_0/results/20260909T084200Z-e5f5f91b/checkpoint_probes/steps_000000000/probe_battery.json,train_policy,/train_policy/factor_action_fractions/factor_2/0,0.32075
explore_cycle_3_both,42,0,0,initial,20000,20000,experiments/strata_two_factor_explore_cycle_3/reward_both_state_0/results/20260909T084200Z-e5f5f91b/checkpoint_probes/steps_000000000/probe_battery.json,train_policy,/train_policy/factor_action_fractions/factor_2/1,0.31115
explore_cycle_3_both,42,0,0,initial,20000,20000,experiments/strata_two_factor_explore_cycle_3/reward_both_state_0/results/20260909T084200Z-e5f5f91b/checkpoint_probes/steps_000000000/probe_battery.json,train_policy,/train_policy/factor_action_fractions/factor_2/2,0.3681
explore_cycle_3_both,42,0,0,initial,20000,20000,experiments/strata_two_factor_explore_cycle_3/reward_both_state_0/results/20260909T084200Z-e5f5f91b/checkpoint_probes/steps_000000000/probe_battery.json,train_policy,/train_policy/factor_state_fractions/factor_1/0,0.3294
explore_cycle_3_both,42,0,0,initial,20000,20000,experiments/strata_two_factor_explore_cycle_3/reward_both_state_0/results/20260909T084200Z-e5f5f91b/checkpoint_probes/steps_000000000/probe_battery.json,train_policy,/train_policy/factor_state_fractions/factor_1/1,0.33405
explore_cycle_3_both,42,0,0,initial,20000,20000,experiments/strata_two_factor_explore_cycle_3/reward_both_state_0/results/20260909T084200Z-e5f5f91b/checkpoint_probes/steps_000000000/probe_battery.json,train_policy,/train_policy/factor_state_fractions/factor_1/2,0.33655
explore_cycle_3_both,42,0,0,initial,20000,20000,experiments/strata_two_factor_explore_cycle_3/reward_both_state_0/results/20260909T084200Z-e5f5f91b/checkpoint_probes/steps_000000000/probe_battery.json,train_policy,/train_policy/factor_state_fractions/factor_2/0,0.3341
explore_cycle_3_both,42,0,0,initial,20000,20000,experiments/strata_two_factor_explore_cycle_3/reward_both_state_0/results/20260909T084200Z-e5f5f91b/checkpoint_probes/steps_000000000/probe_battery.json,train_policy,/train_policy/factor_state_fractions/factor_2/1,0.33575
explore_cycle_3_both,42,0,0,initial,20000,20000,experiments/strata_two_factor_explore_cycle_3/reward_both_state_0/results/20260909T084200Z-e5f5f91b/checkpoint_probes/steps_000000000/probe_battery.json,train_policy,/train_policy/factor_state_fractions/factor_2/2,0.33015
explore_cycle_3_both,42,0,0,initial,20000,20000,experiments/strata_two_factor_explore_cycle_3/reward_both_state_0/results/20260909T084200Z-e5f5f91b/checkpoint_probes/steps_000000000/probe_battery.json,train_policy,/train_policy/joint_state_fractions/0,0.10735
explore_cycle_3_both,42,0,0,initial,20000,20000,experiments/strata_two_factor_explore_cycle_3/reward_both_state_0/results/20260909T084200Z-e5f5f91b/checkpoint_probes/steps_000000000/probe_battery.json,train_policy,/train_policy/joint_state_fractions/1,0.11235
explore_cycle_3_both,42,0,0,initial,20000,20000,experiments/strata_two_factor_explore_cycle_3/reward_both_state_0/results/20260909T084200Z-e5f5f91b/checkpoint_probes/steps_000000000/probe_battery.json,train_policy,/train_policy/joint_state_fractions/2,0.1097
explore_cycle_3_both,42,0,0,initial,20000,20000,experiments/strata_two_factor_explore_cycle_3/reward_both_state_0/results/20260909T084200Z-e5f5f91b/checkpoint_probes/steps_000000000/probe_battery.json,train_policy,/train_policy/joint_state_fractions/3,0.11175
explore_cycle_3_both,42,0,0,initial,20000,20000,experiments/strata_two_factor_explore_cycle_3/reward_both_state_0/results/20260909T084200Z-e5f5f91b/checkpoint_probes/steps_000000000/probe_battery.json,train_policy,/train_policy/joint_state_fractions/4,0.1111
explore_cycle_3_both,42,0,0,initial,20000,20000,experiments/strata_two_factor_explore_cycle_3/reward_both_state_0/results/20260909T084200Z-e5f5f91b/checkpoint_probes/steps_000000000/probe_battery.json,train_policy,/train_policy/joint_state_fractions/5,0.1112
explore_cycle_3_both,42,0,0,initial,20000,20000,experiments/strata_two_factor_explore_cycle_3/reward_both_state_0/results/20260909T084200Z-e5f5f91b/checkpoint_probes/steps_000000000/probe_battery.json,train_policy,/train_policy/joint_state_fractions/6,0.115
explore_cycle_3_both,42,0,0,initial,20000,20000,experiments/strata_two_factor_explore_cycle_3/reward_both_state_0/results/20260909T084200Z-e5f5f91b/checkpoint_probes/steps_000000000/probe_battery.json,train_policy,/train_policy/joint_state_fractions/7,0.1123
explore_cycle_3_both,42,0,0,initial,20000,20000,experiments/strata_two_factor_explore_cycle_3/reward_both_state_0/results/20260909T084200Z-e5f5f91b/checkpoint_probes/steps_000000000/probe_battery.json,train_policy,/train_policy/joint_state_fractions/8,0.10925
explore_cycle_3_both,42,0,0,initial,20000,20000,experiments/strata_two_factor_explore_cycle_3/reward_both_state_0/results/20260909T084200Z-e5f5f91b/checkpoint_probes/steps_000000000/probe_battery.json,train_policy,/train_policy/mean_reward,0.33155
explore_cycle_3_both,42,0,0,initial,20000,20000,experiments/strata_two_factor_explore_cycle_3/reward_both_state_0/results/20260909T084200Z-e5f5f91b/checkpoint_probes/steps_000000000/probe_battery.json,train_policy,/train_policy/mode,learned_stochastic
explore_cycle_3_both,42,0,0,initial,20000,20000,experiments/strata_two_factor_explore_cycle_3/reward_both_state_0/results/20260909T084200Z-e5f5f91b/checkpoint_probes/steps_000000000/probe_battery.json,train_policy,/train_policy/temperature,1.5
explore_cycle_3_both,42,33112,1,intermediate,20000,20000,experiments/strata_two_factor_explore_cycle_3/reward_both_state_0/results/20260909T084200Z-e5f5f91b/checkpoint_probes/steps_000033112/probe_battery.json,policy,/policy/action_fractions/0,0.1205
explore_cycle_3_both,42,33112,1,intermediate,20000,20000,experiments/strata_two_factor_explore_cycle_3/reward_both_state_0/results/20260909T084200Z-e5f5f91b/checkpoint_probes/steps_000033112/probe_battery.json,policy,/policy/action_fractions/1,0.15455
explore_cycle_3_both,42,33112,1,intermediate,20000,20000,experiments/strata_two_factor_explore_cycle_3/reward_both_state_0/results/20260909T084200Z-e5f5f91b/checkpoint_probes/steps_000033112/probe_battery.json,policy,/policy/action_fractions/2,0.11315
explore_cycle_3_both,42,33112,1,intermediate,20000,20000,experiments/strata_two_factor_explore_cycle_3/reward_both_state_0/results/20260909T084200Z-e5f5f91b/checkpoint_probes/steps_000033112/probe_battery.json,policy,/policy/action_fractions/3,0.0583
explore_cycle_3_both,42,33112,1,intermediate,20000,20000,experiments/strata_two_factor_explore_cycle_3/reward_both_state_0/results/20260909T084200Z-e5f5f91b/checkpoint_probes/steps_000033112/probe_battery.json,policy,/policy/action_fractions/4,0.1168
explore_cycle_3_both,42,33112,1,intermediate,20000,20000,experiments/strata_two_factor_explore_cycle_3/reward_both_state_0/results/20260909T084200Z-e5f5f91b/checkpoint_probes/steps_000033112/probe_battery.json,policy,/policy/action_fractions/5,0.1648
explore_cycle_3_both,42,33112,1,intermediate,20000,20000,experiments/strata_two_factor_explore_cycle_3/reward_both_state_0/results/20260909T084200Z-e5f5f91b/checkpoint_probes/steps_000033112/probe_battery.json,policy,/policy/action_fractions/6,0.11305
explore_cycle_3_both,42,33112,1,intermediate,20000,20000,experiments/strata_two_factor_explore_cycle_3/reward_both_state_0/results/20260909T084200Z-e5f5f91b/checkpoint_probes/steps_000033112/probe_battery.json,policy,/policy/action_fractions/7,0.06455
explore_cycle_3_both,42,33112,1,intermediate,20000,20000,experiments/strata_two_factor_explore_cycle_3/reward_both_state_0/results/20260909T084200Z-e5f5f91b/checkpoint_probes/steps_000033112/probe_battery.json,policy,/policy/action_fractions/8,0.0943
explore_cycle_3_both,42,33112,1,intermediate,20000,20000,experiments/strata_two_factor_explore_cycle_3/reward_both_state_0/results/20260909T084200Z-e5f5f91b/checkpoint_probes/steps_000033112/probe_battery.json,policy,/policy/factor_action_fractions/factor_1/0,0.3882
explore_cycle_3_both,42,33112,1,intermediate,20000,20000,experiments/strata_two_factor_explore_cycle_3/reward_both_state_0/results/20260909T084200Z-e5f5f91b/checkpoint_probes/steps_000033112/probe_battery.json,policy,/policy/factor_action_fractions/factor_1/1,0.3399
explore_cycle_3_both,42,33112,1,intermediate,20000,20000,experiments/strata_two_factor_explore_cycle_3/reward_both_state_0/results/20260909T084200Z-e5f5f91b/checkpoint_probes/steps_000033112/probe_battery.json,policy,/policy/factor_action_fractions/factor_1/2,0.2719
explore_cycle_3_both,42,33112,1,intermediate,20000,20000,experiments/strata_two_factor_explore_cycle_3/reward_both_state_0/results/20260909T084200Z-e5f5f91b/checkpoint_probes/steps_000033112/probe_battery.json,policy,/policy/factor_action_fractions/factor_2/0,0.29185
explore_cycle_3_both,42,33112,1,intermediate,20000,20000,experiments/strata_two_factor_explore_cycle_3/reward_both_state_0/results/20260909T084200Z-e5f5f91b/checkpoint_probes/steps_000033112/probe_battery.json,policy,/policy/factor_action_fractions/factor_2/1,0.3359
explore_cycle_3_both,42,33112,1,intermediate,20000,20000,experiments/strata_two_factor_explore_cycle_3/reward_both_state_0/results/20260909T084200Z-e5f5f91b/checkpoint_probes/steps_000033112/probe_battery.json,policy,/policy/factor_action_fractions/factor_2/2,0.37225
explore_cycle_3_both,42,33112,1,intermediate,20000,20000,experiments/strata_two_factor_explore_cycle_3/reward_both_state_0/results/20260909T084200Z-e5f5f91b/checkpoint_probes/steps_000033112/probe_battery.json,policy,/policy/factor_state_fractions/factor_1/0,0.3364
explore_cycle_3_both,42,33112,1,intermediate,20000,20000,experiments/strata_two_factor_explore_cycle_3/reward_both_state_0/results/20260909T084200Z-e5f5f91b/checkpoint_probes/steps_000033112/probe_battery.json,policy,/policy/factor_state_fractions/factor_1/1,0.3332
explore_cycle_3_both,42,33112,1,intermediate,20000,20000,experiments/strata_two_factor_explore_cycle_3/reward_both_state_0/results/20260909T084200Z-e5f5f91b/checkpoint_probes/steps_000033112/probe_battery.json,policy,/policy/factor_state_fractions/factor_1/2,0.3304
explore_cycle_3_both,42,33112,1,intermediate,20000,20000,experiments/strata_two_factor_explore_cycle_3/reward_both_state_0/results/20260909T084200Z-e5f5f91b/checkpoint_probes/steps_000033112/probe_battery.json,policy,/policy/factor_state_fractions/factor_2/0,0.3396
explore_cycle_3_both,42,33112,1,intermediate,20000,20000,experiments/strata_two_factor_explore_cycle_3/reward_both_state_0/results/20260909T084200Z-e5f5f91b/checkpoint_probes/steps_000033112/probe_battery.json,policy,/policy/factor_state_fractions/factor_2/1,0.3288
explore_cycle_3_both,42,33112,1,intermediate,20000,20000,experiments/strata_two_factor_explore_cycle_3/reward_both_state_0/results/20260909T084200Z-e5f5f91b/checkpoint_probes/steps_000033112/probe_battery.json,policy,/policy/factor_state_fractions/factor_2/2,0.3316
explore_cycle_3_both,42,33112,1,intermediate,20000,20000,experiments/strata_two_factor_explore_cycle_3/reward_both_state_0/results/20260909T084200Z-e5f5f91b/checkpoint_probes/steps_000033112/probe_battery.json,policy,/policy/joint_state_fractions/0,0.1175
explore_cycle_3_both,42,33112,1,intermediate,20000,20000,experiments/strata_two_factor_explore_cycle_3/reward_both_state_0/results/20260909T084200Z-e5f5f91b/checkpoint_probes/steps_000033112/probe_battery.json,policy,/policy/joint_state_fractions/1,0.10885
explore_cycle_3_both,42,33112,1,intermediate,20000,20000,experiments/strata_two_factor_explore_cycle_3/reward_both_state_0/results/20260909T084200Z-e5f5f91b/checkpoint_probes/steps_000033112/probe_battery.json,policy,/policy/joint_state_fractions/2,0.11005
explore_cycle_3_both,42,33112,1,intermediate,20000,20000,experiments/strata_two_factor_explore_cycle_3/reward_both_state_0/results/20260909T084200Z-e5f5f91b/checkpoint_probes/steps_000033112/probe_battery.json,policy,/policy/joint_state_fractions/3,0.1106
explore_cycle_3_both,42,33112,1,intermediate,20000,20000,experiments/strata_two_factor_explore_cycle_3/reward_both_state_0/results/20260909T084200Z-e5f5f91b/checkpoint_probes/steps_000033112/probe_battery.json,policy,/policy/joint_state_fractions/4,0.11195
explore_cycle_3_both,42,33112,1,intermediate,20000,20000,experiments/strata_two_factor_explore_cycle_3/reward_both_state_0/results/20260909T084200Z-e5f5f91b/checkpoint_probes/steps_000033112/probe_battery.json,policy,/policy/joint_state_fractions/5,0.11065
explore_cycle_3_both,42,33112,1,intermediate,20000,20000,experiments/strata_two_factor_explore_cycle_3/reward_both_state_0/results/20260909T084200Z-e5f5f91b/checkpoint_probes/steps_000033112/probe_battery.json,policy,/policy/joint_state_fractions/6,0.1115
explore_cycle_3_both,42,33112,1,intermediate,20000,20000,experiments/strata_two_factor_explore_cycle_3/reward_both_state_0/results/20260909T084200Z-e5f5f91b/checkpoint_probes/steps_000033112/probe_battery.json,policy,/policy/joint_state_fractions/7,0.108
explore_cycle_3_both,42,33112,1,intermediate,20000,20000,experiments/strata_two_factor_explore_cycle_3/reward_both_state_0/results/20260909T084200Z-e5f5f91b/checkpoint_probes/steps_000033112/probe_battery.json,policy,/policy/joint_state_fractions/8,0.1109
explore_cycle_3_both,42,33112,1,intermediate,20000,20000,experiments/strata_two_factor_explore_cycle_3/reward_both_state_0/results/20260909T084200Z-e5f5f91b/checkpoint_probes/steps_000033112/probe_battery.json,policy,/policy/mean_reward,0.338125
explore_cycle_3_both,42,33112,1,intermediate,20000,20000,experiments/strata_two_factor_explore_cycle_3/reward_both_state_0/results/20260909T084200Z-e5f5f91b/checkpoint_probes/steps_000033112/probe_battery.json,policy,/policy/mode,learned_stochastic
explore_cycle_3_both,42,33112,1,intermediate,20000,20000,experiments/strata_two_factor_explore_cycle_3/reward_both_state_0/results/20260909T084200Z-e5f5f91b/checkpoint_probes/steps_000033112/probe_battery.json,policy,/policy/temperature,1.5
explore_cycle_3_both,42,33112,1,intermediate,20000,20000,experiments/strata_two_factor_explore_cycle_3/reward_both_state_0/results/20260909T084200Z-e5f5f91b/checkpoint_probes/steps_000033112/probe_battery.json,train_policy,/train_policy/action_fractions/0,0.1252
explore_cycle_3_both,42,33112,1,intermediate,20000,20000,experiments/strata_two_factor_explore_cycle_3/reward_both_state_0/results/20260909T084200Z-e5f5f91b/checkpoint_probes/steps_000033112/probe_battery.json,train_policy,/train_policy/action_fractions/1,0.15075
explore_cycle_3_both,42,33112,1,intermediate,20000,20000,experiments/strata_two_factor_explore_cycle_3/reward_both_state_0/results/20260909T084200Z-e5f5f91b/checkpoint_probes/steps_000033112/probe_battery.json,train_policy,/train_policy/action_fractions/2,0.11165
explore_cycle_3_both,42,33112,1,intermediate,20000,20000,experiments/strata_two_factor_explore_cycle_3/reward_both_state_0/results/20260909T084200Z-e5f5f91b/checkpoint_probes/steps_000033112/probe_battery.json,train_policy,/train_policy/action_fractions/3,0.0567
explore_cycle_3_both,42,33112,1,intermediate,20000,20000,experiments/strata_two_factor_explore_cycle_3/reward_both_state_0/results/20260909T084200Z-e5f5f91b/checkpoint_probes/steps_000033112/probe_battery.json,train_policy,/train_policy/action_fractions/4,0.11225
explore_cycle_3_both,42,33112,1,intermediate,20000,20000,experiments/strata_two_factor_explore_cycle_3/reward_both_state_0/results/20260909T084200Z-e5f5f91b/checkpoint_probes/steps_000033112/probe_battery.json,train_policy,/train_policy/action_fractions/5,0.165
explore_cycle_3_both,42,33112,1,intermediate,20000,20000,experiments/strata_two_factor_explore_cycle_3/reward_both_state_0/results/20260909T084200Z-e5f5f91b/checkpoint_probes/steps_000033112/probe_battery.json,train_policy,/train_policy/action_fractions/6,0.1207
explore_cycle_3_both,42,33112,1,intermediate,20000,20000,experiments/strata_two_factor_explore_cycle_3/reward_both_state_0/results/20260909T084200Z-e5f5f91b/checkpoint_probes/steps_000033112/probe_battery.json,train_policy,/train_policy/action_fractions/7,0.06275
explore_cycle_3_both,42,33112,1,intermediate,20000,20000,experiments/strata_two_factor_explore_cycle_3/reward_both_state_0/results/20260909T084200Z-e5f5f91b/checkpoint_probes/steps_000033112/probe_battery.json,train_policy,/train_policy/action_fractions/8,0.095
explore_cycle_3_both,42,33112,1,intermediate,20000,20000,experiments/strata_two_factor_explore_cycle_3/reward_both_state_0/results/20260909T084200Z-e5f5f91b/checkpoint_probes/steps_000033112/probe_battery.json,train_policy,/train_policy/factor_action_fractions/factor_1/0,0.3876
explore_cycle_3_both,42,33112,1,intermediate,20000,20000,experiments/strata_two_factor_explore_cycle_3/reward_both_state_0/results/20260909T084200Z-e5f5f91b/checkpoint_probes/steps_000033112/probe_battery.json,train_policy,/train_policy/factor_action_fractions/factor_1/1,0.33395
explore_cycle_3_both,42,33112,1,intermediate,20000,20000,experiments/strata_two_factor_explore_cycle_3/reward_both_state_0/results/20260909T084200Z-e5f5f91b/checkpoint_probes/steps_000033112/probe_battery.json,train_policy,/train_policy/factor_action_fractions/factor_1/2,0.27845
explore_cycle_3_both,42,33112,1,intermediate,20000,20000,experiments/strata_two_factor_explore_cycle_3/reward_both_state_0/results/20260909T084200Z-e5f5f91b/checkpoint_probes/steps_000033112/probe_battery.json,train_policy,/train_policy/factor_action_fractions/factor_2/0,0.3026
explore_cycle_3_both,42,33112,1,intermediate,20000,20000,experiments/strata_two_factor_explore_cycle_3/reward_both_state_0/results/20260909T084200Z-e5f5f91b/checkpoint_probes/steps_000033112/probe_battery.json,train_policy,/train_policy/factor_action_fractions/factor_2/1,0.32575
explore_cycle_3_both,42,33112,1,intermediate,20000,20000,experiments/strata_two_factor_explore_cycle_3/reward_both_state_0/results/20260909T084200Z-e5f5f91b/checkpoint_probes/steps_000033112/probe_battery.json,train_policy,/train_policy/factor_action_fractions/factor_2/2,0.37165
explore_cycle_3_both,42,33112,1,intermediate,20000,20000,experiments/strata_two_factor_explore_cycle_3/reward_both_state_0/results/20260909T084200Z-e5f5f91b/checkpoint_probes/steps_000033112/probe_battery.json,train_policy,/train_policy/factor_state_fractions/factor_1/0,0.33375
explore_cycle_3_both,42,33112,1,intermediate,20000,20000,experiments/strata_two_factor_explore_cycle_3/reward_both_state_0/results/20260909T084200Z-e5f5f91b/checkpoint_probes/steps_000033112/probe_battery.json,train_policy,/train_policy/factor_state_fractions/factor_1/1,0.33555
explore_cycle_3_both,42,33112,1,intermediate,20000,20000,experiments/strata_two_factor_explore_cycle_3/reward_both_state_0/results/20260909T084200Z-e5f5f91b/checkpoint_probes/steps_000033112/probe_battery.json,train_policy,/train_policy/factor_state_fractions/factor_1/2,0.3307
explore_cycle_3_both,42,33112,1,intermediate,20000,20000,experiments/strata_two_factor_explore_cycle_3/reward_both_state_0/results/20260909T084200Z-e5f5f91b/checkpoint_probes/steps_000033112/probe_battery.json,train_policy,/train_policy/factor_state_fractions/factor_2/0,0.3359
explore_cycle_3_both,42,33112,1,intermediate,20000,20000,experiments/strata_two_factor_explore_cycle_3/reward_both_state_0/results/20260909T084200Z-e5f5f91b/checkpoint_probes/steps_000033112/probe_battery.json,train_policy,/train_policy/factor_state_fractions/factor_2/1,0.3338
explore_cycle_3_both,42,33112,1,intermediate,20000,20000,experiments/strata_two_factor_explore_cycle_3/reward_both_state_0/results/20260909T084200Z-e5f5f91b/checkpoint_probes/steps_000033112/probe_battery.json,train_policy,/train_policy/factor_state_fractions/factor_2/2,0.3303
explore_cycle_3_both,42,33112,1,intermediate,20000,20000,experiments/strata_two_factor_explore_cycle_3/reward_both_state_0/results/20260909T084200Z-e5f5f91b/checkpoint_probes/steps_000033112/probe_battery.json,train_policy,/train_policy/joint_state_fractions/0,0.1118
explore_cycle_3_both,42,33112,1,intermediate,20000,20000,experiments/strata_two_factor_explore_cycle_3/reward_both_state_0/results/20260909T084200Z-e5f5f91b/checkpoint_probes/steps_000033112/probe_battery.json,train_policy,/train_policy/joint_state_fractions/1,0.1095
explore_cycle_3_both,42,33112,1,intermediate,20000,20000,experiments/strata_two_factor_explore_cycle_3/reward_both_state_0/results/20260909T084200Z-e5f5f91b/checkpoint_probes/steps_000033112/probe_battery.json,train_policy,/train_policy/joint_state_fractions/2,0.11245
explore_cycle_3_both,42,33112,1,intermediate,20000,20000,experiments/strata_two_factor_explore_cycle_3/reward_both_state_0/results/20260909T084200Z-e5f5f91b/checkpoint_probes/steps_000033112/probe_battery.json,train_policy,/train_policy/joint_state_fractions/3,0.1138
explore_cycle_3_both,42,33112,1,intermediate,20000,20000,experiments/strata_two_factor_explore_cycle_3/reward_both_state_0/results/20260909T084200Z-e5f5f91b/checkpoint_probes/steps_000033112/probe_battery.json,train_policy,/train_policy/joint_state_fractions/4,0.1129
explore_cycle_3_both,42,33112,1,intermediate,20000,20000,experiments/strata_two_factor_explore_cycle_3/reward_both_state_0/results/20260909T084200Z-e5f5f91b/checkpoint_probes/steps_000033112/probe_battery.json,train_policy,/train_policy/joint_state_fractions/5,0.10885
explore_cycle_3_both,42,33112,1,intermediate,20000,20000,experiments/strata_two_factor_explore_cycle_3/reward_both_state_0/results/20260909T084200Z-e5f5f91b/checkpoint_probes/steps_000033112/probe_battery.json,train_policy,/train_policy/joint_state_fractions/6,0.1103
explore_cycle_3_both,42,33112,1,intermediate,20000,20000,experiments/strata_two_factor_explore_cycle_3/reward_both_state_0/results/20260909T084200Z-e5f5f91b/checkpoint_probes/steps_000033112/probe_battery.json,train_policy,/train_policy/joint_state_fractions/7,0.1114
explore_cycle_3_both,42,33112,1,intermediate,20000,20000,experiments/strata_two_factor_explore_cycle_3/reward_both_state_0/results/20260909T084200Z-e5f5f91b/checkpoint_probes/steps_000033112/probe_battery.json,train_policy,/train_policy/joint_state_fractions/8,0.109
explore_cycle_3_both,42,33112,1,intermediate,20000,20000,experiments/strata_two_factor_explore_cycle_3/reward_both_state_0/results/20260909T084200Z-e5f5f91b/checkpoint_probes/steps_000033112/probe_battery.json,train_policy,/train_policy/mean_reward,0.334775
explore_cycle_3_both,42,33112,1,intermediate,20000,20000,experiments/strata_two_factor_explore_cycle_3/reward_both_state_0/results/20260909T084200Z-e5f5f91b/checkpoint_probes/steps_000033112/probe_battery.json,train_policy,/train_policy/mode,learned_stochastic
explore_cycle_3_both,42,33112,1,intermediate,20000,20000,experiments/strata_two_factor_explore_cycle_3/reward_both_state_0/results/20260909T084200Z-e5f5f91b/checkpoint_probes/steps_000033112/probe_battery.json,train_policy,/train_policy/temperature,1.5
explore_cycle_3_both,42,66254,2,intermediate,20000,20000,experiments/strata_two_factor_explore_cycle_3/reward_both_state_0/results/20260909T084200Z-e5f5f91b/checkpoint_probes/steps_000066254/probe_battery.json,policy,/policy/action_fractions/0,0.12495
explore_cycle_3_both,42,66254,2,intermediate,20000,20000,experiments/strata_two_factor_explore_cycle_3/reward_both_state_0/results/20260909T084200Z-e5f5f91b/checkpoint_probes/steps_000066254/probe_battery.json,policy,/policy/action_fractions/1,0.12485
explore_cycle_3_both,42,66254,2,intermediate,20000,20000,experiments/strata_two_factor_explore_cycle_3/reward_both_state_0/results/20260909T084200Z-e5f5f91b/checkpoint_probes/steps_000066254/probe_battery.json,policy,/policy/action_fractions/2,0.1142
explore_cycle_3_both,42,66254,2,intermediate,20000,20000,experiments/strata_two_factor_explore_cycle_3/reward_both_state_0/results/20260909T084200Z-e5f5f91b/checkpoint_probes/steps_000066254/probe_battery.json,policy,/policy/action_fractions/3,0.0644
explore_cycle_3_both,42,66254,2,intermediate,20000,20000,experiments/strata_two_factor_explore_cycle_3/reward_both_state_0/results/20260909T084200Z-e5f5f91b/checkpoint_probes/steps_000066254/probe_battery.json,policy,/policy/action_fractions/4,0.10525
explore_cycle_3_both,42,66254,2,intermediate,20000,20000,experiments/strata_two_factor_explore_cycle_3/reward_both_state_0/results/20260909T084200Z-e5f5f91b/checkpoint_probes/steps_000066254/probe_battery.json,policy,/policy/action_fractions/5,0.15455
explore_cycle_3_both,42,66254,2,intermediate,20000,20000,experiments/strata_two_factor_explore_cycle_3/reward_both_state_0/results/20260909T084200Z-e5f5f91b/checkpoint_probes/steps_000066254/probe_battery.json,policy,/policy/action_fractions/6,0.14455
explore_cycle_3_both,42,66254,2,intermediate,20000,20000,experiments/strata_two_factor_explore_cycle_3/reward_both_state_0/results/20260909T084200Z-e5f5f91b/checkpoint_probes/steps_000066254/probe_battery.json,policy,/policy/action_fractions/7,0.0628
explore_cycle_3_both,42,66254,2,intermediate,20000,20000,experiments/strata_two_factor_explore_cycle_3/reward_both_state_0/results/20260909T084200Z-e5f5f91b/checkpoint_probes/steps_000066254/probe_battery.json,policy,/policy/action_fractions/8,0.10445
explore_cycle_3_both,42,66254,2,intermediate,20000,20000,experiments/strata_two_factor_explore_cycle_3/reward_both_state_0/results/20260909T084200Z-e5f5f91b/checkpoint_probes/steps_000066254/probe_battery.json,policy,/policy/factor_action_fractions/factor_1/0,0.364
explore_cycle_3_both,42,66254,2,intermediate,20000,20000,experiments/strata_two_factor_explore_cycle_3/reward_both_state_0/results/20260909T084200Z-e5f5f91b/checkpoint_probes/steps_000066254/probe_battery.json,policy,/policy/factor_action_fractions/factor_1/1,0.3242
explore_cycle_3_both,42,66254,2,intermediate,20000,20000,experiments/strata_two_factor_explore_cycle_3/reward_both_state_0/results/20260909T084200Z-e5f5f91b/checkpoint_probes/steps_000066254/probe_battery.json,policy,/policy/factor_action_fractions/factor_1/2,0.3118
explore_cycle_3_both,42,66254,2,intermediate,20000,20000,experiments/strata_two_factor_explore_cycle_3/reward_both_state_0/results/20260909T084200Z-e5f5f91b/checkpoint_probes/steps_000066254/probe_battery.json,policy,/policy/factor_action_fractions/factor_2/0,0.3339
explore_cycle_3_both,42,66254,2,intermediate,20000,20000,experiments/strata_two_factor_explore_cycle_3/reward_both_state_0/results/20260909T084200Z-e5f5f91b/checkpoint_probes/steps_000066254/probe_battery.json,policy,/policy/factor_action_fractions/factor_2/1,0.2929
explore_cycle_3_both,42,66254,2,intermediate,20000,20000,experiments/strata_two_factor_explore_cycle_3/reward_both_state_0/results/20260909T084200Z-e5f5f91b/checkpoint_probes/steps_000066254/probe_battery.json,policy,/policy/factor_action_fractions/factor_2/2,0.3732
explore_cycle_3_both,42,66254,2,intermediate,20000,20000,experiments/strata_two_factor_explore_cycle_3/reward_both_state_0/results/20260909T084200Z-e5f5f91b/checkpoint_probes/steps_000066254/probe_battery.json,policy,/policy/factor_state_fractions/factor_1/0,0.33
explore_cycle_3_both,42,66254,2,intermediate,20000,20000,experiments/strata_two_factor_explore_cycle_3/reward_both_state_0/results/20260909T084200Z-e5f5f91b/checkpoint_probes/steps_000066254/probe_battery.json,policy,/policy/factor_state_fractions/factor_1/1,0.33535
explore_cycle_3_both,42,66254,2,intermediate,20000,20000,experiments/strata_two_factor_explore_cycle_3/reward_both_state_0/results/20260909T084200Z-e5f5f91b/checkpoint_probes/steps_000066254/probe_battery.json,policy,/policy/factor_state_fractions/factor_1/2,0.33465
explore_cycle_3_both,42,66254,2,intermediate,20000,20000,experiments/strata_two_factor_explore_cycle_3/reward_both_state_0/results/20260909T084200Z-e5f5f91b/checkpoint_probes/steps_000066254/probe_battery.json,policy,/policy/factor_state_fractions/factor_2/0,0.33495
explore_cycle_3_both,42,66254,2,intermediate,20000,20000,experiments/strata_two_factor_explore_cycle_3/reward_both_state_0/results/20260909T084200Z-e5f5f91b/checkpoint_probes/steps_000066254/probe_battery.json,policy,/policy/factor_state_fractions/factor_2/1,0.3347
explore_cycle_3_both,42,66254,2,intermediate,20000,20000,experiments/strata_two_factor_explore_cycle_3/reward_both_state_0/results/20260909T084200Z-e5f5f91b/checkpoint_probes/steps_000066254/probe_battery.json,policy,/policy/factor_state_fractions/factor_2/2,0.33035
explore_cycle_3_both,42,66254,2,intermediate,20000,20000,experiments/strata_two_factor_explore_cycle_3/reward_both_state_0/results/20260909T084200Z-e5f5f91b/checkpoint_probes/steps_000066254/probe_battery.json,policy,/policy/joint_state_fractions/0,0.11205
explore_cycle_3_both,42,66254,2,intermediate,20000,20000,experiments/strata_two_factor_explore_cycle_3/reward_both_state_0/results/20260909T084200Z-e5f5f91b/checkpoint_probes/steps_000066254/probe_battery.json,policy,/policy/joint_state_fractions/1,0.1099
explore_cycle_3_both,42,66254,2,intermediate,20000,20000,experiments/strata_two_factor_explore_cycle_3/reward_both_state_0/results/20260909T084200Z-e5f5f91b/checkpoint_probes/steps_000066254/probe_battery.json,policy,/policy/joint_state_fractions/2,0.10805
explore_cycle_3_both,42,66254,2,intermediate,20000,20000,experiments/strata_two_factor_explore_cycle_3/reward_both_state_0/results/20260909T084200Z-e5f5f91b/checkpoint_probes/steps_000066254/probe_battery.json,policy,/policy/joint_state_fractions/3,0.1106
explore_cycle_3_both,42,66254,2,intermediate,20000,20000,experiments/strata_two_factor_explore_cycle_3/reward_both_state_0/results/20260909T084200Z-e5f5f91b/checkpoint_probes/steps_000066254/probe_battery.json,policy,/policy/joint_state_fractions/4,0.11405
explore_cycle_3_both,42,66254,2,intermediate,20000,20000,experiments/strata_two_factor_explore_cycle_3/reward_both_state_0/results/20260909T084200Z-e5f5f91b/checkpoint_probes/steps_000066254/probe_battery.json,policy,/policy/joint_state_fractions/5,0.1107
explore_cycle_3_both,42,66254,2,intermediate,20000,20000,experiments/strata_two_factor_explore_cycle_3/reward_both_state_0/results/20260909T084200Z-e5f5f91b/checkpoint_probes/steps_000066254/probe_battery.json,policy,/policy/joint_state_fractions/6,0.1123
explore_cycle_3_both,42,66254,2,intermediate,20000,20000,experiments/strata_two_factor_explore_cycle_3/reward_both_state_0/results/20260909T084200Z-e5f5f91b/checkpoint_probes/steps_000066254/probe_battery.json,policy,/policy/joint_state_fractions/7,0.11075
explore_cycle_3_both,42,66254,2,intermediate,20000,20000,experiments/strata_two_factor_explore_cycle_3/reward_both_state_0/results/20260909T084200Z-e5f5f91b/checkpoint_probes/steps_000066254/probe_battery.json,policy,/policy/joint_state_fractions/8,0.1116
explore_cycle_3_both,42,66254,2,intermediate,20000,20000,experiments/strata_two_factor_explore_cycle_3/reward_both_state_0/results/20260909T084200Z-e5f5f91b/checkpoint_probes/steps_000066254/probe_battery.json,policy,/policy/mean_reward,0.33235
explore_cycle_3_both,42,66254,2,intermediate,20000,20000,experiments/strata_two_factor_explore_cycle_3/reward_both_state_0/results/20260909T084200Z-e5f5f91b/checkpoint_probes/steps_000066254/probe_battery.json,policy,/policy/mode,learned_stochastic
explore_cycle_3_both,42,66254,2,intermediate,20000,20000,experiments/strata_two_factor_explore_cycle_3/reward_both_state_0/results/20260909T084200Z-e5f5f91b/checkpoint_probes/steps_000066254/probe_battery.json,policy,/policy/temperature,1.5
explore_cycle_3_both,42,66254,2,intermediate,20000,20000,experiments/strata_two_factor_explore_cycle_3/reward_both_state_0/results/20260909T084200Z-e5f5f91b/checkpoint_probes/steps_000066254/probe_battery.json,train_policy,/train_policy/action_fractions/0,0.12865
explore_cycle_3_both,42,66254,2,intermediate,20000,20000,experiments/strata_two_factor_explore_cycle_3/reward_both_state_0/results/20260909T084200Z-e5f5f91b/checkpoint_probes/steps_000066254/probe_battery.json,train_policy,/train_policy/action_fractions/1,0.122
explore_cycle_3_both,42,66254,2,intermediate,20000,20000,experiments/strata_two_factor_explore_cycle_3/reward_both_state_0/results/20260909T084200Z-e5f5f91b/checkpoint_probes/steps_000066254/probe_battery.json,train_policy,/train_policy/action_fractions/2,0.11295
explore_cycle_3_both,42,66254,2,intermediate,20000,20000,experiments/strata_two_factor_explore_cycle_3/reward_both_state_0/results/20260909T084200Z-e5f5f91b/checkpoint_probes/steps_000066254/probe_battery.json,train_policy,/train_policy/action_fractions/3,0.06365
explore_cycle_3_both,42,66254,2,intermediate,20000,20000,experiments/strata_two_factor_explore_cycle_3/reward_both_state_0/results/20260909T084200Z-e5f5f91b/checkpoint_probes/steps_000066254/probe_battery.json,train_policy,/train_policy/action_fractions/4,0.1007
explore_cycle_3_both,42,66254,2,intermediate,20000,20000,experiments/strata_two_factor_explore_cycle_3/reward_both_state_0/results/20260909T084200Z-e5f5f91b/checkpoint_probes/steps_000066254/probe_battery.json,train_policy,/train_policy/action_fractions/5,0.1581
explore_cycle_3_both,42,66254,2,intermediate,20000,20000,experiments/strata_two_factor_explore_cycle_3/reward_both_state_0/results/20260909T084200Z-e5f5f91b/checkpoint_probes/steps_000066254/probe_battery.json,train_policy,/train_policy/action_fractions/6,0.14535
explore_cycle_3_both,42,66254,2,intermediate,20000,20000,experiments/strata_two_factor_explore_cycle_3/reward_both_state_0/results/20260909T084200Z-e5f5f91b/checkpoint_probes/steps_000066254/probe_battery.json,train_policy,/train_policy/action_fractions/7,0.0643
explore_cycle_3_both,42,66254,2,intermediate,20000,20000,experiments/strata_two_factor_explore_cycle_3/reward_both_state_0/results/20260909T084200Z-e5f5f91b/checkpoint_probes/steps_000066254/probe_battery.json,train_policy,/train_policy/action_fractions/8,0.1043
explore_cycle_3_both,42,66254,2,intermediate,20000,20000,experiments/strata_two_factor_explore_cycle_3/reward_both_state_0/results/20260909T084200Z-e5f5f91b/checkpoint_probes/steps_000066254/probe_battery.json,train_policy,/train_policy/factor_action_fractions/factor_1/0,0.3636
explore_cycle_3_both,42,66254,2,intermediate,20000,20000,experiments/strata_two_factor_explore_cycle_3/reward_both_state_0/results/20260909T084200Z-e5f5f91b/checkpoint_probes/steps_000066254/probe_battery.json,train_policy,/train_policy/factor_action_fractions/factor_1/1,0.32245
explore_cycle_3_both,42,66254,2,intermediate,20000,20000,experiments/strata_two_factor_explore_cycle_3/reward_both_state_0/results/20260909T084200Z-e5f5f91b/checkpoint_probes/steps_000066254/probe_battery.json,train_policy,/train_policy/factor_action_fractions/factor_1/2,0.31395
explore_cycle_3_both,42,66254,2,intermediate,20000,20000,experiments/strata_two_factor_explore_cycle_3/reward_both_state_0/results/20260909T084200Z-e5f5f91b/checkpoint_probes/steps_000066254/probe_battery.json,train_policy,/train_policy/factor_action_fractions/factor_2/0,0.33765
explore_cycle_3_both,42,66254,2,intermediate,20000,20000,experiments/strata_two_factor_explore_cycle_3/reward_both_state_0/results/20260909T084200Z-e5f5f91b/checkpoint_probes/steps_000066254/probe_battery.json,train_policy,/train_policy/factor_action_fractions/factor_2/1,0.287
explore_cycle_3_both,42,66254,2,intermediate,20000,20000,experiments/strata_two_factor_explore_cycle_3/reward_both_state_0/results/20260909T084200Z-e5f5f91b/checkpoint_probes/steps_000066254/probe_battery.json,train_policy,/train_policy/factor_action_fractions/factor_2/2,0.37535
explore_cycle_3_both,42,66254,2,intermediate,20000,20000,experiments/strata_two_factor_explore_cycle_3/reward_both_state_0/results/20260909T084200Z-e5f5f91b/checkpoint_probes/steps_000066254/probe_battery.json,train_policy,/train_policy/factor_state_fractions/factor_1/0,0.3354
explore_cycle_3_both,42,66254,2,intermediate,20000,20000,experiments/strata_two_factor_explore_cycle_3/reward_both_state_0/results/20260909T084200Z-e5f5f91b/checkpoint_probes/steps_000066254/probe_battery.json,train_policy,/train_policy/factor_state_fractions/factor_1/1,0.3297
explore_cycle_3_both,42,66254,2,intermediate,20000,20000,experiments/strata_two_factor_explore_cycle_3/reward_both_state_0/results/20260909T084200Z-e5f5f91b/checkpoint_probes/steps_000066254/probe_battery.json,train_policy,/train_policy/factor_state_fractions/factor_1/2,0.3349
explore_cycle_3_both,42,66254,2,intermediate,20000,20000,experiments/strata_two_factor_explore_cycle_3/reward_both_state_0/results/20260909T084200Z-e5f5f91b/checkpoint_probes/steps_000066254/probe_battery.json,train_policy,/train_policy/factor_state_fractions/factor_2/0,0.3322
explore_cycle_3_both,42,66254,2,intermediate,20000,20000,experiments/strata_two_factor_explore_cycle_3/reward_both_state_0/results/20260909T084200Z-e5f5f91b/checkpoint_probes/steps_000066254/probe_battery.json,train_policy,/train_policy/factor_state_fractions/factor_2/1,0.3334
explore_cycle_3_both,42,66254,2,intermediate,20000,20000,experiments/strata_two_factor_explore_cycle_3/reward_both_state_0/results/20260909T084200Z-e5f5f91b/checkpoint_probes/steps_000066254/probe_battery.json,train_policy,/train_policy/factor_state_fractions/factor_2/2,0.3344
explore_cycle_3_both,42,66254,2,intermediate,20000,20000,experiments/strata_two_factor_explore_cycle_3/reward_both_state_0/results/20260909T084200Z-e5f5f91b/checkpoint_probes/steps_000066254/probe_battery.json,train_policy,/train_policy/joint_state_fractions/0,0.11025
explore_cycle_3_both,42,66254,2,intermediate,20000,20000,experiments/strata_two_factor_explore_cycle_3/reward_both_state_0/results/20260909T084200Z-e5f5f91b/checkpoint_probes/steps_000066254/probe_battery.json,train_policy,/train_policy/joint_state_fractions/1,0.1139
explore_cycle_3_both,42,66254,2,intermediate,20000,20000,experiments/strata_two_factor_explore_cycle_3/reward_both_state_0/results/20260909T084200Z-e5f5f91b/checkpoint_probes/steps_000066254/probe_battery.json,train_policy,/train_policy/joint_state_fractions/2,0.11125
explore_cycle_3_both,42,66254,2,intermediate,20000,20000,experiments/strata_two_factor_explore_cycle_3/reward_both_state_0/results/20260909T084200Z-e5f5f91b/checkpoint_probes/steps_000066254/probe_battery.json,train_policy,/train_policy/joint_state_fractions/3,0.1114
explore_cycle_3_both,42,66254,2,intermediate,20000,20000,experiments/strata_two_factor_explore_cycle_3/reward_both_state_0/results/20260909T084200Z-e5f5f91b/checkpoint_probes/steps_000066254/probe_battery.json,train_policy,/train_policy/joint_state_fractions/4,0.1087
explore_cycle_3_both,42,66254,2,intermediate,20000,20000,experiments/strata_two_factor_explore_cycle_3/reward_both_state_0/results/20260909T084200Z-e5f5f91b/checkpoint_probes/steps_000066254/probe_battery.json,train_policy,/train_policy/joint_state_fractions/5,0.1096
explore_cycle_3_both,42,66254,2,intermediate,20000,20000,experiments/strata_two_factor_explore_cycle_3/reward_both_state_0/results/20260909T084200Z-e5f5f91b/checkpoint_probes/steps_000066254/probe_battery.json,train_policy,/train_policy/joint_state_fractions/6,0.11055
explore_cycle_3_both,42,66254,2,intermediate,20000,20000,experiments/strata_two_factor_explore_cycle_3/reward_both_state_0/results/20260909T084200Z-e5f5f91b/checkpoint_probes/steps_000066254/probe_battery.json,train_policy,/train_policy/joint_state_fractions/7,0.1108
explore_cycle_3_both,42,66254,2,intermediate,20000,20000,experiments/strata_two_factor_explore_cycle_3/reward_both_state_0/results/20260909T084200Z-e5f5f91b/checkpoint_probes/steps_000066254/probe_battery.json,train_policy,/train_policy/joint_state_fractions/8,0.11355
explore_cycle_3_both,42,66254,2,intermediate,20000,20000,experiments/strata_two_factor_explore_cycle_3/reward_both_state_0/results/20260909T084200Z-e5f5f91b/checkpoint_probes/steps_000066254/probe_battery.json,train_policy,/train_policy/mean_reward,0.33385
explore_cycle_3_both,42,66254,2,intermediate,20000,20000,experiments/strata_two_factor_explore_cycle_3/reward_both_state_0/results/20260909T084200Z-e5f5f91b/checkpoint_probes/steps_000066254/probe_battery.json,train_policy,/train_policy/mode,learned_stochastic
explore_cycle_3_both,42,66254,2,intermediate,20000,20000,experiments/strata_two_factor_explore_cycle_3/reward_both_state_0/results/20260909T084200Z-e5f5f91b/checkpoint_probes/steps_000066254/probe_battery.json,train_policy,/train_policy/temperature,1.5
explore_cycle_3_both,42,132518,4,intermediate,20000,20000,experiments/strata_two_factor_explore_cycle_3/reward_both_state_0/results/20260909T084200Z-e5f5f91b/checkpoint_probes/steps_000132518/probe_battery.json,policy,/policy/action_fractions/0,0.11765
explore_cycle_3_both,42,132518,4,intermediate,20000,20000,experiments/strata_two_factor_explore_cycle_3/reward_both_state_0/results/20260909T084200Z-e5f5f91b/checkpoint_probes/steps_000132518/probe_battery.json,policy,/policy/action_fractions/1,0.12215
explore_cycle_3_both,42,132518,4,intermediate,20000,20000,experiments/strata_two_factor_explore_cycle_3/reward_both_state_0/results/20260909T084200Z-e5f5f91b/checkpoint_probes/steps_000132518/probe_battery.json,policy,/policy/action_fractions/2,0.10265
explore_cycle_3_both,42,132518,4,intermediate,20000,20000,experiments/strata_two_factor_explore_cycle_3/reward_both_state_0/results/20260909T084200Z-e5f5f91b/checkpoint_probes/steps_000132518/probe_battery.json,policy,/policy/action_fractions/3,0.0617
explore_cycle_3_both,42,132518,4,intermediate,20000,20000,experiments/strata_two_factor_explore_cycle_3/reward_both_state_0/results/20260909T084200Z-e5f5f91b/checkpoint_probes/steps_000132518/probe_battery.json,policy,/policy/action_fractions/4,0.1139
explore_cycle_3_both,42,132518,4,intermediate,20000,20000,experiments/strata_two_factor_explore_cycle_3/reward_both_state_0/results/20260909T084200Z-e5f5f91b/checkpoint_probes/steps_000132518/probe_battery.json,policy,/policy/action_fractions/5,0.1571
explore_cycle_3_both,42,132518,4,intermediate,20000,20000,experiments/strata_two_factor_explore_cycle_3/reward_both_state_0/results/20260909T084200Z-e5f5f91b/checkpoint_probes/steps_000132518/probe_battery.json,policy,/policy/action_fractions/6,0.1534
explore_cycle_3_both,42,132518,4,intermediate,20000,20000,experiments/strata_two_factor_explore_cycle_3/reward_both_state_0/results/20260909T084200Z-e5f5f91b/checkpoint_probes/steps_000132518/probe_battery.json,policy,/policy/action_fractions/7,0.05535
explore_cycle_3_both,42,132518,4,intermediate,20000,20000,experiments/strata_two_factor_explore_cycle_3/reward_both_state_0/results/20260909T084200Z-e5f5f91b/checkpoint_probes/steps_000132518/probe_battery.json,policy,/policy/action_fractions/8,0.1161
explore_cycle_3_both,42,132518,4,intermediate,20000,20000,experiments/strata_two_factor_explore_cycle_3/reward_both_state_0/results/20260909T084200Z-e5f5f91b/checkpoint_probes/steps_000132518/probe_battery.json,policy,/policy/factor_action_fractions/factor_1/0,0.34245
explore_cycle_3_both,42,132518,4,intermediate,20000,20000,experiments/strata_two_factor_explore_cycle_3/reward_both_state_0/results/20260909T084200Z-e5f5f91b/checkpoint_probes/steps_000132518/probe_battery.json,policy,/policy/factor_action_fractions/factor_1/1,0.3327
explore_cycle_3_both,42,132518,4,intermediate,20000,20000,experiments/strata_two_factor_explore_cycle_3/reward_both_state_0/results/20260909T084200Z-e5f5f91b/checkpoint_probes/steps_000132518/probe_battery.json,policy,/policy/factor_action_fractions/factor_1/2,0.32485
explore_cycle_3_both,42,132518,4,intermediate,20000,20000,experiments/strata_two_factor_explore_cycle_3/reward_both_state_0/results/20260909T084200Z-e5f5f91b/checkpoint_probes/steps_000132518/probe_battery.json,policy,/policy/factor_action_fractions/factor_2/0,0.33275
explore_cycle_3_both,42,132518,4,intermediate,20000,20000,experiments/strata_two_factor_explore_cycle_3/reward_both_state_0/results/20260909T084200Z-e5f5f91b/checkpoint_probes/steps_000132518/probe_battery.json,policy,/policy/factor_action_fractions/factor_2/1,0.2914
explore_cycle_3_both,42,132518,4,intermediate,20000,20000,experiments/strata_two_factor_explore_cycle_3/reward_both_state_0/results/20260909T084200Z-e5f5f91b/checkpoint_probes/steps_000132518/probe_battery.json,policy,/policy/factor_action_fractions/factor_2/2,0.37585
explore_cycle_3_both,42,132518,4,intermediate,20000,20000,experiments/strata_two_factor_explore_cycle_3/reward_both_state_0/results/20260909T084200Z-e5f5f91b/checkpoint_probes/steps_000132518/probe_battery.json,policy,/policy/factor_state_fractions/factor_1/0,0.33055
explore_cycle_3_both,42,132518,4,intermediate,20000,20000,experiments/strata_two_factor_explore_cycle_3/reward_both_state_0/results/20260909T084200Z-e5f5f91b/checkpoint_probes/steps_000132518/probe_battery.json,policy,/policy/factor_state_fractions/factor_1/1,0.33475
explore_cycle_3_both,42,132518,4,intermediate,20000,20000,experiments/strata_two_factor_explore_cycle_3/reward_both_state_0/results/20260909T084200Z-e5f5f91b/checkpoint_probes/steps_000132518/probe_battery.json,policy,/policy/factor_state_fractions/factor_1/2,0.3347
explore_cycle_3_both,42,132518,4,intermediate,20000,20000,experiments/strata_two_factor_explore_cycle_3/reward_both_state_0/results/20260909T084200Z-e5f5f91b/checkpoint_probes/steps_000132518/probe_battery.json,policy,/policy/factor_state_fractions/factor_2/0,0.3334
explore_cycle_3_both,42,132518,4,intermediate,20000,20000,experiments/strata_two_factor_explore_cycle_3/reward_both_state_0/results/20260909T084200Z-e5f5f91b/checkpoint_probes/steps_000132518/probe_battery.json,policy,/policy/factor_state_fractions/factor_2/1,0.33055
explore_cycle_3_both,42,132518,4,intermediate,20000,20000,experiments/strata_two_factor_explore_cycle_3/reward_both_state_0/results/20260909T084200Z-e5f5f91b/checkpoint_probes/steps_000132518/probe_battery.json,policy,/policy/factor_state_fractions/factor_2/2,0.33605
explore_cycle_3_both,42,132518,4,intermediate,20000,20000,experiments/strata_two_factor_explore_cycle_3/reward_both_state_0/results/20260909T084200Z-e5f5f91b/checkpoint_probes/steps_000132518/probe_battery.json,policy,/policy/joint_state_fractions/0,0.1114
explore_cycle_3_both,42,132518,4,intermediate,20000,20000,experiments/strata_two_factor_explore_cycle_3/reward_both_state_0/results/20260909T084200Z-e5f5f91b/checkpoint_probes/steps_000132518/probe_battery.json,policy,/policy/joint_state_fractions/1,0.1104
explore_cycle_3_both,42,132518,4,intermediate,20000,20000,experiments/strata_two_factor_explore_cycle_3/reward_both_state_0/results/20260909T084200Z-e5f5f91b/checkpoint_probes/steps_000132518/probe_battery.json,policy,/policy/joint_state_fractions/2,0.10875
explore_cycle_3_both,42,132518,4,intermediate,20000,20000,experiments/strata_two_factor_explore_cycle_3/reward_both_state_0/results/20260909T084200Z-e5f5f91b/checkpoint_probes/steps_000132518/probe_battery.json,policy,/policy/joint_state_fractions/3,0.1092
explore_cycle_3_both,42,132518,4,intermediate,20000,20000,experiments/strata_two_factor_explore_cycle_3/reward_both_state_0/results/20260909T084200Z-e5f5f91b/checkpoint_probes/steps_000132518/probe_battery.json,policy,/policy/joint_state_fractions/4,0.10905
explore_cycle_3_both,42,132518,4,intermediate,20000,20000,experiments/strata_two_factor_explore_cycle_3/reward_both_state_0/results/20260909T084200Z-e5f5f91b/checkpoint_probes/steps_000132518/probe_battery.json,policy,/policy/joint_state_fractions/5,0.1165
explore_cycle_3_both,42,132518,4,intermediate,20000,20000,experiments/strata_two_factor_explore_cycle_3/reward_both_state_0/results/20260909T084200Z-e5f5f91b/checkpoint_probes/steps_000132518/probe_battery.json,policy,/policy/joint_state_fractions/6,0.1128
explore_cycle_3_both,42,132518,4,intermediate,20000,20000,experiments/strata_two_factor_explore_cycle_3/reward_both_state_0/results/20260909T084200Z-e5f5f91b/checkpoint_probes/steps_000132518/probe_battery.json,policy,/policy/joint_state_fractions/7,0.1111
explore_cycle_3_both,42,132518,4,intermediate,20000,20000,experiments/strata_two_factor_explore_cycle_3/reward_both_state_0/results/20260909T084200Z-e5f5f91b/checkpoint_probes/steps_000132518/probe_battery.json,policy,/policy/joint_state_fractions/8,0.1108
explore_cycle_3_both,42,132518,4,intermediate,20000,20000,experiments/strata_two_factor_explore_cycle_3/reward_both_state_0/results/20260909T084200Z-e5f5f91b/checkpoint_probes/steps_000132518/probe_battery.json,policy,/policy/mean_reward,0.33195
explore_cycle_3_both,42,132518,4,intermediate,20000,20000,experiments/strata_two_factor_explore_cycle_3/reward_both_state_0/results/20260909T084200Z-e5f5f91b/checkpoint_probes/steps_000132518/probe_battery.json,policy,/policy/mode,learned_stochastic
explore_cycle_3_both,42,132518,4,intermediate,20000,20000,experiments/strata_two_factor_explore_cycle_3/reward_both_state_0/results/20260909T084200Z-e5f5f91b/checkpoint_probes/steps_000132518/probe_battery.json,policy,/policy/temperature,1.5
explore_cycle_3_both,42,132518,4,intermediate,20000,20000,experiments/strata_two_factor_explore_cycle_3/reward_both_state_0/results/20260909T084200Z-e5f5f91b/checkpoint_probes/steps_000132518/probe_battery.json,train_policy,/train_policy/action_fractions/0,0.1219
explore_cycle_3_both,42,132518,4,intermediate,20000,20000,experiments/strata_two_factor_explore_cycle_3/reward_both_state_0/results/20260909T084200Z-e5f5f91b/checkpoint_probes/steps_000132518/probe_battery.json,train_policy,/train_policy/action_fractions/1,0.1189
explore_cycle_3_both,42,132518,4,intermediate,20000,20000,experiments/strata_two_factor_explore_cycle_3/reward_both_state_0/results/20260909T084200Z-e5f5f91b/checkpoint_probes/steps_000132518/probe_battery.json,train_policy,/train_policy/action_fractions/2,0.1006
explore_cycle_3_both,42,132518,4,intermediate,20000,20000,experiments/strata_two_factor_explore_cycle_3/reward_both_state_0/results/20260909T084200Z-e5f5f91b/checkpoint_probes/steps_000132518/probe_battery.json,train_policy,/train_policy/action_fractions/3,0.06185
explore_cycle_3_both,42,132518,4,intermediate,20000,20000,experiments/strata_two_factor_explore_cycle_3/reward_both_state_0/results/20260909T084200Z-e5f5f91b/checkpoint_probes/steps_000132518/probe_battery.json,train_policy,/train_policy/action_fractions/4,0.11065
explore_cycle_3_both,42,132518,4,intermediate,20000,20000,experiments/strata_two_factor_explore_cycle_3/reward_both_state_0/results/20260909T084200Z-e5f5f91b/checkpoint_probes/steps_000132518/probe_battery.json,train_policy,/train_policy/action_fractions/5,0.1606
explore_cycle_3_both,42,132518,4,intermediate,20000,20000,experiments/strata_two_factor_explore_cycle_3/reward_both_state_0/results/20260909T084200Z-e5f5f91b/checkpoint_probes/steps_000132518/probe_battery.json,train_policy,/train_policy/action_fractions/6,0.15215
explore_cycle_3_both,42,132518,4,intermediate,20000,20000,experiments/strata_two_factor_explore_cycle_3/reward_both_state_0/results/20260909T084200Z-e5f5f91b/checkpoint_probes/steps_000132518/probe_battery.json,train_policy,/train_policy/action_fractions/7,0.0587
explore_cycle_3_both,42,132518,4,intermediate,20000,20000,experiments/strata_two_factor_explore_cycle_3/reward_both_state_0/results/20260909T084200Z-e5f5f91b/checkpoint_probes/steps_000132518/probe_battery.json,train_policy,/train_policy/action_fractions/8,0.11465
explore_cycle_3_both,42,132518,4,intermediate,20000,20000,experiments/strata_two_factor_explore_cycle_3/reward_both_state_0/results/20260909T084200Z-e5f5f91b/checkpoint_probes/steps_000132518/probe_battery.json,train_policy,/train_policy/factor_action_fractions/factor_1/0,0.3414
explore_cycle_3_both,42,132518,4,intermediate,20000,20000,experiments/strata_two_factor_explore_cycle_3/reward_both_state_0/results/20260909T084200Z-e5f5f91b/checkpoint_probes/steps_000132518/probe_battery.json,train_policy,/train_policy/factor_action_fractions/factor_1/1,0.3331
explore_cycle_3_both,42,132518,4,intermediate,20000,20000,experiments/strata_two_factor_explore_cycle_3/reward_both_state_0/results/20260909T084200Z-e5f5f91b/checkpoint_probes/steps_000132518/probe_battery.json,train_policy,/train_policy/factor_action_fractions/factor_1/2,0.3255
explore_cycle_3_both,42,132518,4,intermediate,20000,20000,experiments/strata_two_factor_explore_cycle_3/reward_both_state_0/results/20260909T084200Z-e5f5f91b/checkpoint_probes/steps_000132518/probe_battery.json,train_policy,/train_policy/factor_action_fractions/factor_2/0,0.3359
explore_cycle_3_both,42,132518,4,intermediate,20000,20000,experiments/strata_two_factor_explore_cycle_3/reward_both_state_0/results/20260909T084200Z-e5f5f91b/checkpoint_probes/steps_000132518/probe_battery.json,train_policy,/train_policy/factor_action_fractions/factor_2/1,0.28825
explore_cycle_3_both,42,132518,4,intermediate,20000,20000,experiments/strata_two_factor_explore_cycle_3/reward_both_state_0/results/20260909T084200Z-e5f5f91b/checkpoint_probes/steps_000132518/probe_battery.json,train_policy,/train_policy/factor_action_fractions/factor_2/2,0.37585
explore_cycle_3_both,42,132518,4,intermediate,20000,20000,experiments/strata_two_factor_explore_cycle_3/reward_both_state_0/results/20260909T084200Z-e5f5f91b/checkpoint_probes/steps_000132518/probe_battery.json,train_policy,/train_policy/factor_state_fractions/factor_1/0,0.3412
explore_cycle_3_both,42,132518,4,intermediate,20000,20000,experiments/strata_two_factor_explore_cycle_3/reward_both_state_0/results/20260909T084200Z-e5f5f91b/checkpoint_probes/steps_000132518/probe_battery.json,train_policy,/train_policy/factor_state_fractions/factor_1/1,0.33095
explore_cycle_3_both,42,132518,4,intermediate,20000,20000,experiments/strata_two_factor_explore_cycle_3/reward_both_state_0/results/20260909T084200Z-e5f5f91b/checkpoint_probes/steps_000132518/probe_battery.json,train_policy,/train_policy/factor_state_fractions/factor_1/2,0.32785
explore_cycle_3_both,42,132518,4,intermediate,20000,20000,experiments/strata_two_factor_explore_cycle_3/reward_both_state_0/results/20260909T084200Z-e5f5f91b/checkpoint_probes/steps_000132518/probe_battery.json,train_policy,/train_policy/factor_state_fractions/factor_2/0,0.32965
explore_cycle_3_both,42,132518,4,intermediate,20000,20000,experiments/strata_two_factor_explore_cycle_3/reward_both_state_0/results/20260909T084200Z-e5f5f91b/checkpoint_probes/steps_000132518/probe_battery.json,train_policy,/train_policy/factor_state_fractions/factor_2/1,0.3358
explore_cycle_3_both,42,132518,4,intermediate,20000,20000,experiments/strata_two_factor_explore_cycle_3/reward_both_state_0/results/20260909T084200Z-e5f5f91b/checkpoint_probes/steps_000132518/probe_battery.json,train_policy,/train_policy/factor_state_fractions/factor_2/2,0.33455
explore_cycle_3_both,42,132518,4,intermediate,20000,20000,experiments/strata_two_factor_explore_cycle_3/reward_both_state_0/results/20260909T084200Z-e5f5f91b/checkpoint_probes/steps_000132518/probe_battery.json,train_policy,/train_policy/joint_state_fractions/0,0.11425
explore_cycle_3_both,42,132518,4,intermediate,20000,20000,experiments/strata_two_factor_explore_cycle_3/reward_both_state_0/results/20260909T084200Z-e5f5f91b/checkpoint_probes/steps_000132518/probe_battery.json,train_policy,/train_policy/joint_state_fractions/1,0.11485
explore_cycle_3_both,42,132518,4,intermediate,20000,20000,experiments/strata_two_factor_explore_cycle_3/reward_both_state_0/results/20260909T084200Z-e5f5f91b/checkpoint_probes/steps_000132518/probe_battery.json,train_policy,/train_policy/joint_state_fractions/2,0.1121
explore_cycle_3_both,42,132518,4,intermediate,20000,20000,experiments/strata_two_factor_explore_cycle_3/reward_both_state_0/results/20260909T084200Z-e5f5f91b/checkpoint_probes/steps_000132518/probe_battery.json,train_policy,/train_policy/joint_state_fractions/3,0.11115
explore_cycle_3_both,42,132518,4,intermediate,20000,20000,experiments/strata_two_factor_explore_cycle_3/reward_both_state_0/results/20260909T084200Z-e5f5f91b/checkpoint_probes/steps_000132518/probe_battery.json,train_policy,/train_policy/joint_state_fractions/4,0.11015
explore_cycle_3_both,42,132518,4,intermediate,20000,20000,experiments/strata_two_factor_explore_cycle_3/reward_both_state_0/results/20260909T084200Z-e5f5f91b/checkpoint_probes/steps_000132518/probe_battery.json,train_policy,/train_policy/joint_state_fractions/5,0.10965
explore_cycle_3_both,42,132518,4,intermediate,20000,20000,experiments/strata_two_factor_explore_cycle_3/reward_both_state_0/results/20260909T084200Z-e5f5f91b/checkpoint_probes/steps_000132518/probe_battery.json,train_policy,/train_policy/joint_state_fractions/6,0.10425
explore_cycle_3_both,42,132518,4,intermediate,20000,20000,experiments/strata_two_factor_explore_cycle_3/reward_both_state_0/results/20260909T084200Z-e5f5f91b/checkpoint_probes/steps_000132518/probe_battery.json,train_policy,/train_policy/joint_state_fractions/7,0.1108
explore_cycle_3_both,42,132518,4,intermediate,20000,20000,experiments/strata_two_factor_explore_cycle_3/reward_both_state_0/results/20260909T084200Z-e5f5f91b/checkpoint_probes/steps_000132518/probe_battery.json,train_policy,/train_policy/joint_state_fractions/8,0.1128
explore_cycle_3_both,42,132518,4,intermediate,20000,20000,experiments/strata_two_factor_explore_cycle_3/reward_both_state_0/results/20260909T084200Z-e5f5f91b/checkpoint_probes/steps_000132518/probe_battery.json,train_policy,/train_policy/mean_reward,0.33545
explore_cycle_3_both,42,132518,4,intermediate,20000,20000,experiments/strata_two_factor_explore_cycle_3/reward_both_state_0/results/20260909T084200Z-e5f5f91b/checkpoint_probes/steps_000132518/probe_battery.json,train_policy,/train_policy/mode,learned_stochastic
explore_cycle_3_both,42,132518,4,intermediate,20000,20000,experiments/strata_two_factor_explore_cycle_3/reward_both_state_0/results/20260909T084200Z-e5f5f91b/checkpoint_probes/steps_000132518/probe_battery.json,train_policy,/train_policy/temperature,1.5
explore_cycle_3_both,42,265026,8,intermediate,20000,20000,experiments/strata_two_factor_explore_cycle_3/reward_both_state_0/results/20260909T084200Z-e5f5f91b/checkpoint_probes/steps_000265026/probe_battery.json,policy,/policy/action_fractions/0,0.10595
explore_cycle_3_both,42,265026,8,intermediate,20000,20000,experiments/strata_two_factor_explore_cycle_3/reward_both_state_0/results/20260909T084200Z-e5f5f91b/checkpoint_probes/steps_000265026/probe_battery.json,policy,/policy/action_fractions/1,0.1154
explore_cycle_3_both,42,265026,8,intermediate,20000,20000,experiments/strata_two_factor_explore_cycle_3/reward_both_state_0/results/20260909T084200Z-e5f5f91b/checkpoint_probes/steps_000265026/probe_battery.json,policy,/policy/action_fractions/2,0.0895
explore_cycle_3_both,42,265026,8,intermediate,20000,20000,experiments/strata_two_factor_explore_cycle_3/reward_both_state_0/results/20260909T084200Z-e5f5f91b/checkpoint_probes/steps_000265026/probe_battery.json,policy,/policy/action_fractions/3,0.056
explore_cycle_3_both,42,265026,8,intermediate,20000,20000,experiments/strata_two_factor_explore_cycle_3/reward_both_state_0/results/20260909T084200Z-e5f5f91b/checkpoint_probes/steps_000265026/probe_battery.json,policy,/policy/action_fractions/4,0.1224
explore_cycle_3_both,42,265026,8,intermediate,20000,20000,experiments/strata_two_factor_explore_cycle_3/reward_both_state_0/results/20260909T084200Z-e5f5f91b/checkpoint_probes/steps_000265026/probe_battery.json,policy,/policy/action_fractions/5,0.1409
explore_cycle_3_both,42,265026,8,intermediate,20000,20000,experiments/strata_two_factor_explore_cycle_3/reward_both_state_0/results/20260909T084200Z-e5f5f91b/checkpoint_probes/steps_000265026/probe_battery.json,policy,/policy/action_fractions/6,0.1803
explore_cycle_3_both,42,265026,8,intermediate,20000,20000,experiments/strata_two_factor_explore_cycle_3/reward_both_state_0/results/20260909T084200Z-e5f5f91b/checkpoint_probes/steps_000265026/probe_battery.json,policy,/policy/action_fractions/7,0.0426
explore_cycle_3_both,42,265026,8,intermediate,20000,20000,experiments/strata_two_factor_explore_cycle_3/reward_both_state_0/results/20260909T084200Z-e5f5f91b/checkpoint_probes/steps_000265026/probe_battery.json,policy,/policy/action_fractions/8,0.14695
explore_cycle_3_both,42,265026,8,intermediate,20000,20000,experiments/strata_two_factor_explore_cycle_3/reward_both_state_0/results/20260909T084200Z-e5f5f91b/checkpoint_probes/steps_000265026/probe_battery.json,policy,/policy/factor_action_fractions/factor_1/0,0.31085
explore_cycle_3_both,42,265026,8,intermediate,20000,20000,experiments/strata_two_factor_explore_cycle_3/reward_both_state_0/results/20260909T084200Z-e5f5f91b/checkpoint_probes/steps_000265026/probe_battery.json,policy,/policy/factor_action_fractions/factor_1/1,0.3193
explore_cycle_3_both,42,265026,8,intermediate,20000,20000,experiments/strata_two_factor_explore_cycle_3/reward_both_state_0/results/20260909T084200Z-e5f5f91b/checkpoint_probes/steps_000265026/probe_battery.json,policy,/policy/factor_action_fractions/factor_1/2,0.36985
explore_cycle_3_both,42,265026,8,intermediate,20000,20000,experiments/strata_two_factor_explore_cycle_3/reward_both_state_0/results/20260909T084200Z-e5f5f91b/checkpoint_probes/steps_000265026/probe_battery.json,policy,/policy/factor_action_fractions/factor_2/0,0.34225
explore_cycle_3_both,42,265026,8,intermediate,20000,20000,experiments/strata_two_factor_explore_cycle_3/reward_both_state_0/results/20260909T084200Z-e5f5f91b/checkpoint_probes/steps_000265026/probe_battery.json,policy,/policy/factor_action_fractions/factor_2/1,0.2804
explore_cycle_3_both,42,265026,8,intermediate,20000,20000,experiments/strata_two_factor_explore_cycle_3/reward_both_state_0/results/20260909T084200Z-e5f5f91b/checkpoint_probes/steps_000265026/probe_battery.json,policy,/policy/factor_action_fractions/factor_2/2,0.37735
explore_cycle_3_both,42,265026,8,intermediate,20000,20000,experiments/strata_two_factor_explore_cycle_3/reward_both_state_0/results/20260909T084200Z-e5f5f91b/checkpoint_probes/steps_000265026/probe_battery.json,policy,/policy/factor_state_fractions/factor_1/0,0.3329
explore_cycle_3_both,42,265026,8,intermediate,20000,20000,experiments/strata_two_factor_explore_cycle_3/reward_both_state_0/results/20260909T084200Z-e5f5f91b/checkpoint_probes/steps_000265026/probe_battery.json,policy,/policy/factor_state_fractions/factor_1/1,0.3326
explore_cycle_3_both,42,265026,8,intermediate,20000,20000,experiments/strata_two_factor_explore_cycle_3/reward_both_state_0/results/20260909T084200Z-e5f5f91b/checkpoint_probes/steps_000265026/probe_battery.json,policy,/policy/factor_state_fractions/factor_1/2,0.3345
explore_cycle_3_both,42,265026,8,intermediate,20000,20000,experiments/strata_two_factor_explore_cycle_3/reward_both_state_0/results/20260909T084200Z-e5f5f91b/checkpoint_probes/steps_000265026/probe_battery.json,policy,/policy/factor_state_fractions/factor_2/0,0.3373
explore_cycle_3_both,42,265026,8,intermediate,20000,20000,experiments/strata_two_factor_explore_cycle_3/reward_both_state_0/results/20260909T084200Z-e5f5f91b/checkpoint_probes/steps_000265026/probe_battery.json,policy,/policy/factor_state_fractions/factor_2/1,0.32945
explore_cycle_3_both,42,265026,8,intermediate,20000,20000,experiments/strata_two_factor_explore_cycle_3/reward_both_state_0/results/20260909T084200Z-e5f5f91b/checkpoint_probes/steps_000265026/probe_battery.json,policy,/policy/factor_state_fractions/factor_2/2,0.33325
explore_cycle_3_both,42,265026,8,intermediate,20000,20000,experiments/strata_two_factor_explore_cycle_3/reward_both_state_0/results/20260909T084200Z-e5f5f91b/checkpoint_probes/steps_000265026/probe_battery.json,policy,/policy/joint_state_fractions/0,0.11225
explore_cycle_3_both,42,265026,8,intermediate,20000,20000,experiments/strata_two_factor_explore_cycle_3/reward_both_state_0/results/20260909T084200Z-e5f5f91b/checkpoint_probes/steps_000265026/probe_battery.json,policy,/policy/joint_state_fractions/1,0.1093
explore_cycle_3_both,42,265026,8,intermediate,20000,20000,experiments/strata_two_factor_explore_cycle_3/reward_both_state_0/results/20260909T084200Z-e5f5f91b/checkpoint_probes/steps_000265026/probe_battery.json,policy,/policy/joint_state_fractions/2,0.11135
explore_cycle_3_both,42,265026,8,intermediate,20000,20000,experiments/strata_two_factor_explore_cycle_3/reward_both_state_0/results/20260909T084200Z-e5f5f91b/checkpoint_probes/steps_000265026/probe_battery.json,policy,/policy/joint_state_fractions/3,0.1106
explore_cycle_3_both,42,265026,8,intermediate,20000,20000,experiments/strata_two_factor_explore_cycle_3/reward_both_state_0/results/20260909T084200Z-e5f5f91b/checkpoint_probes/steps_000265026/probe_battery.json,policy,/policy/joint_state_fractions/4,0.1099
explore_cycle_3_both,42,265026,8,intermediate,20000,20000,experiments/strata_two_factor_explore_cycle_3/reward_both_state_0/results/20260909T084200Z-e5f5f91b/checkpoint_probes/steps_000265026/probe_battery.json,policy,/policy/joint_state_fractions/5,0.1121
explore_cycle_3_both,42,265026,8,intermediate,20000,20000,experiments/strata_two_factor_explore_cycle_3/reward_both_state_0/results/20260909T084200Z-e5f5f91b/checkpoint_probes/steps_000265026/probe_battery.json,policy,/policy/joint_state_fractions/6,0.11445
explore_cycle_3_both,42,265026,8,intermediate,20000,20000,experiments/strata_two_factor_explore_cycle_3/reward_both_state_0/results/20260909T084200Z-e5f5f91b/checkpoint_probes/steps_000265026/probe_battery.json,policy,/policy/joint_state_fractions/7,0.11025
explore_cycle_3_both,42,265026,8,intermediate,20000,20000,experiments/strata_two_factor_explore_cycle_3/reward_both_state_0/results/20260909T084200Z-e5f5f91b/checkpoint_probes/steps_000265026/probe_battery.json,policy,/policy/joint_state_fractions/8,0.1098
explore_cycle_3_both,42,265026,8,intermediate,20000,20000,experiments/strata_two_factor_explore_cycle_3/reward_both_state_0/results/20260909T084200Z-e5f5f91b/checkpoint_probes/steps_000265026/probe_battery.json,policy,/policy/mean_reward,0.335025
explore_cycle_3_both,42,265026,8,intermediate,20000,20000,experiments/strata_two_factor_explore_cycle_3/reward_both_state_0/results/20260909T084200Z-e5f5f91b/checkpoint_probes/steps_000265026/probe_battery.json,policy,/policy/mode,learned_stochastic
explore_cycle_3_both,42,265026,8,intermediate,20000,20000,experiments/strata_two_factor_explore_cycle_3/reward_both_state_0/results/20260909T084200Z-e5f5f91b/checkpoint_probes/steps_000265026/probe_battery.json,policy,/policy/temperature,1.5
explore_cycle_3_both,42,265026,8,intermediate,20000,20000,experiments/strata_two_factor_explore_cycle_3/reward_both_state_0/results/20260909T084200Z-e5f5f91b/checkpoint_probes/steps_000265026/probe_battery.json,train_policy,/train_policy/action_fractions/0,0.1099
explore_cycle_3_both,42,265026,8,intermediate,20000,20000,experiments/strata_two_factor_explore_cycle_3/reward_both_state_0/results/20260909T084200Z-e5f5f91b/checkpoint_probes/steps_000265026/probe_battery.json,train_policy,/train_policy/action_fractions/1,0.1139
explore_cycle_3_both,42,265026,8,intermediate,20000,20000,experiments/strata_two_factor_explore_cycle_3/reward_both_state_0/results/20260909T084200Z-e5f5f91b/checkpoint_probes/steps_000265026/probe_battery.json,train_policy,/train_policy/action_fractions/2,0.0872
explore_cycle_3_both,42,265026,8,intermediate,20000,20000,experiments/strata_two_factor_explore_cycle_3/reward_both_state_0/results/20260909T084200Z-e5f5f91b/checkpoint_probes/steps_000265026/probe_battery.json,train_policy,/train_policy/action_fractions/3,0.05545
explore_cycle_3_both,42,265026,8,intermediate,20000,20000,experiments/strata_two_factor_explore_cycle_3/reward_both_state_0/results/20260909T084200Z-e5f5f91b/checkpoint_probes/steps_000265026/probe_battery.json,train_policy,/train_policy/action_fractions/4,0.1174
explore_cycle_3_both,42,265026,8,intermediate,20000,20000,experiments/strata_two_factor_explore_cycle_3/reward_both_state_0/results/20260909T084200Z-e5f5f91b/checkpoint_probes/steps_000265026/probe_battery.json,train_policy,/train_policy/action_fractions/5,0.1433
explore_cycle_3_both,42,265026,8,intermediate,20000,20000,experiments/strata_two_factor_explore_cycle_3/reward_both_state_0/results/20260909T084200Z-e5f5f91b/checkpoint_probes/steps_000265026/probe_battery.json,train_policy,/train_policy/action_fractions/6,0.18255
explore_cycle_3_both,42,265026,8,intermediate,20000,20000,experiments/strata_two_factor_explore_cycle_3/reward_both_state_0/results/20260909T084200Z-e5f5f91b/checkpoint_probes/steps_000265026/probe_battery.json,train_policy,/train_policy/action_fractions/7,0.0439
explore_cycle_3_both,42,265026,8,intermediate,20000,20000,experiments/strata_two_factor_explore_cycle_3/reward_both_state_0/results/20260909T084200Z-e5f5f91b/checkpoint_probes/steps_000265026/probe_battery.json,train_policy,/train_policy/action_fractions/8,0.1464
explore_cycle_3_both,42,265026,8,intermediate,20000,20000,experiments/strata_two_factor_explore_cycle_3/reward_both_state_0/results/20260909T084200Z-e5f5f91b/checkpoint_probes/steps_000265026/probe_battery.json,train_policy,/train_policy/factor_action_fractions/factor_1/0,0.311
explore_cycle_3_both,42,265026,8,intermediate,20000,20000,experiments/strata_two_factor_explore_cycle_3/reward_both_state_0/results/20260909T084200Z-e5f5f91b/checkpoint_probes/steps_000265026/probe_battery.json,train_policy,/train_policy/factor_action_fractions/factor_1/1,0.31615
explore_cycle_3_both,42,265026,8,intermediate,20000,20000,experiments/strata_two_factor_explore_cycle_3/reward_both_state_0/results/20260909T084200Z-e5f5f91b/checkpoint_probes/steps_000265026/probe_battery.json,train_policy,/train_policy/factor_action_fractions/factor_1/2,0.37285
explore_cycle_3_both,42,265026,8,intermediate,20000,20000,experiments/strata_two_factor_explore_cycle_3/reward_both_state_0/results/20260909T084200Z-e5f5f91b/checkpoint_probes/steps_000265026/probe_battery.json,train_policy,/train_policy/factor_action_fractions/factor_2/0,0.3479
explore_cycle_3_both,42,265026,8,intermediate,20000,20000,experiments/strata_two_factor_explore_cycle_3/reward_both_state_0/results/20260909T084200Z-e5f5f91b/checkpoint_probes/steps_000265026/probe_battery.json,train_policy,/train_policy/factor_action_fractions/factor_2/1,0.2752
explore_cycle_3_both,42,265026,8,intermediate,20000,20000,experiments/strata_two_factor_explore_cycle_3/reward_both_state_0/results/20260909T084200Z-e5f5f91b/checkpoint_probes/steps_000265026/probe_battery.json,train_policy,/train_policy/factor_action_fractions/factor_2/2,0.3769
explore_cycle_3_both,42,265026,8,intermediate,20000,20000,experiments/strata_two_factor_explore_cycle_3/reward_both_state_0/results/20260909T084200Z-e5f5f91b/checkpoint_probes/steps_000265026/probe_battery.json,train_policy,/train_policy/factor_state_fractions/factor_1/0,0.33285
explore_cycle_3_both,42,265026,8,intermediate,20000,20000,experiments/strata_two_factor_explore_cycle_3/reward_both_state_0/results/20260909T084200Z-e5f5f91b/checkpoint_probes/steps_000265026/probe_battery.json,train_policy,/train_policy/factor_state_fractions/factor_1/1,0.33705
explore_cycle_3_both,42,265026,8,intermediate,20000,20000,experiments/strata_two_factor_explore_cycle_3/reward_both_state_0/results/20260909T084200Z-e5f5f91b/checkpoint_probes/steps_000265026/probe_battery.json,train_policy,/train_policy/factor_state_fractions/factor_1/2,0.3301
explore_cycle_3_both,42,265026,8,intermediate,20000,20000,experiments/strata_two_factor_explore_cycle_3/reward_both_state_0/results/20260909T084200Z-e5f5f91b/checkpoint_probes/steps_000265026/probe_battery.json,train_policy,/train_policy/factor_state_fractions/factor_2/0,0.32905
explore_cycle_3_both,42,265026,8,intermediate,20000,20000,experiments/strata_two_factor_explore_cycle_3/reward_both_state_0/results/20260909T084200Z-e5f5f91b/checkpoint_probes/steps_000265026/probe_battery.json,train_policy,/train_policy/factor_state_fractions/factor_2/1,0.3411
explore_cycle_3_both,42,265026,8,intermediate,20000,20000,experiments/strata_two_factor_explore_cycle_3/reward_both_state_0/results/20260909T084200Z-e5f5f91b/checkpoint_probes/steps_000265026/probe_battery.json,train_policy,/train_policy/factor_state_fractions/factor_2/2,0.32985
explore_cycle_3_both,42,265026,8,intermediate,20000,20000,experiments/strata_two_factor_explore_cycle_3/reward_both_state_0/results/20260909T084200Z-e5f5f91b/checkpoint_probes/steps_000265026/probe_battery.json,train_policy,/train_policy/joint_state_fractions/0,0.11005
explore_cycle_3_both,42,265026,8,intermediate,20000,20000,experiments/strata_two_factor_explore_cycle_3/reward_both_state_0/results/20260909T084200Z-e5f5f91b/checkpoint_probes/steps_000265026/probe_battery.json,train_policy,/train_policy/joint_state_fractions/1,0.11575
explore_cycle_3_both,42,265026,8,intermediate,20000,20000,experiments/strata_two_factor_explore_cycle_3/reward_both_state_0/results/20260909T084200Z-e5f5f91b/checkpoint_probes/steps_000265026/probe_battery.json,train_policy,/train_policy/joint_state_fractions/2,0.10705
explore_cycle_3_both,42,265026,8,intermediate,20000,20000,experiments/strata_two_factor_explore_cycle_3/reward_both_state_0/results/20260909T084200Z-e5f5f91b/checkpoint_probes/steps_000265026/probe_battery.json,train_policy,/train_policy/joint_state_fractions/3,0.10955
explore_cycle_3_both,42,265026,8,intermediate,20000,20000,experiments/strata_two_factor_explore_cycle_3/reward_both_state_0/results/20260909T084200Z-e5f5f91b/checkpoint_probes/steps_000265026/probe_battery.json,train_policy,/train_policy/joint_state_fractions/4,0.1127
explore_cycle_3_both,42,265026,8,intermediate,20000,20000,experiments/strata_two_factor_explore_cycle_3/reward_both_state_0/results/20260909T084200Z-e5f5f91b/checkpoint_probes/steps_000265026/probe_battery.json,train_policy,/train_policy/joint_state_fractions/5,0.1148
explore_cycle_3_both,42,265026,8,intermediate,20000,20000,experiments/strata_two_factor_explore_cycle_3/reward_both_state_0/results/20260909T084200Z-e5f5f91b/checkpoint_probes/steps_000265026/probe_battery.json,train_policy,/train_policy/joint_state_fractions/6,0.10945
explore_cycle_3_both,42,265026,8,intermediate,20000,20000,experiments/strata_two_factor_explore_cycle_3/reward_both_state_0/results/20260909T084200Z-e5f5f91b/checkpoint_probes/steps_000265026/probe_battery.json,train_policy,/train_policy/joint_state_fractions/7,0.11265
explore_cycle_3_both,42,265026,8,intermediate,20000,20000,experiments/strata_two_factor_explore_cycle_3/reward_both_state_0/results/20260909T084200Z-e5f5f91b/checkpoint_probes/steps_000265026/probe_battery.json,train_policy,/train_policy/joint_state_fractions/8,0.108
explore_cycle_3_both,42,265026,8,intermediate,20000,20000,experiments/strata_two_factor_explore_cycle_3/reward_both_state_0/results/20260909T084200Z-e5f5f91b/checkpoint_probes/steps_000265026/probe_battery.json,train_policy,/train_policy/mean_reward,0.3308
explore_cycle_3_both,42,265026,8,intermediate,20000,20000,experiments/strata_two_factor_explore_cycle_3/reward_both_state_0/results/20260909T084200Z-e5f5f91b/checkpoint_probes/steps_000265026/probe_battery.json,train_policy,/train_policy/mode,learned_stochastic
explore_cycle_3_both,42,265026,8,intermediate,20000,20000,experiments/strata_two_factor_explore_cycle_3/reward_both_state_0/results/20260909T084200Z-e5f5f91b/checkpoint_probes/steps_000265026/probe_battery.json,train_policy,/train_policy/temperature,1.5
explore_cycle_3_both,42,529886,16,intermediate,20000,20000,experiments/strata_two_factor_explore_cycle_3/reward_both_state_0/results/20260909T084200Z-e5f5f91b/checkpoint_probes/steps_000529886/probe_battery.json,policy,/policy/action_fractions/0,0.07365
explore_cycle_3_both,42,529886,16,intermediate,20000,20000,experiments/strata_two_factor_explore_cycle_3/reward_both_state_0/results/20260909T084200Z-e5f5f91b/checkpoint_probes/steps_000529886/probe_battery.json,policy,/policy/action_fractions/1,0.09675
explore_cycle_3_both,42,529886,16,intermediate,20000,20000,experiments/strata_two_factor_explore_cycle_3/reward_both_state_0/results/20260909T084200Z-e5f5f91b/checkpoint_probes/steps_000529886/probe_battery.json,policy,/policy/action_fractions/2,0.1271
explore_cycle_3_both,42,529886,16,intermediate,20000,20000,experiments/strata_two_factor_explore_cycle_3/reward_both_state_0/results/20260909T084200Z-e5f5f91b/checkpoint_probes/steps_000529886/probe_battery.json,policy,/policy/action_fractions/3,0.0234
explore_cycle_3_both,42,529886,16,intermediate,20000,20000,experiments/strata_two_factor_explore_cycle_3/reward_both_state_0/results/20260909T084200Z-e5f5f91b/checkpoint_probes/steps_000529886/probe_battery.json,policy,/policy/action_fractions/4,0.09855
explore_cycle_3_both,42,529886,16,intermediate,20000,20000,experiments/strata_two_factor_explore_cycle_3/reward_both_state_0/results/20260909T084200Z-e5f5f91b/checkpoint_probes/steps_000529886/probe_battery.json,policy,/policy/action_fractions/5,0.0993
explore_cycle_3_both,42,529886,16,intermediate,20000,20000,experiments/strata_two_factor_explore_cycle_3/reward_both_state_0/results/20260909T084200Z-e5f5f91b/checkpoint_probes/steps_000529886/probe_battery.json,policy,/policy/action_fractions/6,0.18045
explore_cycle_3_both,42,529886,16,intermediate,20000,20000,experiments/strata_two_factor_explore_cycle_3/reward_both_state_0/results/20260909T084200Z-e5f5f91b/checkpoint_probes/steps_000529886/probe_battery.json,policy,/policy/action_fractions/7,0.01545
explore_cycle_3_both,42,529886,16,intermediate,20000,20000,experiments/strata_two_factor_explore_cycle_3/reward_both_state_0/results/20260909T084200Z-e5f5f91b/checkpoint_probes/steps_000529886/probe_battery.json,policy,/policy/action_fractions/8,0.28535
explore_cycle_3_both,42,529886,16,intermediate,20000,20000,experiments/strata_two_factor_explore_cycle_3/reward_both_state_0/results/20260909T084200Z-e5f5f91b/checkpoint_probes/steps_000529886/probe_battery.json,policy,/policy/factor_action_fractions/factor_1/0,0.2975
explore_cycle_3_both,42,529886,16,intermediate,20000,20000,experiments/strata_two_factor_explore_cycle_3/reward_both_state_0/results/20260909T084200Z-e5f5f91b/checkpoint_probes/steps_000529886/probe_battery.json,policy,/policy/factor_action_fractions/factor_1/1,0.22125
explore_cycle_3_both,42,529886,16,intermediate,20000,20000,experiments/strata_two_factor_explore_cycle_3/reward_both_state_0/results/20260909T084200Z-e5f5f91b/checkpoint_probes/steps_000529886/probe_battery.json,policy,/policy/factor_action_fractions/factor_1/2,0.48125
explore_cycle_3_both,42,529886,16,intermediate,20000,20000,experiments/strata_two_factor_explore_cycle_3/reward_both_state_0/results/20260909T084200Z-e5f5f91b/checkpoint_probes/steps_000529886/probe_battery.json,policy,/policy/factor_action_fractions/factor_2/0,0.2775
explore_cycle_3_both,42,529886,16,intermediate,20000,20000,experiments/strata_two_factor_explore_cycle_3/reward_both_state_0/results/20260909T084200Z-e5f5f91b/checkpoint_probes/steps_000529886/probe_battery.json,policy,/policy/factor_action_fractions/factor_2/1,0.21075
explore_cycle_3_both,42,529886,16,intermediate,20000,20000,experiments/strata_two_factor_explore_cycle_3/reward_both_state_0/results/20260909T084200Z-e5f5f91b/checkpoint_probes/steps_000529886/probe_battery.json,policy,/policy/factor_action_fractions/factor_2/2,0.51175
explore_cycle_3_both,42,529886,16,intermediate,20000,20000,experiments/strata_two_factor_explore_cycle_3/reward_both_state_0/results/20260909T084200Z-e5f5f91b/checkpoint_probes/steps_000529886/probe_battery.json,policy,/policy/factor_state_fractions/factor_1/0,0.37405
explore_cycle_3_both,42,529886,16,intermediate,20000,20000,experiments/strata_two_factor_explore_cycle_3/reward_both_state_0/results/20260909T084200Z-e5f5f91b/checkpoint_probes/steps_000529886/probe_battery.json,policy,/policy/factor_state_fractions/factor_1/1,0.3144
explore_cycle_3_both,42,529886,16,intermediate,20000,20000,experiments/strata_two_factor_explore_cycle_3/reward_both_state_0/results/20260909T084200Z-e5f5f91b/checkpoint_probes/steps_000529886/probe_battery.json,policy,/policy/factor_state_fractions/factor_1/2,0.31155
explore_cycle_3_both,42,529886,16,intermediate,20000,20000,experiments/strata_two_factor_explore_cycle_3/reward_both_state_0/results/20260909T084200Z-e5f5f91b/checkpoint_probes/steps_000529886/probe_battery.json,policy,/policy/factor_state_fractions/factor_2/0,0.3615
explore_cycle_3_both,42,529886,16,intermediate,20000,20000,experiments/strata_two_factor_explore_cycle_3/reward_both_state_0/results/20260909T084200Z-e5f5f91b/checkpoint_probes/steps_000529886/probe_battery.json,policy,/policy/factor_state_fractions/factor_2/1,0.3277
explore_cycle_3_both,42,529886,16,intermediate,20000,20000,experiments/strata_two_factor_explore_cycle_3/reward_both_state_0/results/20260909T084200Z-e5f5f91b/checkpoint_probes/steps_000529886/probe_battery.json,policy,/policy/factor_state_fractions/factor_2/2,0.3108
explore_cycle_3_both,42,529886,16,intermediate,20000,20000,experiments/strata_two_factor_explore_cycle_3/reward_both_state_0/results/20260909T084200Z-e5f5f91b/checkpoint_probes/steps_000529886/probe_battery.json,policy,/policy/joint_state_fractions/0,0.13405
explore_cycle_3_both,42,529886,16,intermediate,20000,20000,experiments/strata_two_factor_explore_cycle_3/reward_both_state_0/results/20260909T084200Z-e5f5f91b/checkpoint_probes/steps_000529886/probe_battery.json,policy,/policy/joint_state_fractions/1,0.1233
explore_cycle_3_both,42,529886,16,intermediate,20000,20000,experiments/strata_two_factor_explore_cycle_3/reward_both_state_0/results/20260909T084200Z-e5f5f91b/checkpoint_probes/steps_000529886/probe_battery.json,policy,/policy/joint_state_fractions/2,0.1167
explore_cycle_3_both,42,529886,16,intermediate,20000,20000,experiments/strata_two_factor_explore_cycle_3/reward_both_state_0/results/20260909T084200Z-e5f5f91b/checkpoint_probes/steps_000529886/probe_battery.json,policy,/policy/joint_state_fractions/3,0.1144
explore_cycle_3_both,42,529886,16,intermediate,20000,20000,experiments/strata_two_factor_explore_cycle_3/reward_both_state_0/results/20260909T084200Z-e5f5f91b/checkpoint_probes/steps_000529886/probe_battery.json,policy,/policy/joint_state_fractions/4,0.1035
explore_cycle_3_both,42,529886,16,intermediate,20000,20000,experiments/strata_two_factor_explore_cycle_3/reward_both_state_0/results/20260909T084200Z-e5f5f91b/checkpoint_probes/steps_000529886/probe_battery.json,policy,/policy/joint_state_fractions/5,0.0965
explore_cycle_3_both,42,529886,16,intermediate,20000,20000,experiments/strata_two_factor_explore_cycle_3/reward_both_state_0/results/20260909T084200Z-e5f5f91b/checkpoint_probes/steps_000529886/probe_battery.json,policy,/policy/joint_state_fractions/6,0.11305
explore_cycle_3_both,42,529886,16,intermediate,20000,20000,experiments/strata_two_factor_explore_cycle_3/reward_both_state_0/results/20260909T084200Z-e5f5f91b/checkpoint_probes/steps_000529886/probe_battery.json,policy,/policy/joint_state_fractions/7,0.1009
explore_cycle_3_both,42,529886,16,intermediate,20000,20000,experiments/strata_two_factor_explore_cycle_3/reward_both_state_0/results/20260909T084200Z-e5f5f91b/checkpoint_probes/steps_000529886/probe_battery.json,policy,/policy/joint_state_fractions/8,0.0976
explore_cycle_3_both,42,529886,16,intermediate,20000,20000,experiments/strata_two_factor_explore_cycle_3/reward_both_state_0/results/20260909T084200Z-e5f5f91b/checkpoint_probes/steps_000529886/probe_battery.json,policy,/policy/mean_reward,0.3679
explore_cycle_3_both,42,529886,16,intermediate,20000,20000,experiments/strata_two_factor_explore_cycle_3/reward_both_state_0/results/20260909T084200Z-e5f5f91b/checkpoint_probes/steps_000529886/probe_battery.json,policy,/policy/mode,learned_stochastic
explore_cycle_3_both,42,529886,16,intermediate,20000,20000,experiments/strata_two_factor_explore_cycle_3/reward_both_state_0/results/20260909T084200Z-e5f5f91b/checkpoint_probes/steps_000529886/probe_battery.json,policy,/policy/temperature,1.5
explore_cycle_3_both,42,529886,16,intermediate,20000,20000,experiments/strata_two_factor_explore_cycle_3/reward_both_state_0/results/20260909T084200Z-e5f5f91b/checkpoint_probes/steps_000529886/probe_battery.json,train_policy,/train_policy/action_fractions/0,0.07635
explore_cycle_3_both,42,529886,16,intermediate,20000,20000,experiments/strata_two_factor_explore_cycle_3/reward_both_state_0/results/20260909T084200Z-e5f5f91b/checkpoint_probes/steps_000529886/probe_battery.json,train_policy,/train_policy/action_fractions/1,0.09765
explore_cycle_3_both,42,529886,16,intermediate,20000,20000,experiments/strata_two_factor_explore_cycle_3/reward_both_state_0/results/20260909T084200Z-e5f5f91b/checkpoint_probes/steps_000529886/probe_battery.json,train_policy,/train_policy/action_fractions/2,0.1215
explore_cycle_3_both,42,529886,16,intermediate,20000,20000,experiments/strata_two_factor_explore_cycle_3/reward_both_state_0/results/20260909T084200Z-e5f5f91b/checkpoint_probes/steps_000529886/probe_battery.json,train_policy,/train_policy/action_fractions/3,0.02385
explore_cycle_3_both,42,529886,16,intermediate,20000,20000,experiments/strata_two_factor_explore_cycle_3/reward_both_state_0/results/20260909T084200Z-e5f5f91b/checkpoint_probes/steps_000529886/probe_battery.json,train_policy,/train_policy/action_fractions/4,0.09595
explore_cycle_3_both,42,529886,16,intermediate,20000,20000,experiments/strata_two_factor_explore_cycle_3/reward_both_state_0/results/20260909T084200Z-e5f5f91b/checkpoint_probes/steps_000529886/probe_battery.json,train_policy,/train_policy/action_fractions/5,0.1002
explore_cycle_3_both,42,529886,16,intermediate,20000,20000,experiments/strata_two_factor_explore_cycle_3/reward_both_state_0/results/20260909T084200Z-e5f5f91b/checkpoint_probes/steps_000529886/probe_battery.json,train_policy,/train_policy/action_fractions/6,0.17895
explore_cycle_3_both,42,529886,16,intermediate,20000,20000,experiments/strata_two_factor_explore_cycle_3/reward_both_state_0/results/20260909T084200Z-e5f5f91b/checkpoint_probes/steps_000529886/probe_battery.json,train_policy,/train_policy/action_fractions/7,0.0153
explore_cycle_3_both,42,529886,16,intermediate,20000,20000,experiments/strata_two_factor_explore_cycle_3/reward_both_state_0/results/20260909T084200Z-e5f5f91b/checkpoint_probes/steps_000529886/probe_battery.json,train_policy,/train_policy/action_fractions/8,0.29025
explore_cycle_3_both,42,529886,16,intermediate,20000,20000,experiments/strata_two_factor_explore_cycle_3/reward_both_state_0/results/20260909T084200Z-e5f5f91b/checkpoint_probes/steps_000529886/probe_battery.json,train_policy,/train_policy/factor_action_fractions/factor_1/0,0.2955
explore_cycle_3_both,42,529886,16,intermediate,20000,20000,experiments/strata_two_factor_explore_cycle_3/reward_both_state_0/results/20260909T084200Z-e5f5f91b/checkpoint_probes/steps_000529886/probe_battery.json,train_policy,/train_policy/factor_action_fractions/factor_1/1,0.22
explore_cycle_3_both,42,529886,16,intermediate,20000,20000,experiments/strata_two_factor_explore_cycle_3/reward_both_state_0/results/20260909T084200Z-e5f5f91b/checkpoint_probes/steps_000529886/probe_battery.json,train_policy,/train_policy/factor_action_fractions/factor_1/2,0.4845
explore_cycle_3_both,42,529886,16,intermediate,20000,20000,experiments/strata_two_factor_explore_cycle_3/reward_both_state_0/results/20260909T084200Z-e5f5f91b/checkpoint_probes/steps_000529886/probe_battery.json,train_policy,/train_policy/factor_action_fractions/factor_2/0,0.27915
explore_cycle_3_both,42,529886,16,intermediate,20000,20000,experiments/strata_two_factor_explore_cycle_3/reward_both_state_0/results/20260909T084200Z-e5f5f91b/checkpoint_probes/steps_000529886/probe_battery.json,train_policy,/train_policy/factor_action_fractions/factor_2/1,0.2089
explore_cycle_3_both,42,529886,16,intermediate,20000,20000,experiments/strata_two_factor_explore_cycle_3/reward_both_state_0/results/20260909T084200Z-e5f5f91b/checkpoint_probes/steps_000529886/probe_battery.json,train_policy,/train_policy/factor_action_fractions/factor_2/2,0.51195
explore_cycle_3_both,42,529886,16,intermediate,20000,20000,experiments/strata_two_factor_explore_cycle_3/reward_both_state_0/results/20260909T084200Z-e5f5f91b/checkpoint_probes/steps_000529886/probe_battery.json,train_policy,/train_policy/factor_state_fractions/factor_1/0,0.37755
explore_cycle_3_both,42,529886,16,intermediate,20000,20000,experiments/strata_two_factor_explore_cycle_3/reward_both_state_0/results/20260909T084200Z-e5f5f91b/checkpoint_probes/steps_000529886/probe_battery.json,train_policy,/train_policy/factor_state_fractions/factor_1/1,0.3183
explore_cycle_3_both,42,529886,16,intermediate,20000,20000,experiments/strata_two_factor_explore_cycle_3/reward_both_state_0/results/20260909T084200Z-e5f5f91b/checkpoint_probes/steps_000529886/probe_battery.json,train_policy,/train_policy/factor_state_fractions/factor_1/2,0.30415
explore_cycle_3_both,42,529886,16,intermediate,20000,20000,experiments/strata_two_factor_explore_cycle_3/reward_both_state_0/results/20260909T084200Z-e5f5f91b/checkpoint_probes/steps_000529886/probe_battery.json,train_policy,/train_policy/factor_state_fractions/factor_2/0,0.3561
explore_cycle_3_both,42,529886,16,intermediate,20000,20000,experiments/strata_two_factor_explore_cycle_3/reward_both_state_0/results/20260909T084200Z-e5f5f91b/checkpoint_probes/steps_000529886/probe_battery.json,train_policy,/train_policy/factor_state_fractions/factor_2/1,0.32035
explore_cycle_3_both,42,529886,16,intermediate,20000,20000,experiments/strata_two_factor_explore_cycle_3/reward_both_state_0/results/20260909T084200Z-e5f5f91b/checkpoint_probes/steps_000529886/probe_battery.json,train_policy,/train_policy/factor_state_fractions/factor_2/2,0.32355
explore_cycle_3_both,42,529886,16,intermediate,20000,20000,experiments/strata_two_factor_explore_cycle_3/reward_both_state_0/results/20260909T084200Z-e5f5f91b/checkpoint_probes/steps_000529886/probe_battery.json,train_policy,/train_policy/joint_state_fractions/0,0.13315
explore_cycle_3_both,42,529886,16,intermediate,20000,20000,experiments/strata_two_factor_explore_cycle_3/reward_both_state_0/results/20260909T084200Z-e5f5f91b/checkpoint_probes/steps_000529886/probe_battery.json,train_policy,/train_policy/joint_state_fractions/1,0.1222
explore_cycle_3_both,42,529886,16,intermediate,20000,20000,experiments/strata_two_factor_explore_cycle_3/reward_both_state_0/results/20260909T084200Z-e5f5f91b/checkpoint_probes/steps_000529886/probe_battery.json,train_policy,/train_policy/joint_state_fractions/2,0.1222
explore_cycle_3_both,42,529886,16,intermediate,20000,20000,experiments/strata_two_factor_explore_cycle_3/reward_both_state_0/results/20260909T084200Z-e5f5f91b/checkpoint_probes/steps_000529886/probe_battery.json,train_policy,/train_policy/joint_state_fractions/3,0.1133
explore_cycle_3_both,42,529886,16,intermediate,20000,20000,experiments/strata_two_factor_explore_cycle_3/reward_both_state_0/results/20260909T084200Z-e5f5f91b/checkpoint_probes/steps_000529886/probe_battery.json,train_policy,/train_policy/joint_state_fractions/4,0.10295
explore_cycle_3_both,42,529886,16,intermediate,20000,20000,experiments/strata_two_factor_explore_cycle_3/reward_both_state_0/results/20260909T084200Z-e5f5f91b/checkpoint_probes/steps_000529886/probe_battery.json,train_policy,/train_policy/joint_state_fractions/5,0.10205
explore_cycle_3_both,42,529886,16,intermediate,20000,20000,experiments/strata_two_factor_explore_cycle_3/reward_both_state_0/results/20260909T084200Z-e5f5f91b/checkpoint_probes/steps_000529886/probe_battery.json,train_policy,/train_policy/joint_state_fractions/6,0.10965
explore_cycle_3_both,42,529886,16,intermediate,20000,20000,experiments/strata_two_factor_explore_cycle_3/reward_both_state_0/results/20260909T084200Z-e5f5f91b/checkpoint_probes/steps_000529886/probe_battery.json,train_policy,/train_policy/joint_state_fractions/7,0.0952
explore_cycle_3_both,42,529886,16,intermediate,20000,20000,experiments/strata_two_factor_explore_cycle_3/reward_both_state_0/results/20260909T084200Z-e5f5f91b/checkpoint_probes/steps_000529886/probe_battery.json,train_policy,/train_policy/joint_state_fractions/8,0.0993
explore_cycle_3_both,42,529886,16,intermediate,20000,20000,experiments/strata_two_factor_explore_cycle_3/reward_both_state_0/results/20260909T084200Z-e5f5f91b/checkpoint_probes/steps_000529886/probe_battery.json,train_policy,/train_policy/mean_reward,0.366675
explore_cycle_3_both,42,529886,16,intermediate,20000,20000,experiments/strata_two_factor_explore_cycle_3/reward_both_state_0/results/20260909T084200Z-e5f5f91b/checkpoint_probes/steps_000529886/probe_battery.json,train_policy,/train_policy/mode,learned_stochastic
explore_cycle_3_both,42,529886,16,intermediate,20000,20000,experiments/strata_two_factor_explore_cycle_3/reward_both_state_0/results/20260909T084200Z-e5f5f91b/checkpoint_probes/steps_000529886/probe_battery.json,train_policy,/train_policy/temperature,1.5
explore_cycle_3_both,42,1059875,32,intermediate,20000,20000,experiments/strata_two_factor_explore_cycle_3/reward_both_state_0/results/20260909T084200Z-e5f5f91b/checkpoint_probes/steps_001059875/probe_battery.json,policy,/policy/action_fractions/0,0.16
explore_cycle_3_both,42,1059875,32,intermediate,20000,20000,experiments/strata_two_factor_explore_cycle_3/reward_both_state_0/results/20260909T084200Z-e5f5f91b/checkpoint_probes/steps_001059875/probe_battery.json,policy,/policy/action_fractions/1,0.09135
explore_cycle_3_both,42,1059875,32,intermediate,20000,20000,experiments/strata_two_factor_explore_cycle_3/reward_both_state_0/results/20260909T084200Z-e5f5f91b/checkpoint_probes/steps_001059875/probe_battery.json,policy,/policy/action_fractions/2,0.17205
explore_cycle_3_both,42,1059875,32,intermediate,20000,20000,experiments/strata_two_factor_explore_cycle_3/reward_both_state_0/results/20260909T084200Z-e5f5f91b/checkpoint_probes/steps_001059875/probe_battery.json,policy,/policy/action_fractions/3,0.02
explore_cycle_3_both,42,1059875,32,intermediate,20000,20000,experiments/strata_two_factor_explore_cycle_3/reward_both_state_0/results/20260909T084200Z-e5f5f91b/checkpoint_probes/steps_001059875/probe_battery.json,policy,/policy/action_fractions/4,0.01255
explore_cycle_3_both,42,1059875,32,intermediate,20000,20000,experiments/strata_two_factor_explore_cycle_3/reward_both_state_0/results/20260909T084200Z-e5f5f91b/checkpoint_probes/steps_001059875/probe_battery.json,policy,/policy/action_fractions/5,0.05595
explore_cycle_3_both,42,1059875,32,intermediate,20000,20000,experiments/strata_two_factor_explore_cycle_3/reward_both_state_0/results/20260909T084200Z-e5f5f91b/checkpoint_probes/steps_001059875/probe_battery.json,policy,/policy/action_fractions/6,0.3349
explore_cycle_3_both,42,1059875,32,intermediate,20000,20000,experiments/strata_two_factor_explore_cycle_3/reward_both_state_0/results/20260909T084200Z-e5f5f91b/checkpoint_probes/steps_001059875/probe_battery.json,policy,/policy/action_fractions/7,0.0014
explore_cycle_3_both,42,1059875,32,intermediate,20000,20000,experiments/strata_two_factor_explore_cycle_3/reward_both_state_0/results/20260909T084200Z-e5f5f91b/checkpoint_probes/steps_001059875/probe_battery.json,policy,/policy/action_fractions/8,0.1518
explore_cycle_3_both,42,1059875,32,intermediate,20000,20000,experiments/strata_two_factor_explore_cycle_3/reward_both_state_0/results/20260909T084200Z-e5f5f91b/checkpoint_probes/steps_001059875/probe_battery.json,policy,/policy/factor_action_fractions/factor_1/0,0.4234
explore_cycle_3_both,42,1059875,32,intermediate,20000,20000,experiments/strata_two_factor_explore_cycle_3/reward_both_state_0/results/20260909T084200Z-e5f5f91b/checkpoint_probes/steps_001059875/probe_battery.json,policy,/policy/factor_action_fractions/factor_1/1,0.0885
explore_cycle_3_both,42,1059875,32,intermediate,20000,20000,experiments/strata_two_factor_explore_cycle_3/reward_both_state_0/results/20260909T084200Z-e5f5f91b/checkpoint_probes/steps_001059875/probe_battery.json,policy,/policy/factor_action_fractions/factor_1/2,0.4881
explore_cycle_3_both,42,1059875,32,intermediate,20000,20000,experiments/strata_two_factor_explore_cycle_3/reward_both_state_0/results/20260909T084200Z-e5f5f91b/checkpoint_probes/steps_001059875/probe_battery.json,policy,/policy/factor_action_fractions/factor_2/0,0.5149
explore_cycle_3_both,42,1059875,32,intermediate,20000,20000,experiments/strata_two_factor_explore_cycle_3/reward_both_state_0/results/20260909T084200Z-e5f5f91b/checkpoint_probes/steps_001059875/probe_battery.json,policy,/policy/factor_action_fractions/factor_2/1,0.1053
explore_cycle_3_both,42,1059875,32,intermediate,20000,20000,experiments/strata_two_factor_explore_cycle_3/reward_both_state_0/results/20260909T084200Z-e5f5f91b/checkpoint_probes/steps_001059875/probe_battery.json,policy,/policy/factor_action_fractions/factor_2/2,0.3798
explore_cycle_3_both,42,1059875,32,intermediate,20000,20000,experiments/strata_two_factor_explore_cycle_3/reward_both_state_0/results/20260909T084200Z-e5f5f91b/checkpoint_probes/steps_001059875/probe_battery.json,policy,/policy/factor_state_fractions/factor_1/0,0.48295
explore_cycle_3_both,42,1059875,32,intermediate,20000,20000,experiments/strata_two_factor_explore_cycle_3/reward_both_state_0/results/20260909T084200Z-e5f5f91b/checkpoint_probes/steps_001059875/probe_battery.json,policy,/policy/factor_state_fractions/factor_1/1,0.23155
explore_cycle_3_both,42,1059875,32,intermediate,20000,20000,experiments/strata_two_factor_explore_cycle_3/reward_both_state_0/results/20260909T084200Z-e5f5f91b/checkpoint_probes/steps_001059875/probe_battery.json,policy,/policy/factor_state_fractions/factor_1/2,0.2855
explore_cycle_3_both,42,1059875,32,intermediate,20000,20000,experiments/strata_two_factor_explore_cycle_3/reward_both_state_0/results/20260909T084200Z-e5f5f91b/checkpoint_probes/steps_001059875/probe_battery.json,policy,/policy/factor_state_fractions/factor_2/0,0.5195
explore_cycle_3_both,42,1059875,32,intermediate,20000,20000,experiments/strata_two_factor_explore_cycle_3/reward_both_state_0/results/20260909T084200Z-e5f5f91b/checkpoint_probes/steps_001059875/probe_battery.json,policy,/policy/factor_state_fractions/factor_2/1,0.2143
explore_cycle_3_both,42,1059875,32,intermediate,20000,20000,experiments/strata_two_factor_explore_cycle_3/reward_both_state_0/results/20260909T084200Z-e5f5f91b/checkpoint_probes/steps_001059875/probe_battery.json,policy,/policy/factor_state_fractions/factor_2/2,0.2662
explore_cycle_3_both,42,1059875,32,intermediate,20000,20000,experiments/strata_two_factor_explore_cycle_3/reward_both_state_0/results/20260909T084200Z-e5f5f91b/checkpoint_probes/steps_001059875/probe_battery.json,policy,/policy/joint_state_fractions/0,0.24515
explore_cycle_3_both,42,1059875,32,intermediate,20000,20000,experiments/strata_two_factor_explore_cycle_3/reward_both_state_0/results/20260909T084200Z-e5f5f91b/checkpoint_probes/steps_001059875/probe_battery.json,policy,/policy/joint_state_fractions/1,0.11105
explore_cycle_3_both,42,1059875,32,intermediate,20000,20000,experiments/strata_two_factor_explore_cycle_3/reward_both_state_0/results/20260909T084200Z-e5f5f91b/checkpoint_probes/steps_001059875/probe_battery.json,policy,/policy/joint_state_fractions/2,0.12675
explore_cycle_3_both,42,1059875,32,intermediate,20000,20000,experiments/strata_two_factor_explore_cycle_3/reward_both_state_0/results/20260909T084200Z-e5f5f91b/checkpoint_probes/steps_001059875/probe_battery.json,policy,/policy/joint_state_fractions/3,0.12325
explore_cycle_3_both,42,1059875,32,intermediate,20000,20000,experiments/strata_two_factor_explore_cycle_3/reward_both_state_0/results/20260909T084200Z-e5f5f91b/checkpoint_probes/steps_001059875/probe_battery.json,policy,/policy/joint_state_fractions/4,0.04475
explore_cycle_3_both,42,1059875,32,intermediate,20000,20000,experiments/strata_two_factor_explore_cycle_3/reward_both_state_0/results/20260909T084200Z-e5f5f91b/checkpoint_probes/steps_001059875/probe_battery.json,policy,/policy/joint_state_fractions/5,0.06355
explore_cycle_3_both,42,1059875,32,intermediate,20000,20000,experiments/strata_two_factor_explore_cycle_3/reward_both_state_0/results/20260909T084200Z-e5f5f91b/checkpoint_probes/steps_001059875/probe_battery.json,policy,/policy/joint_state_fractions/6,0.1511
explore_cycle_3_both,42,1059875,32,intermediate,20000,20000,experiments/strata_two_factor_explore_cycle_3/reward_both_state_0/results/20260909T084200Z-e5f5f91b/checkpoint_probes/steps_001059875/probe_battery.json,policy,/policy/joint_state_fractions/7,0.0585
explore_cycle_3_both,42,1059875,32,intermediate,20000,20000,experiments/strata_two_factor_explore_cycle_3/reward_both_state_0/results/20260909T084200Z-e5f5f91b/checkpoint_probes/steps_001059875/probe_battery.json,policy,/policy/joint_state_fractions/8,0.0759
explore_cycle_3_both,42,1059875,32,intermediate,20000,20000,experiments/strata_two_factor_explore_cycle_3/reward_both_state_0/results/20260909T084200Z-e5f5f91b/checkpoint_probes/steps_001059875/probe_battery.json,policy,/policy/mean_reward,0.501275
explore_cycle_3_both,42,1059875,32,intermediate,20000,20000,experiments/strata_two_factor_explore_cycle_3/reward_both_state_0/results/20260909T084200Z-e5f5f91b/checkpoint_probes/steps_001059875/probe_battery.json,policy,/policy/mode,learned_stochastic
explore_cycle_3_both,42,1059875,32,intermediate,20000,20000,experiments/strata_two_factor_explore_cycle_3/reward_both_state_0/results/20260909T084200Z-e5f5f91b/checkpoint_probes/steps_001059875/probe_battery.json,policy,/policy/temperature,1.5
explore_cycle_3_both,42,1059875,32,intermediate,20000,20000,experiments/strata_two_factor_explore_cycle_3/reward_both_state_0/results/20260909T084200Z-e5f5f91b/checkpoint_probes/steps_001059875/probe_battery.json,train_policy,/train_policy/action_fractions/0,0.1633
explore_cycle_3_both,42,1059875,32,intermediate,20000,20000,experiments/strata_two_factor_explore_cycle_3/reward_both_state_0/results/20260909T084200Z-e5f5f91b/checkpoint_probes/steps_001059875/probe_battery.json,train_policy,/train_policy/action_fractions/1,0.09275
explore_cycle_3_both,42,1059875,32,intermediate,20000,20000,experiments/strata_two_factor_explore_cycle_3/reward_both_state_0/results/20260909T084200Z-e5f5f91b/checkpoint_probes/steps_001059875/probe_battery.json,train_policy,/train_policy/action_fractions/2,0.16405
explore_cycle_3_both,42,1059875,32,intermediate,20000,20000,experiments/strata_two_factor_explore_cycle_3/reward_both_state_0/results/20260909T084200Z-e5f5f91b/checkpoint_probes/steps_001059875/probe_battery.json,train_policy,/train_policy/action_fractions/3,0.02185
explore_cycle_3_both,42,1059875,32,intermediate,20000,20000,experiments/strata_two_factor_explore_cycle_3/reward_both_state_0/results/20260909T084200Z-e5f5f91b/checkpoint_probes/steps_001059875/probe_battery.json,train_policy,/train_policy/action_fractions/4,0.0124
explore_cycle_3_both,42,1059875,32,intermediate,20000,20000,experiments/strata_two_factor_explore_cycle_3/reward_both_state_0/results/20260909T084200Z-e5f5f91b/checkpoint_probes/steps_001059875/probe_battery.json,train_policy,/train_policy/action_fractions/5,0.05725
explore_cycle_3_both,42,1059875,32,intermediate,20000,20000,experiments/strata_two_factor_explore_cycle_3/reward_both_state_0/results/20260909T084200Z-e5f5f91b/checkpoint_probes/steps_001059875/probe_battery.json,train_policy,/train_policy/action_fractions/6,0.3312
explore_cycle_3_both,42,1059875,32,intermediate,20000,20000,experiments/strata_two_factor_explore_cycle_3/reward_both_state_0/results/20260909T084200Z-e5f5f91b/checkpoint_probes/steps_001059875/probe_battery.json,train_policy,/train_policy/action_fractions/7,0.0013
explore_cycle_3_both,42,1059875,32,intermediate,20000,20000,experiments/strata_two_factor_explore_cycle_3/reward_both_state_0/results/20260909T084200Z-e5f5f91b/checkpoint_probes/steps_001059875/probe_battery.json,train_policy,/train_policy/action_fractions/8,0.1559
explore_cycle_3_both,42,1059875,32,intermediate,20000,20000,experiments/strata_two_factor_explore_cycle_3/reward_both_state_0/results/20260909T084200Z-e5f5f91b/checkpoint_probes/steps_001059875/probe_battery.json,train_policy,/train_policy/factor_action_fractions/factor_1/0,0.4201
explore_cycle_3_both,42,1059875,32,intermediate,20000,20000,experiments/strata_two_factor_explore_cycle_3/reward_both_state_0/results/20260909T084200Z-e5f5f91b/checkpoint_probes/steps_001059875/probe_battery.json,train_policy,/train_policy/factor_action_fractions/factor_1/1,0.0915
explore_cycle_3_both,42,1059875,32,intermediate,20000,20000,experiments/strata_two_factor_explore_cycle_3/reward_both_state_0/results/20260909T084200Z-e5f5f91b/checkpoint_probes/steps_001059875/probe_battery.json,train_policy,/train_policy/factor_action_fractions/factor_1/2,0.4884
explore_cycle_3_both,42,1059875,32,intermediate,20000,20000,experiments/strata_two_factor_explore_cycle_3/reward_both_state_0/results/20260909T084200Z-e5f5f91b/checkpoint_probes/steps_001059875/probe_battery.json,train_policy,/train_policy/factor_action_fractions/factor_2/0,0.51635
explore_cycle_3_both,42,1059875,32,intermediate,20000,20000,experiments/strata_two_factor_explore_cycle_3/reward_both_state_0/results/20260909T084200Z-e5f5f91b/checkpoint_probes/steps_001059875/probe_battery.json,train_policy,/train_policy/factor_action_fractions/factor_2/1,0.10645
explore_cycle_3_both,42,1059875,32,intermediate,20000,20000,experiments/strata_two_factor_explore_cycle_3/reward_both_state_0/results/20260909T084200Z-e5f5f91b/checkpoint_probes/steps_001059875/probe_battery.json,train_policy,/train_policy/factor_action_fractions/factor_2/2,0.3772
explore_cycle_3_both,42,1059875,32,intermediate,20000,20000,experiments/strata_two_factor_explore_cycle_3/reward_both_state_0/results/20260909T084200Z-e5f5f91b/checkpoint_probes/steps_001059875/probe_battery.json,train_policy,/train_policy/factor_state_fractions/factor_1/0,0.4729
explore_cycle_3_both,42,1059875,32,intermediate,20000,20000,experiments/strata_two_factor_explore_cycle_3/reward_both_state_0/results/20260909T084200Z-e5f5f91b/checkpoint_probes/steps_001059875/probe_battery.json,train_policy,/train_policy/factor_state_fractions/factor_1/1,0.23535
explore_cycle_3_both,42,1059875,32,intermediate,20000,20000,experiments/strata_two_factor_explore_cycle_3/reward_both_state_0/results/20260909T084200Z-e5f5f91b/checkpoint_probes/steps_001059875/probe_battery.json,train_policy,/train_policy/factor_state_fractions/factor_1/2,0.29175
explore_cycle_3_both,42,1059875,32,intermediate,20000,20000,experiments/strata_two_factor_explore_cycle_3/reward_both_state_0/results/20260909T084200Z-e5f5f91b/checkpoint_probes/steps_001059875/probe_battery.json,train_policy,/train_policy/factor_state_fractions/factor_2/0,0.5149
explore_cycle_3_both,42,1059875,32,intermediate,20000,20000,experiments/strata_two_factor_explore_cycle_3/reward_both_state_0/results/20260909T084200Z-e5f5f91b/checkpoint_probes/steps_001059875/probe_battery.json,train_policy,/train_policy/factor_state_fractions/factor_2/1,0.21455
explore_cycle_3_both,42,1059875,32,intermediate,20000,20000,experiments/strata_two_factor_explore_cycle_3/reward_both_state_0/results/20260909T084200Z-e5f5f91b/checkpoint_probes/steps_001059875/probe_battery.json,train_policy,/train_policy/factor_state_fractions/factor_2/2,0.27055
explore_cycle_3_both,42,1059875,32,intermediate,20000,20000,experiments/strata_two_factor_explore_cycle_3/reward_both_state_0/results/20260909T084200Z-e5f5f91b/checkpoint_probes/steps_001059875/probe_battery.json,train_policy,/train_policy/joint_state_fractions/0,0.24115
explore_cycle_3_both,42,1059875,32,intermediate,20000,20000,experiments/strata_two_factor_explore_cycle_3/reward_both_state_0/results/20260909T084200Z-e5f5f91b/checkpoint_probes/steps_001059875/probe_battery.json,train_policy,/train_policy/joint_state_fractions/1,0.1068
explore_cycle_3_both,42,1059875,32,intermediate,20000,20000,experiments/strata_two_factor_explore_cycle_3/reward_both_state_0/results/20260909T084200Z-e5f5f91b/checkpoint_probes/steps_001059875/probe_battery.json,train_policy,/train_policy/joint_state_fractions/2,0.12495
explore_cycle_3_both,42,1059875,32,intermediate,20000,20000,experiments/strata_two_factor_explore_cycle_3/reward_both_state_0/results/20260909T084200Z-e5f5f91b/checkpoint_probes/steps_001059875/probe_battery.json,train_policy,/train_policy/joint_state_fractions/3,0.1227
explore_cycle_3_both,42,1059875,32,intermediate,20000,20000,experiments/strata_two_factor_explore_cycle_3/reward_both_state_0/results/20260909T084200Z-e5f5f91b/checkpoint_probes/steps_001059875/probe_battery.json,train_policy,/train_policy/joint_state_fractions/4,0.0463
explore_cycle_3_both,42,1059875,32,intermediate,20000,20000,experiments/strata_two_factor_explore_cycle_3/reward_both_state_0/results/20260909T084200Z-e5f5f91b/checkpoint_probes/steps_001059875/probe_battery.json,train_policy,/train_policy/joint_state_fractions/5,0.06635
explore_cycle_3_both,42,1059875,32,intermediate,20000,20000,experiments/strata_two_factor_explore_cycle_3/reward_both_state_0/results/20260909T084200Z-e5f5f91b/checkpoint_probes/steps_001059875/probe_battery.json,train_policy,/train_policy/joint_state_fractions/6,0.15105
explore_cycle_3_both,42,1059875,32,intermediate,20000,20000,experiments/strata_two_factor_explore_cycle_3/reward_both_state_0/results/20260909T084200Z-e5f5f91b/checkpoint_probes/steps_001059875/probe_battery.json,train_policy,/train_policy/joint_state_fractions/7,0.06145
explore_cycle_3_both,42,1059875,32,intermediate,20000,20000,experiments/strata_two_factor_explore_cycle_3/reward_both_state_0/results/20260909T084200Z-e5f5f91b/checkpoint_probes/steps_001059875/probe_battery.json,train_policy,/train_policy/joint_state_fractions/8,0.07925
explore_cycle_3_both,42,1059875,32,intermediate,20000,20000,experiments/strata_two_factor_explore_cycle_3/reward_both_state_0/results/20260909T084200Z-e5f5f91b/checkpoint_probes/steps_001059875/probe_battery.json,train_policy,/train_policy/mean_reward,0.493825
explore_cycle_3_both,42,1059875,32,intermediate,20000,20000,experiments/strata_two_factor_explore_cycle_3/reward_both_state_0/results/20260909T084200Z-e5f5f91b/checkpoint_probes/steps_001059875/probe_battery.json,train_policy,/train_policy/mode,learned_stochastic
explore_cycle_3_both,42,1059875,32,intermediate,20000,20000,experiments/strata_two_factor_explore_cycle_3/reward_both_state_0/results/20260909T084200Z-e5f5f91b/checkpoint_probes/steps_001059875/probe_battery.json,train_policy,/train_policy/temperature,1.5
explore_cycle_3_both,42,2119586,64,intermediate,20000,20000,experiments/strata_two_factor_explore_cycle_3/reward_both_state_0/results/20260909T084200Z-e5f5f91b/checkpoint_probes/steps_002119586/probe_battery.json,policy,/policy/action_fractions/0,0.71495
explore_cycle_3_both,42,2119586,64,intermediate,20000,20000,experiments/strata_two_factor_explore_cycle_3/reward_both_state_0/results/20260909T084200Z-e5f5f91b/checkpoint_probes/steps_002119586/probe_battery.json,policy,/policy/action_fractions/1,0.0365
explore_cycle_3_both,42,2119586,64,intermediate,20000,20000,experiments/strata_two_factor_explore_cycle_3/reward_both_state_0/results/20260909T084200Z-e5f5f91b/checkpoint_probes/steps_002119586/probe_battery.json,policy,/policy/action_fractions/2,0.08155
explore_cycle_3_both,42,2119586,64,intermediate,20000,20000,experiments/strata_two_factor_explore_cycle_3/reward_both_state_0/results/20260909T084200Z-e5f5f91b/checkpoint_probes/steps_002119586/probe_battery.json,policy,/policy/action_fractions/3,0.0004
explore_cycle_3_both,42,2119586,64,intermediate,20000,20000,experiments/strata_two_factor_explore_cycle_3/reward_both_state_0/results/20260909T084200Z-e5f5f91b/checkpoint_probes/steps_002119586/probe_battery.json,policy,/policy/action_fractions/4,0.0002
explore_cycle_3_both,42,2119586,64,intermediate,20000,20000,experiments/strata_two_factor_explore_cycle_3/reward_both_state_0/results/20260909T084200Z-e5f5f91b/checkpoint_probes/steps_002119586/probe_battery.json,policy,/policy/action_fractions/5,0.0021
explore_cycle_3_both,42,2119586,64,intermediate,20000,20000,experiments/strata_two_factor_explore_cycle_3/reward_both_state_0/results/20260909T084200Z-e5f5f91b/checkpoint_probes/steps_002119586/probe_battery.json,policy,/policy/action_fractions/6,0.1615
explore_cycle_3_both,42,2119586,64,intermediate,20000,20000,experiments/strata_two_factor_explore_cycle_3/reward_both_state_0/results/20260909T084200Z-e5f5f91b/checkpoint_probes/steps_002119586/probe_battery.json,policy,/policy/action_fractions/7,5e-05
explore_cycle_3_both,42,2119586,64,intermediate,20000,20000,experiments/strata_two_factor_explore_cycle_3/reward_both_state_0/results/20260909T084200Z-e5f5f91b/checkpoint_probes/steps_002119586/probe_battery.json,policy,/policy/action_fractions/8,0.00275
explore_cycle_3_both,42,2119586,64,intermediate,20000,20000,experiments/strata_two_factor_explore_cycle_3/reward_both_state_0/results/20260909T084200Z-e5f5f91b/checkpoint_probes/steps_002119586/probe_battery.json,policy,/policy/factor_action_fractions/factor_1/0,0.833
explore_cycle_3_both,42,2119586,64,intermediate,20000,20000,experiments/strata_two_factor_explore_cycle_3/reward_both_state_0/results/20260909T084200Z-e5f5f91b/checkpoint_probes/steps_002119586/probe_battery.json,policy,/policy/factor_action_fractions/factor_1/1,0.0027
explore_cycle_3_both,42,2119586,64,intermediate,20000,20000,experiments/strata_two_factor_explore_cycle_3/reward_both_state_0/results/20260909T084200Z-e5f5f91b/checkpoint_probes/steps_002119586/probe_battery.json,policy,/policy/factor_action_fractions/factor_1/2,0.1643
explore_cycle_3_both,42,2119586,64,intermediate,20000,20000,experiments/strata_two_factor_explore_cycle_3/reward_both_state_0/results/20260909T084200Z-e5f5f91b/checkpoint_probes/steps_002119586/probe_battery.json,policy,/policy/factor_action_fractions/factor_2/0,0.87685
explore_cycle_3_both,42,2119586,64,intermediate,20000,20000,experiments/strata_two_factor_explore_cycle_3/reward_both_state_0/results/20260909T084200Z-e5f5f91b/checkpoint_probes/steps_002119586/probe_battery.json,policy,/policy/factor_action_fractions/factor_2/1,0.03675
explore_cycle_3_both,42,2119586,64,intermediate,20000,20000,experiments/strata_two_factor_explore_cycle_3/reward_both_state_0/results/20260909T084200Z-e5f5f91b/checkpoint_probes/steps_002119586/probe_battery.json,policy,/policy/factor_action_fractions/factor_2/2,0.0864
explore_cycle_3_both,42,2119586,64,intermediate,20000,20000,experiments/strata_two_factor_explore_cycle_3/reward_both_state_0/results/20260909T084200Z-e5f5f91b/checkpoint_probes/steps_002119586/probe_battery.json,policy,/policy/factor_state_fractions/factor_1/0,0.6175
explore_cycle_3_both,42,2119586,64,intermediate,20000,20000,experiments/strata_two_factor_explore_cycle_3/reward_both_state_0/results/20260909T084200Z-e5f5f91b/checkpoint_probes/steps_002119586/probe_battery.json,policy,/policy/factor_state_fractions/factor_1/1,0.1307
explore_cycle_3_both,42,2119586,64,intermediate,20000,20000,experiments/strata_two_factor_explore_cycle_3/reward_both_state_0/results/20260909T084200Z-e5f5f91b/checkpoint_probes/steps_002119586/probe_battery.json,policy,/policy/factor_state_fractions/factor_1/2,0.2518
explore_cycle_3_both,42,2119586,64,intermediate,20000,20000,experiments/strata_two_factor_explore_cycle_3/reward_both_state_0/results/20260909T084200Z-e5f5f91b/checkpoint_probes/steps_002119586/probe_battery.json,policy,/policy/factor_state_fractions/factor_2/0,0.68145
explore_cycle_3_both,42,2119586,64,intermediate,20000,20000,experiments/strata_two_factor_explore_cycle_3/reward_both_state_0/results/20260909T084200Z-e5f5f91b/checkpoint_probes/steps_002119586/probe_battery.json,policy,/policy/factor_state_fractions/factor_2/1,0.15005
explore_cycle_3_both,42,2119586,64,intermediate,20000,20000,experiments/strata_two_factor_explore_cycle_3/reward_both_state_0/results/20260909T084200Z-e5f5f91b/checkpoint_probes/steps_002119586/probe_battery.json,policy,/policy/factor_state_fractions/factor_2/2,0.1685
explore_cycle_3_both,42,2119586,64,intermediate,20000,20000,experiments/strata_two_factor_explore_cycle_3/reward_both_state_0/results/20260909T084200Z-e5f5f91b/checkpoint_probes/steps_002119586/probe_battery.json,policy,/policy/joint_state_fractions/0,0.4238
explore_cycle_3_both,42,2119586,64,intermediate,20000,20000,experiments/strata_two_factor_explore_cycle_3/reward_both_state_0/results/20260909T084200Z-e5f5f91b/checkpoint_probes/steps_002119586/probe_battery.json,policy,/policy/joint_state_fractions/1,0.0891
explore_cycle_3_both,42,2119586,64,intermediate,20000,20000,experiments/strata_two_factor_explore_cycle_3/reward_both_state_0/results/20260909T084200Z-e5f5f91b/checkpoint_probes/steps_002119586/probe_battery.json,policy,/policy/joint_state_fractions/2,0.1046
explore_cycle_3_both,42,2119586,64,intermediate,20000,20000,experiments/strata_two_factor_explore_cycle_3/reward_both_state_0/results/20260909T084200Z-e5f5f91b/checkpoint_probes/steps_002119586/probe_battery.json,policy,/policy/joint_state_fractions/3,0.0919
explore_cycle_3_both,42,2119586,64,intermediate,20000,20000,experiments/strata_two_factor_explore_cycle_3/reward_both_state_0/results/20260909T084200Z-e5f5f91b/checkpoint_probes/steps_002119586/probe_battery.json,policy,/policy/joint_state_fractions/4,0.0177
explore_cycle_3_both,42,2119586,64,intermediate,20000,20000,experiments/strata_two_factor_explore_cycle_3/reward_both_state_0/results/20260909T084200Z-e5f5f91b/checkpoint_probes/steps_002119586/probe_battery.json,policy,/policy/joint_state_fractions/5,0.0211
explore_cycle_3_both,42,2119586,64,intermediate,20000,20000,experiments/strata_two_factor_explore_cycle_3/reward_both_state_0/results/20260909T084200Z-e5f5f91b/checkpoint_probes/steps_002119586/probe_battery.json,policy,/policy/joint_state_fractions/6,0.16575
explore_cycle_3_both,42,2119586,64,intermediate,20000,20000,experiments/strata_two_factor_explore_cycle_3/reward_both_state_0/results/20260909T084200Z-e5f5f91b/checkpoint_probes/steps_002119586/probe_battery.json,policy,/policy/joint_state_fractions/7,0.04325
explore_cycle_3_both,42,2119586,64,intermediate,20000,20000,experiments/strata_two_factor_explore_cycle_3/reward_both_state_0/results/20260909T084200Z-e5f5f91b/checkpoint_probes/steps_002119586/probe_battery.json,policy,/policy/joint_state_fractions/8,0.0428
explore_cycle_3_both,42,2119586,64,intermediate,20000,20000,experiments/strata_two_factor_explore_cycle_3/reward_both_state_0/results/20260909T084200Z-e5f5f91b/checkpoint_probes/steps_002119586/probe_battery.json,policy,/policy/mean_reward,0.64925
explore_cycle_3_both,42,2119586,64,intermediate,20000,20000,experiments/strata_two_factor_explore_cycle_3/reward_both_state_0/results/20260909T084200Z-e5f5f91b/checkpoint_probes/steps_002119586/probe_battery.json,policy,/policy/mode,learned_stochastic
explore_cycle_3_both,42,2119586,64,intermediate,20000,20000,experiments/strata_two_factor_explore_cycle_3/reward_both_state_0/results/20260909T084200Z-e5f5f91b/checkpoint_probes/steps_002119586/probe_battery.json,policy,/policy/temperature,1.5
explore_cycle_3_both,42,2119586,64,intermediate,20000,20000,experiments/strata_two_factor_explore_cycle_3/reward_both_state_0/results/20260909T084200Z-e5f5f91b/checkpoint_probes/steps_002119586/probe_battery.json,train_policy,/train_policy/action_fractions/0,0.72035
explore_cycle_3_both,42,2119586,64,intermediate,20000,20000,experiments/strata_two_factor_explore_cycle_3/reward_both_state_0/results/20260909T084200Z-e5f5f91b/checkpoint_probes/steps_002119586/probe_battery.json,train_policy,/train_policy/action_fractions/1,0.0366
explore_cycle_3_both,42,2119586,64,intermediate,20000,20000,experiments/strata_two_factor_explore_cycle_3/reward_both_state_0/results/20260909T084200Z-e5f5f91b/checkpoint_probes/steps_002119586/probe_battery.json,train_policy,/train_policy/action_fractions/2,0.07955
explore_cycle_3_both,42,2119586,64,intermediate,20000,20000,experiments/strata_two_factor_explore_cycle_3/reward_both_state_0/results/20260909T084200Z-e5f5f91b/checkpoint_probes/steps_002119586/probe_battery.json,train_policy,/train_policy/action_fractions/3,0.0006
explore_cycle_3_both,42,2119586,64,intermediate,20000,20000,experiments/strata_two_factor_explore_cycle_3/reward_both_state_0/results/20260909T084200Z-e5f5f91b/checkpoint_probes/steps_002119586/probe_battery.json,train_policy,/train_policy/action_fractions/4,0.00055
explore_cycle_3_both,42,2119586,64,intermediate,20000,20000,experiments/strata_two_factor_explore_cycle_3/reward_both_state_0/results/20260909T084200Z-e5f5f91b/checkpoint_probes/steps_002119586/probe_battery.json,train_policy,/train_policy/action_fractions/5,0.0022
explore_cycle_3_both,42,2119586,64,intermediate,20000,20000,experiments/strata_two_factor_explore_cycle_3/reward_both_state_0/results/20260909T084200Z-e5f5f91b/checkpoint_probes/steps_002119586/probe_battery.json,train_policy,/train_policy/action_fractions/6,0.15625
explore_cycle_3_both,42,2119586,64,intermediate,20000,20000,experiments/strata_two_factor_explore_cycle_3/reward_both_state_0/results/20260909T084200Z-e5f5f91b/checkpoint_probes/steps_002119586/probe_battery.json,train_policy,/train_policy/action_fractions/7,0.0001
explore_cycle_3_both,42,2119586,64,intermediate,20000,20000,experiments/strata_two_factor_explore_cycle_3/reward_both_state_0/results/20260909T084200Z-e5f5f91b/checkpoint_probes/steps_002119586/probe_battery.json,train_policy,/train_policy/action_fractions/8,0.0038
explore_cycle_3_both,42,2119586,64,intermediate,20000,20000,experiments/strata_two_factor_explore_cycle_3/reward_both_state_0/results/20260909T084200Z-e5f5f91b/checkpoint_probes/steps_002119586/probe_battery.json,train_policy,/train_policy/factor_action_fractions/factor_1/0,0.8365
explore_cycle_3_both,42,2119586,64,intermediate,20000,20000,experiments/strata_two_factor_explore_cycle_3/reward_both_state_0/results/20260909T084200Z-e5f5f91b/checkpoint_probes/steps_002119586/probe_battery.json,train_policy,/train_policy/factor_action_fractions/factor_1/1,0.00335
explore_cycle_3_both,42,2119586,64,intermediate,20000,20000,experiments/strata_two_factor_explore_cycle_3/reward_both_state_0/results/20260909T084200Z-e5f5f91b/checkpoint_probes/steps_002119586/probe_battery.json,train_policy,/train_policy/factor_action_fractions/factor_1/2,0.16015
explore_cycle_3_both,42,2119586,64,intermediate,20000,20000,experiments/strata_two_factor_explore_cycle_3/reward_both_state_0/results/20260909T084200Z-e5f5f91b/checkpoint_probes/steps_002119586/probe_battery.json,train_policy,/train_policy/factor_action_fractions/factor_2/0,0.8772
explore_cycle_3_both,42,2119586,64,intermediate,20000,20000,experiments/strata_two_factor_explore_cycle_3/reward_both_state_0/results/20260909T084200Z-e5f5f91b/checkpoint_probes/steps_002119586/probe_battery.json,train_policy,/train_policy/factor_action_fractions/factor_2/1,0.03725
explore_cycle_3_both,42,2119586,64,intermediate,20000,20000,experiments/strata_two_factor_explore_cycle_3/reward_both_state_0/results/20260909T084200Z-e5f5f91b/checkpoint_probes/steps_002119586/probe_battery.json,train_policy,/train_policy/factor_action_fractions/factor_2/2,0.08555
explore_cycle_3_both,42,2119586,64,intermediate,20000,20000,experiments/strata_two_factor_explore_cycle_3/reward_both_state_0/results/20260909T084200Z-e5f5f91b/checkpoint_probes/steps_002119586/probe_battery.json,train_policy,/train_policy/factor_state_fractions/factor_1/0,0.6117
explore_cycle_3_both,42,2119586,64,intermediate,20000,20000,experiments/strata_two_factor_explore_cycle_3/reward_both_state_0/results/20260909T084200Z-e5f5f91b/checkpoint_probes/steps_002119586/probe_battery.json,train_policy,/train_policy/factor_state_fractions/factor_1/1,0.1381
explore_cycle_3_both,42,2119586,64,intermediate,20000,20000,experiments/strata_two_factor_explore_cycle_3/reward_both_state_0/results/20260909T084200Z-e5f5f91b/checkpoint_probes/steps_002119586/probe_battery.json,train_policy,/train_policy/factor_state_fractions/factor_1/2,0.2502
explore_cycle_3_both,42,2119586,64,intermediate,20000,20000,experiments/strata_two_factor_explore_cycle_3/reward_both_state_0/results/20260909T084200Z-e5f5f91b/checkpoint_probes/steps_002119586/probe_battery.json,train_policy,/train_policy/factor_state_fractions/factor_2/0,0.66535
explore_cycle_3_both,42,2119586,64,intermediate,20000,20000,experiments/strata_two_factor_explore_cycle_3/reward_both_state_0/results/20260909T084200Z-e5f5f91b/checkpoint_probes/steps_002119586/probe_battery.json,train_policy,/train_policy/factor_state_fractions/factor_2/1,0.1504
explore_cycle_3_both,42,2119586,64,intermediate,20000,20000,experiments/strata_two_factor_explore_cycle_3/reward_both_state_0/results/20260909T084200Z-e5f5f91b/checkpoint_probes/steps_002119586/probe_battery.json,train_policy,/train_policy/factor_state_fractions/factor_2/2,0.18425
explore_cycle_3_both,42,2119586,64,intermediate,20000,20000,experiments/strata_two_factor_explore_cycle_3/reward_both_state_0/results/20260909T084200Z-e5f5f91b/checkpoint_probes/steps_002119586/probe_battery.json,train_policy,/train_policy/joint_state_fractions/0,0.40745
explore_cycle_3_both,42,2119586,64,intermediate,20000,20000,experiments/strata_two_factor_explore_cycle_3/reward_both_state_0/results/20260909T084200Z-e5f5f91b/checkpoint_probes/steps_002119586/probe_battery.json,train_policy,/train_policy/joint_state_fractions/1,0.0924
explore_cycle_3_both,42,2119586,64,intermediate,20000,20000,experiments/strata_two_factor_explore_cycle_3/reward_both_state_0/results/20260909T084200Z-e5f5f91b/checkpoint_probes/steps_002119586/probe_battery.json,train_policy,/train_policy/joint_state_fractions/2,0.11185
explore_cycle_3_both,42,2119586,64,intermediate,20000,20000,experiments/strata_two_factor_explore_cycle_3/reward_both_state_0/results/20260909T084200Z-e5f5f91b/checkpoint_probes/steps_002119586/probe_battery.json,train_policy,/train_policy/joint_state_fractions/3,0.09195
explore_cycle_3_both,42,2119586,64,intermediate,20000,20000,experiments/strata_two_factor_explore_cycle_3/reward_both_state_0/results/20260909T084200Z-e5f5f91b/checkpoint_probes/steps_002119586/probe_battery.json,train_policy,/train_policy/joint_state_fractions/4,0.01965
explore_cycle_3_both,42,2119586,64,intermediate,20000,20000,experiments/strata_two_factor_explore_cycle_3/reward_both_state_0/results/20260909T084200Z-e5f5f91b/checkpoint_probes/steps_002119586/probe_battery.json,train_policy,/train_policy/joint_state_fractions/5,0.0265
explore_cycle_3_both,42,2119586,64,intermediate,20000,20000,experiments/strata_two_factor_explore_cycle_3/reward_both_state_0/results/20260909T084200Z-e5f5f91b/checkpoint_probes/steps_002119586/probe_battery.json,train_policy,/train_policy/joint_state_fractions/6,0.16595
explore_cycle_3_both,42,2119586,64,intermediate,20000,20000,experiments/strata_two_factor_explore_cycle_3/reward_both_state_0/results/20260909T084200Z-e5f5f91b/checkpoint_probes/steps_002119586/probe_battery.json,train_policy,/train_policy/joint_state_fractions/7,0.03835
explore_cycle_3_both,42,2119586,64,intermediate,20000,20000,experiments/strata_two_factor_explore_cycle_3/reward_both_state_0/results/20260909T084200Z-e5f5f91b/checkpoint_probes/steps_002119586/probe_battery.json,train_policy,/train_policy/joint_state_fractions/8,0.0459
explore_cycle_3_both,42,2119586,64,intermediate,20000,20000,experiments/strata_two_factor_explore_cycle_3/reward_both_state_0/results/20260909T084200Z-e5f5f91b/checkpoint_probes/steps_002119586/probe_battery.json,train_policy,/train_policy/mean_reward,0.6384
explore_cycle_3_both,42,2119586,64,intermediate,20000,20000,experiments/strata_two_factor_explore_cycle_3/reward_both_state_0/results/20260909T084200Z-e5f5f91b/checkpoint_probes/steps_002119586/probe_battery.json,train_policy,/train_policy/mode,learned_stochastic
explore_cycle_3_both,42,2119586,64,intermediate,20000,20000,experiments/strata_two_factor_explore_cycle_3/reward_both_state_0/results/20260909T084200Z-e5f5f91b/checkpoint_probes/steps_002119586/probe_battery.json,train_policy,/train_policy/temperature,1.5
explore_cycle_3_both,42,4238425,128,intermediate,20000,20000,experiments/strata_two_factor_explore_cycle_3/reward_both_state_0/results/20260909T084200Z-e5f5f91b/checkpoint_probes/steps_004238425/probe_battery.json,policy,/policy/action_fractions/0,0.73395
explore_cycle_3_both,42,4238425,128,intermediate,20000,20000,experiments/strata_two_factor_explore_cycle_3/reward_both_state_0/results/20260909T084200Z-e5f5f91b/checkpoint_probes/steps_004238425/probe_battery.json,policy,/policy/action_fractions/1,0.0213
explore_cycle_3_both,42,4238425,128,intermediate,20000,20000,experiments/strata_two_factor_explore_cycle_3/reward_both_state_0/results/20260909T084200Z-e5f5f91b/checkpoint_probes/steps_004238425/probe_battery.json,policy,/policy/action_fractions/2,0.0566
explore_cycle_3_both,42,4238425,128,intermediate,20000,20000,experiments/strata_two_factor_explore_cycle_3/reward_both_state_0/results/20260909T084200Z-e5f5f91b/checkpoint_probes/steps_004238425/probe_battery.json,policy,/policy/action_fractions/3,5e-05
explore_cycle_3_both,42,4238425,128,intermediate,20000,20000,experiments/strata_two_factor_explore_cycle_3/reward_both_state_0/results/20260909T084200Z-e5f5f91b/checkpoint_probes/steps_004238425/probe_battery.json,policy,/policy/action_fractions/4,5e-05
explore_cycle_3_both,42,4238425,128,intermediate,20000,20000,experiments/strata_two_factor_explore_cycle_3/reward_both_state_0/results/20260909T084200Z-e5f5f91b/checkpoint_probes/steps_004238425/probe_battery.json,policy,/policy/action_fractions/5,0.00025
explore_cycle_3_both,42,4238425,128,intermediate,20000,20000,experiments/strata_two_factor_explore_cycle_3/reward_both_state_0/results/20260909T084200Z-e5f5f91b/checkpoint_probes/steps_004238425/probe_battery.json,policy,/policy/action_fractions/6,0.18775
explore_cycle_3_both,42,4238425,128,intermediate,20000,20000,experiments/strata_two_factor_explore_cycle_3/reward_both_state_0/results/20260909T084200Z-e5f5f91b/checkpoint_probes/steps_004238425/probe_battery.json,policy,/policy/action_fractions/7,0.0
explore_cycle_3_both,42,4238425,128,intermediate,20000,20000,experiments/strata_two_factor_explore_cycle_3/reward_both_state_0/results/20260909T084200Z-e5f5f91b/checkpoint_probes/steps_004238425/probe_battery.json,policy,/policy/action_fractions/8,5e-05
explore_cycle_3_both,42,4238425,128,intermediate,20000,20000,experiments/strata_two_factor_explore_cycle_3/reward_both_state_0/results/20260909T084200Z-e5f5f91b/checkpoint_probes/steps_004238425/probe_battery.json,policy,/policy/factor_action_fractions/factor_1/0,0.81185
explore_cycle_3_both,42,4238425,128,intermediate,20000,20000,experiments/strata_two_factor_explore_cycle_3/reward_both_state_0/results/20260909T084200Z-e5f5f91b/checkpoint_probes/steps_004238425/probe_battery.json,policy,/policy/factor_action_fractions/factor_1/1,0.00035
explore_cycle_3_both,42,4238425,128,intermediate,20000,20000,experiments/strata_two_factor_explore_cycle_3/reward_both_state_0/results/20260909T084200Z-e5f5f91b/checkpoint_probes/steps_004238425/probe_battery.json,policy,/policy/factor_action_fractions/factor_1/2,0.1878
explore_cycle_3_both,42,4238425,128,intermediate,20000,20000,experiments/strata_two_factor_explore_cycle_3/reward_both_state_0/results/20260909T084200Z-e5f5f91b/checkpoint_probes/steps_004238425/probe_battery.json,policy,/policy/factor_action_fractions/factor_2/0,0.92175
explore_cycle_3_both,42,4238425,128,intermediate,20000,20000,experiments/strata_two_factor_explore_cycle_3/reward_both_state_0/results/20260909T084200Z-e5f5f91b/checkpoint_probes/steps_004238425/probe_battery.json,policy,/policy/factor_action_fractions/factor_2/1,0.02135
explore_cycle_3_both,42,4238425,128,intermediate,20000,20000,experiments/strata_two_factor_explore_cycle_3/reward_both_state_0/results/20260909T084200Z-e5f5f91b/checkpoint_probes/steps_004238425/probe_battery.json,policy,/policy/factor_action_fractions/factor_2/2,0.0569
explore_cycle_3_both,42,4238425,128,intermediate,20000,20000,experiments/strata_two_factor_explore_cycle_3/reward_both_state_0/results/20260909T084200Z-e5f5f91b/checkpoint_probes/steps_004238425/probe_battery.json,policy,/policy/factor_state_fractions/factor_1/0,0.7175
explore_cycle_3_both,42,4238425,128,intermediate,20000,20000,experiments/strata_two_factor_explore_cycle_3/reward_both_state_0/results/20260909T084200Z-e5f5f91b/checkpoint_probes/steps_004238425/probe_battery.json,policy,/policy/factor_state_fractions/factor_1/1,0.1346
explore_cycle_3_both,42,4238425,128,intermediate,20000,20000,experiments/strata_two_factor_explore_cycle_3/reward_both_state_0/results/20260909T084200Z-e5f5f91b/checkpoint_probes/steps_004238425/probe_battery.json,policy,/policy/factor_state_fractions/factor_1/2,0.1479
explore_cycle_3_both,42,4238425,128,intermediate,20000,20000,experiments/strata_two_factor_explore_cycle_3/reward_both_state_0/results/20260909T084200Z-e5f5f91b/checkpoint_probes/steps_004238425/probe_battery.json,policy,/policy/factor_state_fractions/factor_2/0,0.75095
explore_cycle_3_both,42,4238425,128,intermediate,20000,20000,experiments/strata_two_factor_explore_cycle_3/reward_both_state_0/results/20260909T084200Z-e5f5f91b/checkpoint_probes/steps_004238425/probe_battery.json,policy,/policy/factor_state_fractions/factor_2/1,0.1103
explore_cycle_3_both,42,4238425,128,intermediate,20000,20000,experiments/strata_two_factor_explore_cycle_3/reward_both_state_0/results/20260909T084200Z-e5f5f91b/checkpoint_probes/steps_004238425/probe_battery.json,policy,/policy/factor_state_fractions/factor_2/2,0.13875
explore_cycle_3_both,42,4238425,128,intermediate,20000,20000,experiments/strata_two_factor_explore_cycle_3/reward_both_state_0/results/20260909T084200Z-e5f5f91b/checkpoint_probes/steps_004238425/probe_battery.json,policy,/policy/joint_state_fractions/0,0.53315
explore_cycle_3_both,42,4238425,128,intermediate,20000,20000,experiments/strata_two_factor_explore_cycle_3/reward_both_state_0/results/20260909T084200Z-e5f5f91b/checkpoint_probes/steps_004238425/probe_battery.json,policy,/policy/joint_state_fractions/1,0.0832
explore_cycle_3_both,42,4238425,128,intermediate,20000,20000,experiments/strata_two_factor_explore_cycle_3/reward_both_state_0/results/20260909T084200Z-e5f5f91b/checkpoint_probes/steps_004238425/probe_battery.json,policy,/policy/joint_state_fractions/2,0.10115
explore_cycle_3_both,42,4238425,128,intermediate,20000,20000,experiments/strata_two_factor_explore_cycle_3/reward_both_state_0/results/20260909T084200Z-e5f5f91b/checkpoint_probes/steps_004238425/probe_battery.json,policy,/policy/joint_state_fractions/3,0.10435
explore_cycle_3_both,42,4238425,128,intermediate,20000,20000,experiments/strata_two_factor_explore_cycle_3/reward_both_state_0/results/20260909T084200Z-e5f5f91b/checkpoint_probes/steps_004238425/probe_battery.json,policy,/policy/joint_state_fractions/4,0.01205
explore_cycle_3_both,42,4238425,128,intermediate,20000,20000,experiments/strata_two_factor_explore_cycle_3/reward_both_state_0/results/20260909T084200Z-e5f5f91b/checkpoint_probes/steps_004238425/probe_battery.json,policy,/policy/joint_state_fractions/5,0.0182
explore_cycle_3_both,42,4238425,128,intermediate,20000,20000,experiments/strata_two_factor_explore_cycle_3/reward_both_state_0/results/20260909T084200Z-e5f5f91b/checkpoint_probes/steps_004238425/probe_battery.json,policy,/policy/joint_state_fractions/6,0.11345
explore_cycle_3_both,42,4238425,128,intermediate,20000,20000,experiments/strata_two_factor_explore_cycle_3/reward_both_state_0/results/20260909T084200Z-e5f5f91b/checkpoint_probes/steps_004238425/probe_battery.json,policy,/policy/joint_state_fractions/7,0.01505
explore_cycle_3_both,42,4238425,128,intermediate,20000,20000,experiments/strata_two_factor_explore_cycle_3/reward_both_state_0/results/20260909T084200Z-e5f5f91b/checkpoint_probes/steps_004238425/probe_battery.json,policy,/policy/joint_state_fractions/8,0.0194
explore_cycle_3_both,42,4238425,128,intermediate,20000,20000,experiments/strata_two_factor_explore_cycle_3/reward_both_state_0/results/20260909T084200Z-e5f5f91b/checkpoint_probes/steps_004238425/probe_battery.json,policy,/policy/mean_reward,0.73445
explore_cycle_3_both,42,4238425,128,intermediate,20000,20000,experiments/strata_two_factor_explore_cycle_3/reward_both_state_0/results/20260909T084200Z-e5f5f91b/checkpoint_probes/steps_004238425/probe_battery.json,policy,/policy/mode,learned_stochastic
explore_cycle_3_both,42,4238425,128,intermediate,20000,20000,experiments/strata_two_factor_explore_cycle_3/reward_both_state_0/results/20260909T084200Z-e5f5f91b/checkpoint_probes/steps_004238425/probe_battery.json,policy,/policy/temperature,1.5
explore_cycle_3_both,42,4238425,128,intermediate,20000,20000,experiments/strata_two_factor_explore_cycle_3/reward_both_state_0/results/20260909T084200Z-e5f5f91b/checkpoint_probes/steps_004238425/probe_battery.json,train_policy,/train_policy/action_fractions/0,0.74235
explore_cycle_3_both,42,4238425,128,intermediate,20000,20000,experiments/strata_two_factor_explore_cycle_3/reward_both_state_0/results/20260909T084200Z-e5f5f91b/checkpoint_probes/steps_004238425/probe_battery.json,train_policy,/train_policy/action_fractions/1,0.0208
explore_cycle_3_both,42,4238425,128,intermediate,20000,20000,experiments/strata_two_factor_explore_cycle_3/reward_both_state_0/results/20260909T084200Z-e5f5f91b/checkpoint_probes/steps_004238425/probe_battery.json,train_policy,/train_policy/action_fractions/2,0.0518
explore_cycle_3_both,42,4238425,128,intermediate,20000,20000,experiments/strata_two_factor_explore_cycle_3/reward_both_state_0/results/20260909T084200Z-e5f5f91b/checkpoint_probes/steps_004238425/probe_battery.json,train_policy,/train_policy/action_fractions/3,0.0
explore_cycle_3_both,42,4238425,128,intermediate,20000,20000,experiments/strata_two_factor_explore_cycle_3/reward_both_state_0/results/20260909T084200Z-e5f5f91b/checkpoint_probes/steps_004238425/probe_battery.json,train_policy,/train_policy/action_fractions/4,5e-05
explore_cycle_3_both,42,4238425,128,intermediate,20000,20000,experiments/strata_two_factor_explore_cycle_3/reward_both_state_0/results/20260909T084200Z-e5f5f91b/checkpoint_probes/steps_004238425/probe_battery.json,train_policy,/train_policy/action_fractions/5,5e-05
explore_cycle_3_both,42,4238425,128,intermediate,20000,20000,experiments/strata_two_factor_explore_cycle_3/reward_both_state_0/results/20260909T084200Z-e5f5f91b/checkpoint_probes/steps_004238425/probe_battery.json,train_policy,/train_policy/action_fractions/6,0.18475
explore_cycle_3_both,42,4238425,128,intermediate,20000,20000,experiments/strata_two_factor_explore_cycle_3/reward_both_state_0/results/20260909T084200Z-e5f5f91b/checkpoint_probes/steps_004238425/probe_battery.json,train_policy,/train_policy/action_fractions/7,0.0
explore_cycle_3_both,42,4238425,128,intermediate,20000,20000,experiments/strata_two_factor_explore_cycle_3/reward_both_state_0/results/20260909T084200Z-e5f5f91b/checkpoint_probes/steps_004238425/probe_battery.json,train_policy,/train_policy/action_fractions/8,0.0002
explore_cycle_3_both,42,4238425,128,intermediate,20000,20000,experiments/strata_two_factor_explore_cycle_3/reward_both_state_0/results/20260909T084200Z-e5f5f91b/checkpoint_probes/steps_004238425/probe_battery.json,train_policy,/train_policy/factor_action_fractions/factor_1/0,0.81495
explore_cycle_3_both,42,4238425,128,intermediate,20000,20000,experiments/strata_two_factor_explore_cycle_3/reward_both_state_0/results/20260909T084200Z-e5f5f91b/checkpoint_probes/steps_004238425/probe_battery.json,train_policy,/train_policy/factor_action_fractions/factor_1/1,0.0001
explore_cycle_3_both,42,4238425,128,intermediate,20000,20000,experiments/strata_two_factor_explore_cycle_3/reward_both_state_0/results/20260909T084200Z-e5f5f91b/checkpoint_probes/steps_004238425/probe_battery.json,train_policy,/train_policy/factor_action_fractions/factor_1/2,0.18495
explore_cycle_3_both,42,4238425,128,intermediate,20000,20000,experiments/strata_two_factor_explore_cycle_3/reward_both_state_0/results/20260909T084200Z-e5f5f91b/checkpoint_probes/steps_004238425/probe_battery.json,train_policy,/train_policy/factor_action_fractions/factor_2/0,0.9271
explore_cycle_3_both,42,4238425,128,intermediate,20000,20000,experiments/strata_two_factor_explore_cycle_3/reward_both_state_0/results/20260909T084200Z-e5f5f91b/checkpoint_probes/steps_004238425/probe_battery.json,train_policy,/train_policy/factor_action_fractions/factor_2/1,0.02085
explore_cycle_3_both,42,4238425,128,intermediate,20000,20000,experiments/strata_two_factor_explore_cycle_3/reward_both_state_0/results/20260909T084200Z-e5f5f91b/checkpoint_probes/steps_004238425/probe_battery.json,train_policy,/train_policy/factor_action_fractions/factor_2/2,0.05205
explore_cycle_3_both,42,4238425,128,intermediate,20000,20000,experiments/strata_two_factor_explore_cycle_3/reward_both_state_0/results/20260909T084200Z-e5f5f91b/checkpoint_probes/steps_004238425/probe_battery.json,train_policy,/train_policy/factor_state_fractions/factor_1/0,0.71785
explore_cycle_3_both,42,4238425,128,intermediate,20000,20000,experiments/strata_two_factor_explore_cycle_3/reward_both_state_0/results/20260909T084200Z-e5f5f91b/checkpoint_probes/steps_004238425/probe_battery.json,train_policy,/train_policy/factor_state_fractions/factor_1/1,0.12975
explore_cycle_3_both,42,4238425,128,intermediate,20000,20000,experiments/strata_two_factor_explore_cycle_3/reward_both_state_0/results/20260909T084200Z-e5f5f91b/checkpoint_probes/steps_004238425/probe_battery.json,train_policy,/train_policy/factor_state_fractions/factor_1/2,0.1524
explore_cycle_3_both,42,4238425,128,intermediate,20000,20000,experiments/strata_two_factor_explore_cycle_3/reward_both_state_0/results/20260909T084200Z-e5f5f91b/checkpoint_probes/steps_004238425/probe_battery.json,train_policy,/train_policy/factor_state_fractions/factor_2/0,0.75635
explore_cycle_3_both,42,4238425,128,intermediate,20000,20000,experiments/strata_two_factor_explore_cycle_3/reward_both_state_0/results/20260909T084200Z-e5f5f91b/checkpoint_probes/steps_004238425/probe_battery.json,train_policy,/train_policy/factor_state_fractions/factor_2/1,0.0989
explore_cycle_3_both,42,4238425,128,intermediate,20000,20000,experiments/strata_two_factor_explore_cycle_3/reward_both_state_0/results/20260909T084200Z-e5f5f91b/checkpoint_probes/steps_004238425/probe_battery.json,train_policy,/train_policy/factor_state_fractions/factor_2/2,0.14475
explore_cycle_3_both,42,4238425,128,intermediate,20000,20000,experiments/strata_two_factor_explore_cycle_3/reward_both_state_0/results/20260909T084200Z-e5f5f91b/checkpoint_probes/steps_004238425/probe_battery.json,train_policy,/train_policy/joint_state_fractions/0,0.54545
explore_cycle_3_both,42,4238425,128,intermediate,20000,20000,experiments/strata_two_factor_explore_cycle_3/reward_both_state_0/results/20260909T084200Z-e5f5f91b/checkpoint_probes/steps_004238425/probe_battery.json,train_policy,/train_policy/joint_state_fractions/1,0.0723
explore_cycle_3_both,42,4238425,128,intermediate,20000,20000,experiments/strata_two_factor_explore_cycle_3/reward_both_state_0/results/20260909T084200Z-e5f5f91b/checkpoint_probes/steps_004238425/probe_battery.json,train_policy,/train_policy/joint_state_fractions/2,0.1001
explore_cycle_3_both,42,4238425,128,intermediate,20000,20000,experiments/strata_two_factor_explore_cycle_3/reward_both_state_0/results/20260909T084200Z-e5f5f91b/checkpoint_probes/steps_004238425/probe_battery.json,train_policy,/train_policy/joint_state_fractions/3,0.09765
explore_cycle_3_both,42,4238425,128,intermediate,20000,20000,experiments/strata_two_factor_explore_cycle_3/reward_both_state_0/results/20260909T084200Z-e5f5f91b/checkpoint_probes/steps_004238425/probe_battery.json,train_policy,/train_policy/joint_state_fractions/4,0.01095
explore_cycle_3_both,42,4238425,128,intermediate,20000,20000,experiments/strata_two_factor_explore_cycle_3/reward_both_state_0/results/20260909T084200Z-e5f5f91b/checkpoint_probes/steps_004238425/probe_battery.json,train_policy,/train_policy/joint_state_fractions/5,0.02115
explore_cycle_3_both,42,4238425,128,intermediate,20000,20000,experiments/strata_two_factor_explore_cycle_3/reward_both_state_0/results/20260909T084200Z-e5f5f91b/checkpoint_probes/steps_004238425/probe_battery.json,train_policy,/train_policy/joint_state_fractions/6,0.11325
explore_cycle_3_both,42,4238425,128,intermediate,20000,20000,experiments/strata_two_factor_explore_cycle_3/reward_both_state_0/results/20260909T084200Z-e5f5f91b/checkpoint_probes/steps_004238425/probe_battery.json,train_policy,/train_policy/joint_state_fractions/7,0.01565
explore_cycle_3_both,42,4238425,128,intermediate,20000,20000,experiments/strata_two_factor_explore_cycle_3/reward_both_state_0/results/20260909T084200Z-e5f5f91b/checkpoint_probes/steps_004238425/probe_battery.json,train_policy,/train_policy/joint_state_fractions/8,0.0235
explore_cycle_3_both,42,4238425,128,intermediate,20000,20000,experiments/strata_two_factor_explore_cycle_3/reward_both_state_0/results/20260909T084200Z-e5f5f91b/checkpoint_probes/steps_004238425/probe_battery.json,train_policy,/train_policy/mean_reward,0.737
explore_cycle_3_both,42,4238425,128,intermediate,20000,20000,experiments/strata_two_factor_explore_cycle_3/reward_both_state_0/results/20260909T084200Z-e5f5f91b/checkpoint_probes/steps_004238425/probe_battery.json,train_policy,/train_policy/mode,learned_stochastic
explore_cycle_3_both,42,4238425,128,intermediate,20000,20000,experiments/strata_two_factor_explore_cycle_3/reward_both_state_0/results/20260909T084200Z-e5f5f91b/checkpoint_probes/steps_004238425/probe_battery.json,train_policy,/train_policy/temperature,1.5
explore_cycle_3_both,42,8477421,256,intermediate,20000,20000,experiments/strata_two_factor_explore_cycle_3/reward_both_state_0/results/20260909T084200Z-e5f5f91b/checkpoint_probes/steps_008477421/probe_battery.json,policy,/policy/action_fractions/0,0.83015
explore_cycle_3_both,42,8477421,256,intermediate,20000,20000,experiments/strata_two_factor_explore_cycle_3/reward_both_state_0/results/20260909T084200Z-e5f5f91b/checkpoint_probes/steps_008477421/probe_battery.json,policy,/policy/action_fractions/1,0.02185
explore_cycle_3_both,42,8477421,256,intermediate,20000,20000,experiments/strata_two_factor_explore_cycle_3/reward_both_state_0/results/20260909T084200Z-e5f5f91b/checkpoint_probes/steps_008477421/probe_battery.json,policy,/policy/action_fractions/2,0.0547
explore_cycle_3_both,42,8477421,256,intermediate,20000,20000,experiments/strata_two_factor_explore_cycle_3/reward_both_state_0/results/20260909T084200Z-e5f5f91b/checkpoint_probes/steps_008477421/probe_battery.json,policy,/policy/action_fractions/3,0.0
explore_cycle_3_both,42,8477421,256,intermediate,20000,20000,experiments/strata_two_factor_explore_cycle_3/reward_both_state_0/results/20260909T084200Z-e5f5f91b/checkpoint_probes/steps_008477421/probe_battery.json,policy,/policy/action_fractions/4,5e-05
explore_cycle_3_both,42,8477421,256,intermediate,20000,20000,experiments/strata_two_factor_explore_cycle_3/reward_both_state_0/results/20260909T084200Z-e5f5f91b/checkpoint_probes/steps_008477421/probe_battery.json,policy,/policy/action_fractions/5,0.0
explore_cycle_3_both,42,8477421,256,intermediate,20000,20000,experiments/strata_two_factor_explore_cycle_3/reward_both_state_0/results/20260909T084200Z-e5f5f91b/checkpoint_probes/steps_008477421/probe_battery.json,policy,/policy/action_fractions/6,0.09315
explore_cycle_3_both,42,8477421,256,intermediate,20000,20000,experiments/strata_two_factor_explore_cycle_3/reward_both_state_0/results/20260909T084200Z-e5f5f91b/checkpoint_probes/steps_008477421/probe_battery.json,policy,/policy/action_fractions/7,0.0
explore_cycle_3_both,42,8477421,256,intermediate,20000,20000,experiments/strata_two_factor_explore_cycle_3/reward_both_state_0/results/20260909T084200Z-e5f5f91b/checkpoint_probes/steps_008477421/probe_battery.json,policy,/policy/action_fractions/8,0.0001
explore_cycle_3_both,42,8477421,256,intermediate,20000,20000,experiments/strata_two_factor_explore_cycle_3/reward_both_state_0/results/20260909T084200Z-e5f5f91b/checkpoint_probes/steps_008477421/probe_battery.json,policy,/policy/factor_action_fractions/factor_1/0,0.9067
explore_cycle_3_both,42,8477421,256,intermediate,20000,20000,experiments/strata_two_factor_explore_cycle_3/reward_both_state_0/results/20260909T084200Z-e5f5f91b/checkpoint_probes/steps_008477421/probe_battery.json,policy,/policy/factor_action_fractions/factor_1/1,5e-05
explore_cycle_3_both,42,8477421,256,intermediate,20000,20000,experiments/strata_two_factor_explore_cycle_3/reward_both_state_0/results/20260909T084200Z-e5f5f91b/checkpoint_probes/steps_008477421/probe_battery.json,policy,/policy/factor_action_fractions/factor_1/2,0.09325
explore_cycle_3_both,42,8477421,256,intermediate,20000,20000,experiments/strata_two_factor_explore_cycle_3/reward_both_state_0/results/20260909T084200Z-e5f5f91b/checkpoint_probes/steps_008477421/probe_battery.json,policy,/policy/factor_action_fractions/factor_2/0,0.9233
explore_cycle_3_both,42,8477421,256,intermediate,20000,20000,experiments/strata_two_factor_explore_cycle_3/reward_both_state_0/results/20260909T084200Z-e5f5f91b/checkpoint_probes/steps_008477421/probe_battery.json,policy,/policy/factor_action_fractions/factor_2/1,0.0219
explore_cycle_3_both,42,8477421,256,intermediate,20000,20000,experiments/strata_two_factor_explore_cycle_3/reward_both_state_0/results/20260909T084200Z-e5f5f91b/checkpoint_probes/steps_008477421/probe_battery.json,policy,/policy/factor_action_fractions/factor_2/2,0.0548
explore_cycle_3_both,42,8477421,256,intermediate,20000,20000,experiments/strata_two_factor_explore_cycle_3/reward_both_state_0/results/20260909T084200Z-e5f5f91b/checkpoint_probes/steps_008477421/probe_battery.json,policy,/policy/factor_state_fractions/factor_1/0,0.7358
explore_cycle_3_both,42,8477421,256,intermediate,20000,20000,experiments/strata_two_factor_explore_cycle_3/reward_both_state_0/results/20260909T084200Z-e5f5f91b/checkpoint_probes/steps_008477421/probe_battery.json,policy,/policy/factor_state_fractions/factor_1/1,0.1281
explore_cycle_3_both,42,8477421,256,intermediate,20000,20000,experiments/strata_two_factor_explore_cycle_3/reward_both_state_0/results/20260909T084200Z-e5f5f91b/checkpoint_probes/steps_008477421/probe_battery.json,policy,/policy/factor_state_fractions/factor_1/2,0.1361
explore_cycle_3_both,42,8477421,256,intermediate,20000,20000,experiments/strata_two_factor_explore_cycle_3/reward_both_state_0/results/20260909T084200Z-e5f5f91b/checkpoint_probes/steps_008477421/probe_battery.json,policy,/policy/factor_state_fractions/factor_2/0,0.7251
explore_cycle_3_both,42,8477421,256,intermediate,20000,20000,experiments/strata_two_factor_explore_cycle_3/reward_both_state_0/results/20260909T084200Z-e5f5f91b/checkpoint_probes/steps_008477421/probe_battery.json,policy,/policy/factor_state_fractions/factor_2/1,0.1292
explore_cycle_3_both,42,8477421,256,intermediate,20000,20000,experiments/strata_two_factor_explore_cycle_3/reward_both_state_0/results/20260909T084200Z-e5f5f91b/checkpoint_probes/steps_008477421/probe_battery.json,policy,/policy/factor_state_fractions/factor_2/2,0.1457
explore_cycle_3_both,42,8477421,256,intermediate,20000,20000,experiments/strata_two_factor_explore_cycle_3/reward_both_state_0/results/20260909T084200Z-e5f5f91b/checkpoint_probes/steps_008477421/probe_battery.json,policy,/policy/joint_state_fractions/0,0.53705
explore_cycle_3_both,42,8477421,256,intermediate,20000,20000,experiments/strata_two_factor_explore_cycle_3/reward_both_state_0/results/20260909T084200Z-e5f5f91b/checkpoint_probes/steps_008477421/probe_battery.json,policy,/policy/joint_state_fractions/1,0.09615
explore_cycle_3_both,42,8477421,256,intermediate,20000,20000,experiments/strata_two_factor_explore_cycle_3/reward_both_state_0/results/20260909T084200Z-e5f5f91b/checkpoint_probes/steps_008477421/probe_battery.json,policy,/policy/joint_state_fractions/2,0.1026
explore_cycle_3_both,42,8477421,256,intermediate,20000,20000,experiments/strata_two_factor_explore_cycle_3/reward_both_state_0/results/20260909T084200Z-e5f5f91b/checkpoint_probes/steps_008477421/probe_battery.json,policy,/policy/joint_state_fractions/3,0.09315
explore_cycle_3_both,42,8477421,256,intermediate,20000,20000,experiments/strata_two_factor_explore_cycle_3/reward_both_state_0/results/20260909T084200Z-e5f5f91b/checkpoint_probes/steps_008477421/probe_battery.json,policy,/policy/joint_state_fractions/4,0.01605
explore_cycle_3_both,42,8477421,256,intermediate,20000,20000,experiments/strata_two_factor_explore_cycle_3/reward_both_state_0/results/20260909T084200Z-e5f5f91b/checkpoint_probes/steps_008477421/probe_battery.json,policy,/policy/joint_state_fractions/5,0.0189
explore_cycle_3_both,42,8477421,256,intermediate,20000,20000,experiments/strata_two_factor_explore_cycle_3/reward_both_state_0/results/20260909T084200Z-e5f5f91b/checkpoint_probes/steps_008477421/probe_battery.json,policy,/policy/joint_state_fractions/6,0.0949
explore_cycle_3_both,42,8477421,256,intermediate,20000,20000,experiments/strata_two_factor_explore_cycle_3/reward_both_state_0/results/20260909T084200Z-e5f5f91b/checkpoint_probes/steps_008477421/probe_battery.json,policy,/policy/joint_state_fractions/7,0.017
explore_cycle_3_both,42,8477421,256,intermediate,20000,20000,experiments/strata_two_factor_explore_cycle_3/reward_both_state_0/results/20260909T084200Z-e5f5f91b/checkpoint_probes/steps_008477421/probe_battery.json,policy,/policy/joint_state_fractions/8,0.0242
explore_cycle_3_both,42,8477421,256,intermediate,20000,20000,experiments/strata_two_factor_explore_cycle_3/reward_both_state_0/results/20260909T084200Z-e5f5f91b/checkpoint_probes/steps_008477421/probe_battery.json,policy,/policy/mean_reward,0.7305
explore_cycle_3_both,42,8477421,256,intermediate,20000,20000,experiments/strata_two_factor_explore_cycle_3/reward_both_state_0/results/20260909T084200Z-e5f5f91b/checkpoint_probes/steps_008477421/probe_battery.json,policy,/policy/mode,learned_stochastic
explore_cycle_3_both,42,8477421,256,intermediate,20000,20000,experiments/strata_two_factor_explore_cycle_3/reward_both_state_0/results/20260909T084200Z-e5f5f91b/checkpoint_probes/steps_008477421/probe_battery.json,policy,/policy/temperature,1.5
explore_cycle_3_both,42,8477421,256,intermediate,20000,20000,experiments/strata_two_factor_explore_cycle_3/reward_both_state_0/results/20260909T084200Z-e5f5f91b/checkpoint_probes/steps_008477421/probe_battery.json,train_policy,/train_policy/action_fractions/0,0.8343
explore_cycle_3_both,42,8477421,256,intermediate,20000,20000,experiments/strata_two_factor_explore_cycle_3/reward_both_state_0/results/20260909T084200Z-e5f5f91b/checkpoint_probes/steps_008477421/probe_battery.json,train_policy,/train_policy/action_fractions/1,0.02
explore_cycle_3_both,42,8477421,256,intermediate,20000,20000,experiments/strata_two_factor_explore_cycle_3/reward_both_state_0/results/20260909T084200Z-e5f5f91b/checkpoint_probes/steps_008477421/probe_battery.json,train_policy,/train_policy/action_fractions/2,0.04605
explore_cycle_3_both,42,8477421,256,intermediate,20000,20000,experiments/strata_two_factor_explore_cycle_3/reward_both_state_0/results/20260909T084200Z-e5f5f91b/checkpoint_probes/steps_008477421/probe_battery.json,train_policy,/train_policy/action_fractions/3,0.0
explore_cycle_3_both,42,8477421,256,intermediate,20000,20000,experiments/strata_two_factor_explore_cycle_3/reward_both_state_0/results/20260909T084200Z-e5f5f91b/checkpoint_probes/steps_008477421/probe_battery.json,train_policy,/train_policy/action_fractions/4,0.0
explore_cycle_3_both,42,8477421,256,intermediate,20000,20000,experiments/strata_two_factor_explore_cycle_3/reward_both_state_0/results/20260909T084200Z-e5f5f91b/checkpoint_probes/steps_008477421/probe_battery.json,train_policy,/train_policy/action_fractions/5,0.0
explore_cycle_3_both,42,8477421,256,intermediate,20000,20000,experiments/strata_two_factor_explore_cycle_3/reward_both_state_0/results/20260909T084200Z-e5f5f91b/checkpoint_probes/steps_008477421/probe_battery.json,train_policy,/train_policy/action_fractions/6,0.09965
explore_cycle_3_both,42,8477421,256,intermediate,20000,20000,experiments/strata_two_factor_explore_cycle_3/reward_both_state_0/results/20260909T084200Z-e5f5f91b/checkpoint_probes/steps_008477421/probe_battery.json,train_policy,/train_policy/action_fractions/7,0.0
explore_cycle_3_both,42,8477421,256,intermediate,20000,20000,experiments/strata_two_factor_explore_cycle_3/reward_both_state_0/results/20260909T084200Z-e5f5f91b/checkpoint_probes/steps_008477421/probe_battery.json,train_policy,/train_policy/action_fractions/8,0.0
explore_cycle_3_both,42,8477421,256,intermediate,20000,20000,experiments/strata_two_factor_explore_cycle_3/reward_both_state_0/results/20260909T084200Z-e5f5f91b/checkpoint_probes/steps_008477421/probe_battery.json,train_policy,/train_policy/factor_action_fractions/factor_1/0,0.90035
explore_cycle_3_both,42,8477421,256,intermediate,20000,20000,experiments/strata_two_factor_explore_cycle_3/reward_both_state_0/results/20260909T084200Z-e5f5f91b/checkpoint_probes/steps_008477421/probe_battery.json,train_policy,/train_policy/factor_action_fractions/factor_1/1,0.0
explore_cycle_3_both,42,8477421,256,intermediate,20000,20000,experiments/strata_two_factor_explore_cycle_3/reward_both_state_0/results/20260909T084200Z-e5f5f91b/checkpoint_probes/steps_008477421/probe_battery.json,train_policy,/train_policy/factor_action_fractions/factor_1/2,0.09965
explore_cycle_3_both,42,8477421,256,intermediate,20000,20000,experiments/strata_two_factor_explore_cycle_3/reward_both_state_0/results/20260909T084200Z-e5f5f91b/checkpoint_probes/steps_008477421/probe_battery.json,train_policy,/train_policy/factor_action_fractions/factor_2/0,0.93395
explore_cycle_3_both,42,8477421,256,intermediate,20000,20000,experiments/strata_two_factor_explore_cycle_3/reward_both_state_0/results/20260909T084200Z-e5f5f91b/checkpoint_probes/steps_008477421/probe_battery.json,train_policy,/train_policy/factor_action_fractions/factor_2/1,0.02
explore_cycle_3_both,42,8477421,256,intermediate,20000,20000,experiments/strata_two_factor_explore_cycle_3/reward_both_state_0/results/20260909T084200Z-e5f5f91b/checkpoint_probes/steps_008477421/probe_battery.json,train_policy,/train_policy/factor_action_fractions/factor_2/2,0.04605
explore_cycle_3_both,42,8477421,256,intermediate,20000,20000,experiments/strata_two_factor_explore_cycle_3/reward_both_state_0/results/20260909T084200Z-e5f5f91b/checkpoint_probes/steps_008477421/probe_battery.json,train_policy,/train_policy/factor_state_fractions/factor_1/0,0.7315
explore_cycle_3_both,42,8477421,256,intermediate,20000,20000,experiments/strata_two_factor_explore_cycle_3/reward_both_state_0/results/20260909T084200Z-e5f5f91b/checkpoint_probes/steps_008477421/probe_battery.json,train_policy,/train_policy/factor_state_fractions/factor_1/1,0.1257
explore_cycle_3_both,42,8477421,256,intermediate,20000,20000,experiments/strata_two_factor_explore_cycle_3/reward_both_state_0/results/20260909T084200Z-e5f5f91b/checkpoint_probes/steps_008477421/probe_battery.json,train_policy,/train_policy/factor_state_fractions/factor_1/2,0.1428
explore_cycle_3_both,42,8477421,256,intermediate,20000,20000,experiments/strata_two_factor_explore_cycle_3/reward_both_state_0/results/20260909T084200Z-e5f5f91b/checkpoint_probes/steps_008477421/probe_battery.json,train_policy,/train_policy/factor_state_fractions/factor_2/0,0.73725
explore_cycle_3_both,42,8477421,256,intermediate,20000,20000,experiments/strata_two_factor_explore_cycle_3/reward_both_state_0/results/20260909T084200Z-e5f5f91b/checkpoint_probes/steps_008477421/probe_battery.json,train_policy,/train_policy/factor_state_fractions/factor_2/1,0.1157
explore_cycle_3_both,42,8477421,256,intermediate,20000,20000,experiments/strata_two_factor_explore_cycle_3/reward_both_state_0/results/20260909T084200Z-e5f5f91b/checkpoint_probes/steps_008477421/probe_battery.json,train_policy,/train_policy/factor_state_fractions/factor_2/2,0.14705
explore_cycle_3_both,42,8477421,256,intermediate,20000,20000,experiments/strata_two_factor_explore_cycle_3/reward_both_state_0/results/20260909T084200Z-e5f5f91b/checkpoint_probes/steps_008477421/probe_battery.json,train_policy,/train_policy/joint_state_fractions/0,0.5417
explore_cycle_3_both,42,8477421,256,intermediate,20000,20000,experiments/strata_two_factor_explore_cycle_3/reward_both_state_0/results/20260909T084200Z-e5f5f91b/checkpoint_probes/steps_008477421/probe_battery.json,train_policy,/train_policy/joint_state_fractions/1,0.08285
explore_cycle_3_both,42,8477421,256,intermediate,20000,20000,experiments/strata_two_factor_explore_cycle_3/reward_both_state_0/results/20260909T084200Z-e5f5f91b/checkpoint_probes/steps_008477421/probe_battery.json,train_policy,/train_policy/joint_state_fractions/2,0.10695
explore_cycle_3_both,42,8477421,256,intermediate,20000,20000,experiments/strata_two_factor_explore_cycle_3/reward_both_state_0/results/20260909T084200Z-e5f5f91b/checkpoint_probes/steps_008477421/probe_battery.json,train_policy,/train_policy/joint_state_fractions/3,0.0922
explore_cycle_3_both,42,8477421,256,intermediate,20000,20000,experiments/strata_two_factor_explore_cycle_3/reward_both_state_0/results/20260909T084200Z-e5f5f91b/checkpoint_probes/steps_008477421/probe_battery.json,train_policy,/train_policy/joint_state_fractions/4,0.01575
explore_cycle_3_both,42,8477421,256,intermediate,20000,20000,experiments/strata_two_factor_explore_cycle_3/reward_both_state_0/results/20260909T084200Z-e5f5f91b/checkpoint_probes/steps_008477421/probe_battery.json,train_policy,/train_policy/joint_state_fractions/5,0.01775
explore_cycle_3_both,42,8477421,256,intermediate,20000,20000,experiments/strata_two_factor_explore_cycle_3/reward_both_state_0/results/20260909T084200Z-e5f5f91b/checkpoint_probes/steps_008477421/probe_battery.json,train_policy,/train_policy/joint_state_fractions/6,0.10335
explore_cycle_3_both,42,8477421,256,intermediate,20000,20000,experiments/strata_two_factor_explore_cycle_3/reward_both_state_0/results/20260909T084200Z-e5f5f91b/checkpoint_probes/steps_008477421/probe_battery.json,train_policy,/train_policy/joint_state_fractions/7,0.0171
explore_cycle_3_both,42,8477421,256,intermediate,20000,20000,experiments/strata_two_factor_explore_cycle_3/reward_both_state_0/results/20260909T084200Z-e5f5f91b/checkpoint_probes/steps_008477421/probe_battery.json,train_policy,/train_policy/joint_state_fractions/8,0.02235
explore_cycle_3_both,42,8477421,256,intermediate,20000,20000,experiments/strata_two_factor_explore_cycle_3/reward_both_state_0/results/20260909T084200Z-e5f5f91b/checkpoint_probes/steps_008477421/probe_battery.json,train_policy,/train_policy/mean_reward,0.7342
explore_cycle_3_both,42,8477421,256,intermediate,20000,20000,experiments/strata_two_factor_explore_cycle_3/reward_both_state_0/results/20260909T084200Z-e5f5f91b/checkpoint_probes/steps_008477421/probe_battery.json,train_policy,/train_policy/mode,learned_stochastic
explore_cycle_3_both,42,8477421,256,intermediate,20000,20000,experiments/strata_two_factor_explore_cycle_3/reward_both_state_0/results/20260909T084200Z-e5f5f91b/checkpoint_probes/steps_008477421/probe_battery.json,train_policy,/train_policy/temperature,1.5
explore_cycle_3_both,42,16954395,512,intermediate,20000,20000,experiments/strata_two_factor_explore_cycle_3/reward_both_state_0/results/20260909T084200Z-e5f5f91b/checkpoint_probes/steps_016954395/probe_battery.json,policy,/policy/action_fractions/0,0.8803
explore_cycle_3_both,42,16954395,512,intermediate,20000,20000,experiments/strata_two_factor_explore_cycle_3/reward_both_state_0/results/20260909T084200Z-e5f5f91b/checkpoint_probes/steps_016954395/probe_battery.json,policy,/policy/action_fractions/1,0.0189
explore_cycle_3_both,42,16954395,512,intermediate,20000,20000,experiments/strata_two_factor_explore_cycle_3/reward_both_state_0/results/20260909T084200Z-e5f5f91b/checkpoint_probes/steps_016954395/probe_battery.json,policy,/policy/action_fractions/2,0.0246
explore_cycle_3_both,42,16954395,512,intermediate,20000,20000,experiments/strata_two_factor_explore_cycle_3/reward_both_state_0/results/20260909T084200Z-e5f5f91b/checkpoint_probes/steps_016954395/probe_battery.json,policy,/policy/action_fractions/3,0.0
explore_cycle_3_both,42,16954395,512,intermediate,20000,20000,experiments/strata_two_factor_explore_cycle_3/reward_both_state_0/results/20260909T084200Z-e5f5f91b/checkpoint_probes/steps_016954395/probe_battery.json,policy,/policy/action_fractions/4,0.0
explore_cycle_3_both,42,16954395,512,intermediate,20000,20000,experiments/strata_two_factor_explore_cycle_3/reward_both_state_0/results/20260909T084200Z-e5f5f91b/checkpoint_probes/steps_016954395/probe_battery.json,policy,/policy/action_fractions/5,0.0
explore_cycle_3_both,42,16954395,512,intermediate,20000,20000,experiments/strata_two_factor_explore_cycle_3/reward_both_state_0/results/20260909T084200Z-e5f5f91b/checkpoint_probes/steps_016954395/probe_battery.json,policy,/policy/action_fractions/6,0.07615
explore_cycle_3_both,42,16954395,512,intermediate,20000,20000,experiments/strata_two_factor_explore_cycle_3/reward_both_state_0/results/20260909T084200Z-e5f5f91b/checkpoint_probes/steps_016954395/probe_battery.json,policy,/policy/action_fractions/7,5e-05
explore_cycle_3_both,42,16954395,512,intermediate,20000,20000,experiments/strata_two_factor_explore_cycle_3/reward_both_state_0/results/20260909T084200Z-e5f5f91b/checkpoint_probes/steps_016954395/probe_battery.json,policy,/policy/action_fractions/8,0.0
explore_cycle_3_both,42,16954395,512,intermediate,20000,20000,experiments/strata_two_factor_explore_cycle_3/reward_both_state_0/results/20260909T084200Z-e5f5f91b/checkpoint_probes/steps_016954395/probe_battery.json,policy,/policy/factor_action_fractions/factor_1/0,0.9238
explore_cycle_3_both,42,16954395,512,intermediate,20000,20000,experiments/strata_two_factor_explore_cycle_3/reward_both_state_0/results/20260909T084200Z-e5f5f91b/checkpoint_probes/steps_016954395/probe_battery.json,policy,/policy/factor_action_fractions/factor_1/1,0.0
explore_cycle_3_both,42,16954395,512,intermediate,20000,20000,experiments/strata_two_factor_explore_cycle_3/reward_both_state_0/results/20260909T084200Z-e5f5f91b/checkpoint_probes/steps_016954395/probe_battery.json,policy,/policy/factor_action_fractions/factor_1/2,0.0762
explore_cycle_3_both,42,16954395,512,intermediate,20000,20000,experiments/strata_two_factor_explore_cycle_3/reward_both_state_0/results/20260909T084200Z-e5f5f91b/checkpoint_probes/steps_016954395/probe_battery.json,policy,/policy/factor_action_fractions/factor_2/0,0.95645
explore_cycle_3_both,42,16954395,512,intermediate,20000,20000,experiments/strata_two_factor_explore_cycle_3/reward_both_state_0/results/20260909T084200Z-e5f5f91b/checkpoint_probes/steps_016954395/probe_battery.json,policy,/policy/factor_action_fractions/factor_2/1,0.01895
explore_cycle_3_both,42,16954395,512,intermediate,20000,20000,experiments/strata_two_factor_explore_cycle_3/reward_both_state_0/results/20260909T084200Z-e5f5f91b/checkpoint_probes/steps_016954395/probe_battery.json,policy,/policy/factor_action_fractions/factor_2/2,0.0246
explore_cycle_3_both,42,16954395,512,intermediate,20000,20000,experiments/strata_two_factor_explore_cycle_3/reward_both_state_0/results/20260909T084200Z-e5f5f91b/checkpoint_probes/steps_016954395/probe_battery.json,policy,/policy/factor_state_fractions/factor_1/0,0.7351
explore_cycle_3_both,42,16954395,512,intermediate,20000,20000,experiments/strata_two_factor_explore_cycle_3/reward_both_state_0/results/20260909T084200Z-e5f5f91b/checkpoint_probes/steps_016954395/probe_battery.json,policy,/policy/factor_state_fractions/factor_1/1,0.1403
explore_cycle_3_both,42,16954395,512,intermediate,20000,20000,experiments/strata_two_factor_explore_cycle_3/reward_both_state_0/results/20260909T084200Z-e5f5f91b/checkpoint_probes/steps_016954395/probe_battery.json,policy,/policy/factor_state_fractions/factor_1/2,0.1246
explore_cycle_3_both,42,16954395,512,intermediate,20000,20000,experiments/strata_two_factor_explore_cycle_3/reward_both_state_0/results/20260909T084200Z-e5f5f91b/checkpoint_probes/steps_016954395/probe_battery.json,policy,/policy/factor_state_fractions/factor_2/0,0.745
explore_cycle_3_both,42,16954395,512,intermediate,20000,20000,experiments/strata_two_factor_explore_cycle_3/reward_both_state_0/results/20260909T084200Z-e5f5f91b/checkpoint_probes/steps_016954395/probe_battery.json,policy,/policy/factor_state_fractions/factor_2/1,0.14875
explore_cycle_3_both,42,16954395,512,intermediate,20000,20000,experiments/strata_two_factor_explore_cycle_3/reward_both_state_0/results/20260909T084200Z-e5f5f91b/checkpoint_probes/steps_016954395/probe_battery.json,policy,/policy/factor_state_fractions/factor_2/2,0.10625
explore_cycle_3_both,42,16954395,512,intermediate,20000,20000,experiments/strata_two_factor_explore_cycle_3/reward_both_state_0/results/20260909T084200Z-e5f5f91b/checkpoint_probes/steps_016954395/probe_battery.json,policy,/policy/joint_state_fractions/0,0.5508
explore_cycle_3_both,42,16954395,512,intermediate,20000,20000,experiments/strata_two_factor_explore_cycle_3/reward_both_state_0/results/20260909T084200Z-e5f5f91b/checkpoint_probes/steps_016954395/probe_battery.json,policy,/policy/joint_state_fractions/1,0.1103
explore_cycle_3_both,42,16954395,512,intermediate,20000,20000,experiments/strata_two_factor_explore_cycle_3/reward_both_state_0/results/20260909T084200Z-e5f5f91b/checkpoint_probes/steps_016954395/probe_battery.json,policy,/policy/joint_state_fractions/2,0.074
explore_cycle_3_both,42,16954395,512,intermediate,20000,20000,experiments/strata_two_factor_explore_cycle_3/reward_both_state_0/results/20260909T084200Z-e5f5f91b/checkpoint_probes/steps_016954395/probe_battery.json,policy,/policy/joint_state_fractions/3,0.10135
explore_cycle_3_both,42,16954395,512,intermediate,20000,20000,experiments/strata_two_factor_explore_cycle_3/reward_both_state_0/results/20260909T084200Z-e5f5f91b/checkpoint_probes/steps_016954395/probe_battery.json,policy,/policy/joint_state_fractions/4,0.0229
explore_cycle_3_both,42,16954395,512,intermediate,20000,20000,experiments/strata_two_factor_explore_cycle_3/reward_both_state_0/results/20260909T084200Z-e5f5f91b/checkpoint_probes/steps_016954395/probe_battery.json,policy,/policy/joint_state_fractions/5,0.01605
explore_cycle_3_both,42,16954395,512,intermediate,20000,20000,experiments/strata_two_factor_explore_cycle_3/reward_both_state_0/results/20260909T084200Z-e5f5f91b/checkpoint_probes/steps_016954395/probe_battery.json,policy,/policy/joint_state_fractions/6,0.09285
explore_cycle_3_both,42,16954395,512,intermediate,20000,20000,experiments/strata_two_factor_explore_cycle_3/reward_both_state_0/results/20260909T084200Z-e5f5f91b/checkpoint_probes/steps_016954395/probe_battery.json,policy,/policy/joint_state_fractions/7,0.01555
explore_cycle_3_both,42,16954395,512,intermediate,20000,20000,experiments/strata_two_factor_explore_cycle_3/reward_both_state_0/results/20260909T084200Z-e5f5f91b/checkpoint_probes/steps_016954395/probe_battery.json,policy,/policy/joint_state_fractions/8,0.0162
explore_cycle_3_both,42,16954395,512,intermediate,20000,20000,experiments/strata_two_factor_explore_cycle_3/reward_both_state_0/results/20260909T084200Z-e5f5f91b/checkpoint_probes/steps_016954395/probe_battery.json,policy,/policy/mean_reward,0.74025
explore_cycle_3_both,42,16954395,512,intermediate,20000,20000,experiments/strata_two_factor_explore_cycle_3/reward_both_state_0/results/20260909T084200Z-e5f5f91b/checkpoint_probes/steps_016954395/probe_battery.json,policy,/policy/mode,learned_stochastic
explore_cycle_3_both,42,16954395,512,intermediate,20000,20000,experiments/strata_two_factor_explore_cycle_3/reward_both_state_0/results/20260909T084200Z-e5f5f91b/checkpoint_probes/steps_016954395/probe_battery.json,policy,/policy/temperature,1.5
explore_cycle_3_both,42,16954395,512,intermediate,20000,20000,experiments/strata_two_factor_explore_cycle_3/reward_both_state_0/results/20260909T084200Z-e5f5f91b/checkpoint_probes/steps_016954395/probe_battery.json,train_policy,/train_policy/action_fractions/0,0.88075
explore_cycle_3_both,42,16954395,512,intermediate,20000,20000,experiments/strata_two_factor_explore_cycle_3/reward_both_state_0/results/20260909T084200Z-e5f5f91b/checkpoint_probes/steps_016954395/probe_battery.json,train_policy,/train_policy/action_fractions/1,0.0176
explore_cycle_3_both,42,16954395,512,intermediate,20000,20000,experiments/strata_two_factor_explore_cycle_3/reward_both_state_0/results/20260909T084200Z-e5f5f91b/checkpoint_probes/steps_016954395/probe_battery.json,train_policy,/train_policy/action_fractions/2,0.0253
explore_cycle_3_both,42,16954395,512,intermediate,20000,20000,experiments/strata_two_factor_explore_cycle_3/reward_both_state_0/results/20260909T084200Z-e5f5f91b/checkpoint_probes/steps_016954395/probe_battery.json,train_policy,/train_policy/action_fractions/3,0.0
explore_cycle_3_both,42,16954395,512,intermediate,20000,20000,experiments/strata_two_factor_explore_cycle_3/reward_both_state_0/results/20260909T084200Z-e5f5f91b/checkpoint_probes/steps_016954395/probe_battery.json,train_policy,/train_policy/action_fractions/4,0.0
explore_cycle_3_both,42,16954395,512,intermediate,20000,20000,experiments/strata_two_factor_explore_cycle_3/reward_both_state_0/results/20260909T084200Z-e5f5f91b/checkpoint_probes/steps_016954395/probe_battery.json,train_policy,/train_policy/action_fractions/5,0.0
explore_cycle_3_both,42,16954395,512,intermediate,20000,20000,experiments/strata_two_factor_explore_cycle_3/reward_both_state_0/results/20260909T084200Z-e5f5f91b/checkpoint_probes/steps_016954395/probe_battery.json,train_policy,/train_policy/action_fractions/6,0.07635
explore_cycle_3_both,42,16954395,512,intermediate,20000,20000,experiments/strata_two_factor_explore_cycle_3/reward_both_state_0/results/20260909T084200Z-e5f5f91b/checkpoint_probes/steps_016954395/probe_battery.json,train_policy,/train_policy/action_fractions/7,0.0
explore_cycle_3_both,42,16954395,512,intermediate,20000,20000,experiments/strata_two_factor_explore_cycle_3/reward_both_state_0/results/20260909T084200Z-e5f5f91b/checkpoint_probes/steps_016954395/probe_battery.json,train_policy,/train_policy/action_fractions/8,0.0
explore_cycle_3_both,42,16954395,512,intermediate,20000,20000,experiments/strata_two_factor_explore_cycle_3/reward_both_state_0/results/20260909T084200Z-e5f5f91b/checkpoint_probes/steps_016954395/probe_battery.json,train_policy,/train_policy/factor_action_fractions/factor_1/0,0.92365
explore_cycle_3_both,42,16954395,512,intermediate,20000,20000,experiments/strata_two_factor_explore_cycle_3/reward_both_state_0/results/20260909T084200Z-e5f5f91b/checkpoint_probes/steps_016954395/probe_battery.json,train_policy,/train_policy/factor_action_fractions/factor_1/1,0.0
explore_cycle_3_both,42,16954395,512,intermediate,20000,20000,experiments/strata_two_factor_explore_cycle_3/reward_both_state_0/results/20260909T084200Z-e5f5f91b/checkpoint_probes/steps_016954395/probe_battery.json,train_policy,/train_policy/factor_action_fractions/factor_1/2,0.07635
explore_cycle_3_both,42,16954395,512,intermediate,20000,20000,experiments/strata_two_factor_explore_cycle_3/reward_both_state_0/results/20260909T084200Z-e5f5f91b/checkpoint_probes/steps_016954395/probe_battery.json,train_policy,/train_policy/factor_action_fractions/factor_2/0,0.9571
explore_cycle_3_both,42,16954395,512,intermediate,20000,20000,experiments/strata_two_factor_explore_cycle_3/reward_both_state_0/results/20260909T084200Z-e5f5f91b/checkpoint_probes/steps_016954395/probe_battery.json,train_policy,/train_policy/factor_action_fractions/factor_2/1,0.0176
explore_cycle_3_both,42,16954395,512,intermediate,20000,20000,experiments/strata_two_factor_explore_cycle_3/reward_both_state_0/results/20260909T084200Z-e5f5f91b/checkpoint_probes/steps_016954395/probe_battery.json,train_policy,/train_policy/factor_action_fractions/factor_2/2,0.0253
explore_cycle_3_both,42,16954395,512,intermediate,20000,20000,experiments/strata_two_factor_explore_cycle_3/reward_both_state_0/results/20260909T084200Z-e5f5f91b/checkpoint_probes/steps_016954395/probe_battery.json,train_policy,/train_policy/factor_state_fractions/factor_1/0,0.74835
explore_cycle_3_both,42,16954395,512,intermediate,20000,20000,experiments/strata_two_factor_explore_cycle_3/reward_both_state_0/results/20260909T084200Z-e5f5f91b/checkpoint_probes/steps_016954395/probe_battery.json,train_policy,/train_policy/factor_state_fractions/factor_1/1,0.1287
explore_cycle_3_both,42,16954395,512,intermediate,20000,20000,experiments/strata_two_factor_explore_cycle_3/reward_both_state_0/results/20260909T084200Z-e5f5f91b/checkpoint_probes/steps_016954395/probe_battery.json,train_policy,/train_policy/factor_state_fractions/factor_1/2,0.12295
explore_cycle_3_both,42,16954395,512,intermediate,20000,20000,experiments/strata_two_factor_explore_cycle_3/reward_both_state_0/results/20260909T084200Z-e5f5f91b/checkpoint_probes/steps_016954395/probe_battery.json,train_policy,/train_policy/factor_state_fractions/factor_2/0,0.7303
explore_cycle_3_both,42,16954395,512,intermediate,20000,20000,experiments/strata_two_factor_explore_cycle_3/reward_both_state_0/results/20260909T084200Z-e5f5f91b/checkpoint_probes/steps_016954395/probe_battery.json,train_policy,/train_policy/factor_state_fractions/factor_2/1,0.1532
explore_cycle_3_both,42,16954395,512,intermediate,20000,20000,experiments/strata_two_factor_explore_cycle_3/reward_both_state_0/results/20260909T084200Z-e5f5f91b/checkpoint_probes/steps_016954395/probe_battery.json,train_policy,/train_policy/factor_state_fractions/factor_2/2,0.1165
explore_cycle_3_both,42,16954395,512,intermediate,20000,20000,experiments/strata_two_factor_explore_cycle_3/reward_both_state_0/results/20260909T084200Z-e5f5f91b/checkpoint_probes/steps_016954395/probe_battery.json,train_policy,/train_policy/joint_state_fractions/0,0.5469
explore_cycle_3_both,42,16954395,512,intermediate,20000,20000,experiments/strata_two_factor_explore_cycle_3/reward_both_state_0/results/20260909T084200Z-e5f5f91b/checkpoint_probes/steps_016954395/probe_battery.json,train_policy,/train_policy/joint_state_fractions/1,0.11365
explore_cycle_3_both,42,16954395,512,intermediate,20000,20000,experiments/strata_two_factor_explore_cycle_3/reward_both_state_0/results/20260909T084200Z-e5f5f91b/checkpoint_probes/steps_016954395/probe_battery.json,train_policy,/train_policy/joint_state_fractions/2,0.0878
explore_cycle_3_both,42,16954395,512,intermediate,20000,20000,experiments/strata_two_factor_explore_cycle_3/reward_both_state_0/results/20260909T084200Z-e5f5f91b/checkpoint_probes/steps_016954395/probe_battery.json,train_policy,/train_policy/joint_state_fractions/3,0.0922
explore_cycle_3_both,42,16954395,512,intermediate,20000,20000,experiments/strata_two_factor_explore_cycle_3/reward_both_state_0/results/20260909T084200Z-e5f5f91b/checkpoint_probes/steps_016954395/probe_battery.json,train_policy,/train_policy/joint_state_fractions/4,0.02345
explore_cycle_3_both,42,16954395,512,intermediate,20000,20000,experiments/strata_two_factor_explore_cycle_3/reward_both_state_0/results/20260909T084200Z-e5f5f91b/checkpoint_probes/steps_016954395/probe_battery.json,train_policy,/train_policy/joint_state_fractions/5,0.01305
explore_cycle_3_both,42,16954395,512,intermediate,20000,20000,experiments/strata_two_factor_explore_cycle_3/reward_both_state_0/results/20260909T084200Z-e5f5f91b/checkpoint_probes/steps_016954395/probe_battery.json,train_policy,/train_policy/joint_state_fractions/6,0.0912
explore_cycle_3_both,42,16954395,512,intermediate,20000,20000,experiments/strata_two_factor_explore_cycle_3/reward_both_state_0/results/20260909T084200Z-e5f5f91b/checkpoint_probes/steps_016954395/probe_battery.json,train_policy,/train_policy/joint_state_fractions/7,0.0161
explore_cycle_3_both,42,16954395,512,intermediate,20000,20000,experiments/strata_two_factor_explore_cycle_3/reward_both_state_0/results/20260909T084200Z-e5f5f91b/checkpoint_probes/steps_016954395/probe_battery.json,train_policy,/train_policy/joint_state_fractions/8,0.01565
explore_cycle_3_both,42,16954395,512,intermediate,20000,20000,experiments/strata_two_factor_explore_cycle_3/reward_both_state_0/results/20260909T084200Z-e5f5f91b/checkpoint_probes/steps_016954395/probe_battery.json,train_policy,/train_policy/mean_reward,0.73925
explore_cycle_3_both,42,16954395,512,intermediate,20000,20000,experiments/strata_two_factor_explore_cycle_3/reward_both_state_0/results/20260909T084200Z-e5f5f91b/checkpoint_probes/steps_016954395/probe_battery.json,train_policy,/train_policy/mode,learned_stochastic
explore_cycle_3_both,42,16954395,512,intermediate,20000,20000,experiments/strata_two_factor_explore_cycle_3/reward_both_state_0/results/20260909T084200Z-e5f5f91b/checkpoint_probes/steps_016954395/probe_battery.json,train_policy,/train_policy/temperature,1.5
explore_cycle_3_both,42,33908739,1024,intermediate,20000,20000,experiments/strata_two_factor_explore_cycle_3/reward_both_state_0/results/20260909T084200Z-e5f5f91b/checkpoint_probes/steps_033908739/probe_battery.json,policy,/policy/action_fractions/0,0.8561
explore_cycle_3_both,42,33908739,1024,intermediate,20000,20000,experiments/strata_two_factor_explore_cycle_3/reward_both_state_0/results/20260909T084200Z-e5f5f91b/checkpoint_probes/steps_033908739/probe_battery.json,policy,/policy/action_fractions/1,0.02025
explore_cycle_3_both,42,33908739,1024,intermediate,20000,20000,experiments/strata_two_factor_explore_cycle_3/reward_both_state_0/results/20260909T084200Z-e5f5f91b/checkpoint_probes/steps_033908739/probe_battery.json,policy,/policy/action_fractions/2,0.0433
explore_cycle_3_both,42,33908739,1024,intermediate,20000,20000,experiments/strata_two_factor_explore_cycle_3/reward_both_state_0/results/20260909T084200Z-e5f5f91b/checkpoint_probes/steps_033908739/probe_battery.json,policy,/policy/action_fractions/3,0.0
explore_cycle_3_both,42,33908739,1024,intermediate,20000,20000,experiments/strata_two_factor_explore_cycle_3/reward_both_state_0/results/20260909T084200Z-e5f5f91b/checkpoint_probes/steps_033908739/probe_battery.json,policy,/policy/action_fractions/4,0.0
explore_cycle_3_both,42,33908739,1024,intermediate,20000,20000,experiments/strata_two_factor_explore_cycle_3/reward_both_state_0/results/20260909T084200Z-e5f5f91b/checkpoint_probes/steps_033908739/probe_battery.json,policy,/policy/action_fractions/5,0.0
explore_cycle_3_both,42,33908739,1024,intermediate,20000,20000,experiments/strata_two_factor_explore_cycle_3/reward_both_state_0/results/20260909T084200Z-e5f5f91b/checkpoint_probes/steps_033908739/probe_battery.json,policy,/policy/action_fractions/6,0.0803
explore_cycle_3_both,42,33908739,1024,intermediate,20000,20000,experiments/strata_two_factor_explore_cycle_3/reward_both_state_0/results/20260909T084200Z-e5f5f91b/checkpoint_probes/steps_033908739/probe_battery.json,policy,/policy/action_fractions/7,0.0
explore_cycle_3_both,42,33908739,1024,intermediate,20000,20000,experiments/strata_two_factor_explore_cycle_3/reward_both_state_0/results/20260909T084200Z-e5f5f91b/checkpoint_probes/steps_033908739/probe_battery.json,policy,/policy/action_fractions/8,5e-05
explore_cycle_3_both,42,33908739,1024,intermediate,20000,20000,experiments/strata_two_factor_explore_cycle_3/reward_both_state_0/results/20260909T084200Z-e5f5f91b/checkpoint_probes/steps_033908739/probe_battery.json,policy,/policy/factor_action_fractions/factor_1/0,0.91965
explore_cycle_3_both,42,33908739,1024,intermediate,20000,20000,experiments/strata_two_factor_explore_cycle_3/reward_both_state_0/results/20260909T084200Z-e5f5f91b/checkpoint_probes/steps_033908739/probe_battery.json,policy,/policy/factor_action_fractions/factor_1/1,0.0
explore_cycle_3_both,42,33908739,1024,intermediate,20000,20000,experiments/strata_two_factor_explore_cycle_3/reward_both_state_0/results/20260909T084200Z-e5f5f91b/checkpoint_probes/steps_033908739/probe_battery.json,policy,/policy/factor_action_fractions/factor_1/2,0.08035
explore_cycle_3_both,42,33908739,1024,intermediate,20000,20000,experiments/strata_two_factor_explore_cycle_3/reward_both_state_0/results/20260909T084200Z-e5f5f91b/checkpoint_probes/steps_033908739/probe_battery.json,policy,/policy/factor_action_fractions/factor_2/0,0.9364
explore_cycle_3_both,42,33908739,1024,intermediate,20000,20000,experiments/strata_two_factor_explore_cycle_3/reward_both_state_0/results/20260909T084200Z-e5f5f91b/checkpoint_probes/steps_033908739/probe_battery.json,policy,/policy/factor_action_fractions/factor_2/1,0.02025
explore_cycle_3_both,42,33908739,1024,intermediate,20000,20000,experiments/strata_two_factor_explore_cycle_3/reward_both_state_0/results/20260909T084200Z-e5f5f91b/checkpoint_probes/steps_033908739/probe_battery.json,policy,/policy/factor_action_fractions/factor_2/2,0.04335
explore_cycle_3_both,42,33908739,1024,intermediate,20000,20000,experiments/strata_two_factor_explore_cycle_3/reward_both_state_0/results/20260909T084200Z-e5f5f91b/checkpoint_probes/steps_033908739/probe_battery.json,policy,/policy/factor_state_fractions/factor_1/0,0.7683
explore_cycle_3_both,42,33908739,1024,intermediate,20000,20000,experiments/strata_two_factor_explore_cycle_3/reward_both_state_0/results/20260909T084200Z-e5f5f91b/checkpoint_probes/steps_033908739/probe_battery.json,policy,/policy/factor_state_fractions/factor_1/1,0.10485
explore_cycle_3_both,42,33908739,1024,intermediate,20000,20000,experiments/strata_two_factor_explore_cycle_3/reward_both_state_0/results/20260909T084200Z-e5f5f91b/checkpoint_probes/steps_033908739/probe_battery.json,policy,/policy/factor_state_fractions/factor_1/2,0.12685
explore_cycle_3_both,42,33908739,1024,intermediate,20000,20000,experiments/strata_two_factor_explore_cycle_3/reward_both_state_0/results/20260909T084200Z-e5f5f91b/checkpoint_probes/steps_033908739/probe_battery.json,policy,/policy/factor_state_fractions/factor_2/0,0.76785
explore_cycle_3_both,42,33908739,1024,intermediate,20000,20000,experiments/strata_two_factor_explore_cycle_3/reward_both_state_0/results/20260909T084200Z-e5f5f91b/checkpoint_probes/steps_033908739/probe_battery.json,policy,/policy/factor_state_fractions/factor_2/1,0.11265
explore_cycle_3_both,42,33908739,1024,intermediate,20000,20000,experiments/strata_two_factor_explore_cycle_3/reward_both_state_0/results/20260909T084200Z-e5f5f91b/checkpoint_probes/steps_033908739/probe_battery.json,policy,/policy/factor_state_fractions/factor_2/2,0.1195
explore_cycle_3_both,42,33908739,1024,intermediate,20000,20000,experiments/strata_two_factor_explore_cycle_3/reward_both_state_0/results/20260909T084200Z-e5f5f91b/checkpoint_probes/steps_033908739/probe_battery.json,policy,/policy/joint_state_fractions/0,0.58755
explore_cycle_3_both,42,33908739,1024,intermediate,20000,20000,experiments/strata_two_factor_explore_cycle_3/reward_both_state_0/results/20260909T084200Z-e5f5f91b/checkpoint_probes/steps_033908739/probe_battery.json,policy,/policy/joint_state_fractions/1,0.0883
explore_cycle_3_both,42,33908739,1024,intermediate,20000,20000,experiments/strata_two_factor_explore_cycle_3/reward_both_state_0/results/20260909T084200Z-e5f5f91b/checkpoint_probes/steps_033908739/probe_battery.json,policy,/policy/joint_state_fractions/2,0.09245
explore_cycle_3_both,42,33908739,1024,intermediate,20000,20000,experiments/strata_two_factor_explore_cycle_3/reward_both_state_0/results/20260909T084200Z-e5f5f91b/checkpoint_probes/steps_033908739/probe_battery.json,policy,/policy/joint_state_fractions/3,0.08325
explore_cycle_3_both,42,33908739,1024,intermediate,20000,20000,experiments/strata_two_factor_explore_cycle_3/reward_both_state_0/results/20260909T084200Z-e5f5f91b/checkpoint_probes/steps_033908739/probe_battery.json,policy,/policy/joint_state_fractions/4,0.00945
explore_cycle_3_both,42,33908739,1024,intermediate,20000,20000,experiments/strata_two_factor_explore_cycle_3/reward_both_state_0/results/20260909T084200Z-e5f5f91b/checkpoint_probes/steps_033908739/probe_battery.json,policy,/policy/joint_state_fractions/5,0.01215
explore_cycle_3_both,42,33908739,1024,intermediate,20000,20000,experiments/strata_two_factor_explore_cycle_3/reward_both_state_0/results/20260909T084200Z-e5f5f91b/checkpoint_probes/steps_033908739/probe_battery.json,policy,/policy/joint_state_fractions/6,0.09705
explore_cycle_3_both,42,33908739,1024,intermediate,20000,20000,experiments/strata_two_factor_explore_cycle_3/reward_both_state_0/results/20260909T084200Z-e5f5f91b/checkpoint_probes/steps_033908739/probe_battery.json,policy,/policy/joint_state_fractions/7,0.0149
explore_cycle_3_both,42,33908739,1024,intermediate,20000,20000,experiments/strata_two_factor_explore_cycle_3/reward_both_state_0/results/20260909T084200Z-e5f5f91b/checkpoint_probes/steps_033908739/probe_battery.json,policy,/policy/joint_state_fractions/8,0.0149
explore_cycle_3_both,42,33908739,1024,intermediate,20000,20000,experiments/strata_two_factor_explore_cycle_3/reward_both_state_0/results/20260909T084200Z-e5f5f91b/checkpoint_probes/steps_033908739/probe_battery.json,policy,/policy/mean_reward,0.768175
explore_cycle_3_both,42,33908739,1024,intermediate,20000,20000,experiments/strata_two_factor_explore_cycle_3/reward_both_state_0/results/20260909T084200Z-e5f5f91b/checkpoint_probes/steps_033908739/probe_battery.json,policy,/policy/mode,learned_stochastic
explore_cycle_3_both,42,33908739,1024,intermediate,20000,20000,experiments/strata_two_factor_explore_cycle_3/reward_both_state_0/results/20260909T084200Z-e5f5f91b/checkpoint_probes/steps_033908739/probe_battery.json,policy,/policy/temperature,1.5
explore_cycle_3_both,42,33908739,1024,intermediate,20000,20000,experiments/strata_two_factor_explore_cycle_3/reward_both_state_0/results/20260909T084200Z-e5f5f91b/checkpoint_probes/steps_033908739/probe_battery.json,train_policy,/train_policy/action_fractions/0,0.864
explore_cycle_3_both,42,33908739,1024,intermediate,20000,20000,experiments/strata_two_factor_explore_cycle_3/reward_both_state_0/results/20260909T084200Z-e5f5f91b/checkpoint_probes/steps_033908739/probe_battery.json,train_policy,/train_policy/action_fractions/1,0.01945
explore_cycle_3_both,42,33908739,1024,intermediate,20000,20000,experiments/strata_two_factor_explore_cycle_3/reward_both_state_0/results/20260909T084200Z-e5f5f91b/checkpoint_probes/steps_033908739/probe_battery.json,train_policy,/train_policy/action_fractions/2,0.03845
explore_cycle_3_both,42,33908739,1024,intermediate,20000,20000,experiments/strata_two_factor_explore_cycle_3/reward_both_state_0/results/20260909T084200Z-e5f5f91b/checkpoint_probes/steps_033908739/probe_battery.json,train_policy,/train_policy/action_fractions/3,0.0
explore_cycle_3_both,42,33908739,1024,intermediate,20000,20000,experiments/strata_two_factor_explore_cycle_3/reward_both_state_0/results/20260909T084200Z-e5f5f91b/checkpoint_probes/steps_033908739/probe_battery.json,train_policy,/train_policy/action_fractions/4,5e-05
explore_cycle_3_both,42,33908739,1024,intermediate,20000,20000,experiments/strata_two_factor_explore_cycle_3/reward_both_state_0/results/20260909T084200Z-e5f5f91b/checkpoint_probes/steps_033908739/probe_battery.json,train_policy,/train_policy/action_fractions/5,0.0
explore_cycle_3_both,42,33908739,1024,intermediate,20000,20000,experiments/strata_two_factor_explore_cycle_3/reward_both_state_0/results/20260909T084200Z-e5f5f91b/checkpoint_probes/steps_033908739/probe_battery.json,train_policy,/train_policy/action_fractions/6,0.07805
explore_cycle_3_both,42,33908739,1024,intermediate,20000,20000,experiments/strata_two_factor_explore_cycle_3/reward_both_state_0/results/20260909T084200Z-e5f5f91b/checkpoint_probes/steps_033908739/probe_battery.json,train_policy,/train_policy/action_fractions/7,0.0
explore_cycle_3_both,42,33908739,1024,intermediate,20000,20000,experiments/strata_two_factor_explore_cycle_3/reward_both_state_0/results/20260909T084200Z-e5f5f91b/checkpoint_probes/steps_033908739/probe_battery.json,train_policy,/train_policy/action_fractions/8,0.0
explore_cycle_3_both,42,33908739,1024,intermediate,20000,20000,experiments/strata_two_factor_explore_cycle_3/reward_both_state_0/results/20260909T084200Z-e5f5f91b/checkpoint_probes/steps_033908739/probe_battery.json,train_policy,/train_policy/factor_action_fractions/factor_1/0,0.9219
explore_cycle_3_both,42,33908739,1024,intermediate,20000,20000,experiments/strata_two_factor_explore_cycle_3/reward_both_state_0/results/20260909T084200Z-e5f5f91b/checkpoint_probes/steps_033908739/probe_battery.json,train_policy,/train_policy/factor_action_fractions/factor_1/1,5e-05
explore_cycle_3_both,42,33908739,1024,intermediate,20000,20000,experiments/strata_two_factor_explore_cycle_3/reward_both_state_0/results/20260909T084200Z-e5f5f91b/checkpoint_probes/steps_033908739/probe_battery.json,train_policy,/train_policy/factor_action_fractions/factor_1/2,0.07805
explore_cycle_3_both,42,33908739,1024,intermediate,20000,20000,experiments/strata_two_factor_explore_cycle_3/reward_both_state_0/results/20260909T084200Z-e5f5f91b/checkpoint_probes/steps_033908739/probe_battery.json,train_policy,/train_policy/factor_action_fractions/factor_2/0,0.94205
explore_cycle_3_both,42,33908739,1024,intermediate,20000,20000,experiments/strata_two_factor_explore_cycle_3/reward_both_state_0/results/20260909T084200Z-e5f5f91b/checkpoint_probes/steps_033908739/probe_battery.json,train_policy,/train_policy/factor_action_fractions/factor_2/1,0.0195
explore_cycle_3_both,42,33908739,1024,intermediate,20000,20000,experiments/strata_two_factor_explore_cycle_3/reward_both_state_0/results/20260909T084200Z-e5f5f91b/checkpoint_probes/steps_033908739/probe_battery.json,train_policy,/train_policy/factor_action_fractions/factor_2/2,0.03845
explore_cycle_3_both,42,33908739,1024,intermediate,20000,20000,experiments/strata_two_factor_explore_cycle_3/reward_both_state_0/results/20260909T084200Z-e5f5f91b/checkpoint_probes/steps_033908739/probe_battery.json,train_policy,/train_policy/factor_state_fractions/factor_1/0,0.755
explore_cycle_3_both,42,33908739,1024,intermediate,20000,20000,experiments/strata_two_factor_explore_cycle_3/reward_both_state_0/results/20260909T084200Z-e5f5f91b/checkpoint_probes/steps_033908739/probe_battery.json,train_policy,/train_policy/factor_state_fractions/factor_1/1,0.1046
explore_cycle_3_both,42,33908739,1024,intermediate,20000,20000,experiments/strata_two_factor_explore_cycle_3/reward_both_state_0/results/20260909T084200Z-e5f5f91b/checkpoint_probes/steps_033908739/probe_battery.json,train_policy,/train_policy/factor_state_fractions/factor_1/2,0.1404
explore_cycle_3_both,42,33908739,1024,intermediate,20000,20000,experiments/strata_two_factor_explore_cycle_3/reward_both_state_0/results/20260909T084200Z-e5f5f91b/checkpoint_probes/steps_033908739/probe_battery.json,train_policy,/train_policy/factor_state_fractions/factor_2/0,0.7776
explore_cycle_3_both,42,33908739,1024,intermediate,20000,20000,experiments/strata_two_factor_explore_cycle_3/reward_both_state_0/results/20260909T084200Z-e5f5f91b/checkpoint_probes/steps_033908739/probe_battery.json,train_policy,/train_policy/factor_state_fractions/factor_2/1,0.1016
explore_cycle_3_both,42,33908739,1024,intermediate,20000,20000,experiments/strata_two_factor_explore_cycle_3/reward_both_state_0/results/20260909T084200Z-e5f5f91b/checkpoint_probes/steps_033908739/probe_battery.json,train_policy,/train_policy/factor_state_fractions/factor_2/2,0.1208
explore_cycle_3_both,42,33908739,1024,intermediate,20000,20000,experiments/strata_two_factor_explore_cycle_3/reward_both_state_0/results/20260909T084200Z-e5f5f91b/checkpoint_probes/steps_033908739/probe_battery.json,train_policy,/train_policy/joint_state_fractions/0,0.5866
explore_cycle_3_both,42,33908739,1024,intermediate,20000,20000,experiments/strata_two_factor_explore_cycle_3/reward_both_state_0/results/20260909T084200Z-e5f5f91b/checkpoint_probes/steps_033908739/probe_battery.json,train_policy,/train_policy/joint_state_fractions/1,0.0762
explore_cycle_3_both,42,33908739,1024,intermediate,20000,20000,experiments/strata_two_factor_explore_cycle_3/reward_both_state_0/results/20260909T084200Z-e5f5f91b/checkpoint_probes/steps_033908739/probe_battery.json,train_policy,/train_policy/joint_state_fractions/2,0.0922
explore_cycle_3_both,42,33908739,1024,intermediate,20000,20000,experiments/strata_two_factor_explore_cycle_3/reward_both_state_0/results/20260909T084200Z-e5f5f91b/checkpoint_probes/steps_033908739/probe_battery.json,train_policy,/train_policy/joint_state_fractions/3,0.0827
explore_cycle_3_both,42,33908739,1024,intermediate,20000,20000,experiments/strata_two_factor_explore_cycle_3/reward_both_state_0/results/20260909T084200Z-e5f5f91b/checkpoint_probes/steps_033908739/probe_battery.json,train_policy,/train_policy/joint_state_fractions/4,0.00875
explore_cycle_3_both,42,33908739,1024,intermediate,20000,20000,experiments/strata_two_factor_explore_cycle_3/reward_both_state_0/results/20260909T084200Z-e5f5f91b/checkpoint_probes/steps_033908739/probe_battery.json,train_policy,/train_policy/joint_state_fractions/5,0.01315
explore_cycle_3_both,42,33908739,1024,intermediate,20000,20000,experiments/strata_two_factor_explore_cycle_3/reward_both_state_0/results/20260909T084200Z-e5f5f91b/checkpoint_probes/steps_033908739/probe_battery.json,train_policy,/train_policy/joint_state_fractions/6,0.1083
explore_cycle_3_both,42,33908739,1024,intermediate,20000,20000,experiments/strata_two_factor_explore_cycle_3/reward_both_state_0/results/20260909T084200Z-e5f5f91b/checkpoint_probes/steps_033908739/probe_battery.json,train_policy,/train_policy/joint_state_fractions/7,0.01665
explore_cycle_3_both,42,33908739,1024,intermediate,20000,20000,experiments/strata_two_factor_explore_cycle_3/reward_both_state_0/results/20260909T084200Z-e5f5f91b/checkpoint_probes/steps_033908739/probe_battery.json,train_policy,/train_policy/joint_state_fractions/8,0.01545
explore_cycle_3_both,42,33908739,1024,intermediate,20000,20000,experiments/strata_two_factor_explore_cycle_3/reward_both_state_0/results/20260909T084200Z-e5f5f91b/checkpoint_probes/steps_033908739/probe_battery.json,train_policy,/train_policy/mean_reward,0.766175
explore_cycle_3_both,42,33908739,1024,intermediate,20000,20000,experiments/strata_two_factor_explore_cycle_3/reward_both_state_0/results/20260909T084200Z-e5f5f91b/checkpoint_probes/steps_033908739/probe_battery.json,train_policy,/train_policy/mode,learned_stochastic
explore_cycle_3_both,42,33908739,1024,intermediate,20000,20000,experiments/strata_two_factor_explore_cycle_3/reward_both_state_0/results/20260909T084200Z-e5f5f91b/checkpoint_probes/steps_033908739/probe_battery.json,train_policy,/train_policy/temperature,1.5
explore_cycle_3_both,42,50001886,1510,final,20000,20000,experiments/strata_two_factor_explore_cycle_3/reward_both_state_0/results/20260909T084200Z-e5f5f91b/checkpoint_probes/steps_050001886/probe_battery.json,policy,/policy/action_fractions/0,0.84275
explore_cycle_3_both,42,50001886,1510,final,20000,20000,experiments/strata_two_factor_explore_cycle_3/reward_both_state_0/results/20260909T084200Z-e5f5f91b/checkpoint_probes/steps_050001886/probe_battery.json,policy,/policy/action_fractions/1,0.01575
explore_cycle_3_both,42,50001886,1510,final,20000,20000,experiments/strata_two_factor_explore_cycle_3/reward_both_state_0/results/20260909T084200Z-e5f5f91b/checkpoint_probes/steps_050001886/probe_battery.json,policy,/policy/action_fractions/2,0.0365
explore_cycle_3_both,42,50001886,1510,final,20000,20000,experiments/strata_two_factor_explore_cycle_3/reward_both_state_0/results/20260909T084200Z-e5f5f91b/checkpoint_probes/steps_050001886/probe_battery.json,policy,/policy/action_fractions/3,0.0
explore_cycle_3_both,42,50001886,1510,final,20000,20000,experiments/strata_two_factor_explore_cycle_3/reward_both_state_0/results/20260909T084200Z-e5f5f91b/checkpoint_probes/steps_050001886/probe_battery.json,policy,/policy/action_fractions/4,0.0
explore_cycle_3_both,42,50001886,1510,final,20000,20000,experiments/strata_two_factor_explore_cycle_3/reward_both_state_0/results/20260909T084200Z-e5f5f91b/checkpoint_probes/steps_050001886/probe_battery.json,policy,/policy/action_fractions/5,0.0
explore_cycle_3_both,42,50001886,1510,final,20000,20000,experiments/strata_two_factor_explore_cycle_3/reward_both_state_0/results/20260909T084200Z-e5f5f91b/checkpoint_probes/steps_050001886/probe_battery.json,policy,/policy/action_fractions/6,0.10495
explore_cycle_3_both,42,50001886,1510,final,20000,20000,experiments/strata_two_factor_explore_cycle_3/reward_both_state_0/results/20260909T084200Z-e5f5f91b/checkpoint_probes/steps_050001886/probe_battery.json,policy,/policy/action_fractions/7,0.0
explore_cycle_3_both,42,50001886,1510,final,20000,20000,experiments/strata_two_factor_explore_cycle_3/reward_both_state_0/results/20260909T084200Z-e5f5f91b/checkpoint_probes/steps_050001886/probe_battery.json,policy,/policy/action_fractions/8,5e-05
explore_cycle_3_both,42,50001886,1510,final,20000,20000,experiments/strata_two_factor_explore_cycle_3/reward_both_state_0/results/20260909T084200Z-e5f5f91b/checkpoint_probes/steps_050001886/probe_battery.json,policy,/policy/factor_action_fractions/factor_1/0,0.895
explore_cycle_3_both,42,50001886,1510,final,20000,20000,experiments/strata_two_factor_explore_cycle_3/reward_both_state_0/results/20260909T084200Z-e5f5f91b/checkpoint_probes/steps_050001886/probe_battery.json,policy,/policy/factor_action_fractions/factor_1/1,0.0
explore_cycle_3_both,42,50001886,1510,final,20000,20000,experiments/strata_two_factor_explore_cycle_3/reward_both_state_0/results/20260909T084200Z-e5f5f91b/checkpoint_probes/steps_050001886/probe_battery.json,policy,/policy/factor_action_fractions/factor_1/2,0.105
explore_cycle_3_both,42,50001886,1510,final,20000,20000,experiments/strata_two_factor_explore_cycle_3/reward_both_state_0/results/20260909T084200Z-e5f5f91b/checkpoint_probes/steps_050001886/probe_battery.json,policy,/policy/factor_action_fractions/factor_2/0,0.9477
explore_cycle_3_both,42,50001886,1510,final,20000,20000,experiments/strata_two_factor_explore_cycle_3/reward_both_state_0/results/20260909T084200Z-e5f5f91b/checkpoint_probes/steps_050001886/probe_battery.json,policy,/policy/factor_action_fractions/factor_2/1,0.01575
explore_cycle_3_both,42,50001886,1510,final,20000,20000,experiments/strata_two_factor_explore_cycle_3/reward_both_state_0/results/20260909T084200Z-e5f5f91b/checkpoint_probes/steps_050001886/probe_battery.json,policy,/policy/factor_action_fractions/factor_2/2,0.03655
explore_cycle_3_both,42,50001886,1510,final,20000,20000,experiments/strata_two_factor_explore_cycle_3/reward_both_state_0/results/20260909T084200Z-e5f5f91b/checkpoint_probes/steps_050001886/probe_battery.json,policy,/policy/factor_state_fractions/factor_1/0,0.7547
explore_cycle_3_both,42,50001886,1510,final,20000,20000,experiments/strata_two_factor_explore_cycle_3/reward_both_state_0/results/20260909T084200Z-e5f5f91b/checkpoint_probes/steps_050001886/probe_battery.json,policy,/policy/factor_state_fractions/factor_1/1,0.11905
explore_cycle_3_both,42,50001886,1510,final,20000,20000,experiments/strata_two_factor_explore_cycle_3/reward_both_state_0/results/20260909T084200Z-e5f5f91b/checkpoint_probes/steps_050001886/probe_battery.json,policy,/policy/factor_state_fractions/factor_1/2,0.12625
explore_cycle_3_both,42,50001886,1510,final,20000,20000,experiments/strata_two_factor_explore_cycle_3/reward_both_state_0/results/20260909T084200Z-e5f5f91b/checkpoint_probes/steps_050001886/probe_battery.json,policy,/policy/factor_state_fractions/factor_2/0,0.77215
explore_cycle_3_both,42,50001886,1510,final,20000,20000,experiments/strata_two_factor_explore_cycle_3/reward_both_state_0/results/20260909T084200Z-e5f5f91b/checkpoint_probes/steps_050001886/probe_battery.json,policy,/policy/factor_state_fractions/factor_2/1,0.1184
explore_cycle_3_both,42,50001886,1510,final,20000,20000,experiments/strata_two_factor_explore_cycle_3/reward_both_state_0/results/20260909T084200Z-e5f5f91b/checkpoint_probes/steps_050001886/probe_battery.json,policy,/policy/factor_state_fractions/factor_2/2,0.10945
explore_cycle_3_both,42,50001886,1510,final,20000,20000,experiments/strata_two_factor_explore_cycle_3/reward_both_state_0/results/20260909T084200Z-e5f5f91b/checkpoint_probes/steps_050001886/probe_battery.json,policy,/policy/joint_state_fractions/0,0.5817
explore_cycle_3_both,42,50001886,1510,final,20000,20000,experiments/strata_two_factor_explore_cycle_3/reward_both_state_0/results/20260909T084200Z-e5f5f91b/checkpoint_probes/steps_050001886/probe_battery.json,policy,/policy/joint_state_fractions/1,0.0911
explore_cycle_3_both,42,50001886,1510,final,20000,20000,experiments/strata_two_factor_explore_cycle_3/reward_both_state_0/results/20260909T084200Z-e5f5f91b/checkpoint_probes/steps_050001886/probe_battery.json,policy,/policy/joint_state_fractions/2,0.0819
explore_cycle_3_both,42,50001886,1510,final,20000,20000,experiments/strata_two_factor_explore_cycle_3/reward_both_state_0/results/20260909T084200Z-e5f5f91b/checkpoint_probes/steps_050001886/probe_battery.json,policy,/policy/joint_state_fractions/3,0.0948
explore_cycle_3_both,42,50001886,1510,final,20000,20000,experiments/strata_two_factor_explore_cycle_3/reward_both_state_0/results/20260909T084200Z-e5f5f91b/checkpoint_probes/steps_050001886/probe_battery.json,policy,/policy/joint_state_fractions/4,0.0124
explore_cycle_3_both,42,50001886,1510,final,20000,20000,experiments/strata_two_factor_explore_cycle_3/reward_both_state_0/results/20260909T084200Z-e5f5f91b/checkpoint_probes/steps_050001886/probe_battery.json,policy,/policy/joint_state_fractions/5,0.01185
explore_cycle_3_both,42,50001886,1510,final,20000,20000,experiments/strata_two_factor_explore_cycle_3/reward_both_state_0/results/20260909T084200Z-e5f5f91b/checkpoint_probes/steps_050001886/probe_battery.json,policy,/policy/joint_state_fractions/6,0.09565
explore_cycle_3_both,42,50001886,1510,final,20000,20000,experiments/strata_two_factor_explore_cycle_3/reward_both_state_0/results/20260909T084200Z-e5f5f91b/checkpoint_probes/steps_050001886/probe_battery.json,policy,/policy/joint_state_fractions/7,0.0149
explore_cycle_3_both,42,50001886,1510,final,20000,20000,experiments/strata_two_factor_explore_cycle_3/reward_both_state_0/results/20260909T084200Z-e5f5f91b/checkpoint_probes/steps_050001886/probe_battery.json,policy,/policy/joint_state_fractions/8,0.0157
explore_cycle_3_both,42,50001886,1510,final,20000,20000,experiments/strata_two_factor_explore_cycle_3/reward_both_state_0/results/20260909T084200Z-e5f5f91b/checkpoint_probes/steps_050001886/probe_battery.json,policy,/policy/mean_reward,0.7636
explore_cycle_3_both,42,50001886,1510,final,20000,20000,experiments/strata_two_factor_explore_cycle_3/reward_both_state_0/results/20260909T084200Z-e5f5f91b/checkpoint_probes/steps_050001886/probe_battery.json,policy,/policy/mode,learned_stochastic
explore_cycle_3_both,42,50001886,1510,final,20000,20000,experiments/strata_two_factor_explore_cycle_3/reward_both_state_0/results/20260909T084200Z-e5f5f91b/checkpoint_probes/steps_050001886/probe_battery.json,policy,/policy/temperature,1.5
explore_cycle_3_both,42,50001886,1510,final,20000,20000,experiments/strata_two_factor_explore_cycle_3/reward_both_state_0/results/20260909T084200Z-e5f5f91b/checkpoint_probes/steps_050001886/probe_battery.json,train_policy,/train_policy/action_fractions/0,0.8436
explore_cycle_3_both,42,50001886,1510,final,20000,20000,experiments/strata_two_factor_explore_cycle_3/reward_both_state_0/results/20260909T084200Z-e5f5f91b/checkpoint_probes/steps_050001886/probe_battery.json,train_policy,/train_policy/action_fractions/1,0.01495
explore_cycle_3_both,42,50001886,1510,final,20000,20000,experiments/strata_two_factor_explore_cycle_3/reward_both_state_0/results/20260909T084200Z-e5f5f91b/checkpoint_probes/steps_050001886/probe_battery.json,train_policy,/train_policy/action_fractions/2,0.03265
explore_cycle_3_both,42,50001886,1510,final,20000,20000,experiments/strata_two_factor_explore_cycle_3/reward_both_state_0/results/20260909T084200Z-e5f5f91b/checkpoint_probes/steps_050001886/probe_battery.json,train_policy,/train_policy/action_fractions/3,0.0
explore_cycle_3_both,42,50001886,1510,final,20000,20000,experiments/strata_two_factor_explore_cycle_3/reward_both_state_0/results/20260909T084200Z-e5f5f91b/checkpoint_probes/steps_050001886/probe_battery.json,train_policy,/train_policy/action_fractions/4,5e-05
explore_cycle_3_both,42,50001886,1510,final,20000,20000,experiments/strata_two_factor_explore_cycle_3/reward_both_state_0/results/20260909T084200Z-e5f5f91b/checkpoint_probes/steps_050001886/probe_battery.json,train_policy,/train_policy/action_fractions/5,0.0
explore_cycle_3_both,42,50001886,1510,final,20000,20000,experiments/strata_two_factor_explore_cycle_3/reward_both_state_0/results/20260909T084200Z-e5f5f91b/checkpoint_probes/steps_050001886/probe_battery.json,train_policy,/train_policy/action_fractions/6,0.10875
explore_cycle_3_both,42,50001886,1510,final,20000,20000,experiments/strata_two_factor_explore_cycle_3/reward_both_state_0/results/20260909T084200Z-e5f5f91b/checkpoint_probes/steps_050001886/probe_battery.json,train_policy,/train_policy/action_fractions/7,0.0
explore_cycle_3_both,42,50001886,1510,final,20000,20000,experiments/strata_two_factor_explore_cycle_3/reward_both_state_0/results/20260909T084200Z-e5f5f91b/checkpoint_probes/steps_050001886/probe_battery.json,train_policy,/train_policy/action_fractions/8,0.0
explore_cycle_3_both,42,50001886,1510,final,20000,20000,experiments/strata_two_factor_explore_cycle_3/reward_both_state_0/results/20260909T084200Z-e5f5f91b/checkpoint_probes/steps_050001886/probe_battery.json,train_policy,/train_policy/factor_action_fractions/factor_1/0,0.8912
explore_cycle_3_both,42,50001886,1510,final,20000,20000,experiments/strata_two_factor_explore_cycle_3/reward_both_state_0/results/20260909T084200Z-e5f5f91b/checkpoint_probes/steps_050001886/probe_battery.json,train_policy,/train_policy/factor_action_fractions/factor_1/1,5e-05
explore_cycle_3_both,42,50001886,1510,final,20000,20000,experiments/strata_two_factor_explore_cycle_3/reward_both_state_0/results/20260909T084200Z-e5f5f91b/checkpoint_probes/steps_050001886/probe_battery.json,train_policy,/train_policy/factor_action_fractions/factor_1/2,0.10875
explore_cycle_3_both,42,50001886,1510,final,20000,20000,experiments/strata_two_factor_explore_cycle_3/reward_both_state_0/results/20260909T084200Z-e5f5f91b/checkpoint_probes/steps_050001886/probe_battery.json,train_policy,/train_policy/factor_action_fractions/factor_2/0,0.95235
explore_cycle_3_both,42,50001886,1510,final,20000,20000,experiments/strata_two_factor_explore_cycle_3/reward_both_state_0/results/20260909T084200Z-e5f5f91b/checkpoint_probes/steps_050001886/probe_battery.json,train_policy,/train_policy/factor_action_fractions/factor_2/1,0.015
explore_cycle_3_both,42,50001886,1510,final,20000,20000,experiments/strata_two_factor_explore_cycle_3/reward_both_state_0/results/20260909T084200Z-e5f5f91b/checkpoint_probes/steps_050001886/probe_battery.json,train_policy,/train_policy/factor_action_fractions/factor_2/2,0.03265
explore_cycle_3_both,42,50001886,1510,final,20000,20000,experiments/strata_two_factor_explore_cycle_3/reward_both_state_0/results/20260909T084200Z-e5f5f91b/checkpoint_probes/steps_050001886/probe_battery.json,train_policy,/train_policy/factor_state_fractions/factor_1/0,0.75895
explore_cycle_3_both,42,50001886,1510,final,20000,20000,experiments/strata_two_factor_explore_cycle_3/reward_both_state_0/results/20260909T084200Z-e5f5f91b/checkpoint_probes/steps_050001886/probe_battery.json,train_policy,/train_policy/factor_state_fractions/factor_1/1,0.1164
explore_cycle_3_both,42,50001886,1510,final,20000,20000,experiments/strata_two_factor_explore_cycle_3/reward_both_state_0/results/20260909T084200Z-e5f5f91b/checkpoint_probes/steps_050001886/probe_battery.json,train_policy,/train_policy/factor_state_fractions/factor_1/2,0.12465
explore_cycle_3_both,42,50001886,1510,final,20000,20000,experiments/strata_two_factor_explore_cycle_3/reward_both_state_0/results/20260909T084200Z-e5f5f91b/checkpoint_probes/steps_050001886/probe_battery.json,train_policy,/train_policy/factor_state_fractions/factor_2/0,0.7637
explore_cycle_3_both,42,50001886,1510,final,20000,20000,experiments/strata_two_factor_explore_cycle_3/reward_both_state_0/results/20260909T084200Z-e5f5f91b/checkpoint_probes/steps_050001886/probe_battery.json,train_policy,/train_policy/factor_state_fractions/factor_2/1,0.1168
explore_cycle_3_both,42,50001886,1510,final,20000,20000,experiments/strata_two_factor_explore_cycle_3/reward_both_state_0/results/20260909T084200Z-e5f5f91b/checkpoint_probes/steps_050001886/probe_battery.json,train_policy,/train_policy/factor_state_fractions/factor_2/2,0.1195
explore_cycle_3_both,42,50001886,1510,final,20000,20000,experiments/strata_two_factor_explore_cycle_3/reward_both_state_0/results/20260909T084200Z-e5f5f91b/checkpoint_probes/steps_050001886/probe_battery.json,train_policy,/train_policy/joint_state_fractions/0,0.57895
explore_cycle_3_both,42,50001886,1510,final,20000,20000,experiments/strata_two_factor_explore_cycle_3/reward_both_state_0/results/20260909T084200Z-e5f5f91b/checkpoint_probes/steps_050001886/probe_battery.json,train_policy,/train_policy/joint_state_fractions/1,0.08845
explore_cycle_3_both,42,50001886,1510,final,20000,20000,experiments/strata_two_factor_explore_cycle_3/reward_both_state_0/results/20260909T084200Z-e5f5f91b/checkpoint_probes/steps_050001886/probe_battery.json,train_policy,/train_policy/joint_state_fractions/2,0.09155
explore_cycle_3_both,42,50001886,1510,final,20000,20000,experiments/strata_two_factor_explore_cycle_3/reward_both_state_0/results/20260909T084200Z-e5f5f91b/checkpoint_probes/steps_050001886/probe_battery.json,train_policy,/train_policy/joint_state_fractions/3,0.08905
explore_cycle_3_both,42,50001886,1510,final,20000,20000,experiments/strata_two_factor_explore_cycle_3/reward_both_state_0/results/20260909T084200Z-e5f5f91b/checkpoint_probes/steps_050001886/probe_battery.json,train_policy,/train_policy/joint_state_fractions/4,0.01295
explore_cycle_3_both,42,50001886,1510,final,20000,20000,experiments/strata_two_factor_explore_cycle_3/reward_both_state_0/results/20260909T084200Z-e5f5f91b/checkpoint_probes/steps_050001886/probe_battery.json,train_policy,/train_policy/joint_state_fractions/5,0.0144
explore_cycle_3_both,42,50001886,1510,final,20000,20000,experiments/strata_two_factor_explore_cycle_3/reward_both_state_0/results/20260909T084200Z-e5f5f91b/checkpoint_probes/steps_050001886/probe_battery.json,train_policy,/train_policy/joint_state_fractions/6,0.0957
explore_cycle_3_both,42,50001886,1510,final,20000,20000,experiments/strata_two_factor_explore_cycle_3/reward_both_state_0/results/20260909T084200Z-e5f5f91b/checkpoint_probes/steps_050001886/probe_battery.json,train_policy,/train_policy/joint_state_fractions/7,0.0154
explore_cycle_3_both,42,50001886,1510,final,20000,20000,experiments/strata_two_factor_explore_cycle_3/reward_both_state_0/results/20260909T084200Z-e5f5f91b/checkpoint_probes/steps_050001886/probe_battery.json,train_policy,/train_policy/joint_state_fractions/8,0.01355
explore_cycle_3_both,42,50001886,1510,final,20000,20000,experiments/strata_two_factor_explore_cycle_3/reward_both_state_0/results/20260909T084200Z-e5f5f91b/checkpoint_probes/steps_050001886/probe_battery.json,train_policy,/train_policy/mean_reward,0.761075
explore_cycle_3_both,42,50001886,1510,final,20000,20000,experiments/strata_two_factor_explore_cycle_3/reward_both_state_0/results/20260909T084200Z-e5f5f91b/checkpoint_probes/steps_050001886/probe_battery.json,train_policy,/train_policy/mode,learned_stochastic
explore_cycle_3_both,42,50001886,1510,final,20000,20000,experiments/strata_two_factor_explore_cycle_3/reward_both_state_0/results/20260909T084200Z-e5f5f91b/checkpoint_probes/steps_050001886/probe_battery.json,train_policy,/train_policy/temperature,1.5
explore_cycle_3_factor_1,42,0,0,initial,20000,20000,experiments/strata_two_factor_explore_cycle_3/reward_factor_1_state_0/results/20260909T084527Z-64ab39a1/checkpoint_probes/steps_000000000/probe_battery.json,policy,/policy/action_fractions/0,0.12955
explore_cycle_3_factor_1,42,0,0,initial,20000,20000,experiments/strata_two_factor_explore_cycle_3/reward_factor_1_state_0/results/20260909T084527Z-64ab39a1/checkpoint_probes/steps_000000000/probe_battery.json,policy,/policy/action_fractions/1,0.13735
explore_cycle_3_factor_1,42,0,0,initial,20000,20000,experiments/strata_two_factor_explore_cycle_3/reward_factor_1_state_0/results/20260909T084527Z-64ab39a1/checkpoint_probes/steps_000000000/probe_battery.json,policy,/policy/action_fractions/2,0.107
explore_cycle_3_factor_1,42,0,0,initial,20000,20000,experiments/strata_two_factor_explore_cycle_3/reward_factor_1_state_0/results/20260909T084527Z-64ab39a1/checkpoint_probes/steps_000000000/probe_battery.json,policy,/policy/action_fractions/3,0.06035
explore_cycle_3_factor_1,42,0,0,initial,20000,20000,experiments/strata_two_factor_explore_cycle_3/reward_factor_1_state_0/results/20260909T084527Z-64ab39a1/checkpoint_probes/steps_000000000/probe_battery.json,policy,/policy/action_fractions/4,0.1154
explore_cycle_3_factor_1,42,0,0,initial,20000,20000,experiments/strata_two_factor_explore_cycle_3/reward_factor_1_state_0/results/20260909T084527Z-64ab39a1/checkpoint_probes/steps_000000000/probe_battery.json,policy,/policy/action_fractions/5,0.16165
explore_cycle_3_factor_1,42,0,0,initial,20000,20000,experiments/strata_two_factor_explore_cycle_3/reward_factor_1_state_0/results/20260909T084527Z-64ab39a1/checkpoint_probes/steps_000000000/probe_battery.json,policy,/policy/action_fractions/6,0.12295
explore_cycle_3_factor_1,42,0,0,initial,20000,20000,experiments/strata_two_factor_explore_cycle_3/reward_factor_1_state_0/results/20260909T084527Z-64ab39a1/checkpoint_probes/steps_000000000/probe_battery.json,policy,/policy/action_fractions/7,0.06875
explore_cycle_3_factor_1,42,0,0,initial,20000,20000,experiments/strata_two_factor_explore_cycle_3/reward_factor_1_state_0/results/20260909T084527Z-64ab39a1/checkpoint_probes/steps_000000000/probe_battery.json,policy,/policy/action_fractions/8,0.097
explore_cycle_3_factor_1,42,0,0,initial,20000,20000,experiments/strata_two_factor_explore_cycle_3/reward_factor_1_state_0/results/20260909T084527Z-64ab39a1/checkpoint_probes/steps_000000000/probe_battery.json,policy,/policy/factor_action_fractions/factor_1/0,0.3739
explore_cycle_3_factor_1,42,0,0,initial,20000,20000,experiments/strata_two_factor_explore_cycle_3/reward_factor_1_state_0/results/20260909T084527Z-64ab39a1/checkpoint_probes/steps_000000000/probe_battery.json,policy,/policy/factor_action_fractions/factor_1/1,0.3374
explore_cycle_3_factor_1,42,0,0,initial,20000,20000,experiments/strata_two_factor_explore_cycle_3/reward_factor_1_state_0/results/20260909T084527Z-64ab39a1/checkpoint_probes/steps_000000000/probe_battery.json,policy,/policy/factor_action_fractions/factor_1/2,0.2887
explore_cycle_3_factor_1,42,0,0,initial,20000,20000,experiments/strata_two_factor_explore_cycle_3/reward_factor_1_state_0/results/20260909T084527Z-64ab39a1/checkpoint_probes/steps_000000000/probe_battery.json,policy,/policy/factor_action_fractions/factor_2/0,0.31285
explore_cycle_3_factor_1,42,0,0,initial,20000,20000,experiments/strata_two_factor_explore_cycle_3/reward_factor_1_state_0/results/20260909T084527Z-64ab39a1/checkpoint_probes/steps_000000000/probe_battery.json,policy,/policy/factor_action_fractions/factor_2/1,0.3215
explore_cycle_3_factor_1,42,0,0,initial,20000,20000,experiments/strata_two_factor_explore_cycle_3/reward_factor_1_state_0/results/20260909T084527Z-64ab39a1/checkpoint_probes/steps_000000000/probe_battery.json,policy,/policy/factor_action_fractions/factor_2/2,0.36565
explore_cycle_3_factor_1,42,0,0,initial,20000,20000,experiments/strata_two_factor_explore_cycle_3/reward_factor_1_state_0/results/20260909T084527Z-64ab39a1/checkpoint_probes/steps_000000000/probe_battery.json,policy,/policy/factor_state_fractions/factor_1/0,0.336
explore_cycle_3_factor_1,42,0,0,initial,20000,20000,experiments/strata_two_factor_explore_cycle_3/reward_factor_1_state_0/results/20260909T084527Z-64ab39a1/checkpoint_probes/steps_000000000/probe_battery.json,policy,/policy/factor_state_fractions/factor_1/1,0.3331
explore_cycle_3_factor_1,42,0,0,initial,20000,20000,experiments/strata_two_factor_explore_cycle_3/reward_factor_1_state_0/results/20260909T084527Z-64ab39a1/checkpoint_probes/steps_000000000/probe_battery.json,policy,/policy/factor_state_fractions/factor_1/2,0.3309
explore_cycle_3_factor_1,42,0,0,initial,20000,20000,experiments/strata_two_factor_explore_cycle_3/reward_factor_1_state_0/results/20260909T084527Z-64ab39a1/checkpoint_probes/steps_000000000/probe_battery.json,policy,/policy/factor_state_fractions/factor_2/0,0.3334
explore_cycle_3_factor_1,42,0,0,initial,20000,20000,experiments/strata_two_factor_explore_cycle_3/reward_factor_1_state_0/results/20260909T084527Z-64ab39a1/checkpoint_probes/steps_000000000/probe_battery.json,policy,/policy/factor_state_fractions/factor_2/1,0.33645
explore_cycle_3_factor_1,42,0,0,initial,20000,20000,experiments/strata_two_factor_explore_cycle_3/reward_factor_1_state_0/results/20260909T084527Z-64ab39a1/checkpoint_probes/steps_000000000/probe_battery.json,policy,/policy/factor_state_fractions/factor_2/2,0.33015
explore_cycle_3_factor_1,42,0,0,initial,20000,20000,experiments/strata_two_factor_explore_cycle_3/reward_factor_1_state_0/results/20260909T084527Z-64ab39a1/checkpoint_probes/steps_000000000/probe_battery.json,policy,/policy/joint_state_fractions/0,0.11055
explore_cycle_3_factor_1,42,0,0,initial,20000,20000,experiments/strata_two_factor_explore_cycle_3/reward_factor_1_state_0/results/20260909T084527Z-64ab39a1/checkpoint_probes/steps_000000000/probe_battery.json,policy,/policy/joint_state_fractions/1,0.1123
explore_cycle_3_factor_1,42,0,0,initial,20000,20000,experiments/strata_two_factor_explore_cycle_3/reward_factor_1_state_0/results/20260909T084527Z-64ab39a1/checkpoint_probes/steps_000000000/probe_battery.json,policy,/policy/joint_state_fractions/2,0.11315
explore_cycle_3_factor_1,42,0,0,initial,20000,20000,experiments/strata_two_factor_explore_cycle_3/reward_factor_1_state_0/results/20260909T084527Z-64ab39a1/checkpoint_probes/steps_000000000/probe_battery.json,policy,/policy/joint_state_fractions/3,0.11145
explore_cycle_3_factor_1,42,0,0,initial,20000,20000,experiments/strata_two_factor_explore_cycle_3/reward_factor_1_state_0/results/20260909T084527Z-64ab39a1/checkpoint_probes/steps_000000000/probe_battery.json,policy,/policy/joint_state_fractions/4,0.11055
explore_cycle_3_factor_1,42,0,0,initial,20000,20000,experiments/strata_two_factor_explore_cycle_3/reward_factor_1_state_0/results/20260909T084527Z-64ab39a1/checkpoint_probes/steps_000000000/probe_battery.json,policy,/policy/joint_state_fractions/5,0.1111
explore_cycle_3_factor_1,42,0,0,initial,20000,20000,experiments/strata_two_factor_explore_cycle_3/reward_factor_1_state_0/results/20260909T084527Z-64ab39a1/checkpoint_probes/steps_000000000/probe_battery.json,policy,/policy/joint_state_fractions/6,0.1114
explore_cycle_3_factor_1,42,0,0,initial,20000,20000,experiments/strata_two_factor_explore_cycle_3/reward_factor_1_state_0/results/20260909T084527Z-64ab39a1/checkpoint_probes/steps_000000000/probe_battery.json,policy,/policy/joint_state_fractions/7,0.1136
explore_cycle_3_factor_1,42,0,0,initial,20000,20000,experiments/strata_two_factor_explore_cycle_3/reward_factor_1_state_0/results/20260909T084527Z-64ab39a1/checkpoint_probes/steps_000000000/probe_battery.json,policy,/policy/joint_state_fractions/8,0.1059
explore_cycle_3_factor_1,42,0,0,initial,20000,20000,experiments/strata_two_factor_explore_cycle_3/reward_factor_1_state_0/results/20260909T084527Z-64ab39a1/checkpoint_probes/steps_000000000/probe_battery.json,policy,/policy/mean_reward,0.3363
explore_cycle_3_factor_1,42,0,0,initial,20000,20000,experiments/strata_two_factor_explore_cycle_3/reward_factor_1_state_0/results/20260909T084527Z-64ab39a1/checkpoint_probes/steps_000000000/probe_battery.json,policy,/policy/mode,learned_stochastic
explore_cycle_3_factor_1,42,0,0,initial,20000,20000,experiments/strata_two_factor_explore_cycle_3/reward_factor_1_state_0/results/20260909T084527Z-64ab39a1/checkpoint_probes/steps_000000000/probe_battery.json,policy,/policy/temperature,1.5
explore_cycle_3_factor_1,42,0,0,initial,20000,20000,experiments/strata_two_factor_explore_cycle_3/reward_factor_1_state_0/results/20260909T084527Z-64ab39a1/checkpoint_probes/steps_000000000/probe_battery.json,train_policy,/train_policy/action_fractions/0,0.1333
explore_cycle_3_factor_1,42,0,0,initial,20000,20000,experiments/strata_two_factor_explore_cycle_3/reward_factor_1_state_0/results/20260909T084527Z-64ab39a1/checkpoint_probes/steps_000000000/probe_battery.json,train_policy,/train_policy/action_fractions/1,0.134
explore_cycle_3_factor_1,42,0,0,initial,20000,20000,experiments/strata_two_factor_explore_cycle_3/reward_factor_1_state_0/results/20260909T084527Z-64ab39a1/checkpoint_probes/steps_000000000/probe_battery.json,train_policy,/train_policy/action_fractions/2,0.10765
explore_cycle_3_factor_1,42,0,0,initial,20000,20000,experiments/strata_two_factor_explore_cycle_3/reward_factor_1_state_0/results/20260909T084527Z-64ab39a1/checkpoint_probes/steps_000000000/probe_battery.json,train_policy,/train_policy/action_fractions/3,0.058
explore_cycle_3_factor_1,42,0,0,initial,20000,20000,experiments/strata_two_factor_explore_cycle_3/reward_factor_1_state_0/results/20260909T084527Z-64ab39a1/checkpoint_probes/steps_000000000/probe_battery.json,train_policy,/train_policy/action_fractions/4,0.11015
explore_cycle_3_factor_1,42,0,0,initial,20000,20000,experiments/strata_two_factor_explore_cycle_3/reward_factor_1_state_0/results/20260909T084527Z-64ab39a1/checkpoint_probes/steps_000000000/probe_battery.json,train_policy,/train_policy/action_fractions/5,0.1624
explore_cycle_3_factor_1,42,0,0,initial,20000,20000,experiments/strata_two_factor_explore_cycle_3/reward_factor_1_state_0/results/20260909T084527Z-64ab39a1/checkpoint_probes/steps_000000000/probe_battery.json,train_policy,/train_policy/action_fractions/6,0.12945
explore_cycle_3_factor_1,42,0,0,initial,20000,20000,experiments/strata_two_factor_explore_cycle_3/reward_factor_1_state_0/results/20260909T084527Z-64ab39a1/checkpoint_probes/steps_000000000/probe_battery.json,train_policy,/train_policy/action_fractions/7,0.067
explore_cycle_3_factor_1,42,0,0,initial,20000,20000,experiments/strata_two_factor_explore_cycle_3/reward_factor_1_state_0/results/20260909T084527Z-64ab39a1/checkpoint_probes/steps_000000000/probe_battery.json,train_policy,/train_policy/action_fractions/8,0.09805
explore_cycle_3_factor_1,42,0,0,initial,20000,20000,experiments/strata_two_factor_explore_cycle_3/reward_factor_1_state_0/results/20260909T084527Z-64ab39a1/checkpoint_probes/steps_000000000/probe_battery.json,train_policy,/train_policy/factor_action_fractions/factor_1/0,0.37495
explore_cycle_3_factor_1,42,0,0,initial,20000,20000,experiments/strata_two_factor_explore_cycle_3/reward_factor_1_state_0/results/20260909T084527Z-64ab39a1/checkpoint_probes/steps_000000000/probe_battery.json,train_policy,/train_policy/factor_action_fractions/factor_1/1,0.33055
explore_cycle_3_factor_1,42,0,0,initial,20000,20000,experiments/strata_two_factor_explore_cycle_3/reward_factor_1_state_0/results/20260909T084527Z-64ab39a1/checkpoint_probes/steps_000000000/probe_battery.json,train_policy,/train_policy/factor_action_fractions/factor_1/2,0.2945
explore_cycle_3_factor_1,42,0,0,initial,20000,20000,experiments/strata_two_factor_explore_cycle_3/reward_factor_1_state_0/results/20260909T084527Z-64ab39a1/checkpoint_probes/steps_000000000/probe_battery.json,train_policy,/train_policy/factor_action_fractions/factor_2/0,0.32075
explore_cycle_3_factor_1,42,0,0,initial,20000,20000,experiments/strata_two_factor_explore_cycle_3/reward_factor_1_state_0/results/20260909T084527Z-64ab39a1/checkpoint_probes/steps_000000000/probe_battery.json,train_policy,/train_policy/factor_action_fractions/factor_2/1,0.31115
explore_cycle_3_factor_1,42,0,0,initial,20000,20000,experiments/strata_two_factor_explore_cycle_3/reward_factor_1_state_0/results/20260909T084527Z-64ab39a1/checkpoint_probes/steps_000000000/probe_battery.json,train_policy,/train_policy/factor_action_fractions/factor_2/2,0.3681
explore_cycle_3_factor_1,42,0,0,initial,20000,20000,experiments/strata_two_factor_explore_cycle_3/reward_factor_1_state_0/results/20260909T084527Z-64ab39a1/checkpoint_probes/steps_000000000/probe_battery.json,train_policy,/train_policy/factor_state_fractions/factor_1/0,0.3294
explore_cycle_3_factor_1,42,0,0,initial,20000,20000,experiments/strata_two_factor_explore_cycle_3/reward_factor_1_state_0/results/20260909T084527Z-64ab39a1/checkpoint_probes/steps_000000000/probe_battery.json,train_policy,/train_policy/factor_state_fractions/factor_1/1,0.33405
explore_cycle_3_factor_1,42,0,0,initial,20000,20000,experiments/strata_two_factor_explore_cycle_3/reward_factor_1_state_0/results/20260909T084527Z-64ab39a1/checkpoint_probes/steps_000000000/probe_battery.json,train_policy,/train_policy/factor_state_fractions/factor_1/2,0.33655
explore_cycle_3_factor_1,42,0,0,initial,20000,20000,experiments/strata_two_factor_explore_cycle_3/reward_factor_1_state_0/results/20260909T084527Z-64ab39a1/checkpoint_probes/steps_000000000/probe_battery.json,train_policy,/train_policy/factor_state_fractions/factor_2/0,0.3341
explore_cycle_3_factor_1,42,0,0,initial,20000,20000,experiments/strata_two_factor_explore_cycle_3/reward_factor_1_state_0/results/20260909T084527Z-64ab39a1/checkpoint_probes/steps_000000000/probe_battery.json,train_policy,/train_policy/factor_state_fractions/factor_2/1,0.33575
explore_cycle_3_factor_1,42,0,0,initial,20000,20000,experiments/strata_two_factor_explore_cycle_3/reward_factor_1_state_0/results/20260909T084527Z-64ab39a1/checkpoint_probes/steps_000000000/probe_battery.json,train_policy,/train_policy/factor_state_fractions/factor_2/2,0.33015
explore_cycle_3_factor_1,42,0,0,initial,20000,20000,experiments/strata_two_factor_explore_cycle_3/reward_factor_1_state_0/results/20260909T084527Z-64ab39a1/checkpoint_probes/steps_000000000/probe_battery.json,train_policy,/train_policy/joint_state_fractions/0,0.10735
explore_cycle_3_factor_1,42,0,0,initial,20000,20000,experiments/strata_two_factor_explore_cycle_3/reward_factor_1_state_0/results/20260909T084527Z-64ab39a1/checkpoint_probes/steps_000000000/probe_battery.json,train_policy,/train_policy/joint_state_fractions/1,0.11235
explore_cycle_3_factor_1,42,0,0,initial,20000,20000,experiments/strata_two_factor_explore_cycle_3/reward_factor_1_state_0/results/20260909T084527Z-64ab39a1/checkpoint_probes/steps_000000000/probe_battery.json,train_policy,/train_policy/joint_state_fractions/2,0.1097
explore_cycle_3_factor_1,42,0,0,initial,20000,20000,experiments/strata_two_factor_explore_cycle_3/reward_factor_1_state_0/results/20260909T084527Z-64ab39a1/checkpoint_probes/steps_000000000/probe_battery.json,train_policy,/train_policy/joint_state_fractions/3,0.11175
explore_cycle_3_factor_1,42,0,0,initial,20000,20000,experiments/strata_two_factor_explore_cycle_3/reward_factor_1_state_0/results/20260909T084527Z-64ab39a1/checkpoint_probes/steps_000000000/probe_battery.json,train_policy,/train_policy/joint_state_fractions/4,0.1111
explore_cycle_3_factor_1,42,0,0,initial,20000,20000,experiments/strata_two_factor_explore_cycle_3/reward_factor_1_state_0/results/20260909T084527Z-64ab39a1/checkpoint_probes/steps_000000000/probe_battery.json,train_policy,/train_policy/joint_state_fractions/5,0.1112
explore_cycle_3_factor_1,42,0,0,initial,20000,20000,experiments/strata_two_factor_explore_cycle_3/reward_factor_1_state_0/results/20260909T084527Z-64ab39a1/checkpoint_probes/steps_000000000/probe_battery.json,train_policy,/train_policy/joint_state_fractions/6,0.115
explore_cycle_3_factor_1,42,0,0,initial,20000,20000,experiments/strata_two_factor_explore_cycle_3/reward_factor_1_state_0/results/20260909T084527Z-64ab39a1/checkpoint_probes/steps_000000000/probe_battery.json,train_policy,/train_policy/joint_state_fractions/7,0.1123
explore_cycle_3_factor_1,42,0,0,initial,20000,20000,experiments/strata_two_factor_explore_cycle_3/reward_factor_1_state_0/results/20260909T084527Z-64ab39a1/checkpoint_probes/steps_000000000/probe_battery.json,train_policy,/train_policy/joint_state_fractions/8,0.10925
explore_cycle_3_factor_1,42,0,0,initial,20000,20000,experiments/strata_two_factor_explore_cycle_3/reward_factor_1_state_0/results/20260909T084527Z-64ab39a1/checkpoint_probes/steps_000000000/probe_battery.json,train_policy,/train_policy/mean_reward,0.32915
explore_cycle_3_factor_1,42,0,0,initial,20000,20000,experiments/strata_two_factor_explore_cycle_3/reward_factor_1_state_0/results/20260909T084527Z-64ab39a1/checkpoint_probes/steps_000000000/probe_battery.json,train_policy,/train_policy/mode,learned_stochastic
explore_cycle_3_factor_1,42,0,0,initial,20000,20000,experiments/strata_two_factor_explore_cycle_3/reward_factor_1_state_0/results/20260909T084527Z-64ab39a1/checkpoint_probes/steps_000000000/probe_battery.json,train_policy,/train_policy/temperature,1.5
explore_cycle_3_factor_1,42,33074,1,intermediate,20000,20000,experiments/strata_two_factor_explore_cycle_3/reward_factor_1_state_0/results/20260909T084527Z-64ab39a1/checkpoint_probes/steps_000033074/probe_battery.json,policy,/policy/action_fractions/0,0.1176
explore_cycle_3_factor_1,42,33074,1,intermediate,20000,20000,experiments/strata_two_factor_explore_cycle_3/reward_factor_1_state_0/results/20260909T084527Z-64ab39a1/checkpoint_probes/steps_000033074/probe_battery.json,policy,/policy/action_fractions/1,0.15915
explore_cycle_3_factor_1,42,33074,1,intermediate,20000,20000,experiments/strata_two_factor_explore_cycle_3/reward_factor_1_state_0/results/20260909T084527Z-64ab39a1/checkpoint_probes/steps_000033074/probe_battery.json,policy,/policy/action_fractions/2,0.108
explore_cycle_3_factor_1,42,33074,1,intermediate,20000,20000,experiments/strata_two_factor_explore_cycle_3/reward_factor_1_state_0/results/20260909T084527Z-64ab39a1/checkpoint_probes/steps_000033074/probe_battery.json,policy,/policy/action_fractions/3,0.0598
explore_cycle_3_factor_1,42,33074,1,intermediate,20000,20000,experiments/strata_two_factor_explore_cycle_3/reward_factor_1_state_0/results/20260909T084527Z-64ab39a1/checkpoint_probes/steps_000033074/probe_battery.json,policy,/policy/action_fractions/4,0.11775
explore_cycle_3_factor_1,42,33074,1,intermediate,20000,20000,experiments/strata_two_factor_explore_cycle_3/reward_factor_1_state_0/results/20260909T084527Z-64ab39a1/checkpoint_probes/steps_000033074/probe_battery.json,policy,/policy/action_fractions/5,0.14505
explore_cycle_3_factor_1,42,33074,1,intermediate,20000,20000,experiments/strata_two_factor_explore_cycle_3/reward_factor_1_state_0/results/20260909T084527Z-64ab39a1/checkpoint_probes/steps_000033074/probe_battery.json,policy,/policy/action_fractions/6,0.1278
explore_cycle_3_factor_1,42,33074,1,intermediate,20000,20000,experiments/strata_two_factor_explore_cycle_3/reward_factor_1_state_0/results/20260909T084527Z-64ab39a1/checkpoint_probes/steps_000033074/probe_battery.json,policy,/policy/action_fractions/7,0.0701
explore_cycle_3_factor_1,42,33074,1,intermediate,20000,20000,experiments/strata_two_factor_explore_cycle_3/reward_factor_1_state_0/results/20260909T084527Z-64ab39a1/checkpoint_probes/steps_000033074/probe_battery.json,policy,/policy/action_fractions/8,0.09475
explore_cycle_3_factor_1,42,33074,1,intermediate,20000,20000,experiments/strata_two_factor_explore_cycle_3/reward_factor_1_state_0/results/20260909T084527Z-64ab39a1/checkpoint_probes/steps_000033074/probe_battery.json,policy,/policy/factor_action_fractions/factor_1/0,0.38475
explore_cycle_3_factor_1,42,33074,1,intermediate,20000,20000,experiments/strata_two_factor_explore_cycle_3/reward_factor_1_state_0/results/20260909T084527Z-64ab39a1/checkpoint_probes/steps_000033074/probe_battery.json,policy,/policy/factor_action_fractions/factor_1/1,0.3226
explore_cycle_3_factor_1,42,33074,1,intermediate,20000,20000,experiments/strata_two_factor_explore_cycle_3/reward_factor_1_state_0/results/20260909T084527Z-64ab39a1/checkpoint_probes/steps_000033074/probe_battery.json,policy,/policy/factor_action_fractions/factor_1/2,0.29265
explore_cycle_3_factor_1,42,33074,1,intermediate,20000,20000,experiments/strata_two_factor_explore_cycle_3/reward_factor_1_state_0/results/20260909T084527Z-64ab39a1/checkpoint_probes/steps_000033074/probe_battery.json,policy,/policy/factor_action_fractions/factor_2/0,0.3052
explore_cycle_3_factor_1,42,33074,1,intermediate,20000,20000,experiments/strata_two_factor_explore_cycle_3/reward_factor_1_state_0/results/20260909T084527Z-64ab39a1/checkpoint_probes/steps_000033074/probe_battery.json,policy,/policy/factor_action_fractions/factor_2/1,0.347
explore_cycle_3_factor_1,42,33074,1,intermediate,20000,20000,experiments/strata_two_factor_explore_cycle_3/reward_factor_1_state_0/results/20260909T084527Z-64ab39a1/checkpoint_probes/steps_000033074/probe_battery.json,policy,/policy/factor_action_fractions/factor_2/2,0.3478
explore_cycle_3_factor_1,42,33074,1,intermediate,20000,20000,experiments/strata_two_factor_explore_cycle_3/reward_factor_1_state_0/results/20260909T084527Z-64ab39a1/checkpoint_probes/steps_000033074/probe_battery.json,policy,/policy/factor_state_fractions/factor_1/0,0.33685
explore_cycle_3_factor_1,42,33074,1,intermediate,20000,20000,experiments/strata_two_factor_explore_cycle_3/reward_factor_1_state_0/results/20260909T084527Z-64ab39a1/checkpoint_probes/steps_000033074/probe_battery.json,policy,/policy/factor_state_fractions/factor_1/1,0.33455
explore_cycle_3_factor_1,42,33074,1,intermediate,20000,20000,experiments/strata_two_factor_explore_cycle_3/reward_factor_1_state_0/results/20260909T084527Z-64ab39a1/checkpoint_probes/steps_000033074/probe_battery.json,policy,/policy/factor_state_fractions/factor_1/2,0.3286
explore_cycle_3_factor_1,42,33074,1,intermediate,20000,20000,experiments/strata_two_factor_explore_cycle_3/reward_factor_1_state_0/results/20260909T084527Z-64ab39a1/checkpoint_probes/steps_000033074/probe_battery.json,policy,/policy/factor_state_fractions/factor_2/0,0.3316
explore_cycle_3_factor_1,42,33074,1,intermediate,20000,20000,experiments/strata_two_factor_explore_cycle_3/reward_factor_1_state_0/results/20260909T084527Z-64ab39a1/checkpoint_probes/steps_000033074/probe_battery.json,policy,/policy/factor_state_fractions/factor_2/1,0.3324
explore_cycle_3_factor_1,42,33074,1,intermediate,20000,20000,experiments/strata_two_factor_explore_cycle_3/reward_factor_1_state_0/results/20260909T084527Z-64ab39a1/checkpoint_probes/steps_000033074/probe_battery.json,policy,/policy/factor_state_fractions/factor_2/2,0.336
explore_cycle_3_factor_1,42,33074,1,intermediate,20000,20000,experiments/strata_two_factor_explore_cycle_3/reward_factor_1_state_0/results/20260909T084527Z-64ab39a1/checkpoint_probes/steps_000033074/probe_battery.json,policy,/policy/joint_state_fractions/0,0.1114
explore_cycle_3_factor_1,42,33074,1,intermediate,20000,20000,experiments/strata_two_factor_explore_cycle_3/reward_factor_1_state_0/results/20260909T084527Z-64ab39a1/checkpoint_probes/steps_000033074/probe_battery.json,policy,/policy/joint_state_fractions/1,0.11095
explore_cycle_3_factor_1,42,33074,1,intermediate,20000,20000,experiments/strata_two_factor_explore_cycle_3/reward_factor_1_state_0/results/20260909T084527Z-64ab39a1/checkpoint_probes/steps_000033074/probe_battery.json,policy,/policy/joint_state_fractions/2,0.1145
explore_cycle_3_factor_1,42,33074,1,intermediate,20000,20000,experiments/strata_two_factor_explore_cycle_3/reward_factor_1_state_0/results/20260909T084527Z-64ab39a1/checkpoint_probes/steps_000033074/probe_battery.json,policy,/policy/joint_state_fractions/3,0.11155
explore_cycle_3_factor_1,42,33074,1,intermediate,20000,20000,experiments/strata_two_factor_explore_cycle_3/reward_factor_1_state_0/results/20260909T084527Z-64ab39a1/checkpoint_probes/steps_000033074/probe_battery.json,policy,/policy/joint_state_fractions/4,0.1104
explore_cycle_3_factor_1,42,33074,1,intermediate,20000,20000,experiments/strata_two_factor_explore_cycle_3/reward_factor_1_state_0/results/20260909T084527Z-64ab39a1/checkpoint_probes/steps_000033074/probe_battery.json,policy,/policy/joint_state_fractions/5,0.1126
explore_cycle_3_factor_1,42,33074,1,intermediate,20000,20000,experiments/strata_two_factor_explore_cycle_3/reward_factor_1_state_0/results/20260909T084527Z-64ab39a1/checkpoint_probes/steps_000033074/probe_battery.json,policy,/policy/joint_state_fractions/6,0.10865
explore_cycle_3_factor_1,42,33074,1,intermediate,20000,20000,experiments/strata_two_factor_explore_cycle_3/reward_factor_1_state_0/results/20260909T084527Z-64ab39a1/checkpoint_probes/steps_000033074/probe_battery.json,policy,/policy/joint_state_fractions/7,0.11105
explore_cycle_3_factor_1,42,33074,1,intermediate,20000,20000,experiments/strata_two_factor_explore_cycle_3/reward_factor_1_state_0/results/20260909T084527Z-64ab39a1/checkpoint_probes/steps_000033074/probe_battery.json,policy,/policy/joint_state_fractions/8,0.1089
explore_cycle_3_factor_1,42,33074,1,intermediate,20000,20000,experiments/strata_two_factor_explore_cycle_3/reward_factor_1_state_0/results/20260909T084527Z-64ab39a1/checkpoint_probes/steps_000033074/probe_battery.json,policy,/policy/mean_reward,0.3372
explore_cycle_3_factor_1,42,33074,1,intermediate,20000,20000,experiments/strata_two_factor_explore_cycle_3/reward_factor_1_state_0/results/20260909T084527Z-64ab39a1/checkpoint_probes/steps_000033074/probe_battery.json,policy,/policy/mode,learned_stochastic
explore_cycle_3_factor_1,42,33074,1,intermediate,20000,20000,experiments/strata_two_factor_explore_cycle_3/reward_factor_1_state_0/results/20260909T084527Z-64ab39a1/checkpoint_probes/steps_000033074/probe_battery.json,policy,/policy/temperature,1.5
explore_cycle_3_factor_1,42,33074,1,intermediate,20000,20000,experiments/strata_two_factor_explore_cycle_3/reward_factor_1_state_0/results/20260909T084527Z-64ab39a1/checkpoint_probes/steps_000033074/probe_battery.json,train_policy,/train_policy/action_fractions/0,0.1211
explore_cycle_3_factor_1,42,33074,1,intermediate,20000,20000,experiments/strata_two_factor_explore_cycle_3/reward_factor_1_state_0/results/20260909T084527Z-64ab39a1/checkpoint_probes/steps_000033074/probe_battery.json,train_policy,/train_policy/action_fractions/1,0.1566
explore_cycle_3_factor_1,42,33074,1,intermediate,20000,20000,experiments/strata_two_factor_explore_cycle_3/reward_factor_1_state_0/results/20260909T084527Z-64ab39a1/checkpoint_probes/steps_000033074/probe_battery.json,train_policy,/train_policy/action_fractions/2,0.10875
explore_cycle_3_factor_1,42,33074,1,intermediate,20000,20000,experiments/strata_two_factor_explore_cycle_3/reward_factor_1_state_0/results/20260909T084527Z-64ab39a1/checkpoint_probes/steps_000033074/probe_battery.json,train_policy,/train_policy/action_fractions/3,0.0568
explore_cycle_3_factor_1,42,33074,1,intermediate,20000,20000,experiments/strata_two_factor_explore_cycle_3/reward_factor_1_state_0/results/20260909T084527Z-64ab39a1/checkpoint_probes/steps_000033074/probe_battery.json,train_policy,/train_policy/action_fractions/4,0.1116
explore_cycle_3_factor_1,42,33074,1,intermediate,20000,20000,experiments/strata_two_factor_explore_cycle_3/reward_factor_1_state_0/results/20260909T084527Z-64ab39a1/checkpoint_probes/steps_000033074/probe_battery.json,train_policy,/train_policy/action_fractions/5,0.1475
explore_cycle_3_factor_1,42,33074,1,intermediate,20000,20000,experiments/strata_two_factor_explore_cycle_3/reward_factor_1_state_0/results/20260909T084527Z-64ab39a1/checkpoint_probes/steps_000033074/probe_battery.json,train_policy,/train_policy/action_fractions/6,0.13045
explore_cycle_3_factor_1,42,33074,1,intermediate,20000,20000,experiments/strata_two_factor_explore_cycle_3/reward_factor_1_state_0/results/20260909T084527Z-64ab39a1/checkpoint_probes/steps_000033074/probe_battery.json,train_policy,/train_policy/action_fractions/7,0.07135
explore_cycle_3_factor_1,42,33074,1,intermediate,20000,20000,experiments/strata_two_factor_explore_cycle_3/reward_factor_1_state_0/results/20260909T084527Z-64ab39a1/checkpoint_probes/steps_000033074/probe_battery.json,train_policy,/train_policy/action_fractions/8,0.09585
explore_cycle_3_factor_1,42,33074,1,intermediate,20000,20000,experiments/strata_two_factor_explore_cycle_3/reward_factor_1_state_0/results/20260909T084527Z-64ab39a1/checkpoint_probes/steps_000033074/probe_battery.json,train_policy,/train_policy/factor_action_fractions/factor_1/0,0.38645
explore_cycle_3_factor_1,42,33074,1,intermediate,20000,20000,experiments/strata_two_factor_explore_cycle_3/reward_factor_1_state_0/results/20260909T084527Z-64ab39a1/checkpoint_probes/steps_000033074/probe_battery.json,train_policy,/train_policy/factor_action_fractions/factor_1/1,0.3159
explore_cycle_3_factor_1,42,33074,1,intermediate,20000,20000,experiments/strata_two_factor_explore_cycle_3/reward_factor_1_state_0/results/20260909T084527Z-64ab39a1/checkpoint_probes/steps_000033074/probe_battery.json,train_policy,/train_policy/factor_action_fractions/factor_1/2,0.29765
explore_cycle_3_factor_1,42,33074,1,intermediate,20000,20000,experiments/strata_two_factor_explore_cycle_3/reward_factor_1_state_0/results/20260909T084527Z-64ab39a1/checkpoint_probes/steps_000033074/probe_battery.json,train_policy,/train_policy/factor_action_fractions/factor_2/0,0.30835
explore_cycle_3_factor_1,42,33074,1,intermediate,20000,20000,experiments/strata_two_factor_explore_cycle_3/reward_factor_1_state_0/results/20260909T084527Z-64ab39a1/checkpoint_probes/steps_000033074/probe_battery.json,train_policy,/train_policy/factor_action_fractions/factor_2/1,0.33955
explore_cycle_3_factor_1,42,33074,1,intermediate,20000,20000,experiments/strata_two_factor_explore_cycle_3/reward_factor_1_state_0/results/20260909T084527Z-64ab39a1/checkpoint_probes/steps_000033074/probe_battery.json,train_policy,/train_policy/factor_action_fractions/factor_2/2,0.3521
explore_cycle_3_factor_1,42,33074,1,intermediate,20000,20000,experiments/strata_two_factor_explore_cycle_3/reward_factor_1_state_0/results/20260909T084527Z-64ab39a1/checkpoint_probes/steps_000033074/probe_battery.json,train_policy,/train_policy/factor_state_fractions/factor_1/0,0.34085
explore_cycle_3_factor_1,42,33074,1,intermediate,20000,20000,experiments/strata_two_factor_explore_cycle_3/reward_factor_1_state_0/results/20260909T084527Z-64ab39a1/checkpoint_probes/steps_000033074/probe_battery.json,train_policy,/train_policy/factor_state_fractions/factor_1/1,0.33085
explore_cycle_3_factor_1,42,33074,1,intermediate,20000,20000,experiments/strata_two_factor_explore_cycle_3/reward_factor_1_state_0/results/20260909T084527Z-64ab39a1/checkpoint_probes/steps_000033074/probe_battery.json,train_policy,/train_policy/factor_state_fractions/factor_1/2,0.3283
explore_cycle_3_factor_1,42,33074,1,intermediate,20000,20000,experiments/strata_two_factor_explore_cycle_3/reward_factor_1_state_0/results/20260909T084527Z-64ab39a1/checkpoint_probes/steps_000033074/probe_battery.json,train_policy,/train_policy/factor_state_fractions/factor_2/0,0.3353
explore_cycle_3_factor_1,42,33074,1,intermediate,20000,20000,experiments/strata_two_factor_explore_cycle_3/reward_factor_1_state_0/results/20260909T084527Z-64ab39a1/checkpoint_probes/steps_000033074/probe_battery.json,train_policy,/train_policy/factor_state_fractions/factor_2/1,0.3301
explore_cycle_3_factor_1,42,33074,1,intermediate,20000,20000,experiments/strata_two_factor_explore_cycle_3/reward_factor_1_state_0/results/20260909T084527Z-64ab39a1/checkpoint_probes/steps_000033074/probe_battery.json,train_policy,/train_policy/factor_state_fractions/factor_2/2,0.3346
explore_cycle_3_factor_1,42,33074,1,intermediate,20000,20000,experiments/strata_two_factor_explore_cycle_3/reward_factor_1_state_0/results/20260909T084527Z-64ab39a1/checkpoint_probes/steps_000033074/probe_battery.json,train_policy,/train_policy/joint_state_fractions/0,0.1151
explore_cycle_3_factor_1,42,33074,1,intermediate,20000,20000,experiments/strata_two_factor_explore_cycle_3/reward_factor_1_state_0/results/20260909T084527Z-64ab39a1/checkpoint_probes/steps_000033074/probe_battery.json,train_policy,/train_policy/joint_state_fractions/1,0.11125
explore_cycle_3_factor_1,42,33074,1,intermediate,20000,20000,experiments/strata_two_factor_explore_cycle_3/reward_factor_1_state_0/results/20260909T084527Z-64ab39a1/checkpoint_probes/steps_000033074/probe_battery.json,train_policy,/train_policy/joint_state_fractions/2,0.1145
explore_cycle_3_factor_1,42,33074,1,intermediate,20000,20000,experiments/strata_two_factor_explore_cycle_3/reward_factor_1_state_0/results/20260909T084527Z-64ab39a1/checkpoint_probes/steps_000033074/probe_battery.json,train_policy,/train_policy/joint_state_fractions/3,0.1108
explore_cycle_3_factor_1,42,33074,1,intermediate,20000,20000,experiments/strata_two_factor_explore_cycle_3/reward_factor_1_state_0/results/20260909T084527Z-64ab39a1/checkpoint_probes/steps_000033074/probe_battery.json,train_policy,/train_policy/joint_state_fractions/4,0.1093
explore_cycle_3_factor_1,42,33074,1,intermediate,20000,20000,experiments/strata_two_factor_explore_cycle_3/reward_factor_1_state_0/results/20260909T084527Z-64ab39a1/checkpoint_probes/steps_000033074/probe_battery.json,train_policy,/train_policy/joint_state_fractions/5,0.11075
explore_cycle_3_factor_1,42,33074,1,intermediate,20000,20000,experiments/strata_two_factor_explore_cycle_3/reward_factor_1_state_0/results/20260909T084527Z-64ab39a1/checkpoint_probes/steps_000033074/probe_battery.json,train_policy,/train_policy/joint_state_fractions/6,0.1094
explore_cycle_3_factor_1,42,33074,1,intermediate,20000,20000,experiments/strata_two_factor_explore_cycle_3/reward_factor_1_state_0/results/20260909T084527Z-64ab39a1/checkpoint_probes/steps_000033074/probe_battery.json,train_policy,/train_policy/joint_state_fractions/7,0.10955
explore_cycle_3_factor_1,42,33074,1,intermediate,20000,20000,experiments/strata_two_factor_explore_cycle_3/reward_factor_1_state_0/results/20260909T084527Z-64ab39a1/checkpoint_probes/steps_000033074/probe_battery.json,train_policy,/train_policy/joint_state_fractions/8,0.10935
explore_cycle_3_factor_1,42,33074,1,intermediate,20000,20000,experiments/strata_two_factor_explore_cycle_3/reward_factor_1_state_0/results/20260909T084527Z-64ab39a1/checkpoint_probes/steps_000033074/probe_battery.json,train_policy,/train_policy/mean_reward,0.34085
explore_cycle_3_factor_1,42,33074,1,intermediate,20000,20000,experiments/strata_two_factor_explore_cycle_3/reward_factor_1_state_0/results/20260909T084527Z-64ab39a1/checkpoint_probes/steps_000033074/probe_battery.json,train_policy,/train_policy/mode,learned_stochastic
explore_cycle_3_factor_1,42,33074,1,intermediate,20000,20000,experiments/strata_two_factor_explore_cycle_3/reward_factor_1_state_0/results/20260909T084527Z-64ab39a1/checkpoint_probes/steps_000033074/probe_battery.json,train_policy,/train_policy/temperature,1.5
explore_cycle_3_factor_1,42,66154,2,intermediate,20000,20000,experiments/strata_two_factor_explore_cycle_3/reward_factor_1_state_0/results/20260909T084527Z-64ab39a1/checkpoint_probes/steps_000066154/probe_battery.json,policy,/policy/action_fractions/0,0.12265
explore_cycle_3_factor_1,42,66154,2,intermediate,20000,20000,experiments/strata_two_factor_explore_cycle_3/reward_factor_1_state_0/results/20260909T084527Z-64ab39a1/checkpoint_probes/steps_000066154/probe_battery.json,policy,/policy/action_fractions/1,0.12895
explore_cycle_3_factor_1,42,66154,2,intermediate,20000,20000,experiments/strata_two_factor_explore_cycle_3/reward_factor_1_state_0/results/20260909T084527Z-64ab39a1/checkpoint_probes/steps_000066154/probe_battery.json,policy,/policy/action_fractions/2,0.1127
explore_cycle_3_factor_1,42,66154,2,intermediate,20000,20000,experiments/strata_two_factor_explore_cycle_3/reward_factor_1_state_0/results/20260909T084527Z-64ab39a1/checkpoint_probes/steps_000066154/probe_battery.json,policy,/policy/action_fractions/3,0.06295
explore_cycle_3_factor_1,42,66154,2,intermediate,20000,20000,experiments/strata_two_factor_explore_cycle_3/reward_factor_1_state_0/results/20260909T084527Z-64ab39a1/checkpoint_probes/steps_000066154/probe_battery.json,policy,/policy/action_fractions/4,0.10895
explore_cycle_3_factor_1,42,66154,2,intermediate,20000,20000,experiments/strata_two_factor_explore_cycle_3/reward_factor_1_state_0/results/20260909T084527Z-64ab39a1/checkpoint_probes/steps_000066154/probe_battery.json,policy,/policy/action_fractions/5,0.14285
explore_cycle_3_factor_1,42,66154,2,intermediate,20000,20000,experiments/strata_two_factor_explore_cycle_3/reward_factor_1_state_0/results/20260909T084527Z-64ab39a1/checkpoint_probes/steps_000066154/probe_battery.json,policy,/policy/action_fractions/6,0.15565
explore_cycle_3_factor_1,42,66154,2,intermediate,20000,20000,experiments/strata_two_factor_explore_cycle_3/reward_factor_1_state_0/results/20260909T084527Z-64ab39a1/checkpoint_probes/steps_000066154/probe_battery.json,policy,/policy/action_fractions/7,0.06375
explore_cycle_3_factor_1,42,66154,2,intermediate,20000,20000,experiments/strata_two_factor_explore_cycle_3/reward_factor_1_state_0/results/20260909T084527Z-64ab39a1/checkpoint_probes/steps_000066154/probe_battery.json,policy,/policy/action_fractions/8,0.10155
explore_cycle_3_factor_1,42,66154,2,intermediate,20000,20000,experiments/strata_two_factor_explore_cycle_3/reward_factor_1_state_0/results/20260909T084527Z-64ab39a1/checkpoint_probes/steps_000066154/probe_battery.json,policy,/policy/factor_action_fractions/factor_1/0,0.3643
explore_cycle_3_factor_1,42,66154,2,intermediate,20000,20000,experiments/strata_two_factor_explore_cycle_3/reward_factor_1_state_0/results/20260909T084527Z-64ab39a1/checkpoint_probes/steps_000066154/probe_battery.json,policy,/policy/factor_action_fractions/factor_1/1,0.31475
explore_cycle_3_factor_1,42,66154,2,intermediate,20000,20000,experiments/strata_two_factor_explore_cycle_3/reward_factor_1_state_0/results/20260909T084527Z-64ab39a1/checkpoint_probes/steps_000066154/probe_battery.json,policy,/policy/factor_action_fractions/factor_1/2,0.32095
explore_cycle_3_factor_1,42,66154,2,intermediate,20000,20000,experiments/strata_two_factor_explore_cycle_3/reward_factor_1_state_0/results/20260909T084527Z-64ab39a1/checkpoint_probes/steps_000066154/probe_battery.json,policy,/policy/factor_action_fractions/factor_2/0,0.34125
explore_cycle_3_factor_1,42,66154,2,intermediate,20000,20000,experiments/strata_two_factor_explore_cycle_3/reward_factor_1_state_0/results/20260909T084527Z-64ab39a1/checkpoint_probes/steps_000066154/probe_battery.json,policy,/policy/factor_action_fractions/factor_2/1,0.30165
explore_cycle_3_factor_1,42,66154,2,intermediate,20000,20000,experiments/strata_two_factor_explore_cycle_3/reward_factor_1_state_0/results/20260909T084527Z-64ab39a1/checkpoint_probes/steps_000066154/probe_battery.json,policy,/policy/factor_action_fractions/factor_2/2,0.3571
explore_cycle_3_factor_1,42,66154,2,intermediate,20000,20000,experiments/strata_two_factor_explore_cycle_3/reward_factor_1_state_0/results/20260909T084527Z-64ab39a1/checkpoint_probes/steps_000066154/probe_battery.json,policy,/policy/factor_state_fractions/factor_1/0,0.3321
explore_cycle_3_factor_1,42,66154,2,intermediate,20000,20000,experiments/strata_two_factor_explore_cycle_3/reward_factor_1_state_0/results/20260909T084527Z-64ab39a1/checkpoint_probes/steps_000066154/probe_battery.json,policy,/policy/factor_state_fractions/factor_1/1,0.3304
explore_cycle_3_factor_1,42,66154,2,intermediate,20000,20000,experiments/strata_two_factor_explore_cycle_3/reward_factor_1_state_0/results/20260909T084527Z-64ab39a1/checkpoint_probes/steps_000066154/probe_battery.json,policy,/policy/factor_state_fractions/factor_1/2,0.3375
explore_cycle_3_factor_1,42,66154,2,intermediate,20000,20000,experiments/strata_two_factor_explore_cycle_3/reward_factor_1_state_0/results/20260909T084527Z-64ab39a1/checkpoint_probes/steps_000066154/probe_battery.json,policy,/policy/factor_state_fractions/factor_2/0,0.3341
explore_cycle_3_factor_1,42,66154,2,intermediate,20000,20000,experiments/strata_two_factor_explore_cycle_3/reward_factor_1_state_0/results/20260909T084527Z-64ab39a1/checkpoint_probes/steps_000066154/probe_battery.json,policy,/policy/factor_state_fractions/factor_2/1,0.33445
explore_cycle_3_factor_1,42,66154,2,intermediate,20000,20000,experiments/strata_two_factor_explore_cycle_3/reward_factor_1_state_0/results/20260909T084527Z-64ab39a1/checkpoint_probes/steps_000066154/probe_battery.json,policy,/policy/factor_state_fractions/factor_2/2,0.33145
explore_cycle_3_factor_1,42,66154,2,intermediate,20000,20000,experiments/strata_two_factor_explore_cycle_3/reward_factor_1_state_0/results/20260909T084527Z-64ab39a1/checkpoint_probes/steps_000066154/probe_battery.json,policy,/policy/joint_state_fractions/0,0.1138
explore_cycle_3_factor_1,42,66154,2,intermediate,20000,20000,experiments/strata_two_factor_explore_cycle_3/reward_factor_1_state_0/results/20260909T084527Z-64ab39a1/checkpoint_probes/steps_000066154/probe_battery.json,policy,/policy/joint_state_fractions/1,0.1111
explore_cycle_3_factor_1,42,66154,2,intermediate,20000,20000,experiments/strata_two_factor_explore_cycle_3/reward_factor_1_state_0/results/20260909T084527Z-64ab39a1/checkpoint_probes/steps_000066154/probe_battery.json,policy,/policy/joint_state_fractions/2,0.1072
explore_cycle_3_factor_1,42,66154,2,intermediate,20000,20000,experiments/strata_two_factor_explore_cycle_3/reward_factor_1_state_0/results/20260909T084527Z-64ab39a1/checkpoint_probes/steps_000066154/probe_battery.json,policy,/policy/joint_state_fractions/3,0.10605
explore_cycle_3_factor_1,42,66154,2,intermediate,20000,20000,experiments/strata_two_factor_explore_cycle_3/reward_factor_1_state_0/results/20260909T084527Z-64ab39a1/checkpoint_probes/steps_000066154/probe_battery.json,policy,/policy/joint_state_fractions/4,0.11195
explore_cycle_3_factor_1,42,66154,2,intermediate,20000,20000,experiments/strata_two_factor_explore_cycle_3/reward_factor_1_state_0/results/20260909T084527Z-64ab39a1/checkpoint_probes/steps_000066154/probe_battery.json,policy,/policy/joint_state_fractions/5,0.1124
explore_cycle_3_factor_1,42,66154,2,intermediate,20000,20000,experiments/strata_two_factor_explore_cycle_3/reward_factor_1_state_0/results/20260909T084527Z-64ab39a1/checkpoint_probes/steps_000066154/probe_battery.json,policy,/policy/joint_state_fractions/6,0.11425
explore_cycle_3_factor_1,42,66154,2,intermediate,20000,20000,experiments/strata_two_factor_explore_cycle_3/reward_factor_1_state_0/results/20260909T084527Z-64ab39a1/checkpoint_probes/steps_000066154/probe_battery.json,policy,/policy/joint_state_fractions/7,0.1114
explore_cycle_3_factor_1,42,66154,2,intermediate,20000,20000,experiments/strata_two_factor_explore_cycle_3/reward_factor_1_state_0/results/20260909T084527Z-64ab39a1/checkpoint_probes/steps_000066154/probe_battery.json,policy,/policy/joint_state_fractions/8,0.11185
explore_cycle_3_factor_1,42,66154,2,intermediate,20000,20000,experiments/strata_two_factor_explore_cycle_3/reward_factor_1_state_0/results/20260909T084527Z-64ab39a1/checkpoint_probes/steps_000066154/probe_battery.json,policy,/policy/mean_reward,0.33205
explore_cycle_3_factor_1,42,66154,2,intermediate,20000,20000,experiments/strata_two_factor_explore_cycle_3/reward_factor_1_state_0/results/20260909T084527Z-64ab39a1/checkpoint_probes/steps_000066154/probe_battery.json,policy,/policy/mode,learned_stochastic
explore_cycle_3_factor_1,42,66154,2,intermediate,20000,20000,experiments/strata_two_factor_explore_cycle_3/reward_factor_1_state_0/results/20260909T084527Z-64ab39a1/checkpoint_probes/steps_000066154/probe_battery.json,policy,/policy/temperature,1.5
explore_cycle_3_factor_1,42,66154,2,intermediate,20000,20000,experiments/strata_two_factor_explore_cycle_3/reward_factor_1_state_0/results/20260909T084527Z-64ab39a1/checkpoint_probes/steps_000066154/probe_battery.json,train_policy,/train_policy/action_fractions/0,0.12565
explore_cycle_3_factor_1,42,66154,2,intermediate,20000,20000,experiments/strata_two_factor_explore_cycle_3/reward_factor_1_state_0/results/20260909T084527Z-64ab39a1/checkpoint_probes/steps_000066154/probe_battery.json,train_policy,/train_policy/action_fractions/1,0.12625
explore_cycle_3_factor_1,42,66154,2,intermediate,20000,20000,experiments/strata_two_factor_explore_cycle_3/reward_factor_1_state_0/results/20260909T084527Z-64ab39a1/checkpoint_probes/steps_000066154/probe_battery.json,train_policy,/train_policy/action_fractions/2,0.1126
explore_cycle_3_factor_1,42,66154,2,intermediate,20000,20000,experiments/strata_two_factor_explore_cycle_3/reward_factor_1_state_0/results/20260909T084527Z-64ab39a1/checkpoint_probes/steps_000066154/probe_battery.json,train_policy,/train_policy/action_fractions/3,0.06195
explore_cycle_3_factor_1,42,66154,2,intermediate,20000,20000,experiments/strata_two_factor_explore_cycle_3/reward_factor_1_state_0/results/20260909T084527Z-64ab39a1/checkpoint_probes/steps_000066154/probe_battery.json,train_policy,/train_policy/action_fractions/4,0.10435
explore_cycle_3_factor_1,42,66154,2,intermediate,20000,20000,experiments/strata_two_factor_explore_cycle_3/reward_factor_1_state_0/results/20260909T084527Z-64ab39a1/checkpoint_probes/steps_000066154/probe_battery.json,train_policy,/train_policy/action_fractions/5,0.1468
explore_cycle_3_factor_1,42,66154,2,intermediate,20000,20000,experiments/strata_two_factor_explore_cycle_3/reward_factor_1_state_0/results/20260909T084527Z-64ab39a1/checkpoint_probes/steps_000066154/probe_battery.json,train_policy,/train_policy/action_fractions/6,0.15645
explore_cycle_3_factor_1,42,66154,2,intermediate,20000,20000,experiments/strata_two_factor_explore_cycle_3/reward_factor_1_state_0/results/20260909T084527Z-64ab39a1/checkpoint_probes/steps_000066154/probe_battery.json,train_policy,/train_policy/action_fractions/7,0.0645
explore_cycle_3_factor_1,42,66154,2,intermediate,20000,20000,experiments/strata_two_factor_explore_cycle_3/reward_factor_1_state_0/results/20260909T084527Z-64ab39a1/checkpoint_probes/steps_000066154/probe_battery.json,train_policy,/train_policy/action_fractions/8,0.10145
explore_cycle_3_factor_1,42,66154,2,intermediate,20000,20000,experiments/strata_two_factor_explore_cycle_3/reward_factor_1_state_0/results/20260909T084527Z-64ab39a1/checkpoint_probes/steps_000066154/probe_battery.json,train_policy,/train_policy/factor_action_fractions/factor_1/0,0.3645
explore_cycle_3_factor_1,42,66154,2,intermediate,20000,20000,experiments/strata_two_factor_explore_cycle_3/reward_factor_1_state_0/results/20260909T084527Z-64ab39a1/checkpoint_probes/steps_000066154/probe_battery.json,train_policy,/train_policy/factor_action_fractions/factor_1/1,0.3131
explore_cycle_3_factor_1,42,66154,2,intermediate,20000,20000,experiments/strata_two_factor_explore_cycle_3/reward_factor_1_state_0/results/20260909T084527Z-64ab39a1/checkpoint_probes/steps_000066154/probe_battery.json,train_policy,/train_policy/factor_action_fractions/factor_1/2,0.3224
explore_cycle_3_factor_1,42,66154,2,intermediate,20000,20000,experiments/strata_two_factor_explore_cycle_3/reward_factor_1_state_0/results/20260909T084527Z-64ab39a1/checkpoint_probes/steps_000066154/probe_battery.json,train_policy,/train_policy/factor_action_fractions/factor_2/0,0.34405
explore_cycle_3_factor_1,42,66154,2,intermediate,20000,20000,experiments/strata_two_factor_explore_cycle_3/reward_factor_1_state_0/results/20260909T084527Z-64ab39a1/checkpoint_probes/steps_000066154/probe_battery.json,train_policy,/train_policy/factor_action_fractions/factor_2/1,0.2951
explore_cycle_3_factor_1,42,66154,2,intermediate,20000,20000,experiments/strata_two_factor_explore_cycle_3/reward_factor_1_state_0/results/20260909T084527Z-64ab39a1/checkpoint_probes/steps_000066154/probe_battery.json,train_policy,/train_policy/factor_action_fractions/factor_2/2,0.36085
explore_cycle_3_factor_1,42,66154,2,intermediate,20000,20000,experiments/strata_two_factor_explore_cycle_3/reward_factor_1_state_0/results/20260909T084527Z-64ab39a1/checkpoint_probes/steps_000066154/probe_battery.json,train_policy,/train_policy/factor_state_fractions/factor_1/0,0.33335
explore_cycle_3_factor_1,42,66154,2,intermediate,20000,20000,experiments/strata_two_factor_explore_cycle_3/reward_factor_1_state_0/results/20260909T084527Z-64ab39a1/checkpoint_probes/steps_000066154/probe_battery.json,train_policy,/train_policy/factor_state_fractions/factor_1/1,0.3286
explore_cycle_3_factor_1,42,66154,2,intermediate,20000,20000,experiments/strata_two_factor_explore_cycle_3/reward_factor_1_state_0/results/20260909T084527Z-64ab39a1/checkpoint_probes/steps_000066154/probe_battery.json,train_policy,/train_policy/factor_state_fractions/factor_1/2,0.33805
explore_cycle_3_factor_1,42,66154,2,intermediate,20000,20000,experiments/strata_two_factor_explore_cycle_3/reward_factor_1_state_0/results/20260909T084527Z-64ab39a1/checkpoint_probes/steps_000066154/probe_battery.json,train_policy,/train_policy/factor_state_fractions/factor_2/0,0.3324
explore_cycle_3_factor_1,42,66154,2,intermediate,20000,20000,experiments/strata_two_factor_explore_cycle_3/reward_factor_1_state_0/results/20260909T084527Z-64ab39a1/checkpoint_probes/steps_000066154/probe_battery.json,train_policy,/train_policy/factor_state_fractions/factor_2/1,0.33095
explore_cycle_3_factor_1,42,66154,2,intermediate,20000,20000,experiments/strata_two_factor_explore_cycle_3/reward_factor_1_state_0/results/20260909T084527Z-64ab39a1/checkpoint_probes/steps_000066154/probe_battery.json,train_policy,/train_policy/factor_state_fractions/factor_2/2,0.33665
explore_cycle_3_factor_1,42,66154,2,intermediate,20000,20000,experiments/strata_two_factor_explore_cycle_3/reward_factor_1_state_0/results/20260909T084527Z-64ab39a1/checkpoint_probes/steps_000066154/probe_battery.json,train_policy,/train_policy/joint_state_fractions/0,0.111
explore_cycle_3_factor_1,42,66154,2,intermediate,20000,20000,experiments/strata_two_factor_explore_cycle_3/reward_factor_1_state_0/results/20260909T084527Z-64ab39a1/checkpoint_probes/steps_000066154/probe_battery.json,train_policy,/train_policy/joint_state_fractions/1,0.11065
explore_cycle_3_factor_1,42,66154,2,intermediate,20000,20000,experiments/strata_two_factor_explore_cycle_3/reward_factor_1_state_0/results/20260909T084527Z-64ab39a1/checkpoint_probes/steps_000066154/probe_battery.json,train_policy,/train_policy/joint_state_fractions/2,0.1117
explore_cycle_3_factor_1,42,66154,2,intermediate,20000,20000,experiments/strata_two_factor_explore_cycle_3/reward_factor_1_state_0/results/20260909T084527Z-64ab39a1/checkpoint_probes/steps_000066154/probe_battery.json,train_policy,/train_policy/joint_state_fractions/3,0.11005
explore_cycle_3_factor_1,42,66154,2,intermediate,20000,20000,experiments/strata_two_factor_explore_cycle_3/reward_factor_1_state_0/results/20260909T084527Z-64ab39a1/checkpoint_probes/steps_000066154/probe_battery.json,train_policy,/train_policy/joint_state_fractions/4,0.10975
explore_cycle_3_factor_1,42,66154,2,intermediate,20000,20000,experiments/strata_two_factor_explore_cycle_3/reward_factor_1_state_0/results/20260909T084527Z-64ab39a1/checkpoint_probes/steps_000066154/probe_battery.json,train_policy,/train_policy/joint_state_fractions/5,0.1088
explore_cycle_3_factor_1,42,66154,2,intermediate,20000,20000,experiments/strata_two_factor_explore_cycle_3/reward_factor_1_state_0/results/20260909T084527Z-64ab39a1/checkpoint_probes/steps_000066154/probe_battery.json,train_policy,/train_policy/joint_state_fractions/6,0.11135
explore_cycle_3_factor_1,42,66154,2,intermediate,20000,20000,experiments/strata_two_factor_explore_cycle_3/reward_factor_1_state_0/results/20260909T084527Z-64ab39a1/checkpoint_probes/steps_000066154/probe_battery.json,train_policy,/train_policy/joint_state_fractions/7,0.11055
explore_cycle_3_factor_1,42,66154,2,intermediate,20000,20000,experiments/strata_two_factor_explore_cycle_3/reward_factor_1_state_0/results/20260909T084527Z-64ab39a1/checkpoint_probes/steps_000066154/probe_battery.json,train_policy,/train_policy/joint_state_fractions/8,0.11615
explore_cycle_3_factor_1,42,66154,2,intermediate,20000,20000,experiments/strata_two_factor_explore_cycle_3/reward_factor_1_state_0/results/20260909T084527Z-64ab39a1/checkpoint_probes/steps_000066154/probe_battery.json,train_policy,/train_policy/mean_reward,0.33345
explore_cycle_3_factor_1,42,66154,2,intermediate,20000,20000,experiments/strata_two_factor_explore_cycle_3/reward_factor_1_state_0/results/20260909T084527Z-64ab39a1/checkpoint_probes/steps_000066154/probe_battery.json,train_policy,/train_policy/mode,learned_stochastic
explore_cycle_3_factor_1,42,66154,2,intermediate,20000,20000,experiments/strata_two_factor_explore_cycle_3/reward_factor_1_state_0/results/20260909T084527Z-64ab39a1/checkpoint_probes/steps_000066154/probe_battery.json,train_policy,/train_policy/temperature,1.5
explore_cycle_3_factor_1,42,132080,4,intermediate,20000,20000,experiments/strata_two_factor_explore_cycle_3/reward_factor_1_state_0/results/20260909T084527Z-64ab39a1/checkpoint_probes/steps_000132080/probe_battery.json,policy,/policy/action_fractions/0,0.12615
explore_cycle_3_factor_1,42,132080,4,intermediate,20000,20000,experiments/strata_two_factor_explore_cycle_3/reward_factor_1_state_0/results/20260909T084527Z-64ab39a1/checkpoint_probes/steps_000132080/probe_battery.json,policy,/policy/action_fractions/1,0.1223
explore_cycle_3_factor_1,42,132080,4,intermediate,20000,20000,experiments/strata_two_factor_explore_cycle_3/reward_factor_1_state_0/results/20260909T084527Z-64ab39a1/checkpoint_probes/steps_000132080/probe_battery.json,policy,/policy/action_fractions/2,0.10005
explore_cycle_3_factor_1,42,132080,4,intermediate,20000,20000,experiments/strata_two_factor_explore_cycle_3/reward_factor_1_state_0/results/20260909T084527Z-64ab39a1/checkpoint_probes/steps_000132080/probe_battery.json,policy,/policy/action_fractions/3,0.06055
explore_cycle_3_factor_1,42,132080,4,intermediate,20000,20000,experiments/strata_two_factor_explore_cycle_3/reward_factor_1_state_0/results/20260909T084527Z-64ab39a1/checkpoint_probes/steps_000132080/probe_battery.json,policy,/policy/action_fractions/4,0.1167
explore_cycle_3_factor_1,42,132080,4,intermediate,20000,20000,experiments/strata_two_factor_explore_cycle_3/reward_factor_1_state_0/results/20260909T084527Z-64ab39a1/checkpoint_probes/steps_000132080/probe_battery.json,policy,/policy/action_fractions/5,0.1441
explore_cycle_3_factor_1,42,132080,4,intermediate,20000,20000,experiments/strata_two_factor_explore_cycle_3/reward_factor_1_state_0/results/20260909T084527Z-64ab39a1/checkpoint_probes/steps_000132080/probe_battery.json,policy,/policy/action_fractions/6,0.1636
explore_cycle_3_factor_1,42,132080,4,intermediate,20000,20000,experiments/strata_two_factor_explore_cycle_3/reward_factor_1_state_0/results/20260909T084527Z-64ab39a1/checkpoint_probes/steps_000132080/probe_battery.json,policy,/policy/action_fractions/7,0.05685
explore_cycle_3_factor_1,42,132080,4,intermediate,20000,20000,experiments/strata_two_factor_explore_cycle_3/reward_factor_1_state_0/results/20260909T084527Z-64ab39a1/checkpoint_probes/steps_000132080/probe_battery.json,policy,/policy/action_fractions/8,0.1097
explore_cycle_3_factor_1,42,132080,4,intermediate,20000,20000,experiments/strata_two_factor_explore_cycle_3/reward_factor_1_state_0/results/20260909T084527Z-64ab39a1/checkpoint_probes/steps_000132080/probe_battery.json,policy,/policy/factor_action_fractions/factor_1/0,0.3485
explore_cycle_3_factor_1,42,132080,4,intermediate,20000,20000,experiments/strata_two_factor_explore_cycle_3/reward_factor_1_state_0/results/20260909T084527Z-64ab39a1/checkpoint_probes/steps_000132080/probe_battery.json,policy,/policy/factor_action_fractions/factor_1/1,0.32135
explore_cycle_3_factor_1,42,132080,4,intermediate,20000,20000,experiments/strata_two_factor_explore_cycle_3/reward_factor_1_state_0/results/20260909T084527Z-64ab39a1/checkpoint_probes/steps_000132080/probe_battery.json,policy,/policy/factor_action_fractions/factor_1/2,0.33015
explore_cycle_3_factor_1,42,132080,4,intermediate,20000,20000,experiments/strata_two_factor_explore_cycle_3/reward_factor_1_state_0/results/20260909T084527Z-64ab39a1/checkpoint_probes/steps_000132080/probe_battery.json,policy,/policy/factor_action_fractions/factor_2/0,0.3503
explore_cycle_3_factor_1,42,132080,4,intermediate,20000,20000,experiments/strata_two_factor_explore_cycle_3/reward_factor_1_state_0/results/20260909T084527Z-64ab39a1/checkpoint_probes/steps_000132080/probe_battery.json,policy,/policy/factor_action_fractions/factor_2/1,0.29585
explore_cycle_3_factor_1,42,132080,4,intermediate,20000,20000,experiments/strata_two_factor_explore_cycle_3/reward_factor_1_state_0/results/20260909T084527Z-64ab39a1/checkpoint_probes/steps_000132080/probe_battery.json,policy,/policy/factor_action_fractions/factor_2/2,0.35385
explore_cycle_3_factor_1,42,132080,4,intermediate,20000,20000,experiments/strata_two_factor_explore_cycle_3/reward_factor_1_state_0/results/20260909T084527Z-64ab39a1/checkpoint_probes/steps_000132080/probe_battery.json,policy,/policy/factor_state_fractions/factor_1/0,0.33335
explore_cycle_3_factor_1,42,132080,4,intermediate,20000,20000,experiments/strata_two_factor_explore_cycle_3/reward_factor_1_state_0/results/20260909T084527Z-64ab39a1/checkpoint_probes/steps_000132080/probe_battery.json,policy,/policy/factor_state_fractions/factor_1/1,0.328
explore_cycle_3_factor_1,42,132080,4,intermediate,20000,20000,experiments/strata_two_factor_explore_cycle_3/reward_factor_1_state_0/results/20260909T084527Z-64ab39a1/checkpoint_probes/steps_000132080/probe_battery.json,policy,/policy/factor_state_fractions/factor_1/2,0.33865
explore_cycle_3_factor_1,42,132080,4,intermediate,20000,20000,experiments/strata_two_factor_explore_cycle_3/reward_factor_1_state_0/results/20260909T084527Z-64ab39a1/checkpoint_probes/steps_000132080/probe_battery.json,policy,/policy/factor_state_fractions/factor_2/0,0.3344
explore_cycle_3_factor_1,42,132080,4,intermediate,20000,20000,experiments/strata_two_factor_explore_cycle_3/reward_factor_1_state_0/results/20260909T084527Z-64ab39a1/checkpoint_probes/steps_000132080/probe_battery.json,policy,/policy/factor_state_fractions/factor_2/1,0.3323
explore_cycle_3_factor_1,42,132080,4,intermediate,20000,20000,experiments/strata_two_factor_explore_cycle_3/reward_factor_1_state_0/results/20260909T084527Z-64ab39a1/checkpoint_probes/steps_000132080/probe_battery.json,policy,/policy/factor_state_fractions/factor_2/2,0.3333
explore_cycle_3_factor_1,42,132080,4,intermediate,20000,20000,experiments/strata_two_factor_explore_cycle_3/reward_factor_1_state_0/results/20260909T084527Z-64ab39a1/checkpoint_probes/steps_000132080/probe_battery.json,policy,/policy/joint_state_fractions/0,0.11075
explore_cycle_3_factor_1,42,132080,4,intermediate,20000,20000,experiments/strata_two_factor_explore_cycle_3/reward_factor_1_state_0/results/20260909T084527Z-64ab39a1/checkpoint_probes/steps_000132080/probe_battery.json,policy,/policy/joint_state_fractions/1,0.11015
explore_cycle_3_factor_1,42,132080,4,intermediate,20000,20000,experiments/strata_two_factor_explore_cycle_3/reward_factor_1_state_0/results/20260909T084527Z-64ab39a1/checkpoint_probes/steps_000132080/probe_battery.json,policy,/policy/joint_state_fractions/2,0.11245
explore_cycle_3_factor_1,42,132080,4,intermediate,20000,20000,experiments/strata_two_factor_explore_cycle_3/reward_factor_1_state_0/results/20260909T084527Z-64ab39a1/checkpoint_probes/steps_000132080/probe_battery.json,policy,/policy/joint_state_fractions/3,0.1066
explore_cycle_3_factor_1,42,132080,4,intermediate,20000,20000,experiments/strata_two_factor_explore_cycle_3/reward_factor_1_state_0/results/20260909T084527Z-64ab39a1/checkpoint_probes/steps_000132080/probe_battery.json,policy,/policy/joint_state_fractions/4,0.11005
explore_cycle_3_factor_1,42,132080,4,intermediate,20000,20000,experiments/strata_two_factor_explore_cycle_3/reward_factor_1_state_0/results/20260909T084527Z-64ab39a1/checkpoint_probes/steps_000132080/probe_battery.json,policy,/policy/joint_state_fractions/5,0.11135
explore_cycle_3_factor_1,42,132080,4,intermediate,20000,20000,experiments/strata_two_factor_explore_cycle_3/reward_factor_1_state_0/results/20260909T084527Z-64ab39a1/checkpoint_probes/steps_000132080/probe_battery.json,policy,/policy/joint_state_fractions/6,0.11705
explore_cycle_3_factor_1,42,132080,4,intermediate,20000,20000,experiments/strata_two_factor_explore_cycle_3/reward_factor_1_state_0/results/20260909T084527Z-64ab39a1/checkpoint_probes/steps_000132080/probe_battery.json,policy,/policy/joint_state_fractions/7,0.1121
explore_cycle_3_factor_1,42,132080,4,intermediate,20000,20000,experiments/strata_two_factor_explore_cycle_3/reward_factor_1_state_0/results/20260909T084527Z-64ab39a1/checkpoint_probes/steps_000132080/probe_battery.json,policy,/policy/joint_state_fractions/8,0.1095
explore_cycle_3_factor_1,42,132080,4,intermediate,20000,20000,experiments/strata_two_factor_explore_cycle_3/reward_factor_1_state_0/results/20260909T084527Z-64ab39a1/checkpoint_probes/steps_000132080/probe_battery.json,policy,/policy/mean_reward,0.3333
explore_cycle_3_factor_1,42,132080,4,intermediate,20000,20000,experiments/strata_two_factor_explore_cycle_3/reward_factor_1_state_0/results/20260909T084527Z-64ab39a1/checkpoint_probes/steps_000132080/probe_battery.json,policy,/policy/mode,learned_stochastic
explore_cycle_3_factor_1,42,132080,4,intermediate,20000,20000,experiments/strata_two_factor_explore_cycle_3/reward_factor_1_state_0/results/20260909T084527Z-64ab39a1/checkpoint_probes/steps_000132080/probe_battery.json,policy,/policy/temperature,1.5
explore_cycle_3_factor_1,42,132080,4,intermediate,20000,20000,experiments/strata_two_factor_explore_cycle_3/reward_factor_1_state_0/results/20260909T084527Z-64ab39a1/checkpoint_probes/steps_000132080/probe_battery.json,train_policy,/train_policy/action_fractions/0,0.12895
explore_cycle_3_factor_1,42,132080,4,intermediate,20000,20000,experiments/strata_two_factor_explore_cycle_3/reward_factor_1_state_0/results/20260909T084527Z-64ab39a1/checkpoint_probes/steps_000132080/probe_battery.json,train_policy,/train_policy/action_fractions/1,0.1201
explore_cycle_3_factor_1,42,132080,4,intermediate,20000,20000,experiments/strata_two_factor_explore_cycle_3/reward_factor_1_state_0/results/20260909T084527Z-64ab39a1/checkpoint_probes/steps_000132080/probe_battery.json,train_policy,/train_policy/action_fractions/2,0.0989
explore_cycle_3_factor_1,42,132080,4,intermediate,20000,20000,experiments/strata_two_factor_explore_cycle_3/reward_factor_1_state_0/results/20260909T084527Z-64ab39a1/checkpoint_probes/steps_000132080/probe_battery.json,train_policy,/train_policy/action_fractions/3,0.0603
explore_cycle_3_factor_1,42,132080,4,intermediate,20000,20000,experiments/strata_two_factor_explore_cycle_3/reward_factor_1_state_0/results/20260909T084527Z-64ab39a1/checkpoint_probes/steps_000132080/probe_battery.json,train_policy,/train_policy/action_fractions/4,0.113
explore_cycle_3_factor_1,42,132080,4,intermediate,20000,20000,experiments/strata_two_factor_explore_cycle_3/reward_factor_1_state_0/results/20260909T084527Z-64ab39a1/checkpoint_probes/steps_000132080/probe_battery.json,train_policy,/train_policy/action_fractions/5,0.14835
explore_cycle_3_factor_1,42,132080,4,intermediate,20000,20000,experiments/strata_two_factor_explore_cycle_3/reward_factor_1_state_0/results/20260909T084527Z-64ab39a1/checkpoint_probes/steps_000132080/probe_battery.json,train_policy,/train_policy/action_fractions/6,0.1625
explore_cycle_3_factor_1,42,132080,4,intermediate,20000,20000,experiments/strata_two_factor_explore_cycle_3/reward_factor_1_state_0/results/20260909T084527Z-64ab39a1/checkpoint_probes/steps_000132080/probe_battery.json,train_policy,/train_policy/action_fractions/7,0.0593
explore_cycle_3_factor_1,42,132080,4,intermediate,20000,20000,experiments/strata_two_factor_explore_cycle_3/reward_factor_1_state_0/results/20260909T084527Z-64ab39a1/checkpoint_probes/steps_000132080/probe_battery.json,train_policy,/train_policy/action_fractions/8,0.1086
explore_cycle_3_factor_1,42,132080,4,intermediate,20000,20000,experiments/strata_two_factor_explore_cycle_3/reward_factor_1_state_0/results/20260909T084527Z-64ab39a1/checkpoint_probes/steps_000132080/probe_battery.json,train_policy,/train_policy/factor_action_fractions/factor_1/0,0.34795
explore_cycle_3_factor_1,42,132080,4,intermediate,20000,20000,experiments/strata_two_factor_explore_cycle_3/reward_factor_1_state_0/results/20260909T084527Z-64ab39a1/checkpoint_probes/steps_000132080/probe_battery.json,train_policy,/train_policy/factor_action_fractions/factor_1/1,0.32165
explore_cycle_3_factor_1,42,132080,4,intermediate,20000,20000,experiments/strata_two_factor_explore_cycle_3/reward_factor_1_state_0/results/20260909T084527Z-64ab39a1/checkpoint_probes/steps_000132080/probe_battery.json,train_policy,/train_policy/factor_action_fractions/factor_1/2,0.3304
explore_cycle_3_factor_1,42,132080,4,intermediate,20000,20000,experiments/strata_two_factor_explore_cycle_3/reward_factor_1_state_0/results/20260909T084527Z-64ab39a1/checkpoint_probes/steps_000132080/probe_battery.json,train_policy,/train_policy/factor_action_fractions/factor_2/0,0.35175
explore_cycle_3_factor_1,42,132080,4,intermediate,20000,20000,experiments/strata_two_factor_explore_cycle_3/reward_factor_1_state_0/results/20260909T084527Z-64ab39a1/checkpoint_probes/steps_000132080/probe_battery.json,train_policy,/train_policy/factor_action_fractions/factor_2/1,0.2924
explore_cycle_3_factor_1,42,132080,4,intermediate,20000,20000,experiments/strata_two_factor_explore_cycle_3/reward_factor_1_state_0/results/20260909T084527Z-64ab39a1/checkpoint_probes/steps_000132080/probe_battery.json,train_policy,/train_policy/factor_action_fractions/factor_2/2,0.35585
explore_cycle_3_factor_1,42,132080,4,intermediate,20000,20000,experiments/strata_two_factor_explore_cycle_3/reward_factor_1_state_0/results/20260909T084527Z-64ab39a1/checkpoint_probes/steps_000132080/probe_battery.json,train_policy,/train_policy/factor_state_fractions/factor_1/0,0.33945
explore_cycle_3_factor_1,42,132080,4,intermediate,20000,20000,experiments/strata_two_factor_explore_cycle_3/reward_factor_1_state_0/results/20260909T084527Z-64ab39a1/checkpoint_probes/steps_000132080/probe_battery.json,train_policy,/train_policy/factor_state_fractions/factor_1/1,0.3286
explore_cycle_3_factor_1,42,132080,4,intermediate,20000,20000,experiments/strata_two_factor_explore_cycle_3/reward_factor_1_state_0/results/20260909T084527Z-64ab39a1/checkpoint_probes/steps_000132080/probe_battery.json,train_policy,/train_policy/factor_state_fractions/factor_1/2,0.33195
explore_cycle_3_factor_1,42,132080,4,intermediate,20000,20000,experiments/strata_two_factor_explore_cycle_3/reward_factor_1_state_0/results/20260909T084527Z-64ab39a1/checkpoint_probes/steps_000132080/probe_battery.json,train_policy,/train_policy/factor_state_fractions/factor_2/0,0.3276
explore_cycle_3_factor_1,42,132080,4,intermediate,20000,20000,experiments/strata_two_factor_explore_cycle_3/reward_factor_1_state_0/results/20260909T084527Z-64ab39a1/checkpoint_probes/steps_000132080/probe_battery.json,train_policy,/train_policy/factor_state_fractions/factor_2/1,0.33345
explore_cycle_3_factor_1,42,132080,4,intermediate,20000,20000,experiments/strata_two_factor_explore_cycle_3/reward_factor_1_state_0/results/20260909T084527Z-64ab39a1/checkpoint_probes/steps_000132080/probe_battery.json,train_policy,/train_policy/factor_state_fractions/factor_2/2,0.33895
explore_cycle_3_factor_1,42,132080,4,intermediate,20000,20000,experiments/strata_two_factor_explore_cycle_3/reward_factor_1_state_0/results/20260909T084527Z-64ab39a1/checkpoint_probes/steps_000132080/probe_battery.json,train_policy,/train_policy/joint_state_fractions/0,0.1102
explore_cycle_3_factor_1,42,132080,4,intermediate,20000,20000,experiments/strata_two_factor_explore_cycle_3/reward_factor_1_state_0/results/20260909T084527Z-64ab39a1/checkpoint_probes/steps_000132080/probe_battery.json,train_policy,/train_policy/joint_state_fractions/1,0.1149
explore_cycle_3_factor_1,42,132080,4,intermediate,20000,20000,experiments/strata_two_factor_explore_cycle_3/reward_factor_1_state_0/results/20260909T084527Z-64ab39a1/checkpoint_probes/steps_000132080/probe_battery.json,train_policy,/train_policy/joint_state_fractions/2,0.11435
explore_cycle_3_factor_1,42,132080,4,intermediate,20000,20000,experiments/strata_two_factor_explore_cycle_3/reward_factor_1_state_0/results/20260909T084527Z-64ab39a1/checkpoint_probes/steps_000132080/probe_battery.json,train_policy,/train_policy/joint_state_fractions/3,0.10895
explore_cycle_3_factor_1,42,132080,4,intermediate,20000,20000,experiments/strata_two_factor_explore_cycle_3/reward_factor_1_state_0/results/20260909T084527Z-64ab39a1/checkpoint_probes/steps_000132080/probe_battery.json,train_policy,/train_policy/joint_state_fractions/4,0.10815
explore_cycle_3_factor_1,42,132080,4,intermediate,20000,20000,experiments/strata_two_factor_explore_cycle_3/reward_factor_1_state_0/results/20260909T084527Z-64ab39a1/checkpoint_probes/steps_000132080/probe_battery.json,train_policy,/train_policy/joint_state_fractions/5,0.1115
explore_cycle_3_factor_1,42,132080,4,intermediate,20000,20000,experiments/strata_two_factor_explore_cycle_3/reward_factor_1_state_0/results/20260909T084527Z-64ab39a1/checkpoint_probes/steps_000132080/probe_battery.json,train_policy,/train_policy/joint_state_fractions/6,0.10845
explore_cycle_3_factor_1,42,132080,4,intermediate,20000,20000,experiments/strata_two_factor_explore_cycle_3/reward_factor_1_state_0/results/20260909T084527Z-64ab39a1/checkpoint_probes/steps_000132080/probe_battery.json,train_policy,/train_policy/joint_state_fractions/7,0.1104
explore_cycle_3_factor_1,42,132080,4,intermediate,20000,20000,experiments/strata_two_factor_explore_cycle_3/reward_factor_1_state_0/results/20260909T084527Z-64ab39a1/checkpoint_probes/steps_000132080/probe_battery.json,train_policy,/train_policy/joint_state_fractions/8,0.1131
explore_cycle_3_factor_1,42,132080,4,intermediate,20000,20000,experiments/strata_two_factor_explore_cycle_3/reward_factor_1_state_0/results/20260909T084527Z-64ab39a1/checkpoint_probes/steps_000132080/probe_battery.json,train_policy,/train_policy/mean_reward,0.3394
explore_cycle_3_factor_1,42,132080,4,intermediate,20000,20000,experiments/strata_two_factor_explore_cycle_3/reward_factor_1_state_0/results/20260909T084527Z-64ab39a1/checkpoint_probes/steps_000132080/probe_battery.json,train_policy,/train_policy/mode,learned_stochastic
explore_cycle_3_factor_1,42,132080,4,intermediate,20000,20000,experiments/strata_two_factor_explore_cycle_3/reward_factor_1_state_0/results/20260909T084527Z-64ab39a1/checkpoint_probes/steps_000132080/probe_battery.json,train_policy,/train_policy/temperature,1.5
explore_cycle_3_factor_1,42,264407,8,intermediate,20000,20000,experiments/strata_two_factor_explore_cycle_3/reward_factor_1_state_0/results/20260909T084527Z-64ab39a1/checkpoint_probes/steps_000264407/probe_battery.json,policy,/policy/action_fractions/0,0.12885
explore_cycle_3_factor_1,42,264407,8,intermediate,20000,20000,experiments/strata_two_factor_explore_cycle_3/reward_factor_1_state_0/results/20260909T084527Z-64ab39a1/checkpoint_probes/steps_000264407/probe_battery.json,policy,/policy/action_fractions/1,0.0949
explore_cycle_3_factor_1,42,264407,8,intermediate,20000,20000,experiments/strata_two_factor_explore_cycle_3/reward_factor_1_state_0/results/20260909T084527Z-64ab39a1/checkpoint_probes/steps_000264407/probe_battery.json,policy,/policy/action_fractions/2,0.08965
explore_cycle_3_factor_1,42,264407,8,intermediate,20000,20000,experiments/strata_two_factor_explore_cycle_3/reward_factor_1_state_0/results/20260909T084527Z-64ab39a1/checkpoint_probes/steps_000264407/probe_battery.json,policy,/policy/action_fractions/3,0.0571
explore_cycle_3_factor_1,42,264407,8,intermediate,20000,20000,experiments/strata_two_factor_explore_cycle_3/reward_factor_1_state_0/results/20260909T084527Z-64ab39a1/checkpoint_probes/steps_000264407/probe_battery.json,policy,/policy/action_fractions/4,0.1252
explore_cycle_3_factor_1,42,264407,8,intermediate,20000,20000,experiments/strata_two_factor_explore_cycle_3/reward_factor_1_state_0/results/20260909T084527Z-64ab39a1/checkpoint_probes/steps_000264407/probe_battery.json,policy,/policy/action_fractions/5,0.1557
explore_cycle_3_factor_1,42,264407,8,intermediate,20000,20000,experiments/strata_two_factor_explore_cycle_3/reward_factor_1_state_0/results/20260909T084527Z-64ab39a1/checkpoint_probes/steps_000264407/probe_battery.json,policy,/policy/action_fractions/6,0.19135
explore_cycle_3_factor_1,42,264407,8,intermediate,20000,20000,experiments/strata_two_factor_explore_cycle_3/reward_factor_1_state_0/results/20260909T084527Z-64ab39a1/checkpoint_probes/steps_000264407/probe_battery.json,policy,/policy/action_fractions/7,0.04625
explore_cycle_3_factor_1,42,264407,8,intermediate,20000,20000,experiments/strata_two_factor_explore_cycle_3/reward_factor_1_state_0/results/20260909T084527Z-64ab39a1/checkpoint_probes/steps_000264407/probe_battery.json,policy,/policy/action_fractions/8,0.111
explore_cycle_3_factor_1,42,264407,8,intermediate,20000,20000,experiments/strata_two_factor_explore_cycle_3/reward_factor_1_state_0/results/20260909T084527Z-64ab39a1/checkpoint_probes/steps_000264407/probe_battery.json,policy,/policy/factor_action_fractions/factor_1/0,0.3134
explore_cycle_3_factor_1,42,264407,8,intermediate,20000,20000,experiments/strata_two_factor_explore_cycle_3/reward_factor_1_state_0/results/20260909T084527Z-64ab39a1/checkpoint_probes/steps_000264407/probe_battery.json,policy,/policy/factor_action_fractions/factor_1/1,0.338
explore_cycle_3_factor_1,42,264407,8,intermediate,20000,20000,experiments/strata_two_factor_explore_cycle_3/reward_factor_1_state_0/results/20260909T084527Z-64ab39a1/checkpoint_probes/steps_000264407/probe_battery.json,policy,/policy/factor_action_fractions/factor_1/2,0.3486
explore_cycle_3_factor_1,42,264407,8,intermediate,20000,20000,experiments/strata_two_factor_explore_cycle_3/reward_factor_1_state_0/results/20260909T084527Z-64ab39a1/checkpoint_probes/steps_000264407/probe_battery.json,policy,/policy/factor_action_fractions/factor_2/0,0.3773
explore_cycle_3_factor_1,42,264407,8,intermediate,20000,20000,experiments/strata_two_factor_explore_cycle_3/reward_factor_1_state_0/results/20260909T084527Z-64ab39a1/checkpoint_probes/steps_000264407/probe_battery.json,policy,/policy/factor_action_fractions/factor_2/1,0.26635
explore_cycle_3_factor_1,42,264407,8,intermediate,20000,20000,experiments/strata_two_factor_explore_cycle_3/reward_factor_1_state_0/results/20260909T084527Z-64ab39a1/checkpoint_probes/steps_000264407/probe_battery.json,policy,/policy/factor_action_fractions/factor_2/2,0.35635
explore_cycle_3_factor_1,42,264407,8,intermediate,20000,20000,experiments/strata_two_factor_explore_cycle_3/reward_factor_1_state_0/results/20260909T084527Z-64ab39a1/checkpoint_probes/steps_000264407/probe_battery.json,policy,/policy/factor_state_fractions/factor_1/0,0.334
explore_cycle_3_factor_1,42,264407,8,intermediate,20000,20000,experiments/strata_two_factor_explore_cycle_3/reward_factor_1_state_0/results/20260909T084527Z-64ab39a1/checkpoint_probes/steps_000264407/probe_battery.json,policy,/policy/factor_state_fractions/factor_1/1,0.3318
explore_cycle_3_factor_1,42,264407,8,intermediate,20000,20000,experiments/strata_two_factor_explore_cycle_3/reward_factor_1_state_0/results/20260909T084527Z-64ab39a1/checkpoint_probes/steps_000264407/probe_battery.json,policy,/policy/factor_state_fractions/factor_1/2,0.3342
explore_cycle_3_factor_1,42,264407,8,intermediate,20000,20000,experiments/strata_two_factor_explore_cycle_3/reward_factor_1_state_0/results/20260909T084527Z-64ab39a1/checkpoint_probes/steps_000264407/probe_battery.json,policy,/policy/factor_state_fractions/factor_2/0,0.33025
explore_cycle_3_factor_1,42,264407,8,intermediate,20000,20000,experiments/strata_two_factor_explore_cycle_3/reward_factor_1_state_0/results/20260909T084527Z-64ab39a1/checkpoint_probes/steps_000264407/probe_battery.json,policy,/policy/factor_state_fractions/factor_2/1,0.33355
explore_cycle_3_factor_1,42,264407,8,intermediate,20000,20000,experiments/strata_two_factor_explore_cycle_3/reward_factor_1_state_0/results/20260909T084527Z-64ab39a1/checkpoint_probes/steps_000264407/probe_battery.json,policy,/policy/factor_state_fractions/factor_2/2,0.3362
explore_cycle_3_factor_1,42,264407,8,intermediate,20000,20000,experiments/strata_two_factor_explore_cycle_3/reward_factor_1_state_0/results/20260909T084527Z-64ab39a1/checkpoint_probes/steps_000264407/probe_battery.json,policy,/policy/joint_state_fractions/0,0.11295
explore_cycle_3_factor_1,42,264407,8,intermediate,20000,20000,experiments/strata_two_factor_explore_cycle_3/reward_factor_1_state_0/results/20260909T084527Z-64ab39a1/checkpoint_probes/steps_000264407/probe_battery.json,policy,/policy/joint_state_fractions/1,0.1096
explore_cycle_3_factor_1,42,264407,8,intermediate,20000,20000,experiments/strata_two_factor_explore_cycle_3/reward_factor_1_state_0/results/20260909T084527Z-64ab39a1/checkpoint_probes/steps_000264407/probe_battery.json,policy,/policy/joint_state_fractions/2,0.11145
explore_cycle_3_factor_1,42,264407,8,intermediate,20000,20000,experiments/strata_two_factor_explore_cycle_3/reward_factor_1_state_0/results/20260909T084527Z-64ab39a1/checkpoint_probes/steps_000264407/probe_battery.json,policy,/policy/joint_state_fractions/3,0.11015
explore_cycle_3_factor_1,42,264407,8,intermediate,20000,20000,experiments/strata_two_factor_explore_cycle_3/reward_factor_1_state_0/results/20260909T084527Z-64ab39a1/checkpoint_probes/steps_000264407/probe_battery.json,policy,/policy/joint_state_fractions/4,0.1098
explore_cycle_3_factor_1,42,264407,8,intermediate,20000,20000,experiments/strata_two_factor_explore_cycle_3/reward_factor_1_state_0/results/20260909T084527Z-64ab39a1/checkpoint_probes/steps_000264407/probe_battery.json,policy,/policy/joint_state_fractions/5,0.11185
explore_cycle_3_factor_1,42,264407,8,intermediate,20000,20000,experiments/strata_two_factor_explore_cycle_3/reward_factor_1_state_0/results/20260909T084527Z-64ab39a1/checkpoint_probes/steps_000264407/probe_battery.json,policy,/policy/joint_state_fractions/6,0.10715
explore_cycle_3_factor_1,42,264407,8,intermediate,20000,20000,experiments/strata_two_factor_explore_cycle_3/reward_factor_1_state_0/results/20260909T084527Z-64ab39a1/checkpoint_probes/steps_000264407/probe_battery.json,policy,/policy/joint_state_fractions/7,0.11415
explore_cycle_3_factor_1,42,264407,8,intermediate,20000,20000,experiments/strata_two_factor_explore_cycle_3/reward_factor_1_state_0/results/20260909T084527Z-64ab39a1/checkpoint_probes/steps_000264407/probe_battery.json,policy,/policy/joint_state_fractions/8,0.1129
explore_cycle_3_factor_1,42,264407,8,intermediate,20000,20000,experiments/strata_two_factor_explore_cycle_3/reward_factor_1_state_0/results/20260909T084527Z-64ab39a1/checkpoint_probes/steps_000264407/probe_battery.json,policy,/policy/mean_reward,0.33415
explore_cycle_3_factor_1,42,264407,8,intermediate,20000,20000,experiments/strata_two_factor_explore_cycle_3/reward_factor_1_state_0/results/20260909T084527Z-64ab39a1/checkpoint_probes/steps_000264407/probe_battery.json,policy,/policy/mode,learned_stochastic
explore_cycle_3_factor_1,42,264407,8,intermediate,20000,20000,experiments/strata_two_factor_explore_cycle_3/reward_factor_1_state_0/results/20260909T084527Z-64ab39a1/checkpoint_probes/steps_000264407/probe_battery.json,policy,/policy/temperature,1.5
explore_cycle_3_factor_1,42,264407,8,intermediate,20000,20000,experiments/strata_two_factor_explore_cycle_3/reward_factor_1_state_0/results/20260909T084527Z-64ab39a1/checkpoint_probes/steps_000264407/probe_battery.json,train_policy,/train_policy/action_fractions/0,0.13185
explore_cycle_3_factor_1,42,264407,8,intermediate,20000,20000,experiments/strata_two_factor_explore_cycle_3/reward_factor_1_state_0/results/20260909T084527Z-64ab39a1/checkpoint_probes/steps_000264407/probe_battery.json,train_policy,/train_policy/action_fractions/1,0.0944
explore_cycle_3_factor_1,42,264407,8,intermediate,20000,20000,experiments/strata_two_factor_explore_cycle_3/reward_factor_1_state_0/results/20260909T084527Z-64ab39a1/checkpoint_probes/steps_000264407/probe_battery.json,train_policy,/train_policy/action_fractions/2,0.08675
explore_cycle_3_factor_1,42,264407,8,intermediate,20000,20000,experiments/strata_two_factor_explore_cycle_3/reward_factor_1_state_0/results/20260909T084527Z-64ab39a1/checkpoint_probes/steps_000264407/probe_battery.json,train_policy,/train_policy/action_fractions/3,0.0566
explore_cycle_3_factor_1,42,264407,8,intermediate,20000,20000,experiments/strata_two_factor_explore_cycle_3/reward_factor_1_state_0/results/20260909T084527Z-64ab39a1/checkpoint_probes/steps_000264407/probe_battery.json,train_policy,/train_policy/action_fractions/4,0.1214
explore_cycle_3_factor_1,42,264407,8,intermediate,20000,20000,experiments/strata_two_factor_explore_cycle_3/reward_factor_1_state_0/results/20260909T084527Z-64ab39a1/checkpoint_probes/steps_000264407/probe_battery.json,train_policy,/train_policy/action_fractions/5,0.1586
explore_cycle_3_factor_1,42,264407,8,intermediate,20000,20000,experiments/strata_two_factor_explore_cycle_3/reward_factor_1_state_0/results/20260909T084527Z-64ab39a1/checkpoint_probes/steps_000264407/probe_battery.json,train_policy,/train_policy/action_fractions/6,0.1926
explore_cycle_3_factor_1,42,264407,8,intermediate,20000,20000,experiments/strata_two_factor_explore_cycle_3/reward_factor_1_state_0/results/20260909T084527Z-64ab39a1/checkpoint_probes/steps_000264407/probe_battery.json,train_policy,/train_policy/action_fractions/7,0.04745
explore_cycle_3_factor_1,42,264407,8,intermediate,20000,20000,experiments/strata_two_factor_explore_cycle_3/reward_factor_1_state_0/results/20260909T084527Z-64ab39a1/checkpoint_probes/steps_000264407/probe_battery.json,train_policy,/train_policy/action_fractions/8,0.11035
explore_cycle_3_factor_1,42,264407,8,intermediate,20000,20000,experiments/strata_two_factor_explore_cycle_3/reward_factor_1_state_0/results/20260909T084527Z-64ab39a1/checkpoint_probes/steps_000264407/probe_battery.json,train_policy,/train_policy/factor_action_fractions/factor_1/0,0.313
explore_cycle_3_factor_1,42,264407,8,intermediate,20000,20000,experiments/strata_two_factor_explore_cycle_3/reward_factor_1_state_0/results/20260909T084527Z-64ab39a1/checkpoint_probes/steps_000264407/probe_battery.json,train_policy,/train_policy/factor_action_fractions/factor_1/1,0.3366
explore_cycle_3_factor_1,42,264407,8,intermediate,20000,20000,experiments/strata_two_factor_explore_cycle_3/reward_factor_1_state_0/results/20260909T084527Z-64ab39a1/checkpoint_probes/steps_000264407/probe_battery.json,train_policy,/train_policy/factor_action_fractions/factor_1/2,0.3504
explore_cycle_3_factor_1,42,264407,8,intermediate,20000,20000,experiments/strata_two_factor_explore_cycle_3/reward_factor_1_state_0/results/20260909T084527Z-64ab39a1/checkpoint_probes/steps_000264407/probe_battery.json,train_policy,/train_policy/factor_action_fractions/factor_2/0,0.38105
explore_cycle_3_factor_1,42,264407,8,intermediate,20000,20000,experiments/strata_two_factor_explore_cycle_3/reward_factor_1_state_0/results/20260909T084527Z-64ab39a1/checkpoint_probes/steps_000264407/probe_battery.json,train_policy,/train_policy/factor_action_fractions/factor_2/1,0.26325
explore_cycle_3_factor_1,42,264407,8,intermediate,20000,20000,experiments/strata_two_factor_explore_cycle_3/reward_factor_1_state_0/results/20260909T084527Z-64ab39a1/checkpoint_probes/steps_000264407/probe_battery.json,train_policy,/train_policy/factor_action_fractions/factor_2/2,0.3557
explore_cycle_3_factor_1,42,264407,8,intermediate,20000,20000,experiments/strata_two_factor_explore_cycle_3/reward_factor_1_state_0/results/20260909T084527Z-64ab39a1/checkpoint_probes/steps_000264407/probe_battery.json,train_policy,/train_policy/factor_state_fractions/factor_1/0,0.33025
explore_cycle_3_factor_1,42,264407,8,intermediate,20000,20000,experiments/strata_two_factor_explore_cycle_3/reward_factor_1_state_0/results/20260909T084527Z-64ab39a1/checkpoint_probes/steps_000264407/probe_battery.json,train_policy,/train_policy/factor_state_fractions/factor_1/1,0.33045
explore_cycle_3_factor_1,42,264407,8,intermediate,20000,20000,experiments/strata_two_factor_explore_cycle_3/reward_factor_1_state_0/results/20260909T084527Z-64ab39a1/checkpoint_probes/steps_000264407/probe_battery.json,train_policy,/train_policy/factor_state_fractions/factor_1/2,0.3393
explore_cycle_3_factor_1,42,264407,8,intermediate,20000,20000,experiments/strata_two_factor_explore_cycle_3/reward_factor_1_state_0/results/20260909T084527Z-64ab39a1/checkpoint_probes/steps_000264407/probe_battery.json,train_policy,/train_policy/factor_state_fractions/factor_2/0,0.32855
explore_cycle_3_factor_1,42,264407,8,intermediate,20000,20000,experiments/strata_two_factor_explore_cycle_3/reward_factor_1_state_0/results/20260909T084527Z-64ab39a1/checkpoint_probes/steps_000264407/probe_battery.json,train_policy,/train_policy/factor_state_fractions/factor_2/1,0.3375
explore_cycle_3_factor_1,42,264407,8,intermediate,20000,20000,experiments/strata_two_factor_explore_cycle_3/reward_factor_1_state_0/results/20260909T084527Z-64ab39a1/checkpoint_probes/steps_000264407/probe_battery.json,train_policy,/train_policy/factor_state_fractions/factor_2/2,0.33395
explore_cycle_3_factor_1,42,264407,8,intermediate,20000,20000,experiments/strata_two_factor_explore_cycle_3/reward_factor_1_state_0/results/20260909T084527Z-64ab39a1/checkpoint_probes/steps_000264407/probe_battery.json,train_policy,/train_policy/joint_state_fractions/0,0.1096
explore_cycle_3_factor_1,42,264407,8,intermediate,20000,20000,experiments/strata_two_factor_explore_cycle_3/reward_factor_1_state_0/results/20260909T084527Z-64ab39a1/checkpoint_probes/steps_000264407/probe_battery.json,train_policy,/train_policy/joint_state_fractions/1,0.1108
explore_cycle_3_factor_1,42,264407,8,intermediate,20000,20000,experiments/strata_two_factor_explore_cycle_3/reward_factor_1_state_0/results/20260909T084527Z-64ab39a1/checkpoint_probes/steps_000264407/probe_battery.json,train_policy,/train_policy/joint_state_fractions/2,0.10985
explore_cycle_3_factor_1,42,264407,8,intermediate,20000,20000,experiments/strata_two_factor_explore_cycle_3/reward_factor_1_state_0/results/20260909T084527Z-64ab39a1/checkpoint_probes/steps_000264407/probe_battery.json,train_policy,/train_policy/joint_state_fractions/3,0.10835
explore_cycle_3_factor_1,42,264407,8,intermediate,20000,20000,experiments/strata_two_factor_explore_cycle_3/reward_factor_1_state_0/results/20260909T084527Z-64ab39a1/checkpoint_probes/steps_000264407/probe_battery.json,train_policy,/train_policy/joint_state_fractions/4,0.11345
explore_cycle_3_factor_1,42,264407,8,intermediate,20000,20000,experiments/strata_two_factor_explore_cycle_3/reward_factor_1_state_0/results/20260909T084527Z-64ab39a1/checkpoint_probes/steps_000264407/probe_battery.json,train_policy,/train_policy/joint_state_fractions/5,0.10865
explore_cycle_3_factor_1,42,264407,8,intermediate,20000,20000,experiments/strata_two_factor_explore_cycle_3/reward_factor_1_state_0/results/20260909T084527Z-64ab39a1/checkpoint_probes/steps_000264407/probe_battery.json,train_policy,/train_policy/joint_state_fractions/6,0.1106
explore_cycle_3_factor_1,42,264407,8,intermediate,20000,20000,experiments/strata_two_factor_explore_cycle_3/reward_factor_1_state_0/results/20260909T084527Z-64ab39a1/checkpoint_probes/steps_000264407/probe_battery.json,train_policy,/train_policy/joint_state_fractions/7,0.11325
explore_cycle_3_factor_1,42,264407,8,intermediate,20000,20000,experiments/strata_two_factor_explore_cycle_3/reward_factor_1_state_0/results/20260909T084527Z-64ab39a1/checkpoint_probes/steps_000264407/probe_battery.json,train_policy,/train_policy/joint_state_fractions/8,0.11545
explore_cycle_3_factor_1,42,264407,8,intermediate,20000,20000,experiments/strata_two_factor_explore_cycle_3/reward_factor_1_state_0/results/20260909T084527Z-64ab39a1/checkpoint_probes/steps_000264407/probe_battery.json,train_policy,/train_policy/mean_reward,0.33
explore_cycle_3_factor_1,42,264407,8,intermediate,20000,20000,experiments/strata_two_factor_explore_cycle_3/reward_factor_1_state_0/results/20260909T084527Z-64ab39a1/checkpoint_probes/steps_000264407/probe_battery.json,train_policy,/train_policy/mode,learned_stochastic
explore_cycle_3_factor_1,42,264407,8,intermediate,20000,20000,experiments/strata_two_factor_explore_cycle_3/reward_factor_1_state_0/results/20260909T084527Z-64ab39a1/checkpoint_probes/steps_000264407/probe_battery.json,train_policy,/train_policy/temperature,1.5
explore_cycle_3_factor_1,42,529112,16,intermediate,20000,20000,experiments/strata_two_factor_explore_cycle_3/reward_factor_1_state_0/results/20260909T084527Z-64ab39a1/checkpoint_probes/steps_000529112/probe_battery.json,policy,/policy/action_fractions/0,0.1537
explore_cycle_3_factor_1,42,529112,16,intermediate,20000,20000,experiments/strata_two_factor_explore_cycle_3/reward_factor_1_state_0/results/20260909T084527Z-64ab39a1/checkpoint_probes/steps_000529112/probe_battery.json,policy,/policy/action_fractions/1,0.1283
explore_cycle_3_factor_1,42,529112,16,intermediate,20000,20000,experiments/strata_two_factor_explore_cycle_3/reward_factor_1_state_0/results/20260909T084527Z-64ab39a1/checkpoint_probes/steps_000529112/probe_battery.json,policy,/policy/action_fractions/2,0.08015
explore_cycle_3_factor_1,42,529112,16,intermediate,20000,20000,experiments/strata_two_factor_explore_cycle_3/reward_factor_1_state_0/results/20260909T084527Z-64ab39a1/checkpoint_probes/steps_000529112/probe_battery.json,policy,/policy/action_fractions/3,0.08665
explore_cycle_3_factor_1,42,529112,16,intermediate,20000,20000,experiments/strata_two_factor_explore_cycle_3/reward_factor_1_state_0/results/20260909T084527Z-64ab39a1/checkpoint_probes/steps_000529112/probe_battery.json,policy,/policy/action_fractions/4,0.14035
explore_cycle_3_factor_1,42,529112,16,intermediate,20000,20000,experiments/strata_two_factor_explore_cycle_3/reward_factor_1_state_0/results/20260909T084527Z-64ab39a1/checkpoint_probes/steps_000529112/probe_battery.json,policy,/policy/action_fractions/5,0.09345
explore_cycle_3_factor_1,42,529112,16,intermediate,20000,20000,experiments/strata_two_factor_explore_cycle_3/reward_factor_1_state_0/results/20260909T084527Z-64ab39a1/checkpoint_probes/steps_000529112/probe_battery.json,policy,/policy/action_fractions/6,0.18045
explore_cycle_3_factor_1,42,529112,16,intermediate,20000,20000,experiments/strata_two_factor_explore_cycle_3/reward_factor_1_state_0/results/20260909T084527Z-64ab39a1/checkpoint_probes/steps_000529112/probe_battery.json,policy,/policy/action_fractions/7,0.0409
explore_cycle_3_factor_1,42,529112,16,intermediate,20000,20000,experiments/strata_two_factor_explore_cycle_3/reward_factor_1_state_0/results/20260909T084527Z-64ab39a1/checkpoint_probes/steps_000529112/probe_battery.json,policy,/policy/action_fractions/8,0.09605
explore_cycle_3_factor_1,42,529112,16,intermediate,20000,20000,experiments/strata_two_factor_explore_cycle_3/reward_factor_1_state_0/results/20260909T084527Z-64ab39a1/checkpoint_probes/steps_000529112/probe_battery.json,policy,/policy/factor_action_fractions/factor_1/0,0.36215
explore_cycle_3_factor_1,42,529112,16,intermediate,20000,20000,experiments/strata_two_factor_explore_cycle_3/reward_factor_1_state_0/results/20260909T084527Z-64ab39a1/checkpoint_probes/steps_000529112/probe_battery.json,policy,/policy/factor_action_fractions/factor_1/1,0.32045
explore_cycle_3_factor_1,42,529112,16,intermediate,20000,20000,experiments/strata_two_factor_explore_cycle_3/reward_factor_1_state_0/results/20260909T084527Z-64ab39a1/checkpoint_probes/steps_000529112/probe_battery.json,policy,/policy/factor_action_fractions/factor_1/2,0.3174
explore_cycle_3_factor_1,42,529112,16,intermediate,20000,20000,experiments/strata_two_factor_explore_cycle_3/reward_factor_1_state_0/results/20260909T084527Z-64ab39a1/checkpoint_probes/steps_000529112/probe_battery.json,policy,/policy/factor_action_fractions/factor_2/0,0.4208
explore_cycle_3_factor_1,42,529112,16,intermediate,20000,20000,experiments/strata_two_factor_explore_cycle_3/reward_factor_1_state_0/results/20260909T084527Z-64ab39a1/checkpoint_probes/steps_000529112/probe_battery.json,policy,/policy/factor_action_fractions/factor_2/1,0.30955
explore_cycle_3_factor_1,42,529112,16,intermediate,20000,20000,experiments/strata_two_factor_explore_cycle_3/reward_factor_1_state_0/results/20260909T084527Z-64ab39a1/checkpoint_probes/steps_000529112/probe_battery.json,policy,/policy/factor_action_fractions/factor_2/2,0.26965
explore_cycle_3_factor_1,42,529112,16,intermediate,20000,20000,experiments/strata_two_factor_explore_cycle_3/reward_factor_1_state_0/results/20260909T084527Z-64ab39a1/checkpoint_probes/steps_000529112/probe_battery.json,policy,/policy/factor_state_fractions/factor_1/0,0.37775
explore_cycle_3_factor_1,42,529112,16,intermediate,20000,20000,experiments/strata_two_factor_explore_cycle_3/reward_factor_1_state_0/results/20260909T084527Z-64ab39a1/checkpoint_probes/steps_000529112/probe_battery.json,policy,/policy/factor_state_fractions/factor_1/1,0.31065
explore_cycle_3_factor_1,42,529112,16,intermediate,20000,20000,experiments/strata_two_factor_explore_cycle_3/reward_factor_1_state_0/results/20260909T084527Z-64ab39a1/checkpoint_probes/steps_000529112/probe_battery.json,policy,/policy/factor_state_fractions/factor_1/2,0.3116
explore_cycle_3_factor_1,42,529112,16,intermediate,20000,20000,experiments/strata_two_factor_explore_cycle_3/reward_factor_1_state_0/results/20260909T084527Z-64ab39a1/checkpoint_probes/steps_000529112/probe_battery.json,policy,/policy/factor_state_fractions/factor_2/0,0.3305
explore_cycle_3_factor_1,42,529112,16,intermediate,20000,20000,experiments/strata_two_factor_explore_cycle_3/reward_factor_1_state_0/results/20260909T084527Z-64ab39a1/checkpoint_probes/steps_000529112/probe_battery.json,policy,/policy/factor_state_fractions/factor_2/1,0.33625
explore_cycle_3_factor_1,42,529112,16,intermediate,20000,20000,experiments/strata_two_factor_explore_cycle_3/reward_factor_1_state_0/results/20260909T084527Z-64ab39a1/checkpoint_probes/steps_000529112/probe_battery.json,policy,/policy/factor_state_fractions/factor_2/2,0.33325
explore_cycle_3_factor_1,42,529112,16,intermediate,20000,20000,experiments/strata_two_factor_explore_cycle_3/reward_factor_1_state_0/results/20260909T084527Z-64ab39a1/checkpoint_probes/steps_000529112/probe_battery.json,policy,/policy/joint_state_fractions/0,0.1253
explore_cycle_3_factor_1,42,529112,16,intermediate,20000,20000,experiments/strata_two_factor_explore_cycle_3/reward_factor_1_state_0/results/20260909T084527Z-64ab39a1/checkpoint_probes/steps_000529112/probe_battery.json,policy,/policy/joint_state_fractions/1,0.1288
explore_cycle_3_factor_1,42,529112,16,intermediate,20000,20000,experiments/strata_two_factor_explore_cycle_3/reward_factor_1_state_0/results/20260909T084527Z-64ab39a1/checkpoint_probes/steps_000529112/probe_battery.json,policy,/policy/joint_state_fractions/2,0.12365
explore_cycle_3_factor_1,42,529112,16,intermediate,20000,20000,experiments/strata_two_factor_explore_cycle_3/reward_factor_1_state_0/results/20260909T084527Z-64ab39a1/checkpoint_probes/steps_000529112/probe_battery.json,policy,/policy/joint_state_fractions/3,0.10185
explore_cycle_3_factor_1,42,529112,16,intermediate,20000,20000,experiments/strata_two_factor_explore_cycle_3/reward_factor_1_state_0/results/20260909T084527Z-64ab39a1/checkpoint_probes/steps_000529112/probe_battery.json,policy,/policy/joint_state_fractions/4,0.1061
explore_cycle_3_factor_1,42,529112,16,intermediate,20000,20000,experiments/strata_two_factor_explore_cycle_3/reward_factor_1_state_0/results/20260909T084527Z-64ab39a1/checkpoint_probes/steps_000529112/probe_battery.json,policy,/policy/joint_state_fractions/5,0.1027
explore_cycle_3_factor_1,42,529112,16,intermediate,20000,20000,experiments/strata_two_factor_explore_cycle_3/reward_factor_1_state_0/results/20260909T084527Z-64ab39a1/checkpoint_probes/steps_000529112/probe_battery.json,policy,/policy/joint_state_fractions/6,0.10335
explore_cycle_3_factor_1,42,529112,16,intermediate,20000,20000,experiments/strata_two_factor_explore_cycle_3/reward_factor_1_state_0/results/20260909T084527Z-64ab39a1/checkpoint_probes/steps_000529112/probe_battery.json,policy,/policy/joint_state_fractions/7,0.10135
explore_cycle_3_factor_1,42,529112,16,intermediate,20000,20000,experiments/strata_two_factor_explore_cycle_3/reward_factor_1_state_0/results/20260909T084527Z-64ab39a1/checkpoint_probes/steps_000529112/probe_battery.json,policy,/policy/joint_state_fractions/8,0.1069
explore_cycle_3_factor_1,42,529112,16,intermediate,20000,20000,experiments/strata_two_factor_explore_cycle_3/reward_factor_1_state_0/results/20260909T084527Z-64ab39a1/checkpoint_probes/steps_000529112/probe_battery.json,policy,/policy/mean_reward,0.3777
explore_cycle_3_factor_1,42,529112,16,intermediate,20000,20000,experiments/strata_two_factor_explore_cycle_3/reward_factor_1_state_0/results/20260909T084527Z-64ab39a1/checkpoint_probes/steps_000529112/probe_battery.json,policy,/policy/mode,learned_stochastic
explore_cycle_3_factor_1,42,529112,16,intermediate,20000,20000,experiments/strata_two_factor_explore_cycle_3/reward_factor_1_state_0/results/20260909T084527Z-64ab39a1/checkpoint_probes/steps_000529112/probe_battery.json,policy,/policy/temperature,1.5
explore_cycle_3_factor_1,42,529112,16,intermediate,20000,20000,experiments/strata_two_factor_explore_cycle_3/reward_factor_1_state_0/results/20260909T084527Z-64ab39a1/checkpoint_probes/steps_000529112/probe_battery.json,train_policy,/train_policy/action_fractions/0,0.1572
explore_cycle_3_factor_1,42,529112,16,intermediate,20000,20000,experiments/strata_two_factor_explore_cycle_3/reward_factor_1_state_0/results/20260909T084527Z-64ab39a1/checkpoint_probes/steps_000529112/probe_battery.json,train_policy,/train_policy/action_fractions/1,0.1217
explore_cycle_3_factor_1,42,529112,16,intermediate,20000,20000,experiments/strata_two_factor_explore_cycle_3/reward_factor_1_state_0/results/20260909T084527Z-64ab39a1/checkpoint_probes/steps_000529112/probe_battery.json,train_policy,/train_policy/action_fractions/2,0.08125
explore_cycle_3_factor_1,42,529112,16,intermediate,20000,20000,experiments/strata_two_factor_explore_cycle_3/reward_factor_1_state_0/results/20260909T084527Z-64ab39a1/checkpoint_probes/steps_000529112/probe_battery.json,train_policy,/train_policy/action_fractions/3,0.0852
explore_cycle_3_factor_1,42,529112,16,intermediate,20000,20000,experiments/strata_two_factor_explore_cycle_3/reward_factor_1_state_0/results/20260909T084527Z-64ab39a1/checkpoint_probes/steps_000529112/probe_battery.json,train_policy,/train_policy/action_fractions/4,0.1403
explore_cycle_3_factor_1,42,529112,16,intermediate,20000,20000,experiments/strata_two_factor_explore_cycle_3/reward_factor_1_state_0/results/20260909T084527Z-64ab39a1/checkpoint_probes/steps_000529112/probe_battery.json,train_policy,/train_policy/action_fractions/5,0.09285
explore_cycle_3_factor_1,42,529112,16,intermediate,20000,20000,experiments/strata_two_factor_explore_cycle_3/reward_factor_1_state_0/results/20260909T084527Z-64ab39a1/checkpoint_probes/steps_000529112/probe_battery.json,train_policy,/train_policy/action_fractions/6,0.18625
explore_cycle_3_factor_1,42,529112,16,intermediate,20000,20000,experiments/strata_two_factor_explore_cycle_3/reward_factor_1_state_0/results/20260909T084527Z-64ab39a1/checkpoint_probes/steps_000529112/probe_battery.json,train_policy,/train_policy/action_fractions/7,0.04005
explore_cycle_3_factor_1,42,529112,16,intermediate,20000,20000,experiments/strata_two_factor_explore_cycle_3/reward_factor_1_state_0/results/20260909T084527Z-64ab39a1/checkpoint_probes/steps_000529112/probe_battery.json,train_policy,/train_policy/action_fractions/8,0.0952
explore_cycle_3_factor_1,42,529112,16,intermediate,20000,20000,experiments/strata_two_factor_explore_cycle_3/reward_factor_1_state_0/results/20260909T084527Z-64ab39a1/checkpoint_probes/steps_000529112/probe_battery.json,train_policy,/train_policy/factor_action_fractions/factor_1/0,0.36015
explore_cycle_3_factor_1,42,529112,16,intermediate,20000,20000,experiments/strata_two_factor_explore_cycle_3/reward_factor_1_state_0/results/20260909T084527Z-64ab39a1/checkpoint_probes/steps_000529112/probe_battery.json,train_policy,/train_policy/factor_action_fractions/factor_1/1,0.31835
explore_cycle_3_factor_1,42,529112,16,intermediate,20000,20000,experiments/strata_two_factor_explore_cycle_3/reward_factor_1_state_0/results/20260909T084527Z-64ab39a1/checkpoint_probes/steps_000529112/probe_battery.json,train_policy,/train_policy/factor_action_fractions/factor_1/2,0.3215
explore_cycle_3_factor_1,42,529112,16,intermediate,20000,20000,experiments/strata_two_factor_explore_cycle_3/reward_factor_1_state_0/results/20260909T084527Z-64ab39a1/checkpoint_probes/steps_000529112/probe_battery.json,train_policy,/train_policy/factor_action_fractions/factor_2/0,0.42865
explore_cycle_3_factor_1,42,529112,16,intermediate,20000,20000,experiments/strata_two_factor_explore_cycle_3/reward_factor_1_state_0/results/20260909T084527Z-64ab39a1/checkpoint_probes/steps_000529112/probe_battery.json,train_policy,/train_policy/factor_action_fractions/factor_2/1,0.30205
explore_cycle_3_factor_1,42,529112,16,intermediate,20000,20000,experiments/strata_two_factor_explore_cycle_3/reward_factor_1_state_0/results/20260909T084527Z-64ab39a1/checkpoint_probes/steps_000529112/probe_battery.json,train_policy,/train_policy/factor_action_fractions/factor_2/2,0.2693
explore_cycle_3_factor_1,42,529112,16,intermediate,20000,20000,experiments/strata_two_factor_explore_cycle_3/reward_factor_1_state_0/results/20260909T084527Z-64ab39a1/checkpoint_probes/steps_000529112/probe_battery.json,train_policy,/train_policy/factor_state_fractions/factor_1/0,0.37475
explore_cycle_3_factor_1,42,529112,16,intermediate,20000,20000,experiments/strata_two_factor_explore_cycle_3/reward_factor_1_state_0/results/20260909T084527Z-64ab39a1/checkpoint_probes/steps_000529112/probe_battery.json,train_policy,/train_policy/factor_state_fractions/factor_1/1,0.31
explore_cycle_3_factor_1,42,529112,16,intermediate,20000,20000,experiments/strata_two_factor_explore_cycle_3/reward_factor_1_state_0/results/20260909T084527Z-64ab39a1/checkpoint_probes/steps_000529112/probe_battery.json,train_policy,/train_policy/factor_state_fractions/factor_1/2,0.31525
explore_cycle_3_factor_1,42,529112,16,intermediate,20000,20000,experiments/strata_two_factor_explore_cycle_3/reward_factor_1_state_0/results/20260909T084527Z-64ab39a1/checkpoint_probes/steps_000529112/probe_battery.json,train_policy,/train_policy/factor_state_fractions/factor_2/0,0.3288
explore_cycle_3_factor_1,42,529112,16,intermediate,20000,20000,experiments/strata_two_factor_explore_cycle_3/reward_factor_1_state_0/results/20260909T084527Z-64ab39a1/checkpoint_probes/steps_000529112/probe_battery.json,train_policy,/train_policy/factor_state_fractions/factor_2/1,0.3302
explore_cycle_3_factor_1,42,529112,16,intermediate,20000,20000,experiments/strata_two_factor_explore_cycle_3/reward_factor_1_state_0/results/20260909T084527Z-64ab39a1/checkpoint_probes/steps_000529112/probe_battery.json,train_policy,/train_policy/factor_state_fractions/factor_2/2,0.341
explore_cycle_3_factor_1,42,529112,16,intermediate,20000,20000,experiments/strata_two_factor_explore_cycle_3/reward_factor_1_state_0/results/20260909T084527Z-64ab39a1/checkpoint_probes/steps_000529112/probe_battery.json,train_policy,/train_policy/joint_state_fractions/0,0.12275
explore_cycle_3_factor_1,42,529112,16,intermediate,20000,20000,experiments/strata_two_factor_explore_cycle_3/reward_factor_1_state_0/results/20260909T084527Z-64ab39a1/checkpoint_probes/steps_000529112/probe_battery.json,train_policy,/train_policy/joint_state_fractions/1,0.1249
explore_cycle_3_factor_1,42,529112,16,intermediate,20000,20000,experiments/strata_two_factor_explore_cycle_3/reward_factor_1_state_0/results/20260909T084527Z-64ab39a1/checkpoint_probes/steps_000529112/probe_battery.json,train_policy,/train_policy/joint_state_fractions/2,0.1271
explore_cycle_3_factor_1,42,529112,16,intermediate,20000,20000,experiments/strata_two_factor_explore_cycle_3/reward_factor_1_state_0/results/20260909T084527Z-64ab39a1/checkpoint_probes/steps_000529112/probe_battery.json,train_policy,/train_policy/joint_state_fractions/3,0.10205
explore_cycle_3_factor_1,42,529112,16,intermediate,20000,20000,experiments/strata_two_factor_explore_cycle_3/reward_factor_1_state_0/results/20260909T084527Z-64ab39a1/checkpoint_probes/steps_000529112/probe_battery.json,train_policy,/train_policy/joint_state_fractions/4,0.1033
explore_cycle_3_factor_1,42,529112,16,intermediate,20000,20000,experiments/strata_two_factor_explore_cycle_3/reward_factor_1_state_0/results/20260909T084527Z-64ab39a1/checkpoint_probes/steps_000529112/probe_battery.json,train_policy,/train_policy/joint_state_fractions/5,0.10465
explore_cycle_3_factor_1,42,529112,16,intermediate,20000,20000,experiments/strata_two_factor_explore_cycle_3/reward_factor_1_state_0/results/20260909T084527Z-64ab39a1/checkpoint_probes/steps_000529112/probe_battery.json,train_policy,/train_policy/joint_state_fractions/6,0.104
explore_cycle_3_factor_1,42,529112,16,intermediate,20000,20000,experiments/strata_two_factor_explore_cycle_3/reward_factor_1_state_0/results/20260909T084527Z-64ab39a1/checkpoint_probes/steps_000529112/probe_battery.json,train_policy,/train_policy/joint_state_fractions/7,0.102
explore_cycle_3_factor_1,42,529112,16,intermediate,20000,20000,experiments/strata_two_factor_explore_cycle_3/reward_factor_1_state_0/results/20260909T084527Z-64ab39a1/checkpoint_probes/steps_000529112/probe_battery.json,train_policy,/train_policy/joint_state_fractions/8,0.10925
explore_cycle_3_factor_1,42,529112,16,intermediate,20000,20000,experiments/strata_two_factor_explore_cycle_3/reward_factor_1_state_0/results/20260909T084527Z-64ab39a1/checkpoint_probes/steps_000529112/probe_battery.json,train_policy,/train_policy/mean_reward,0.37475
explore_cycle_3_factor_1,42,529112,16,intermediate,20000,20000,experiments/strata_two_factor_explore_cycle_3/reward_factor_1_state_0/results/20260909T084527Z-64ab39a1/checkpoint_probes/steps_000529112/probe_battery.json,train_policy,/train_policy/mode,learned_stochastic
explore_cycle_3_factor_1,42,529112,16,intermediate,20000,20000,experiments/strata_two_factor_explore_cycle_3/reward_factor_1_state_0/results/20260909T084527Z-64ab39a1/checkpoint_probes/steps_000529112/probe_battery.json,train_policy,/train_policy/temperature,1.5
explore_cycle_3_factor_1,42,1058450,32,intermediate,20000,20000,experiments/strata_two_factor_explore_cycle_3/reward_factor_1_state_0/results/20260909T084527Z-64ab39a1/checkpoint_probes/steps_001058450/probe_battery.json,policy,/policy/action_fractions/0,0.3239
explore_cycle_3_factor_1,42,1058450,32,intermediate,20000,20000,experiments/strata_two_factor_explore_cycle_3/reward_factor_1_state_0/results/20260909T084527Z-64ab39a1/checkpoint_probes/steps_001058450/probe_battery.json,policy,/policy/action_fractions/1,0.2626
explore_cycle_3_factor_1,42,1058450,32,intermediate,20000,20000,experiments/strata_two_factor_explore_cycle_3/reward_factor_1_state_0/results/20260909T084527Z-64ab39a1/checkpoint_probes/steps_001058450/probe_battery.json,policy,/policy/action_fractions/2,0.11545
explore_cycle_3_factor_1,42,1058450,32,intermediate,20000,20000,experiments/strata_two_factor_explore_cycle_3/reward_factor_1_state_0/results/20260909T084527Z-64ab39a1/checkpoint_probes/steps_001058450/probe_battery.json,policy,/policy/action_fractions/3,0.01525
explore_cycle_3_factor_1,42,1058450,32,intermediate,20000,20000,experiments/strata_two_factor_explore_cycle_3/reward_factor_1_state_0/results/20260909T084527Z-64ab39a1/checkpoint_probes/steps_001058450/probe_battery.json,policy,/policy/action_fractions/4,0.06305
explore_cycle_3_factor_1,42,1058450,32,intermediate,20000,20000,experiments/strata_two_factor_explore_cycle_3/reward_factor_1_state_0/results/20260909T084527Z-64ab39a1/checkpoint_probes/steps_001058450/probe_battery.json,policy,/policy/action_fractions/5,0.0247
explore_cycle_3_factor_1,42,1058450,32,intermediate,20000,20000,experiments/strata_two_factor_explore_cycle_3/reward_factor_1_state_0/results/20260909T084527Z-64ab39a1/checkpoint_probes/steps_001058450/probe_battery.json,policy,/policy/action_fractions/6,0.16885
explore_cycle_3_factor_1,42,1058450,32,intermediate,20000,20000,experiments/strata_two_factor_explore_cycle_3/reward_factor_1_state_0/results/20260909T084527Z-64ab39a1/checkpoint_probes/steps_001058450/probe_battery.json,policy,/policy/action_fractions/7,0.00455
explore_cycle_3_factor_1,42,1058450,32,intermediate,20000,20000,experiments/strata_two_factor_explore_cycle_3/reward_factor_1_state_0/results/20260909T084527Z-64ab39a1/checkpoint_probes/steps_001058450/probe_battery.json,policy,/policy/action_fractions/8,0.02165
explore_cycle_3_factor_1,42,1058450,32,intermediate,20000,20000,experiments/strata_two_factor_explore_cycle_3/reward_factor_1_state_0/results/20260909T084527Z-64ab39a1/checkpoint_probes/steps_001058450/probe_battery.json,policy,/policy/factor_action_fractions/factor_1/0,0.70195
explore_cycle_3_factor_1,42,1058450,32,intermediate,20000,20000,experiments/strata_two_factor_explore_cycle_3/reward_factor_1_state_0/results/20260909T084527Z-64ab39a1/checkpoint_probes/steps_001058450/probe_battery.json,policy,/policy/factor_action_fractions/factor_1/1,0.103
explore_cycle_3_factor_1,42,1058450,32,intermediate,20000,20000,experiments/strata_two_factor_explore_cycle_3/reward_factor_1_state_0/results/20260909T084527Z-64ab39a1/checkpoint_probes/steps_001058450/probe_battery.json,policy,/policy/factor_action_fractions/factor_1/2,0.19505
explore_cycle_3_factor_1,42,1058450,32,intermediate,20000,20000,experiments/strata_two_factor_explore_cycle_3/reward_factor_1_state_0/results/20260909T084527Z-64ab39a1/checkpoint_probes/steps_001058450/probe_battery.json,policy,/policy/factor_action_fractions/factor_2/0,0.508
explore_cycle_3_factor_1,42,1058450,32,intermediate,20000,20000,experiments/strata_two_factor_explore_cycle_3/reward_factor_1_state_0/results/20260909T084527Z-64ab39a1/checkpoint_probes/steps_001058450/probe_battery.json,policy,/policy/factor_action_fractions/factor_2/1,0.3302
explore_cycle_3_factor_1,42,1058450,32,intermediate,20000,20000,experiments/strata_two_factor_explore_cycle_3/reward_factor_1_state_0/results/20260909T084527Z-64ab39a1/checkpoint_probes/steps_001058450/probe_battery.json,policy,/policy/factor_action_fractions/factor_2/2,0.1618
explore_cycle_3_factor_1,42,1058450,32,intermediate,20000,20000,experiments/strata_two_factor_explore_cycle_3/reward_factor_1_state_0/results/20260909T084527Z-64ab39a1/checkpoint_probes/steps_001058450/probe_battery.json,policy,/policy/factor_state_fractions/factor_1/0,0.52625
explore_cycle_3_factor_1,42,1058450,32,intermediate,20000,20000,experiments/strata_two_factor_explore_cycle_3/reward_factor_1_state_0/results/20260909T084527Z-64ab39a1/checkpoint_probes/steps_001058450/probe_battery.json,policy,/policy/factor_state_fractions/factor_1/1,0.23425
explore_cycle_3_factor_1,42,1058450,32,intermediate,20000,20000,experiments/strata_two_factor_explore_cycle_3/reward_factor_1_state_0/results/20260909T084527Z-64ab39a1/checkpoint_probes/steps_001058450/probe_battery.json,policy,/policy/factor_state_fractions/factor_1/2,0.2395
explore_cycle_3_factor_1,42,1058450,32,intermediate,20000,20000,experiments/strata_two_factor_explore_cycle_3/reward_factor_1_state_0/results/20260909T084527Z-64ab39a1/checkpoint_probes/steps_001058450/probe_battery.json,policy,/policy/factor_state_fractions/factor_2/0,0.3296
explore_cycle_3_factor_1,42,1058450,32,intermediate,20000,20000,experiments/strata_two_factor_explore_cycle_3/reward_factor_1_state_0/results/20260909T084527Z-64ab39a1/checkpoint_probes/steps_001058450/probe_battery.json,policy,/policy/factor_state_fractions/factor_2/1,0.33465
explore_cycle_3_factor_1,42,1058450,32,intermediate,20000,20000,experiments/strata_two_factor_explore_cycle_3/reward_factor_1_state_0/results/20260909T084527Z-64ab39a1/checkpoint_probes/steps_001058450/probe_battery.json,policy,/policy/factor_state_fractions/factor_2/2,0.33575
explore_cycle_3_factor_1,42,1058450,32,intermediate,20000,20000,experiments/strata_two_factor_explore_cycle_3/reward_factor_1_state_0/results/20260909T084527Z-64ab39a1/checkpoint_probes/steps_001058450/probe_battery.json,policy,/policy/joint_state_fractions/0,0.17245
explore_cycle_3_factor_1,42,1058450,32,intermediate,20000,20000,experiments/strata_two_factor_explore_cycle_3/reward_factor_1_state_0/results/20260909T084527Z-64ab39a1/checkpoint_probes/steps_001058450/probe_battery.json,policy,/policy/joint_state_fractions/1,0.17625
explore_cycle_3_factor_1,42,1058450,32,intermediate,20000,20000,experiments/strata_two_factor_explore_cycle_3/reward_factor_1_state_0/results/20260909T084527Z-64ab39a1/checkpoint_probes/steps_001058450/probe_battery.json,policy,/policy/joint_state_fractions/2,0.17755
explore_cycle_3_factor_1,42,1058450,32,intermediate,20000,20000,experiments/strata_two_factor_explore_cycle_3/reward_factor_1_state_0/results/20260909T084527Z-64ab39a1/checkpoint_probes/steps_001058450/probe_battery.json,policy,/policy/joint_state_fractions/3,0.0781
explore_cycle_3_factor_1,42,1058450,32,intermediate,20000,20000,experiments/strata_two_factor_explore_cycle_3/reward_factor_1_state_0/results/20260909T084527Z-64ab39a1/checkpoint_probes/steps_001058450/probe_battery.json,policy,/policy/joint_state_fractions/4,0.0787
explore_cycle_3_factor_1,42,1058450,32,intermediate,20000,20000,experiments/strata_two_factor_explore_cycle_3/reward_factor_1_state_0/results/20260909T084527Z-64ab39a1/checkpoint_probes/steps_001058450/probe_battery.json,policy,/policy/joint_state_fractions/5,0.07745
explore_cycle_3_factor_1,42,1058450,32,intermediate,20000,20000,experiments/strata_two_factor_explore_cycle_3/reward_factor_1_state_0/results/20260909T084527Z-64ab39a1/checkpoint_probes/steps_001058450/probe_battery.json,policy,/policy/joint_state_fractions/6,0.07905
explore_cycle_3_factor_1,42,1058450,32,intermediate,20000,20000,experiments/strata_two_factor_explore_cycle_3/reward_factor_1_state_0/results/20260909T084527Z-64ab39a1/checkpoint_probes/steps_001058450/probe_battery.json,policy,/policy/joint_state_fractions/7,0.0797
explore_cycle_3_factor_1,42,1058450,32,intermediate,20000,20000,experiments/strata_two_factor_explore_cycle_3/reward_factor_1_state_0/results/20260909T084527Z-64ab39a1/checkpoint_probes/steps_001058450/probe_battery.json,policy,/policy/joint_state_fractions/8,0.08075
explore_cycle_3_factor_1,42,1058450,32,intermediate,20000,20000,experiments/strata_two_factor_explore_cycle_3/reward_factor_1_state_0/results/20260909T084527Z-64ab39a1/checkpoint_probes/steps_001058450/probe_battery.json,policy,/policy/mean_reward,0.5262
explore_cycle_3_factor_1,42,1058450,32,intermediate,20000,20000,experiments/strata_two_factor_explore_cycle_3/reward_factor_1_state_0/results/20260909T084527Z-64ab39a1/checkpoint_probes/steps_001058450/probe_battery.json,policy,/policy/mode,learned_stochastic
explore_cycle_3_factor_1,42,1058450,32,intermediate,20000,20000,experiments/strata_two_factor_explore_cycle_3/reward_factor_1_state_0/results/20260909T084527Z-64ab39a1/checkpoint_probes/steps_001058450/probe_battery.json,policy,/policy/temperature,1.5
explore_cycle_3_factor_1,42,1058450,32,intermediate,20000,20000,experiments/strata_two_factor_explore_cycle_3/reward_factor_1_state_0/results/20260909T084527Z-64ab39a1/checkpoint_probes/steps_001058450/probe_battery.json,train_policy,/train_policy/action_fractions/0,0.31775
explore_cycle_3_factor_1,42,1058450,32,intermediate,20000,20000,experiments/strata_two_factor_explore_cycle_3/reward_factor_1_state_0/results/20260909T084527Z-64ab39a1/checkpoint_probes/steps_001058450/probe_battery.json,train_policy,/train_policy/action_fractions/1,0.2653
explore_cycle_3_factor_1,42,1058450,32,intermediate,20000,20000,experiments/strata_two_factor_explore_cycle_3/reward_factor_1_state_0/results/20260909T084527Z-64ab39a1/checkpoint_probes/steps_001058450/probe_battery.json,train_policy,/train_policy/action_fractions/2,0.11495
explore_cycle_3_factor_1,42,1058450,32,intermediate,20000,20000,experiments/strata_two_factor_explore_cycle_3/reward_factor_1_state_0/results/20260909T084527Z-64ab39a1/checkpoint_probes/steps_001058450/probe_battery.json,train_policy,/train_policy/action_fractions/3,0.01575
explore_cycle_3_factor_1,42,1058450,32,intermediate,20000,20000,experiments/strata_two_factor_explore_cycle_3/reward_factor_1_state_0/results/20260909T084527Z-64ab39a1/checkpoint_probes/steps_001058450/probe_battery.json,train_policy,/train_policy/action_fractions/4,0.06545
explore_cycle_3_factor_1,42,1058450,32,intermediate,20000,20000,experiments/strata_two_factor_explore_cycle_3/reward_factor_1_state_0/results/20260909T084527Z-64ab39a1/checkpoint_probes/steps_001058450/probe_battery.json,train_policy,/train_policy/action_fractions/5,0.0257
explore_cycle_3_factor_1,42,1058450,32,intermediate,20000,20000,experiments/strata_two_factor_explore_cycle_3/reward_factor_1_state_0/results/20260909T084527Z-64ab39a1/checkpoint_probes/steps_001058450/probe_battery.json,train_policy,/train_policy/action_fractions/6,0.16765
explore_cycle_3_factor_1,42,1058450,32,intermediate,20000,20000,experiments/strata_two_factor_explore_cycle_3/reward_factor_1_state_0/results/20260909T084527Z-64ab39a1/checkpoint_probes/steps_001058450/probe_battery.json,train_policy,/train_policy/action_fractions/7,0.00475
explore_cycle_3_factor_1,42,1058450,32,intermediate,20000,20000,experiments/strata_two_factor_explore_cycle_3/reward_factor_1_state_0/results/20260909T084527Z-64ab39a1/checkpoint_probes/steps_001058450/probe_battery.json,train_policy,/train_policy/action_fractions/8,0.0227
explore_cycle_3_factor_1,42,1058450,32,intermediate,20000,20000,experiments/strata_two_factor_explore_cycle_3/reward_factor_1_state_0/results/20260909T084527Z-64ab39a1/checkpoint_probes/steps_001058450/probe_battery.json,train_policy,/train_policy/factor_action_fractions/factor_1/0,0.698
explore_cycle_3_factor_1,42,1058450,32,intermediate,20000,20000,experiments/strata_two_factor_explore_cycle_3/reward_factor_1_state_0/results/20260909T084527Z-64ab39a1/checkpoint_probes/steps_001058450/probe_battery.json,train_policy,/train_policy/factor_action_fractions/factor_1/1,0.1069
explore_cycle_3_factor_1,42,1058450,32,intermediate,20000,20000,experiments/strata_two_factor_explore_cycle_3/reward_factor_1_state_0/results/20260909T084527Z-64ab39a1/checkpoint_probes/steps_001058450/probe_battery.json,train_policy,/train_policy/factor_action_fractions/factor_1/2,0.1951
explore_cycle_3_factor_1,42,1058450,32,intermediate,20000,20000,experiments/strata_two_factor_explore_cycle_3/reward_factor_1_state_0/results/20260909T084527Z-64ab39a1/checkpoint_probes/steps_001058450/probe_battery.json,train_policy,/train_policy/factor_action_fractions/factor_2/0,0.50115
explore_cycle_3_factor_1,42,1058450,32,intermediate,20000,20000,experiments/strata_two_factor_explore_cycle_3/reward_factor_1_state_0/results/20260909T084527Z-64ab39a1/checkpoint_probes/steps_001058450/probe_battery.json,train_policy,/train_policy/factor_action_fractions/factor_2/1,0.3355
explore_cycle_3_factor_1,42,1058450,32,intermediate,20000,20000,experiments/strata_two_factor_explore_cycle_3/reward_factor_1_state_0/results/20260909T084527Z-64ab39a1/checkpoint_probes/steps_001058450/probe_battery.json,train_policy,/train_policy/factor_action_fractions/factor_2/2,0.16335
explore_cycle_3_factor_1,42,1058450,32,intermediate,20000,20000,experiments/strata_two_factor_explore_cycle_3/reward_factor_1_state_0/results/20260909T084527Z-64ab39a1/checkpoint_probes/steps_001058450/probe_battery.json,train_policy,/train_policy/factor_state_fractions/factor_1/0,0.51555
explore_cycle_3_factor_1,42,1058450,32,intermediate,20000,20000,experiments/strata_two_factor_explore_cycle_3/reward_factor_1_state_0/results/20260909T084527Z-64ab39a1/checkpoint_probes/steps_001058450/probe_battery.json,train_policy,/train_policy/factor_state_fractions/factor_1/1,0.24155
explore_cycle_3_factor_1,42,1058450,32,intermediate,20000,20000,experiments/strata_two_factor_explore_cycle_3/reward_factor_1_state_0/results/20260909T084527Z-64ab39a1/checkpoint_probes/steps_001058450/probe_battery.json,train_policy,/train_policy/factor_state_fractions/factor_1/2,0.2429
explore_cycle_3_factor_1,42,1058450,32,intermediate,20000,20000,experiments/strata_two_factor_explore_cycle_3/reward_factor_1_state_0/results/20260909T084527Z-64ab39a1/checkpoint_probes/steps_001058450/probe_battery.json,train_policy,/train_policy/factor_state_fractions/factor_2/0,0.32905
explore_cycle_3_factor_1,42,1058450,32,intermediate,20000,20000,experiments/strata_two_factor_explore_cycle_3/reward_factor_1_state_0/results/20260909T084527Z-64ab39a1/checkpoint_probes/steps_001058450/probe_battery.json,train_policy,/train_policy/factor_state_fractions/factor_2/1,0.33635
explore_cycle_3_factor_1,42,1058450,32,intermediate,20000,20000,experiments/strata_two_factor_explore_cycle_3/reward_factor_1_state_0/results/20260909T084527Z-64ab39a1/checkpoint_probes/steps_001058450/probe_battery.json,train_policy,/train_policy/factor_state_fractions/factor_2/2,0.3346
explore_cycle_3_factor_1,42,1058450,32,intermediate,20000,20000,experiments/strata_two_factor_explore_cycle_3/reward_factor_1_state_0/results/20260909T084527Z-64ab39a1/checkpoint_probes/steps_001058450/probe_battery.json,train_policy,/train_policy/joint_state_fractions/0,0.1731
explore_cycle_3_factor_1,42,1058450,32,intermediate,20000,20000,experiments/strata_two_factor_explore_cycle_3/reward_factor_1_state_0/results/20260909T084527Z-64ab39a1/checkpoint_probes/steps_001058450/probe_battery.json,train_policy,/train_policy/joint_state_fractions/1,0.17265
explore_cycle_3_factor_1,42,1058450,32,intermediate,20000,20000,experiments/strata_two_factor_explore_cycle_3/reward_factor_1_state_0/results/20260909T084527Z-64ab39a1/checkpoint_probes/steps_001058450/probe_battery.json,train_policy,/train_policy/joint_state_fractions/2,0.1698
explore_cycle_3_factor_1,42,1058450,32,intermediate,20000,20000,experiments/strata_two_factor_explore_cycle_3/reward_factor_1_state_0/results/20260909T084527Z-64ab39a1/checkpoint_probes/steps_001058450/probe_battery.json,train_policy,/train_policy/joint_state_fractions/3,0.07635
explore_cycle_3_factor_1,42,1058450,32,intermediate,20000,20000,experiments/strata_two_factor_explore_cycle_3/reward_factor_1_state_0/results/20260909T084527Z-64ab39a1/checkpoint_probes/steps_001058450/probe_battery.json,train_policy,/train_policy/joint_state_fractions/4,0.0794
explore_cycle_3_factor_1,42,1058450,32,intermediate,20000,20000,experiments/strata_two_factor_explore_cycle_3/reward_factor_1_state_0/results/20260909T084527Z-64ab39a1/checkpoint_probes/steps_001058450/probe_battery.json,train_policy,/train_policy/joint_state_fractions/5,0.0858
explore_cycle_3_factor_1,42,1058450,32,intermediate,20000,20000,experiments/strata_two_factor_explore_cycle_3/reward_factor_1_state_0/results/20260909T084527Z-64ab39a1/checkpoint_probes/steps_001058450/probe_battery.json,train_policy,/train_policy/joint_state_fractions/6,0.0796
explore_cycle_3_factor_1,42,1058450,32,intermediate,20000,20000,experiments/strata_two_factor_explore_cycle_3/reward_factor_1_state_0/results/20260909T084527Z-64ab39a1/checkpoint_probes/steps_001058450/probe_battery.json,train_policy,/train_policy/joint_state_fractions/7,0.0843
explore_cycle_3_factor_1,42,1058450,32,intermediate,20000,20000,experiments/strata_two_factor_explore_cycle_3/reward_factor_1_state_0/results/20260909T084527Z-64ab39a1/checkpoint_probes/steps_001058450/probe_battery.json,train_policy,/train_policy/joint_state_fractions/8,0.079
explore_cycle_3_factor_1,42,1058450,32,intermediate,20000,20000,experiments/strata_two_factor_explore_cycle_3/reward_factor_1_state_0/results/20260909T084527Z-64ab39a1/checkpoint_probes/steps_001058450/probe_battery.json,train_policy,/train_policy/mean_reward,0.51555
explore_cycle_3_factor_1,42,1058450,32,intermediate,20000,20000,experiments/strata_two_factor_explore_cycle_3/reward_factor_1_state_0/results/20260909T084527Z-64ab39a1/checkpoint_probes/steps_001058450/probe_battery.json,train_policy,/train_policy/mode,learned_stochastic
explore_cycle_3_factor_1,42,1058450,32,intermediate,20000,20000,experiments/strata_two_factor_explore_cycle_3/reward_factor_1_state_0/results/20260909T084527Z-64ab39a1/checkpoint_probes/steps_001058450/probe_battery.json,train_policy,/train_policy/temperature,1.5
explore_cycle_3_factor_1,42,2116834,64,intermediate,20000,20000,experiments/strata_two_factor_explore_cycle_3/reward_factor_1_state_0/results/20260909T084527Z-64ab39a1/checkpoint_probes/steps_002116834/probe_battery.json,policy,/policy/action_fractions/0,0.34515
explore_cycle_3_factor_1,42,2116834,64,intermediate,20000,20000,experiments/strata_two_factor_explore_cycle_3/reward_factor_1_state_0/results/20260909T084527Z-64ab39a1/checkpoint_probes/steps_002116834/probe_battery.json,policy,/policy/action_fractions/1,0.3633
explore_cycle_3_factor_1,42,2116834,64,intermediate,20000,20000,experiments/strata_two_factor_explore_cycle_3/reward_factor_1_state_0/results/20260909T084527Z-64ab39a1/checkpoint_probes/steps_002116834/probe_battery.json,policy,/policy/action_fractions/2,0.2399
explore_cycle_3_factor_1,42,2116834,64,intermediate,20000,20000,experiments/strata_two_factor_explore_cycle_3/reward_factor_1_state_0/results/20260909T084527Z-64ab39a1/checkpoint_probes/steps_002116834/probe_battery.json,policy,/policy/action_fractions/3,0.00045
explore_cycle_3_factor_1,42,2116834,64,intermediate,20000,20000,experiments/strata_two_factor_explore_cycle_3/reward_factor_1_state_0/results/20260909T084527Z-64ab39a1/checkpoint_probes/steps_002116834/probe_battery.json,policy,/policy/action_fractions/4,0.0232
explore_cycle_3_factor_1,42,2116834,64,intermediate,20000,20000,experiments/strata_two_factor_explore_cycle_3/reward_factor_1_state_0/results/20260909T084527Z-64ab39a1/checkpoint_probes/steps_002116834/probe_battery.json,policy,/policy/action_fractions/5,0.0004
explore_cycle_3_factor_1,42,2116834,64,intermediate,20000,20000,experiments/strata_two_factor_explore_cycle_3/reward_factor_1_state_0/results/20260909T084527Z-64ab39a1/checkpoint_probes/steps_002116834/probe_battery.json,policy,/policy/action_fractions/6,0.0265
explore_cycle_3_factor_1,42,2116834,64,intermediate,20000,20000,experiments/strata_two_factor_explore_cycle_3/reward_factor_1_state_0/results/20260909T084527Z-64ab39a1/checkpoint_probes/steps_002116834/probe_battery.json,policy,/policy/action_fractions/7,0.0003
explore_cycle_3_factor_1,42,2116834,64,intermediate,20000,20000,experiments/strata_two_factor_explore_cycle_3/reward_factor_1_state_0/results/20260909T084527Z-64ab39a1/checkpoint_probes/steps_002116834/probe_battery.json,policy,/policy/action_fractions/8,0.0008
explore_cycle_3_factor_1,42,2116834,64,intermediate,20000,20000,experiments/strata_two_factor_explore_cycle_3/reward_factor_1_state_0/results/20260909T084527Z-64ab39a1/checkpoint_probes/steps_002116834/probe_battery.json,policy,/policy/factor_action_fractions/factor_1/0,0.94835
explore_cycle_3_factor_1,42,2116834,64,intermediate,20000,20000,experiments/strata_two_factor_explore_cycle_3/reward_factor_1_state_0/results/20260909T084527Z-64ab39a1/checkpoint_probes/steps_002116834/probe_battery.json,policy,/policy/factor_action_fractions/factor_1/1,0.02405
explore_cycle_3_factor_1,42,2116834,64,intermediate,20000,20000,experiments/strata_two_factor_explore_cycle_3/reward_factor_1_state_0/results/20260909T084527Z-64ab39a1/checkpoint_probes/steps_002116834/probe_battery.json,policy,/policy/factor_action_fractions/factor_1/2,0.0276
explore_cycle_3_factor_1,42,2116834,64,intermediate,20000,20000,experiments/strata_two_factor_explore_cycle_3/reward_factor_1_state_0/results/20260909T084527Z-64ab39a1/checkpoint_probes/steps_002116834/probe_battery.json,policy,/policy/factor_action_fractions/factor_2/0,0.3721
explore_cycle_3_factor_1,42,2116834,64,intermediate,20000,20000,experiments/strata_two_factor_explore_cycle_3/reward_factor_1_state_0/results/20260909T084527Z-64ab39a1/checkpoint_probes/steps_002116834/probe_battery.json,policy,/policy/factor_action_fractions/factor_2/1,0.3868
explore_cycle_3_factor_1,42,2116834,64,intermediate,20000,20000,experiments/strata_two_factor_explore_cycle_3/reward_factor_1_state_0/results/20260909T084527Z-64ab39a1/checkpoint_probes/steps_002116834/probe_battery.json,policy,/policy/factor_action_fractions/factor_2/2,0.2411
explore_cycle_3_factor_1,42,2116834,64,intermediate,20000,20000,experiments/strata_two_factor_explore_cycle_3/reward_factor_1_state_0/results/20260909T084527Z-64ab39a1/checkpoint_probes/steps_002116834/probe_battery.json,policy,/policy/factor_state_fractions/factor_1/0,0.7174
explore_cycle_3_factor_1,42,2116834,64,intermediate,20000,20000,experiments/strata_two_factor_explore_cycle_3/reward_factor_1_state_0/results/20260909T084527Z-64ab39a1/checkpoint_probes/steps_002116834/probe_battery.json,policy,/policy/factor_state_fractions/factor_1/1,0.1409
explore_cycle_3_factor_1,42,2116834,64,intermediate,20000,20000,experiments/strata_two_factor_explore_cycle_3/reward_factor_1_state_0/results/20260909T084527Z-64ab39a1/checkpoint_probes/steps_002116834/probe_battery.json,policy,/policy/factor_state_fractions/factor_1/2,0.1417
explore_cycle_3_factor_1,42,2116834,64,intermediate,20000,20000,experiments/strata_two_factor_explore_cycle_3/reward_factor_1_state_0/results/20260909T084527Z-64ab39a1/checkpoint_probes/steps_002116834/probe_battery.json,policy,/policy/factor_state_fractions/factor_2/0,0.33445
explore_cycle_3_factor_1,42,2116834,64,intermediate,20000,20000,experiments/strata_two_factor_explore_cycle_3/reward_factor_1_state_0/results/20260909T084527Z-64ab39a1/checkpoint_probes/steps_002116834/probe_battery.json,policy,/policy/factor_state_fractions/factor_2/1,0.336
explore_cycle_3_factor_1,42,2116834,64,intermediate,20000,20000,experiments/strata_two_factor_explore_cycle_3/reward_factor_1_state_0/results/20260909T084527Z-64ab39a1/checkpoint_probes/steps_002116834/probe_battery.json,policy,/policy/factor_state_fractions/factor_2/2,0.32955
explore_cycle_3_factor_1,42,2116834,64,intermediate,20000,20000,experiments/strata_two_factor_explore_cycle_3/reward_factor_1_state_0/results/20260909T084527Z-64ab39a1/checkpoint_probes/steps_002116834/probe_battery.json,policy,/policy/joint_state_fractions/0,0.24045
explore_cycle_3_factor_1,42,2116834,64,intermediate,20000,20000,experiments/strata_two_factor_explore_cycle_3/reward_factor_1_state_0/results/20260909T084527Z-64ab39a1/checkpoint_probes/steps_002116834/probe_battery.json,policy,/policy/joint_state_fractions/1,0.23855
explore_cycle_3_factor_1,42,2116834,64,intermediate,20000,20000,experiments/strata_two_factor_explore_cycle_3/reward_factor_1_state_0/results/20260909T084527Z-64ab39a1/checkpoint_probes/steps_002116834/probe_battery.json,policy,/policy/joint_state_fractions/2,0.2384
explore_cycle_3_factor_1,42,2116834,64,intermediate,20000,20000,experiments/strata_two_factor_explore_cycle_3/reward_factor_1_state_0/results/20260909T084527Z-64ab39a1/checkpoint_probes/steps_002116834/probe_battery.json,policy,/policy/joint_state_fractions/3,0.04605
explore_cycle_3_factor_1,42,2116834,64,intermediate,20000,20000,experiments/strata_two_factor_explore_cycle_3/reward_factor_1_state_0/results/20260909T084527Z-64ab39a1/checkpoint_probes/steps_002116834/probe_battery.json,policy,/policy/joint_state_fractions/4,0.04855
explore_cycle_3_factor_1,42,2116834,64,intermediate,20000,20000,experiments/strata_two_factor_explore_cycle_3/reward_factor_1_state_0/results/20260909T084527Z-64ab39a1/checkpoint_probes/steps_002116834/probe_battery.json,policy,/policy/joint_state_fractions/5,0.0463
explore_cycle_3_factor_1,42,2116834,64,intermediate,20000,20000,experiments/strata_two_factor_explore_cycle_3/reward_factor_1_state_0/results/20260909T084527Z-64ab39a1/checkpoint_probes/steps_002116834/probe_battery.json,policy,/policy/joint_state_fractions/6,0.04795
explore_cycle_3_factor_1,42,2116834,64,intermediate,20000,20000,experiments/strata_two_factor_explore_cycle_3/reward_factor_1_state_0/results/20260909T084527Z-64ab39a1/checkpoint_probes/steps_002116834/probe_battery.json,policy,/policy/joint_state_fractions/7,0.0489
explore_cycle_3_factor_1,42,2116834,64,intermediate,20000,20000,experiments/strata_two_factor_explore_cycle_3/reward_factor_1_state_0/results/20260909T084527Z-64ab39a1/checkpoint_probes/steps_002116834/probe_battery.json,policy,/policy/joint_state_fractions/8,0.04485
explore_cycle_3_factor_1,42,2116834,64,intermediate,20000,20000,experiments/strata_two_factor_explore_cycle_3/reward_factor_1_state_0/results/20260909T084527Z-64ab39a1/checkpoint_probes/steps_002116834/probe_battery.json,policy,/policy/mean_reward,0.7175
explore_cycle_3_factor_1,42,2116834,64,intermediate,20000,20000,experiments/strata_two_factor_explore_cycle_3/reward_factor_1_state_0/results/20260909T084527Z-64ab39a1/checkpoint_probes/steps_002116834/probe_battery.json,policy,/policy/mode,learned_stochastic
explore_cycle_3_factor_1,42,2116834,64,intermediate,20000,20000,experiments/strata_two_factor_explore_cycle_3/reward_factor_1_state_0/results/20260909T084527Z-64ab39a1/checkpoint_probes/steps_002116834/probe_battery.json,policy,/policy/temperature,1.5
explore_cycle_3_factor_1,42,2116834,64,intermediate,20000,20000,experiments/strata_two_factor_explore_cycle_3/reward_factor_1_state_0/results/20260909T084527Z-64ab39a1/checkpoint_probes/steps_002116834/probe_battery.json,train_policy,/train_policy/action_fractions/0,0.3379
explore_cycle_3_factor_1,42,2116834,64,intermediate,20000,20000,experiments/strata_two_factor_explore_cycle_3/reward_factor_1_state_0/results/20260909T084527Z-64ab39a1/checkpoint_probes/steps_002116834/probe_battery.json,train_policy,/train_policy/action_fractions/1,0.36455
explore_cycle_3_factor_1,42,2116834,64,intermediate,20000,20000,experiments/strata_two_factor_explore_cycle_3/reward_factor_1_state_0/results/20260909T084527Z-64ab39a1/checkpoint_probes/steps_002116834/probe_battery.json,train_policy,/train_policy/action_fractions/2,0.2459
explore_cycle_3_factor_1,42,2116834,64,intermediate,20000,20000,experiments/strata_two_factor_explore_cycle_3/reward_factor_1_state_0/results/20260909T084527Z-64ab39a1/checkpoint_probes/steps_002116834/probe_battery.json,train_policy,/train_policy/action_fractions/3,0.0005
explore_cycle_3_factor_1,42,2116834,64,intermediate,20000,20000,experiments/strata_two_factor_explore_cycle_3/reward_factor_1_state_0/results/20260909T084527Z-64ab39a1/checkpoint_probes/steps_002116834/probe_battery.json,train_policy,/train_policy/action_fractions/4,0.02065
explore_cycle_3_factor_1,42,2116834,64,intermediate,20000,20000,experiments/strata_two_factor_explore_cycle_3/reward_factor_1_state_0/results/20260909T084527Z-64ab39a1/checkpoint_probes/steps_002116834/probe_battery.json,train_policy,/train_policy/action_fractions/5,0.0007
explore_cycle_3_factor_1,42,2116834,64,intermediate,20000,20000,experiments/strata_two_factor_explore_cycle_3/reward_factor_1_state_0/results/20260909T084527Z-64ab39a1/checkpoint_probes/steps_002116834/probe_battery.json,train_policy,/train_policy/action_fractions/6,0.0288
explore_cycle_3_factor_1,42,2116834,64,intermediate,20000,20000,experiments/strata_two_factor_explore_cycle_3/reward_factor_1_state_0/results/20260909T084527Z-64ab39a1/checkpoint_probes/steps_002116834/probe_battery.json,train_policy,/train_policy/action_fractions/7,0.00015
explore_cycle_3_factor_1,42,2116834,64,intermediate,20000,20000,experiments/strata_two_factor_explore_cycle_3/reward_factor_1_state_0/results/20260909T084527Z-64ab39a1/checkpoint_probes/steps_002116834/probe_battery.json,train_policy,/train_policy/action_fractions/8,0.00085
explore_cycle_3_factor_1,42,2116834,64,intermediate,20000,20000,experiments/strata_two_factor_explore_cycle_3/reward_factor_1_state_0/results/20260909T084527Z-64ab39a1/checkpoint_probes/steps_002116834/probe_battery.json,train_policy,/train_policy/factor_action_fractions/factor_1/0,0.94835
explore_cycle_3_factor_1,42,2116834,64,intermediate,20000,20000,experiments/strata_two_factor_explore_cycle_3/reward_factor_1_state_0/results/20260909T084527Z-64ab39a1/checkpoint_probes/steps_002116834/probe_battery.json,train_policy,/train_policy/factor_action_fractions/factor_1/1,0.02185
explore_cycle_3_factor_1,42,2116834,64,intermediate,20000,20000,experiments/strata_two_factor_explore_cycle_3/reward_factor_1_state_0/results/20260909T084527Z-64ab39a1/checkpoint_probes/steps_002116834/probe_battery.json,train_policy,/train_policy/factor_action_fractions/factor_1/2,0.0298
explore_cycle_3_factor_1,42,2116834,64,intermediate,20000,20000,experiments/strata_two_factor_explore_cycle_3/reward_factor_1_state_0/results/20260909T084527Z-64ab39a1/checkpoint_probes/steps_002116834/probe_battery.json,train_policy,/train_policy/factor_action_fractions/factor_2/0,0.3672
explore_cycle_3_factor_1,42,2116834,64,intermediate,20000,20000,experiments/strata_two_factor_explore_cycle_3/reward_factor_1_state_0/results/20260909T084527Z-64ab39a1/checkpoint_probes/steps_002116834/probe_battery.json,train_policy,/train_policy/factor_action_fractions/factor_2/1,0.38535
explore_cycle_3_factor_1,42,2116834,64,intermediate,20000,20000,experiments/strata_two_factor_explore_cycle_3/reward_factor_1_state_0/results/20260909T084527Z-64ab39a1/checkpoint_probes/steps_002116834/probe_battery.json,train_policy,/train_policy/factor_action_fractions/factor_2/2,0.24745
explore_cycle_3_factor_1,42,2116834,64,intermediate,20000,20000,experiments/strata_two_factor_explore_cycle_3/reward_factor_1_state_0/results/20260909T084527Z-64ab39a1/checkpoint_probes/steps_002116834/probe_battery.json,train_policy,/train_policy/factor_state_fractions/factor_1/0,0.7184
explore_cycle_3_factor_1,42,2116834,64,intermediate,20000,20000,experiments/strata_two_factor_explore_cycle_3/reward_factor_1_state_0/results/20260909T084527Z-64ab39a1/checkpoint_probes/steps_002116834/probe_battery.json,train_policy,/train_policy/factor_state_fractions/factor_1/1,0.1478
explore_cycle_3_factor_1,42,2116834,64,intermediate,20000,20000,experiments/strata_two_factor_explore_cycle_3/reward_factor_1_state_0/results/20260909T084527Z-64ab39a1/checkpoint_probes/steps_002116834/probe_battery.json,train_policy,/train_policy/factor_state_fractions/factor_1/2,0.1338
explore_cycle_3_factor_1,42,2116834,64,intermediate,20000,20000,experiments/strata_two_factor_explore_cycle_3/reward_factor_1_state_0/results/20260909T084527Z-64ab39a1/checkpoint_probes/steps_002116834/probe_battery.json,train_policy,/train_policy/factor_state_fractions/factor_2/0,0.3358
explore_cycle_3_factor_1,42,2116834,64,intermediate,20000,20000,experiments/strata_two_factor_explore_cycle_3/reward_factor_1_state_0/results/20260909T084527Z-64ab39a1/checkpoint_probes/steps_002116834/probe_battery.json,train_policy,/train_policy/factor_state_fractions/factor_2/1,0.33145
explore_cycle_3_factor_1,42,2116834,64,intermediate,20000,20000,experiments/strata_two_factor_explore_cycle_3/reward_factor_1_state_0/results/20260909T084527Z-64ab39a1/checkpoint_probes/steps_002116834/probe_battery.json,train_policy,/train_policy/factor_state_fractions/factor_2/2,0.33275
explore_cycle_3_factor_1,42,2116834,64,intermediate,20000,20000,experiments/strata_two_factor_explore_cycle_3/reward_factor_1_state_0/results/20260909T084527Z-64ab39a1/checkpoint_probes/steps_002116834/probe_battery.json,train_policy,/train_policy/joint_state_fractions/0,0.2424
explore_cycle_3_factor_1,42,2116834,64,intermediate,20000,20000,experiments/strata_two_factor_explore_cycle_3/reward_factor_1_state_0/results/20260909T084527Z-64ab39a1/checkpoint_probes/steps_002116834/probe_battery.json,train_policy,/train_policy/joint_state_fractions/1,0.2357
explore_cycle_3_factor_1,42,2116834,64,intermediate,20000,20000,experiments/strata_two_factor_explore_cycle_3/reward_factor_1_state_0/results/20260909T084527Z-64ab39a1/checkpoint_probes/steps_002116834/probe_battery.json,train_policy,/train_policy/joint_state_fractions/2,0.2403
explore_cycle_3_factor_1,42,2116834,64,intermediate,20000,20000,experiments/strata_two_factor_explore_cycle_3/reward_factor_1_state_0/results/20260909T084527Z-64ab39a1/checkpoint_probes/steps_002116834/probe_battery.json,train_policy,/train_policy/joint_state_fractions/3,0.0484
explore_cycle_3_factor_1,42,2116834,64,intermediate,20000,20000,experiments/strata_two_factor_explore_cycle_3/reward_factor_1_state_0/results/20260909T084527Z-64ab39a1/checkpoint_probes/steps_002116834/probe_battery.json,train_policy,/train_policy/joint_state_fractions/4,0.05145
explore_cycle_3_factor_1,42,2116834,64,intermediate,20000,20000,experiments/strata_two_factor_explore_cycle_3/reward_factor_1_state_0/results/20260909T084527Z-64ab39a1/checkpoint_probes/steps_002116834/probe_battery.json,train_policy,/train_policy/joint_state_fractions/5,0.04795
explore_cycle_3_factor_1,42,2116834,64,intermediate,20000,20000,experiments/strata_two_factor_explore_cycle_3/reward_factor_1_state_0/results/20260909T084527Z-64ab39a1/checkpoint_probes/steps_002116834/probe_battery.json,train_policy,/train_policy/joint_state_fractions/6,0.045
explore_cycle_3_factor_1,42,2116834,64,intermediate,20000,20000,experiments/strata_two_factor_explore_cycle_3/reward_factor_1_state_0/results/20260909T084527Z-64ab39a1/checkpoint_probes/steps_002116834/probe_battery.json,train_policy,/train_policy/joint_state_fractions/7,0.0443
explore_cycle_3_factor_1,42,2116834,64,intermediate,20000,20000,experiments/strata_two_factor_explore_cycle_3/reward_factor_1_state_0/results/20260909T084527Z-64ab39a1/checkpoint_probes/steps_002116834/probe_battery.json,train_policy,/train_policy/joint_state_fractions/8,0.0445
explore_cycle_3_factor_1,42,2116834,64,intermediate,20000,20000,experiments/strata_two_factor_explore_cycle_3/reward_factor_1_state_0/results/20260909T084527Z-64ab39a1/checkpoint_probes/steps_002116834/probe_battery.json,train_policy,/train_policy/mean_reward,0.71835
explore_cycle_3_factor_1,42,2116834,64,intermediate,20000,20000,experiments/strata_two_factor_explore_cycle_3/reward_factor_1_state_0/results/20260909T084527Z-64ab39a1/checkpoint_probes/steps_002116834/probe_battery.json,train_policy,/train_policy/mode,learned_stochastic
explore_cycle_3_factor_1,42,2116834,64,intermediate,20000,20000,experiments/strata_two_factor_explore_cycle_3/reward_factor_1_state_0/results/20260909T084527Z-64ab39a1/checkpoint_probes/steps_002116834/probe_battery.json,train_policy,/train_policy/temperature,1.5
explore_cycle_3_factor_1,42,4233720,128,intermediate,20000,20000,experiments/strata_two_factor_explore_cycle_3/reward_factor_1_state_0/results/20260909T084527Z-64ab39a1/checkpoint_probes/steps_004233720/probe_battery.json,policy,/policy/action_fractions/0,0.089
explore_cycle_3_factor_1,42,4233720,128,intermediate,20000,20000,experiments/strata_two_factor_explore_cycle_3/reward_factor_1_state_0/results/20260909T084527Z-64ab39a1/checkpoint_probes/steps_004233720/probe_battery.json,policy,/policy/action_fractions/1,0.1706
explore_cycle_3_factor_1,42,4233720,128,intermediate,20000,20000,experiments/strata_two_factor_explore_cycle_3/reward_factor_1_state_0/results/20260909T084527Z-64ab39a1/checkpoint_probes/steps_004233720/probe_battery.json,policy,/policy/action_fractions/2,0.66165
explore_cycle_3_factor_1,42,4233720,128,intermediate,20000,20000,experiments/strata_two_factor_explore_cycle_3/reward_factor_1_state_0/results/20260909T084527Z-64ab39a1/checkpoint_probes/steps_004233720/probe_battery.json,policy,/policy/action_fractions/3,0.0001
explore_cycle_3_factor_1,42,4233720,128,intermediate,20000,20000,experiments/strata_two_factor_explore_cycle_3/reward_factor_1_state_0/results/20260909T084527Z-64ab39a1/checkpoint_probes/steps_004233720/probe_battery.json,policy,/policy/action_fractions/4,0.02175
explore_cycle_3_factor_1,42,4233720,128,intermediate,20000,20000,experiments/strata_two_factor_explore_cycle_3/reward_factor_1_state_0/results/20260909T084527Z-64ab39a1/checkpoint_probes/steps_004233720/probe_battery.json,policy,/policy/action_fractions/5,0.00015
explore_cycle_3_factor_1,42,4233720,128,intermediate,20000,20000,experiments/strata_two_factor_explore_cycle_3/reward_factor_1_state_0/results/20260909T084527Z-64ab39a1/checkpoint_probes/steps_004233720/probe_battery.json,policy,/policy/action_fractions/6,0.05665
explore_cycle_3_factor_1,42,4233720,128,intermediate,20000,20000,experiments/strata_two_factor_explore_cycle_3/reward_factor_1_state_0/results/20260909T084527Z-64ab39a1/checkpoint_probes/steps_004233720/probe_battery.json,policy,/policy/action_fractions/7,5e-05
explore_cycle_3_factor_1,42,4233720,128,intermediate,20000,20000,experiments/strata_two_factor_explore_cycle_3/reward_factor_1_state_0/results/20260909T084527Z-64ab39a1/checkpoint_probes/steps_004233720/probe_battery.json,policy,/policy/action_fractions/8,5e-05
explore_cycle_3_factor_1,42,4233720,128,intermediate,20000,20000,experiments/strata_two_factor_explore_cycle_3/reward_factor_1_state_0/results/20260909T084527Z-64ab39a1/checkpoint_probes/steps_004233720/probe_battery.json,policy,/policy/factor_action_fractions/factor_1/0,0.92125
explore_cycle_3_factor_1,42,4233720,128,intermediate,20000,20000,experiments/strata_two_factor_explore_cycle_3/reward_factor_1_state_0/results/20260909T084527Z-64ab39a1/checkpoint_probes/steps_004233720/probe_battery.json,policy,/policy/factor_action_fractions/factor_1/1,0.022
explore_cycle_3_factor_1,42,4233720,128,intermediate,20000,20000,experiments/strata_two_factor_explore_cycle_3/reward_factor_1_state_0/results/20260909T084527Z-64ab39a1/checkpoint_probes/steps_004233720/probe_battery.json,policy,/policy/factor_action_fractions/factor_1/2,0.05675
explore_cycle_3_factor_1,42,4233720,128,intermediate,20000,20000,experiments/strata_two_factor_explore_cycle_3/reward_factor_1_state_0/results/20260909T084527Z-64ab39a1/checkpoint_probes/steps_004233720/probe_battery.json,policy,/policy/factor_action_fractions/factor_2/0,0.14575
explore_cycle_3_factor_1,42,4233720,128,intermediate,20000,20000,experiments/strata_two_factor_explore_cycle_3/reward_factor_1_state_0/results/20260909T084527Z-64ab39a1/checkpoint_probes/steps_004233720/probe_battery.json,policy,/policy/factor_action_fractions/factor_2/1,0.1924
explore_cycle_3_factor_1,42,4233720,128,intermediate,20000,20000,experiments/strata_two_factor_explore_cycle_3/reward_factor_1_state_0/results/20260909T084527Z-64ab39a1/checkpoint_probes/steps_004233720/probe_battery.json,policy,/policy/factor_action_fractions/factor_2/2,0.66185
explore_cycle_3_factor_1,42,4233720,128,intermediate,20000,20000,experiments/strata_two_factor_explore_cycle_3/reward_factor_1_state_0/results/20260909T084527Z-64ab39a1/checkpoint_probes/steps_004233720/probe_battery.json,policy,/policy/factor_state_fractions/factor_1/0,0.75465
explore_cycle_3_factor_1,42,4233720,128,intermediate,20000,20000,experiments/strata_two_factor_explore_cycle_3/reward_factor_1_state_0/results/20260909T084527Z-64ab39a1/checkpoint_probes/steps_004233720/probe_battery.json,policy,/policy/factor_state_fractions/factor_1/1,0.1338
explore_cycle_3_factor_1,42,4233720,128,intermediate,20000,20000,experiments/strata_two_factor_explore_cycle_3/reward_factor_1_state_0/results/20260909T084527Z-64ab39a1/checkpoint_probes/steps_004233720/probe_battery.json,policy,/policy/factor_state_fractions/factor_1/2,0.11155
explore_cycle_3_factor_1,42,4233720,128,intermediate,20000,20000,experiments/strata_two_factor_explore_cycle_3/reward_factor_1_state_0/results/20260909T084527Z-64ab39a1/checkpoint_probes/steps_004233720/probe_battery.json,policy,/policy/factor_state_fractions/factor_2/0,0.33075
explore_cycle_3_factor_1,42,4233720,128,intermediate,20000,20000,experiments/strata_two_factor_explore_cycle_3/reward_factor_1_state_0/results/20260909T084527Z-64ab39a1/checkpoint_probes/steps_004233720/probe_battery.json,policy,/policy/factor_state_fractions/factor_2/1,0.3327
explore_cycle_3_factor_1,42,4233720,128,intermediate,20000,20000,experiments/strata_two_factor_explore_cycle_3/reward_factor_1_state_0/results/20260909T084527Z-64ab39a1/checkpoint_probes/steps_004233720/probe_battery.json,policy,/policy/factor_state_fractions/factor_2/2,0.33655
explore_cycle_3_factor_1,42,4233720,128,intermediate,20000,20000,experiments/strata_two_factor_explore_cycle_3/reward_factor_1_state_0/results/20260909T084527Z-64ab39a1/checkpoint_probes/steps_004233720/probe_battery.json,policy,/policy/joint_state_fractions/0,0.24905
explore_cycle_3_factor_1,42,4233720,128,intermediate,20000,20000,experiments/strata_two_factor_explore_cycle_3/reward_factor_1_state_0/results/20260909T084527Z-64ab39a1/checkpoint_probes/steps_004233720/probe_battery.json,policy,/policy/joint_state_fractions/1,0.25255
explore_cycle_3_factor_1,42,4233720,128,intermediate,20000,20000,experiments/strata_two_factor_explore_cycle_3/reward_factor_1_state_0/results/20260909T084527Z-64ab39a1/checkpoint_probes/steps_004233720/probe_battery.json,policy,/policy/joint_state_fractions/2,0.25305
explore_cycle_3_factor_1,42,4233720,128,intermediate,20000,20000,experiments/strata_two_factor_explore_cycle_3/reward_factor_1_state_0/results/20260909T084527Z-64ab39a1/checkpoint_probes/steps_004233720/probe_battery.json,policy,/policy/joint_state_fractions/3,0.0445
explore_cycle_3_factor_1,42,4233720,128,intermediate,20000,20000,experiments/strata_two_factor_explore_cycle_3/reward_factor_1_state_0/results/20260909T084527Z-64ab39a1/checkpoint_probes/steps_004233720/probe_battery.json,policy,/policy/joint_state_fractions/4,0.0431
explore_cycle_3_factor_1,42,4233720,128,intermediate,20000,20000,experiments/strata_two_factor_explore_cycle_3/reward_factor_1_state_0/results/20260909T084527Z-64ab39a1/checkpoint_probes/steps_004233720/probe_battery.json,policy,/policy/joint_state_fractions/5,0.0462
explore_cycle_3_factor_1,42,4233720,128,intermediate,20000,20000,experiments/strata_two_factor_explore_cycle_3/reward_factor_1_state_0/results/20260909T084527Z-64ab39a1/checkpoint_probes/steps_004233720/probe_battery.json,policy,/policy/joint_state_fractions/6,0.0372
explore_cycle_3_factor_1,42,4233720,128,intermediate,20000,20000,experiments/strata_two_factor_explore_cycle_3/reward_factor_1_state_0/results/20260909T084527Z-64ab39a1/checkpoint_probes/steps_004233720/probe_battery.json,policy,/policy/joint_state_fractions/7,0.03705
explore_cycle_3_factor_1,42,4233720,128,intermediate,20000,20000,experiments/strata_two_factor_explore_cycle_3/reward_factor_1_state_0/results/20260909T084527Z-64ab39a1/checkpoint_probes/steps_004233720/probe_battery.json,policy,/policy/joint_state_fractions/8,0.0373
explore_cycle_3_factor_1,42,4233720,128,intermediate,20000,20000,experiments/strata_two_factor_explore_cycle_3/reward_factor_1_state_0/results/20260909T084527Z-64ab39a1/checkpoint_probes/steps_004233720/probe_battery.json,policy,/policy/mean_reward,0.75475
explore_cycle_3_factor_1,42,4233720,128,intermediate,20000,20000,experiments/strata_two_factor_explore_cycle_3/reward_factor_1_state_0/results/20260909T084527Z-64ab39a1/checkpoint_probes/steps_004233720/probe_battery.json,policy,/policy/mode,learned_stochastic
explore_cycle_3_factor_1,42,4233720,128,intermediate,20000,20000,experiments/strata_two_factor_explore_cycle_3/reward_factor_1_state_0/results/20260909T084527Z-64ab39a1/checkpoint_probes/steps_004233720/probe_battery.json,policy,/policy/temperature,1.5
explore_cycle_3_factor_1,42,4233720,128,intermediate,20000,20000,experiments/strata_two_factor_explore_cycle_3/reward_factor_1_state_0/results/20260909T084527Z-64ab39a1/checkpoint_probes/steps_004233720/probe_battery.json,train_policy,/train_policy/action_fractions/0,0.09085
explore_cycle_3_factor_1,42,4233720,128,intermediate,20000,20000,experiments/strata_two_factor_explore_cycle_3/reward_factor_1_state_0/results/20260909T084527Z-64ab39a1/checkpoint_probes/steps_004233720/probe_battery.json,train_policy,/train_policy/action_fractions/1,0.1665
explore_cycle_3_factor_1,42,4233720,128,intermediate,20000,20000,experiments/strata_two_factor_explore_cycle_3/reward_factor_1_state_0/results/20260909T084527Z-64ab39a1/checkpoint_probes/steps_004233720/probe_battery.json,train_policy,/train_policy/action_fractions/2,0.665
explore_cycle_3_factor_1,42,4233720,128,intermediate,20000,20000,experiments/strata_two_factor_explore_cycle_3/reward_factor_1_state_0/results/20260909T084527Z-64ab39a1/checkpoint_probes/steps_004233720/probe_battery.json,train_policy,/train_policy/action_fractions/3,0.0
explore_cycle_3_factor_1,42,4233720,128,intermediate,20000,20000,experiments/strata_two_factor_explore_cycle_3/reward_factor_1_state_0/results/20260909T084527Z-64ab39a1/checkpoint_probes/steps_004233720/probe_battery.json,train_policy,/train_policy/action_fractions/4,0.02195
explore_cycle_3_factor_1,42,4233720,128,intermediate,20000,20000,experiments/strata_two_factor_explore_cycle_3/reward_factor_1_state_0/results/20260909T084527Z-64ab39a1/checkpoint_probes/steps_004233720/probe_battery.json,train_policy,/train_policy/action_fractions/5,0.0003
explore_cycle_3_factor_1,42,4233720,128,intermediate,20000,20000,experiments/strata_two_factor_explore_cycle_3/reward_factor_1_state_0/results/20260909T084527Z-64ab39a1/checkpoint_probes/steps_004233720/probe_battery.json,train_policy,/train_policy/action_fractions/6,0.05535
explore_cycle_3_factor_1,42,4233720,128,intermediate,20000,20000,experiments/strata_two_factor_explore_cycle_3/reward_factor_1_state_0/results/20260909T084527Z-64ab39a1/checkpoint_probes/steps_004233720/probe_battery.json,train_policy,/train_policy/action_fractions/7,0.0
explore_cycle_3_factor_1,42,4233720,128,intermediate,20000,20000,experiments/strata_two_factor_explore_cycle_3/reward_factor_1_state_0/results/20260909T084527Z-64ab39a1/checkpoint_probes/steps_004233720/probe_battery.json,train_policy,/train_policy/action_fractions/8,5e-05
explore_cycle_3_factor_1,42,4233720,128,intermediate,20000,20000,experiments/strata_two_factor_explore_cycle_3/reward_factor_1_state_0/results/20260909T084527Z-64ab39a1/checkpoint_probes/steps_004233720/probe_battery.json,train_policy,/train_policy/factor_action_fractions/factor_1/0,0.92235
explore_cycle_3_factor_1,42,4233720,128,intermediate,20000,20000,experiments/strata_two_factor_explore_cycle_3/reward_factor_1_state_0/results/20260909T084527Z-64ab39a1/checkpoint_probes/steps_004233720/probe_battery.json,train_policy,/train_policy/factor_action_fractions/factor_1/1,0.02225
explore_cycle_3_factor_1,42,4233720,128,intermediate,20000,20000,experiments/strata_two_factor_explore_cycle_3/reward_factor_1_state_0/results/20260909T084527Z-64ab39a1/checkpoint_probes/steps_004233720/probe_battery.json,train_policy,/train_policy/factor_action_fractions/factor_1/2,0.0554
explore_cycle_3_factor_1,42,4233720,128,intermediate,20000,20000,experiments/strata_two_factor_explore_cycle_3/reward_factor_1_state_0/results/20260909T084527Z-64ab39a1/checkpoint_probes/steps_004233720/probe_battery.json,train_policy,/train_policy/factor_action_fractions/factor_2/0,0.1462
explore_cycle_3_factor_1,42,4233720,128,intermediate,20000,20000,experiments/strata_two_factor_explore_cycle_3/reward_factor_1_state_0/results/20260909T084527Z-64ab39a1/checkpoint_probes/steps_004233720/probe_battery.json,train_policy,/train_policy/factor_action_fractions/factor_2/1,0.18845
explore_cycle_3_factor_1,42,4233720,128,intermediate,20000,20000,experiments/strata_two_factor_explore_cycle_3/reward_factor_1_state_0/results/20260909T084527Z-64ab39a1/checkpoint_probes/steps_004233720/probe_battery.json,train_policy,/train_policy/factor_action_fractions/factor_2/2,0.66535
explore_cycle_3_factor_1,42,4233720,128,intermediate,20000,20000,experiments/strata_two_factor_explore_cycle_3/reward_factor_1_state_0/results/20260909T084527Z-64ab39a1/checkpoint_probes/steps_004233720/probe_battery.json,train_policy,/train_policy/factor_state_fractions/factor_1/0,0.7546
explore_cycle_3_factor_1,42,4233720,128,intermediate,20000,20000,experiments/strata_two_factor_explore_cycle_3/reward_factor_1_state_0/results/20260909T084527Z-64ab39a1/checkpoint_probes/steps_004233720/probe_battery.json,train_policy,/train_policy/factor_state_fractions/factor_1/1,0.12635
explore_cycle_3_factor_1,42,4233720,128,intermediate,20000,20000,experiments/strata_two_factor_explore_cycle_3/reward_factor_1_state_0/results/20260909T084527Z-64ab39a1/checkpoint_probes/steps_004233720/probe_battery.json,train_policy,/train_policy/factor_state_fractions/factor_1/2,0.11905
explore_cycle_3_factor_1,42,4233720,128,intermediate,20000,20000,experiments/strata_two_factor_explore_cycle_3/reward_factor_1_state_0/results/20260909T084527Z-64ab39a1/checkpoint_probes/steps_004233720/probe_battery.json,train_policy,/train_policy/factor_state_fractions/factor_2/0,0.3272
explore_cycle_3_factor_1,42,4233720,128,intermediate,20000,20000,experiments/strata_two_factor_explore_cycle_3/reward_factor_1_state_0/results/20260909T084527Z-64ab39a1/checkpoint_probes/steps_004233720/probe_battery.json,train_policy,/train_policy/factor_state_fractions/factor_2/1,0.33635
explore_cycle_3_factor_1,42,4233720,128,intermediate,20000,20000,experiments/strata_two_factor_explore_cycle_3/reward_factor_1_state_0/results/20260909T084527Z-64ab39a1/checkpoint_probes/steps_004233720/probe_battery.json,train_policy,/train_policy/factor_state_fractions/factor_2/2,0.33645
explore_cycle_3_factor_1,42,4233720,128,intermediate,20000,20000,experiments/strata_two_factor_explore_cycle_3/reward_factor_1_state_0/results/20260909T084527Z-64ab39a1/checkpoint_probes/steps_004233720/probe_battery.json,train_policy,/train_policy/joint_state_fractions/0,0.2479
explore_cycle_3_factor_1,42,4233720,128,intermediate,20000,20000,experiments/strata_two_factor_explore_cycle_3/reward_factor_1_state_0/results/20260909T084527Z-64ab39a1/checkpoint_probes/steps_004233720/probe_battery.json,train_policy,/train_policy/joint_state_fractions/1,0.25355
explore_cycle_3_factor_1,42,4233720,128,intermediate,20000,20000,experiments/strata_two_factor_explore_cycle_3/reward_factor_1_state_0/results/20260909T084527Z-64ab39a1/checkpoint_probes/steps_004233720/probe_battery.json,train_policy,/train_policy/joint_state_fractions/2,0.25315
explore_cycle_3_factor_1,42,4233720,128,intermediate,20000,20000,experiments/strata_two_factor_explore_cycle_3/reward_factor_1_state_0/results/20260909T084527Z-64ab39a1/checkpoint_probes/steps_004233720/probe_battery.json,train_policy,/train_policy/joint_state_fractions/3,0.04075
explore_cycle_3_factor_1,42,4233720,128,intermediate,20000,20000,experiments/strata_two_factor_explore_cycle_3/reward_factor_1_state_0/results/20260909T084527Z-64ab39a1/checkpoint_probes/steps_004233720/probe_battery.json,train_policy,/train_policy/joint_state_fractions/4,0.0426
explore_cycle_3_factor_1,42,4233720,128,intermediate,20000,20000,experiments/strata_two_factor_explore_cycle_3/reward_factor_1_state_0/results/20260909T084527Z-64ab39a1/checkpoint_probes/steps_004233720/probe_battery.json,train_policy,/train_policy/joint_state_fractions/5,0.043
explore_cycle_3_factor_1,42,4233720,128,intermediate,20000,20000,experiments/strata_two_factor_explore_cycle_3/reward_factor_1_state_0/results/20260909T084527Z-64ab39a1/checkpoint_probes/steps_004233720/probe_battery.json,train_policy,/train_policy/joint_state_fractions/6,0.03855
explore_cycle_3_factor_1,42,4233720,128,intermediate,20000,20000,experiments/strata_two_factor_explore_cycle_3/reward_factor_1_state_0/results/20260909T084527Z-64ab39a1/checkpoint_probes/steps_004233720/probe_battery.json,train_policy,/train_policy/joint_state_fractions/7,0.0402
explore_cycle_3_factor_1,42,4233720,128,intermediate,20000,20000,experiments/strata_two_factor_explore_cycle_3/reward_factor_1_state_0/results/20260909T084527Z-64ab39a1/checkpoint_probes/steps_004233720/probe_battery.json,train_policy,/train_policy/joint_state_fractions/8,0.0403
explore_cycle_3_factor_1,42,4233720,128,intermediate,20000,20000,experiments/strata_two_factor_explore_cycle_3/reward_factor_1_state_0/results/20260909T084527Z-64ab39a1/checkpoint_probes/steps_004233720/probe_battery.json,train_policy,/train_policy/mean_reward,0.7546
explore_cycle_3_factor_1,42,4233720,128,intermediate,20000,20000,experiments/strata_two_factor_explore_cycle_3/reward_factor_1_state_0/results/20260909T084527Z-64ab39a1/checkpoint_probes/steps_004233720/probe_battery.json,train_policy,/train_policy/mode,learned_stochastic
explore_cycle_3_factor_1,42,4233720,128,intermediate,20000,20000,experiments/strata_two_factor_explore_cycle_3/reward_factor_1_state_0/results/20260909T084527Z-64ab39a1/checkpoint_probes/steps_004233720/probe_battery.json,train_policy,/train_policy/temperature,1.5
explore_cycle_3_factor_1,42,8467762,256,intermediate,20000,20000,experiments/strata_two_factor_explore_cycle_3/reward_factor_1_state_0/results/20260909T084527Z-64ab39a1/checkpoint_probes/steps_008467762/probe_battery.json,policy,/policy/action_fractions/0,0.0022
explore_cycle_3_factor_1,42,8467762,256,intermediate,20000,20000,experiments/strata_two_factor_explore_cycle_3/reward_factor_1_state_0/results/20260909T084527Z-64ab39a1/checkpoint_probes/steps_008467762/probe_battery.json,policy,/policy/action_fractions/1,0.0043
explore_cycle_3_factor_1,42,8467762,256,intermediate,20000,20000,experiments/strata_two_factor_explore_cycle_3/reward_factor_1_state_0/results/20260909T084527Z-64ab39a1/checkpoint_probes/steps_008467762/probe_battery.json,policy,/policy/action_fractions/2,0.8911
explore_cycle_3_factor_1,42,8467762,256,intermediate,20000,20000,experiments/strata_two_factor_explore_cycle_3/reward_factor_1_state_0/results/20260909T084527Z-64ab39a1/checkpoint_probes/steps_008467762/probe_battery.json,policy,/policy/action_fractions/3,0.0001
explore_cycle_3_factor_1,42,8467762,256,intermediate,20000,20000,experiments/strata_two_factor_explore_cycle_3/reward_factor_1_state_0/results/20260909T084527Z-64ab39a1/checkpoint_probes/steps_008467762/probe_battery.json,policy,/policy/action_fractions/4,0.029
explore_cycle_3_factor_1,42,8467762,256,intermediate,20000,20000,experiments/strata_two_factor_explore_cycle_3/reward_factor_1_state_0/results/20260909T084527Z-64ab39a1/checkpoint_probes/steps_008467762/probe_battery.json,policy,/policy/action_fractions/5,0.0
explore_cycle_3_factor_1,42,8467762,256,intermediate,20000,20000,experiments/strata_two_factor_explore_cycle_3/reward_factor_1_state_0/results/20260909T084527Z-64ab39a1/checkpoint_probes/steps_008467762/probe_battery.json,policy,/policy/action_fractions/6,0.07325
explore_cycle_3_factor_1,42,8467762,256,intermediate,20000,20000,experiments/strata_two_factor_explore_cycle_3/reward_factor_1_state_0/results/20260909T084527Z-64ab39a1/checkpoint_probes/steps_008467762/probe_battery.json,policy,/policy/action_fractions/7,0.0
explore_cycle_3_factor_1,42,8467762,256,intermediate,20000,20000,experiments/strata_two_factor_explore_cycle_3/reward_factor_1_state_0/results/20260909T084527Z-64ab39a1/checkpoint_probes/steps_008467762/probe_battery.json,policy,/policy/action_fractions/8,5e-05
explore_cycle_3_factor_1,42,8467762,256,intermediate,20000,20000,experiments/strata_two_factor_explore_cycle_3/reward_factor_1_state_0/results/20260909T084527Z-64ab39a1/checkpoint_probes/steps_008467762/probe_battery.json,policy,/policy/factor_action_fractions/factor_1/0,0.8976
explore_cycle_3_factor_1,42,8467762,256,intermediate,20000,20000,experiments/strata_two_factor_explore_cycle_3/reward_factor_1_state_0/results/20260909T084527Z-64ab39a1/checkpoint_probes/steps_008467762/probe_battery.json,policy,/policy/factor_action_fractions/factor_1/1,0.0291
explore_cycle_3_factor_1,42,8467762,256,intermediate,20000,20000,experiments/strata_two_factor_explore_cycle_3/reward_factor_1_state_0/results/20260909T084527Z-64ab39a1/checkpoint_probes/steps_008467762/probe_battery.json,policy,/policy/factor_action_fractions/factor_1/2,0.0733
explore_cycle_3_factor_1,42,8467762,256,intermediate,20000,20000,experiments/strata_two_factor_explore_cycle_3/reward_factor_1_state_0/results/20260909T084527Z-64ab39a1/checkpoint_probes/steps_008467762/probe_battery.json,policy,/policy/factor_action_fractions/factor_2/0,0.07555
explore_cycle_3_factor_1,42,8467762,256,intermediate,20000,20000,experiments/strata_two_factor_explore_cycle_3/reward_factor_1_state_0/results/20260909T084527Z-64ab39a1/checkpoint_probes/steps_008467762/probe_battery.json,policy,/policy/factor_action_fractions/factor_2/1,0.0333
explore_cycle_3_factor_1,42,8467762,256,intermediate,20000,20000,experiments/strata_two_factor_explore_cycle_3/reward_factor_1_state_0/results/20260909T084527Z-64ab39a1/checkpoint_probes/steps_008467762/probe_battery.json,policy,/policy/factor_action_fractions/factor_2/2,0.89115
explore_cycle_3_factor_1,42,8467762,256,intermediate,20000,20000,experiments/strata_two_factor_explore_cycle_3/reward_factor_1_state_0/results/20260909T084527Z-64ab39a1/checkpoint_probes/steps_008467762/probe_battery.json,policy,/policy/factor_state_fractions/factor_1/0,0.764
explore_cycle_3_factor_1,42,8467762,256,intermediate,20000,20000,experiments/strata_two_factor_explore_cycle_3/reward_factor_1_state_0/results/20260909T084527Z-64ab39a1/checkpoint_probes/steps_008467762/probe_battery.json,policy,/policy/factor_state_fractions/factor_1/1,0.1312
explore_cycle_3_factor_1,42,8467762,256,intermediate,20000,20000,experiments/strata_two_factor_explore_cycle_3/reward_factor_1_state_0/results/20260909T084527Z-64ab39a1/checkpoint_probes/steps_008467762/probe_battery.json,policy,/policy/factor_state_fractions/factor_1/2,0.1048
explore_cycle_3_factor_1,42,8467762,256,intermediate,20000,20000,experiments/strata_two_factor_explore_cycle_3/reward_factor_1_state_0/results/20260909T084527Z-64ab39a1/checkpoint_probes/steps_008467762/probe_battery.json,policy,/policy/factor_state_fractions/factor_2/0,0.3306
explore_cycle_3_factor_1,42,8467762,256,intermediate,20000,20000,experiments/strata_two_factor_explore_cycle_3/reward_factor_1_state_0/results/20260909T084527Z-64ab39a1/checkpoint_probes/steps_008467762/probe_battery.json,policy,/policy/factor_state_fractions/factor_2/1,0.3363
explore_cycle_3_factor_1,42,8467762,256,intermediate,20000,20000,experiments/strata_two_factor_explore_cycle_3/reward_factor_1_state_0/results/20260909T084527Z-64ab39a1/checkpoint_probes/steps_008467762/probe_battery.json,policy,/policy/factor_state_fractions/factor_2/2,0.3331
explore_cycle_3_factor_1,42,8467762,256,intermediate,20000,20000,experiments/strata_two_factor_explore_cycle_3/reward_factor_1_state_0/results/20260909T084527Z-64ab39a1/checkpoint_probes/steps_008467762/probe_battery.json,policy,/policy/joint_state_fractions/0,0.25345
explore_cycle_3_factor_1,42,8467762,256,intermediate,20000,20000,experiments/strata_two_factor_explore_cycle_3/reward_factor_1_state_0/results/20260909T084527Z-64ab39a1/checkpoint_probes/steps_008467762/probe_battery.json,policy,/policy/joint_state_fractions/1,0.25585
explore_cycle_3_factor_1,42,8467762,256,intermediate,20000,20000,experiments/strata_two_factor_explore_cycle_3/reward_factor_1_state_0/results/20260909T084527Z-64ab39a1/checkpoint_probes/steps_008467762/probe_battery.json,policy,/policy/joint_state_fractions/2,0.2547
explore_cycle_3_factor_1,42,8467762,256,intermediate,20000,20000,experiments/strata_two_factor_explore_cycle_3/reward_factor_1_state_0/results/20260909T084527Z-64ab39a1/checkpoint_probes/steps_008467762/probe_battery.json,policy,/policy/joint_state_fractions/3,0.0427
explore_cycle_3_factor_1,42,8467762,256,intermediate,20000,20000,experiments/strata_two_factor_explore_cycle_3/reward_factor_1_state_0/results/20260909T084527Z-64ab39a1/checkpoint_probes/steps_008467762/probe_battery.json,policy,/policy/joint_state_fractions/4,0.04535
explore_cycle_3_factor_1,42,8467762,256,intermediate,20000,20000,experiments/strata_two_factor_explore_cycle_3/reward_factor_1_state_0/results/20260909T084527Z-64ab39a1/checkpoint_probes/steps_008467762/probe_battery.json,policy,/policy/joint_state_fractions/5,0.04315
explore_cycle_3_factor_1,42,8467762,256,intermediate,20000,20000,experiments/strata_two_factor_explore_cycle_3/reward_factor_1_state_0/results/20260909T084527Z-64ab39a1/checkpoint_probes/steps_008467762/probe_battery.json,policy,/policy/joint_state_fractions/6,0.03445
explore_cycle_3_factor_1,42,8467762,256,intermediate,20000,20000,experiments/strata_two_factor_explore_cycle_3/reward_factor_1_state_0/results/20260909T084527Z-64ab39a1/checkpoint_probes/steps_008467762/probe_battery.json,policy,/policy/joint_state_fractions/7,0.0351
explore_cycle_3_factor_1,42,8467762,256,intermediate,20000,20000,experiments/strata_two_factor_explore_cycle_3/reward_factor_1_state_0/results/20260909T084527Z-64ab39a1/checkpoint_probes/steps_008467762/probe_battery.json,policy,/policy/joint_state_fractions/8,0.03525
explore_cycle_3_factor_1,42,8467762,256,intermediate,20000,20000,experiments/strata_two_factor_explore_cycle_3/reward_factor_1_state_0/results/20260909T084527Z-64ab39a1/checkpoint_probes/steps_008467762/probe_battery.json,policy,/policy/mean_reward,0.7641
explore_cycle_3_factor_1,42,8467762,256,intermediate,20000,20000,experiments/strata_two_factor_explore_cycle_3/reward_factor_1_state_0/results/20260909T084527Z-64ab39a1/checkpoint_probes/steps_008467762/probe_battery.json,policy,/policy/mode,learned_stochastic
explore_cycle_3_factor_1,42,8467762,256,intermediate,20000,20000,experiments/strata_two_factor_explore_cycle_3/reward_factor_1_state_0/results/20260909T084527Z-64ab39a1/checkpoint_probes/steps_008467762/probe_battery.json,policy,/policy/temperature,1.5
explore_cycle_3_factor_1,42,8467762,256,intermediate,20000,20000,experiments/strata_two_factor_explore_cycle_3/reward_factor_1_state_0/results/20260909T084527Z-64ab39a1/checkpoint_probes/steps_008467762/probe_battery.json,train_policy,/train_policy/action_fractions/0,0.0021
explore_cycle_3_factor_1,42,8467762,256,intermediate,20000,20000,experiments/strata_two_factor_explore_cycle_3/reward_factor_1_state_0/results/20260909T084527Z-64ab39a1/checkpoint_probes/steps_008467762/probe_battery.json,train_policy,/train_policy/action_fractions/1,0.0043
explore_cycle_3_factor_1,42,8467762,256,intermediate,20000,20000,experiments/strata_two_factor_explore_cycle_3/reward_factor_1_state_0/results/20260909T084527Z-64ab39a1/checkpoint_probes/steps_008467762/probe_battery.json,train_policy,/train_policy/action_fractions/2,0.8875
explore_cycle_3_factor_1,42,8467762,256,intermediate,20000,20000,experiments/strata_two_factor_explore_cycle_3/reward_factor_1_state_0/results/20260909T084527Z-64ab39a1/checkpoint_probes/steps_008467762/probe_battery.json,train_policy,/train_policy/action_fractions/3,0.0
explore_cycle_3_factor_1,42,8467762,256,intermediate,20000,20000,experiments/strata_two_factor_explore_cycle_3/reward_factor_1_state_0/results/20260909T084527Z-64ab39a1/checkpoint_probes/steps_008467762/probe_battery.json,train_policy,/train_policy/action_fractions/4,0.0295
explore_cycle_3_factor_1,42,8467762,256,intermediate,20000,20000,experiments/strata_two_factor_explore_cycle_3/reward_factor_1_state_0/results/20260909T084527Z-64ab39a1/checkpoint_probes/steps_008467762/probe_battery.json,train_policy,/train_policy/action_fractions/5,0.0
explore_cycle_3_factor_1,42,8467762,256,intermediate,20000,20000,experiments/strata_two_factor_explore_cycle_3/reward_factor_1_state_0/results/20260909T084527Z-64ab39a1/checkpoint_probes/steps_008467762/probe_battery.json,train_policy,/train_policy/action_fractions/6,0.0766
explore_cycle_3_factor_1,42,8467762,256,intermediate,20000,20000,experiments/strata_two_factor_explore_cycle_3/reward_factor_1_state_0/results/20260909T084527Z-64ab39a1/checkpoint_probes/steps_008467762/probe_battery.json,train_policy,/train_policy/action_fractions/7,0.0
explore_cycle_3_factor_1,42,8467762,256,intermediate,20000,20000,experiments/strata_two_factor_explore_cycle_3/reward_factor_1_state_0/results/20260909T084527Z-64ab39a1/checkpoint_probes/steps_008467762/probe_battery.json,train_policy,/train_policy/action_fractions/8,0.0
explore_cycle_3_factor_1,42,8467762,256,intermediate,20000,20000,experiments/strata_two_factor_explore_cycle_3/reward_factor_1_state_0/results/20260909T084527Z-64ab39a1/checkpoint_probes/steps_008467762/probe_battery.json,train_policy,/train_policy/factor_action_fractions/factor_1/0,0.8939
explore_cycle_3_factor_1,42,8467762,256,intermediate,20000,20000,experiments/strata_two_factor_explore_cycle_3/reward_factor_1_state_0/results/20260909T084527Z-64ab39a1/checkpoint_probes/steps_008467762/probe_battery.json,train_policy,/train_policy/factor_action_fractions/factor_1/1,0.0295
explore_cycle_3_factor_1,42,8467762,256,intermediate,20000,20000,experiments/strata_two_factor_explore_cycle_3/reward_factor_1_state_0/results/20260909T084527Z-64ab39a1/checkpoint_probes/steps_008467762/probe_battery.json,train_policy,/train_policy/factor_action_fractions/factor_1/2,0.0766
explore_cycle_3_factor_1,42,8467762,256,intermediate,20000,20000,experiments/strata_two_factor_explore_cycle_3/reward_factor_1_state_0/results/20260909T084527Z-64ab39a1/checkpoint_probes/steps_008467762/probe_battery.json,train_policy,/train_policy/factor_action_fractions/factor_2/0,0.0787
explore_cycle_3_factor_1,42,8467762,256,intermediate,20000,20000,experiments/strata_two_factor_explore_cycle_3/reward_factor_1_state_0/results/20260909T084527Z-64ab39a1/checkpoint_probes/steps_008467762/probe_battery.json,train_policy,/train_policy/factor_action_fractions/factor_2/1,0.0338
explore_cycle_3_factor_1,42,8467762,256,intermediate,20000,20000,experiments/strata_two_factor_explore_cycle_3/reward_factor_1_state_0/results/20260909T084527Z-64ab39a1/checkpoint_probes/steps_008467762/probe_battery.json,train_policy,/train_policy/factor_action_fractions/factor_2/2,0.8875
explore_cycle_3_factor_1,42,8467762,256,intermediate,20000,20000,experiments/strata_two_factor_explore_cycle_3/reward_factor_1_state_0/results/20260909T084527Z-64ab39a1/checkpoint_probes/steps_008467762/probe_battery.json,train_policy,/train_policy/factor_state_fractions/factor_1/0,0.76365
explore_cycle_3_factor_1,42,8467762,256,intermediate,20000,20000,experiments/strata_two_factor_explore_cycle_3/reward_factor_1_state_0/results/20260909T084527Z-64ab39a1/checkpoint_probes/steps_008467762/probe_battery.json,train_policy,/train_policy/factor_state_fractions/factor_1/1,0.12205
explore_cycle_3_factor_1,42,8467762,256,intermediate,20000,20000,experiments/strata_two_factor_explore_cycle_3/reward_factor_1_state_0/results/20260909T084527Z-64ab39a1/checkpoint_probes/steps_008467762/probe_battery.json,train_policy,/train_policy/factor_state_fractions/factor_1/2,0.1143
explore_cycle_3_factor_1,42,8467762,256,intermediate,20000,20000,experiments/strata_two_factor_explore_cycle_3/reward_factor_1_state_0/results/20260909T084527Z-64ab39a1/checkpoint_probes/steps_008467762/probe_battery.json,train_policy,/train_policy/factor_state_fractions/factor_2/0,0.3334
explore_cycle_3_factor_1,42,8467762,256,intermediate,20000,20000,experiments/strata_two_factor_explore_cycle_3/reward_factor_1_state_0/results/20260909T084527Z-64ab39a1/checkpoint_probes/steps_008467762/probe_battery.json,train_policy,/train_policy/factor_state_fractions/factor_2/1,0.33155
explore_cycle_3_factor_1,42,8467762,256,intermediate,20000,20000,experiments/strata_two_factor_explore_cycle_3/reward_factor_1_state_0/results/20260909T084527Z-64ab39a1/checkpoint_probes/steps_008467762/probe_battery.json,train_policy,/train_policy/factor_state_fractions/factor_2/2,0.33505
explore_cycle_3_factor_1,42,8467762,256,intermediate,20000,20000,experiments/strata_two_factor_explore_cycle_3/reward_factor_1_state_0/results/20260909T084527Z-64ab39a1/checkpoint_probes/steps_008467762/probe_battery.json,train_policy,/train_policy/joint_state_fractions/0,0.2543
explore_cycle_3_factor_1,42,8467762,256,intermediate,20000,20000,experiments/strata_two_factor_explore_cycle_3/reward_factor_1_state_0/results/20260909T084527Z-64ab39a1/checkpoint_probes/steps_008467762/probe_battery.json,train_policy,/train_policy/joint_state_fractions/1,0.2538
explore_cycle_3_factor_1,42,8467762,256,intermediate,20000,20000,experiments/strata_two_factor_explore_cycle_3/reward_factor_1_state_0/results/20260909T084527Z-64ab39a1/checkpoint_probes/steps_008467762/probe_battery.json,train_policy,/train_policy/joint_state_fractions/2,0.25555
explore_cycle_3_factor_1,42,8467762,256,intermediate,20000,20000,experiments/strata_two_factor_explore_cycle_3/reward_factor_1_state_0/results/20260909T084527Z-64ab39a1/checkpoint_probes/steps_008467762/probe_battery.json,train_policy,/train_policy/joint_state_fractions/3,0.04115
explore_cycle_3_factor_1,42,8467762,256,intermediate,20000,20000,experiments/strata_two_factor_explore_cycle_3/reward_factor_1_state_0/results/20260909T084527Z-64ab39a1/checkpoint_probes/steps_008467762/probe_battery.json,train_policy,/train_policy/joint_state_fractions/4,0.0403
explore_cycle_3_factor_1,42,8467762,256,intermediate,20000,20000,experiments/strata_two_factor_explore_cycle_3/reward_factor_1_state_0/results/20260909T084527Z-64ab39a1/checkpoint_probes/steps_008467762/probe_battery.json,train_policy,/train_policy/joint_state_fractions/5,0.0406
explore_cycle_3_factor_1,42,8467762,256,intermediate,20000,20000,experiments/strata_two_factor_explore_cycle_3/reward_factor_1_state_0/results/20260909T084527Z-64ab39a1/checkpoint_probes/steps_008467762/probe_battery.json,train_policy,/train_policy/joint_state_fractions/6,0.03795
explore_cycle_3_factor_1,42,8467762,256,intermediate,20000,20000,experiments/strata_two_factor_explore_cycle_3/reward_factor_1_state_0/results/20260909T084527Z-64ab39a1/checkpoint_probes/steps_008467762/probe_battery.json,train_policy,/train_policy/joint_state_fractions/7,0.03745
explore_cycle_3_factor_1,42,8467762,256,intermediate,20000,20000,experiments/strata_two_factor_explore_cycle_3/reward_factor_1_state_0/results/20260909T084527Z-64ab39a1/checkpoint_probes/steps_008467762/probe_battery.json,train_policy,/train_policy/joint_state_fractions/8,0.0389
explore_cycle_3_factor_1,42,8467762,256,intermediate,20000,20000,experiments/strata_two_factor_explore_cycle_3/reward_factor_1_state_0/results/20260909T084527Z-64ab39a1/checkpoint_probes/steps_008467762/probe_battery.json,train_policy,/train_policy/mean_reward,0.76355
explore_cycle_3_factor_1,42,8467762,256,intermediate,20000,20000,experiments/strata_two_factor_explore_cycle_3/reward_factor_1_state_0/results/20260909T084527Z-64ab39a1/checkpoint_probes/steps_008467762/probe_battery.json,train_policy,/train_policy/mode,learned_stochastic
explore_cycle_3_factor_1,42,8467762,256,intermediate,20000,20000,experiments/strata_two_factor_explore_cycle_3/reward_factor_1_state_0/results/20260909T084527Z-64ab39a1/checkpoint_probes/steps_008467762/probe_battery.json,train_policy,/train_policy/temperature,1.5
explore_cycle_3_factor_1,42,16935407,512,intermediate,20000,20000,experiments/strata_two_factor_explore_cycle_3/reward_factor_1_state_0/results/20260909T084527Z-64ab39a1/checkpoint_probes/steps_016935407/probe_battery.json,policy,/policy/action_fractions/0,5e-05
explore_cycle_3_factor_1,42,16935407,512,intermediate,20000,20000,experiments/strata_two_factor_explore_cycle_3/reward_factor_1_state_0/results/20260909T084527Z-64ab39a1/checkpoint_probes/steps_016935407/probe_battery.json,policy,/policy/action_fractions/1,0.00025
explore_cycle_3_factor_1,42,16935407,512,intermediate,20000,20000,experiments/strata_two_factor_explore_cycle_3/reward_factor_1_state_0/results/20260909T084527Z-64ab39a1/checkpoint_probes/steps_016935407/probe_battery.json,policy,/policy/action_fractions/2,0.93565
explore_cycle_3_factor_1,42,16935407,512,intermediate,20000,20000,experiments/strata_two_factor_explore_cycle_3/reward_factor_1_state_0/results/20260909T084527Z-64ab39a1/checkpoint_probes/steps_016935407/probe_battery.json,policy,/policy/action_fractions/3,0.0
explore_cycle_3_factor_1,42,16935407,512,intermediate,20000,20000,experiments/strata_two_factor_explore_cycle_3/reward_factor_1_state_0/results/20260909T084527Z-64ab39a1/checkpoint_probes/steps_016935407/probe_battery.json,policy,/policy/action_fractions/4,0.0187
explore_cycle_3_factor_1,42,16935407,512,intermediate,20000,20000,experiments/strata_two_factor_explore_cycle_3/reward_factor_1_state_0/results/20260909T084527Z-64ab39a1/checkpoint_probes/steps_016935407/probe_battery.json,policy,/policy/action_fractions/5,0.0002
explore_cycle_3_factor_1,42,16935407,512,intermediate,20000,20000,experiments/strata_two_factor_explore_cycle_3/reward_factor_1_state_0/results/20260909T084527Z-64ab39a1/checkpoint_probes/steps_016935407/probe_battery.json,policy,/policy/action_fractions/6,0.0451
explore_cycle_3_factor_1,42,16935407,512,intermediate,20000,20000,experiments/strata_two_factor_explore_cycle_3/reward_factor_1_state_0/results/20260909T084527Z-64ab39a1/checkpoint_probes/steps_016935407/probe_battery.json,policy,/policy/action_fractions/7,0.0
explore_cycle_3_factor_1,42,16935407,512,intermediate,20000,20000,experiments/strata_two_factor_explore_cycle_3/reward_factor_1_state_0/results/20260909T084527Z-64ab39a1/checkpoint_probes/steps_016935407/probe_battery.json,policy,/policy/action_fractions/8,5e-05
explore_cycle_3_factor_1,42,16935407,512,intermediate,20000,20000,experiments/strata_two_factor_explore_cycle_3/reward_factor_1_state_0/results/20260909T084527Z-64ab39a1/checkpoint_probes/steps_016935407/probe_battery.json,policy,/policy/factor_action_fractions/factor_1/0,0.93595
explore_cycle_3_factor_1,42,16935407,512,intermediate,20000,20000,experiments/strata_two_factor_explore_cycle_3/reward_factor_1_state_0/results/20260909T084527Z-64ab39a1/checkpoint_probes/steps_016935407/probe_battery.json,policy,/policy/factor_action_fractions/factor_1/1,0.0189
explore_cycle_3_factor_1,42,16935407,512,intermediate,20000,20000,experiments/strata_two_factor_explore_cycle_3/reward_factor_1_state_0/results/20260909T084527Z-64ab39a1/checkpoint_probes/steps_016935407/probe_battery.json,policy,/policy/factor_action_fractions/factor_1/2,0.04515
explore_cycle_3_factor_1,42,16935407,512,intermediate,20000,20000,experiments/strata_two_factor_explore_cycle_3/reward_factor_1_state_0/results/20260909T084527Z-64ab39a1/checkpoint_probes/steps_016935407/probe_battery.json,policy,/policy/factor_action_fractions/factor_2/0,0.04515
explore_cycle_3_factor_1,42,16935407,512,intermediate,20000,20000,experiments/strata_two_factor_explore_cycle_3/reward_factor_1_state_0/results/20260909T084527Z-64ab39a1/checkpoint_probes/steps_016935407/probe_battery.json,policy,/policy/factor_action_fractions/factor_2/1,0.01895
explore_cycle_3_factor_1,42,16935407,512,intermediate,20000,20000,experiments/strata_two_factor_explore_cycle_3/reward_factor_1_state_0/results/20260909T084527Z-64ab39a1/checkpoint_probes/steps_016935407/probe_battery.json,policy,/policy/factor_action_fractions/factor_2/2,0.9359
explore_cycle_3_factor_1,42,16935407,512,intermediate,20000,20000,experiments/strata_two_factor_explore_cycle_3/reward_factor_1_state_0/results/20260909T084527Z-64ab39a1/checkpoint_probes/steps_016935407/probe_battery.json,policy,/policy/factor_state_fractions/factor_1/0,0.77615
explore_cycle_3_factor_1,42,16935407,512,intermediate,20000,20000,experiments/strata_two_factor_explore_cycle_3/reward_factor_1_state_0/results/20260909T084527Z-64ab39a1/checkpoint_probes/steps_016935407/probe_battery.json,policy,/policy/factor_state_fractions/factor_1/1,0.114
explore_cycle_3_factor_1,42,16935407,512,intermediate,20000,20000,experiments/strata_two_factor_explore_cycle_3/reward_factor_1_state_0/results/20260909T084527Z-64ab39a1/checkpoint_probes/steps_016935407/probe_battery.json,policy,/policy/factor_state_fractions/factor_1/2,0.10985
explore_cycle_3_factor_1,42,16935407,512,intermediate,20000,20000,experiments/strata_two_factor_explore_cycle_3/reward_factor_1_state_0/results/20260909T084527Z-64ab39a1/checkpoint_probes/steps_016935407/probe_battery.json,policy,/policy/factor_state_fractions/factor_2/0,0.33325
explore_cycle_3_factor_1,42,16935407,512,intermediate,20000,20000,experiments/strata_two_factor_explore_cycle_3/reward_factor_1_state_0/results/20260909T084527Z-64ab39a1/checkpoint_probes/steps_016935407/probe_battery.json,policy,/policy/factor_state_fractions/factor_2/1,0.33205
explore_cycle_3_factor_1,42,16935407,512,intermediate,20000,20000,experiments/strata_two_factor_explore_cycle_3/reward_factor_1_state_0/results/20260909T084527Z-64ab39a1/checkpoint_probes/steps_016935407/probe_battery.json,policy,/policy/factor_state_fractions/factor_2/2,0.3347
explore_cycle_3_factor_1,42,16935407,512,intermediate,20000,20000,experiments/strata_two_factor_explore_cycle_3/reward_factor_1_state_0/results/20260909T084527Z-64ab39a1/checkpoint_probes/steps_016935407/probe_battery.json,policy,/policy/joint_state_fractions/0,0.2587
explore_cycle_3_factor_1,42,16935407,512,intermediate,20000,20000,experiments/strata_two_factor_explore_cycle_3/reward_factor_1_state_0/results/20260909T084527Z-64ab39a1/checkpoint_probes/steps_016935407/probe_battery.json,policy,/policy/joint_state_fractions/1,0.2577
explore_cycle_3_factor_1,42,16935407,512,intermediate,20000,20000,experiments/strata_two_factor_explore_cycle_3/reward_factor_1_state_0/results/20260909T084527Z-64ab39a1/checkpoint_probes/steps_016935407/probe_battery.json,policy,/policy/joint_state_fractions/2,0.25975
explore_cycle_3_factor_1,42,16935407,512,intermediate,20000,20000,experiments/strata_two_factor_explore_cycle_3/reward_factor_1_state_0/results/20260909T084527Z-64ab39a1/checkpoint_probes/steps_016935407/probe_battery.json,policy,/policy/joint_state_fractions/3,0.0377
explore_cycle_3_factor_1,42,16935407,512,intermediate,20000,20000,experiments/strata_two_factor_explore_cycle_3/reward_factor_1_state_0/results/20260909T084527Z-64ab39a1/checkpoint_probes/steps_016935407/probe_battery.json,policy,/policy/joint_state_fractions/4,0.03845
explore_cycle_3_factor_1,42,16935407,512,intermediate,20000,20000,experiments/strata_two_factor_explore_cycle_3/reward_factor_1_state_0/results/20260909T084527Z-64ab39a1/checkpoint_probes/steps_016935407/probe_battery.json,policy,/policy/joint_state_fractions/5,0.03785
explore_cycle_3_factor_1,42,16935407,512,intermediate,20000,20000,experiments/strata_two_factor_explore_cycle_3/reward_factor_1_state_0/results/20260909T084527Z-64ab39a1/checkpoint_probes/steps_016935407/probe_battery.json,policy,/policy/joint_state_fractions/6,0.03685
explore_cycle_3_factor_1,42,16935407,512,intermediate,20000,20000,experiments/strata_two_factor_explore_cycle_3/reward_factor_1_state_0/results/20260909T084527Z-64ab39a1/checkpoint_probes/steps_016935407/probe_battery.json,policy,/policy/joint_state_fractions/7,0.0359
explore_cycle_3_factor_1,42,16935407,512,intermediate,20000,20000,experiments/strata_two_factor_explore_cycle_3/reward_factor_1_state_0/results/20260909T084527Z-64ab39a1/checkpoint_probes/steps_016935407/probe_battery.json,policy,/policy/joint_state_fractions/8,0.0371
explore_cycle_3_factor_1,42,16935407,512,intermediate,20000,20000,experiments/strata_two_factor_explore_cycle_3/reward_factor_1_state_0/results/20260909T084527Z-64ab39a1/checkpoint_probes/steps_016935407/probe_battery.json,policy,/policy/mean_reward,0.776
explore_cycle_3_factor_1,42,16935407,512,intermediate,20000,20000,experiments/strata_two_factor_explore_cycle_3/reward_factor_1_state_0/results/20260909T084527Z-64ab39a1/checkpoint_probes/steps_016935407/probe_battery.json,policy,/policy/mode,learned_stochastic
explore_cycle_3_factor_1,42,16935407,512,intermediate,20000,20000,experiments/strata_two_factor_explore_cycle_3/reward_factor_1_state_0/results/20260909T084527Z-64ab39a1/checkpoint_probes/steps_016935407/probe_battery.json,policy,/policy/temperature,1.5
explore_cycle_3_factor_1,42,16935407,512,intermediate,20000,20000,experiments/strata_two_factor_explore_cycle_3/reward_factor_1_state_0/results/20260909T084527Z-64ab39a1/checkpoint_probes/steps_016935407/probe_battery.json,train_policy,/train_policy/action_fractions/0,0.0001
explore_cycle_3_factor_1,42,16935407,512,intermediate,20000,20000,experiments/strata_two_factor_explore_cycle_3/reward_factor_1_state_0/results/20260909T084527Z-64ab39a1/checkpoint_probes/steps_016935407/probe_battery.json,train_policy,/train_policy/action_fractions/1,0.0003
explore_cycle_3_factor_1,42,16935407,512,intermediate,20000,20000,experiments/strata_two_factor_explore_cycle_3/reward_factor_1_state_0/results/20260909T084527Z-64ab39a1/checkpoint_probes/steps_016935407/probe_battery.json,train_policy,/train_policy/action_fractions/2,0.93635
explore_cycle_3_factor_1,42,16935407,512,intermediate,20000,20000,experiments/strata_two_factor_explore_cycle_3/reward_factor_1_state_0/results/20260909T084527Z-64ab39a1/checkpoint_probes/steps_016935407/probe_battery.json,train_policy,/train_policy/action_fractions/3,0.0
explore_cycle_3_factor_1,42,16935407,512,intermediate,20000,20000,experiments/strata_two_factor_explore_cycle_3/reward_factor_1_state_0/results/20260909T084527Z-64ab39a1/checkpoint_probes/steps_016935407/probe_battery.json,train_policy,/train_policy/action_fractions/4,0.0189
explore_cycle_3_factor_1,42,16935407,512,intermediate,20000,20000,experiments/strata_two_factor_explore_cycle_3/reward_factor_1_state_0/results/20260909T084527Z-64ab39a1/checkpoint_probes/steps_016935407/probe_battery.json,train_policy,/train_policy/action_fractions/5,0.00015
explore_cycle_3_factor_1,42,16935407,512,intermediate,20000,20000,experiments/strata_two_factor_explore_cycle_3/reward_factor_1_state_0/results/20260909T084527Z-64ab39a1/checkpoint_probes/steps_016935407/probe_battery.json,train_policy,/train_policy/action_fractions/6,0.0442
explore_cycle_3_factor_1,42,16935407,512,intermediate,20000,20000,experiments/strata_two_factor_explore_cycle_3/reward_factor_1_state_0/results/20260909T084527Z-64ab39a1/checkpoint_probes/steps_016935407/probe_battery.json,train_policy,/train_policy/action_fractions/7,0.0
explore_cycle_3_factor_1,42,16935407,512,intermediate,20000,20000,experiments/strata_two_factor_explore_cycle_3/reward_factor_1_state_0/results/20260909T084527Z-64ab39a1/checkpoint_probes/steps_016935407/probe_battery.json,train_policy,/train_policy/action_fractions/8,0.0
explore_cycle_3_factor_1,42,16935407,512,intermediate,20000,20000,experiments/strata_two_factor_explore_cycle_3/reward_factor_1_state_0/results/20260909T084527Z-64ab39a1/checkpoint_probes/steps_016935407/probe_battery.json,train_policy,/train_policy/factor_action_fractions/factor_1/0,0.93675
explore_cycle_3_factor_1,42,16935407,512,intermediate,20000,20000,experiments/strata_two_factor_explore_cycle_3/reward_factor_1_state_0/results/20260909T084527Z-64ab39a1/checkpoint_probes/steps_016935407/probe_battery.json,train_policy,/train_policy/factor_action_fractions/factor_1/1,0.01905
explore_cycle_3_factor_1,42,16935407,512,intermediate,20000,20000,experiments/strata_two_factor_explore_cycle_3/reward_factor_1_state_0/results/20260909T084527Z-64ab39a1/checkpoint_probes/steps_016935407/probe_battery.json,train_policy,/train_policy/factor_action_fractions/factor_1/2,0.0442
explore_cycle_3_factor_1,42,16935407,512,intermediate,20000,20000,experiments/strata_two_factor_explore_cycle_3/reward_factor_1_state_0/results/20260909T084527Z-64ab39a1/checkpoint_probes/steps_016935407/probe_battery.json,train_policy,/train_policy/factor_action_fractions/factor_2/0,0.0443
explore_cycle_3_factor_1,42,16935407,512,intermediate,20000,20000,experiments/strata_two_factor_explore_cycle_3/reward_factor_1_state_0/results/20260909T084527Z-64ab39a1/checkpoint_probes/steps_016935407/probe_battery.json,train_policy,/train_policy/factor_action_fractions/factor_2/1,0.0192
explore_cycle_3_factor_1,42,16935407,512,intermediate,20000,20000,experiments/strata_two_factor_explore_cycle_3/reward_factor_1_state_0/results/20260909T084527Z-64ab39a1/checkpoint_probes/steps_016935407/probe_battery.json,train_policy,/train_policy/factor_action_fractions/factor_2/2,0.9365
explore_cycle_3_factor_1,42,16935407,512,intermediate,20000,20000,experiments/strata_two_factor_explore_cycle_3/reward_factor_1_state_0/results/20260909T084527Z-64ab39a1/checkpoint_probes/steps_016935407/probe_battery.json,train_policy,/train_policy/factor_state_fractions/factor_1/0,0.78195
explore_cycle_3_factor_1,42,16935407,512,intermediate,20000,20000,experiments/strata_two_factor_explore_cycle_3/reward_factor_1_state_0/results/20260909T084527Z-64ab39a1/checkpoint_probes/steps_016935407/probe_battery.json,train_policy,/train_policy/factor_state_fractions/factor_1/1,0.1026
explore_cycle_3_factor_1,42,16935407,512,intermediate,20000,20000,experiments/strata_two_factor_explore_cycle_3/reward_factor_1_state_0/results/20260909T084527Z-64ab39a1/checkpoint_probes/steps_016935407/probe_battery.json,train_policy,/train_policy/factor_state_fractions/factor_1/2,0.11545
explore_cycle_3_factor_1,42,16935407,512,intermediate,20000,20000,experiments/strata_two_factor_explore_cycle_3/reward_factor_1_state_0/results/20260909T084527Z-64ab39a1/checkpoint_probes/steps_016935407/probe_battery.json,train_policy,/train_policy/factor_state_fractions/factor_2/0,0.33215
explore_cycle_3_factor_1,42,16935407,512,intermediate,20000,20000,experiments/strata_two_factor_explore_cycle_3/reward_factor_1_state_0/results/20260909T084527Z-64ab39a1/checkpoint_probes/steps_016935407/probe_battery.json,train_policy,/train_policy/factor_state_fractions/factor_2/1,0.33325
explore_cycle_3_factor_1,42,16935407,512,intermediate,20000,20000,experiments/strata_two_factor_explore_cycle_3/reward_factor_1_state_0/results/20260909T084527Z-64ab39a1/checkpoint_probes/steps_016935407/probe_battery.json,train_policy,/train_policy/factor_state_fractions/factor_2/2,0.3346
explore_cycle_3_factor_1,42,16935407,512,intermediate,20000,20000,experiments/strata_two_factor_explore_cycle_3/reward_factor_1_state_0/results/20260909T084527Z-64ab39a1/checkpoint_probes/steps_016935407/probe_battery.json,train_policy,/train_policy/joint_state_fractions/0,0.2603
explore_cycle_3_factor_1,42,16935407,512,intermediate,20000,20000,experiments/strata_two_factor_explore_cycle_3/reward_factor_1_state_0/results/20260909T084527Z-64ab39a1/checkpoint_probes/steps_016935407/probe_battery.json,train_policy,/train_policy/joint_state_fractions/1,0.26085
explore_cycle_3_factor_1,42,16935407,512,intermediate,20000,20000,experiments/strata_two_factor_explore_cycle_3/reward_factor_1_state_0/results/20260909T084527Z-64ab39a1/checkpoint_probes/steps_016935407/probe_battery.json,train_policy,/train_policy/joint_state_fractions/2,0.2608
explore_cycle_3_factor_1,42,16935407,512,intermediate,20000,20000,experiments/strata_two_factor_explore_cycle_3/reward_factor_1_state_0/results/20260909T084527Z-64ab39a1/checkpoint_probes/steps_016935407/probe_battery.json,train_policy,/train_policy/joint_state_fractions/3,0.03365
explore_cycle_3_factor_1,42,16935407,512,intermediate,20000,20000,experiments/strata_two_factor_explore_cycle_3/reward_factor_1_state_0/results/20260909T084527Z-64ab39a1/checkpoint_probes/steps_016935407/probe_battery.json,train_policy,/train_policy/joint_state_fractions/4,0.0344
explore_cycle_3_factor_1,42,16935407,512,intermediate,20000,20000,experiments/strata_two_factor_explore_cycle_3/reward_factor_1_state_0/results/20260909T084527Z-64ab39a1/checkpoint_probes/steps_016935407/probe_battery.json,train_policy,/train_policy/joint_state_fractions/5,0.03455
explore_cycle_3_factor_1,42,16935407,512,intermediate,20000,20000,experiments/strata_two_factor_explore_cycle_3/reward_factor_1_state_0/results/20260909T084527Z-64ab39a1/checkpoint_probes/steps_016935407/probe_battery.json,train_policy,/train_policy/joint_state_fractions/6,0.0382
explore_cycle_3_factor_1,42,16935407,512,intermediate,20000,20000,experiments/strata_two_factor_explore_cycle_3/reward_factor_1_state_0/results/20260909T084527Z-64ab39a1/checkpoint_probes/steps_016935407/probe_battery.json,train_policy,/train_policy/joint_state_fractions/7,0.038
explore_cycle_3_factor_1,42,16935407,512,intermediate,20000,20000,experiments/strata_two_factor_explore_cycle_3/reward_factor_1_state_0/results/20260909T084527Z-64ab39a1/checkpoint_probes/steps_016935407/probe_battery.json,train_policy,/train_policy/joint_state_fractions/8,0.03925
explore_cycle_3_factor_1,42,16935407,512,intermediate,20000,20000,experiments/strata_two_factor_explore_cycle_3/reward_factor_1_state_0/results/20260909T084527Z-64ab39a1/checkpoint_probes/steps_016935407/probe_battery.json,train_policy,/train_policy/mean_reward,0.78185
explore_cycle_3_factor_1,42,16935407,512,intermediate,20000,20000,experiments/strata_two_factor_explore_cycle_3/reward_factor_1_state_0/results/20260909T084527Z-64ab39a1/checkpoint_probes/steps_016935407/probe_battery.json,train_policy,/train_policy/mode,learned_stochastic
explore_cycle_3_factor_1,42,16935407,512,intermediate,20000,20000,experiments/strata_two_factor_explore_cycle_3/reward_factor_1_state_0/results/20260909T084527Z-64ab39a1/checkpoint_probes/steps_016935407/probe_battery.json,train_policy,/train_policy/temperature,1.5
explore_cycle_3_factor_1,42,30001054,907,final,20000,20000,experiments/strata_two_factor_explore_cycle_3/reward_factor_1_state_0/results/20260909T084527Z-64ab39a1/checkpoint_probes/steps_030001054/probe_battery.json,policy,/policy/action_fractions/0,0.0
explore_cycle_3_factor_1,42,30001054,907,final,20000,20000,experiments/strata_two_factor_explore_cycle_3/reward_factor_1_state_0/results/20260909T084527Z-64ab39a1/checkpoint_probes/steps_030001054/probe_battery.json,policy,/policy/action_fractions/1,0.0
explore_cycle_3_factor_1,42,30001054,907,final,20000,20000,experiments/strata_two_factor_explore_cycle_3/reward_factor_1_state_0/results/20260909T084527Z-64ab39a1/checkpoint_probes/steps_030001054/probe_battery.json,policy,/policy/action_fractions/2,0.0
explore_cycle_3_factor_1,42,30001054,907,final,20000,20000,experiments/strata_two_factor_explore_cycle_3/reward_factor_1_state_0/results/20260909T084527Z-64ab39a1/checkpoint_probes/steps_030001054/probe_battery.json,policy,/policy/action_fractions/3,0.0
explore_cycle_3_factor_1,42,30001054,907,final,20000,20000,experiments/strata_two_factor_explore_cycle_3/reward_factor_1_state_0/results/20260909T084527Z-64ab39a1/checkpoint_probes/steps_030001054/probe_battery.json,policy,/policy/action_fractions/4,0.0
explore_cycle_3_factor_1,42,30001054,907,final,20000,20000,experiments/strata_two_factor_explore_cycle_3/reward_factor_1_state_0/results/20260909T084527Z-64ab39a1/checkpoint_probes/steps_030001054/probe_battery.json,policy,/policy/action_fractions/5,0.0
explore_cycle_3_factor_1,42,30001054,907,final,20000,20000,experiments/strata_two_factor_explore_cycle_3/reward_factor_1_state_0/results/20260909T084527Z-64ab39a1/checkpoint_probes/steps_030001054/probe_battery.json,policy,/policy/action_fractions/6,0.99995
explore_cycle_3_factor_1,42,30001054,907,final,20000,20000,experiments/strata_two_factor_explore_cycle_3/reward_factor_1_state_0/results/20260909T084527Z-64ab39a1/checkpoint_probes/steps_030001054/probe_battery.json,policy,/policy/action_fractions/7,0.0
explore_cycle_3_factor_1,42,30001054,907,final,20000,20000,experiments/strata_two_factor_explore_cycle_3/reward_factor_1_state_0/results/20260909T084527Z-64ab39a1/checkpoint_probes/steps_030001054/probe_battery.json,policy,/policy/action_fractions/8,5e-05
explore_cycle_3_factor_1,42,30001054,907,final,20000,20000,experiments/strata_two_factor_explore_cycle_3/reward_factor_1_state_0/results/20260909T084527Z-64ab39a1/checkpoint_probes/steps_030001054/probe_battery.json,policy,/policy/factor_action_fractions/factor_1/0,0.0
explore_cycle_3_factor_1,42,30001054,907,final,20000,20000,experiments/strata_two_factor_explore_cycle_3/reward_factor_1_state_0/results/20260909T084527Z-64ab39a1/checkpoint_probes/steps_030001054/probe_battery.json,policy,/policy/factor_action_fractions/factor_1/1,0.0
explore_cycle_3_factor_1,42,30001054,907,final,20000,20000,experiments/strata_two_factor_explore_cycle_3/reward_factor_1_state_0/results/20260909T084527Z-64ab39a1/checkpoint_probes/steps_030001054/probe_battery.json,policy,/policy/factor_action_fractions/factor_1/2,1.0
explore_cycle_3_factor_1,42,30001054,907,final,20000,20000,experiments/strata_two_factor_explore_cycle_3/reward_factor_1_state_0/results/20260909T084527Z-64ab39a1/checkpoint_probes/steps_030001054/probe_battery.json,policy,/policy/factor_action_fractions/factor_2/0,0.99995
explore_cycle_3_factor_1,42,30001054,907,final,20000,20000,experiments/strata_two_factor_explore_cycle_3/reward_factor_1_state_0/results/20260909T084527Z-64ab39a1/checkpoint_probes/steps_030001054/probe_battery.json,policy,/policy/factor_action_fractions/factor_2/1,0.0
explore_cycle_3_factor_1,42,30001054,907,final,20000,20000,experiments/strata_two_factor_explore_cycle_3/reward_factor_1_state_0/results/20260909T084527Z-64ab39a1/checkpoint_probes/steps_030001054/probe_battery.json,policy,/policy/factor_action_fractions/factor_2/2,5e-05
explore_cycle_3_factor_1,42,30001054,907,final,20000,20000,experiments/strata_two_factor_explore_cycle_3/reward_factor_1_state_0/results/20260909T084527Z-64ab39a1/checkpoint_probes/steps_030001054/probe_battery.json,policy,/policy/factor_state_fractions/factor_1/0,0.3329
explore_cycle_3_factor_1,42,30001054,907,final,20000,20000,experiments/strata_two_factor_explore_cycle_3/reward_factor_1_state_0/results/20260909T084527Z-64ab39a1/checkpoint_probes/steps_030001054/probe_battery.json,policy,/policy/factor_state_fractions/factor_1/1,0.33415
explore_cycle_3_factor_1,42,30001054,907,final,20000,20000,experiments/strata_two_factor_explore_cycle_3/reward_factor_1_state_0/results/20260909T084527Z-64ab39a1/checkpoint_probes/steps_030001054/probe_battery.json,policy,/policy/factor_state_fractions/factor_1/2,0.33295
explore_cycle_3_factor_1,42,30001054,907,final,20000,20000,experiments/strata_two_factor_explore_cycle_3/reward_factor_1_state_0/results/20260909T084527Z-64ab39a1/checkpoint_probes/steps_030001054/probe_battery.json,policy,/policy/factor_state_fractions/factor_2/0,0.33895
explore_cycle_3_factor_1,42,30001054,907,final,20000,20000,experiments/strata_two_factor_explore_cycle_3/reward_factor_1_state_0/results/20260909T084527Z-64ab39a1/checkpoint_probes/steps_030001054/probe_battery.json,policy,/policy/factor_state_fractions/factor_2/1,0.3437
explore_cycle_3_factor_1,42,30001054,907,final,20000,20000,experiments/strata_two_factor_explore_cycle_3/reward_factor_1_state_0/results/20260909T084527Z-64ab39a1/checkpoint_probes/steps_030001054/probe_battery.json,policy,/policy/factor_state_fractions/factor_2/2,0.31735
explore_cycle_3_factor_1,42,30001054,907,final,20000,20000,experiments/strata_two_factor_explore_cycle_3/reward_factor_1_state_0/results/20260909T084527Z-64ab39a1/checkpoint_probes/steps_030001054/probe_battery.json,policy,/policy/joint_state_fractions/0,0.1129
explore_cycle_3_factor_1,42,30001054,907,final,20000,20000,experiments/strata_two_factor_explore_cycle_3/reward_factor_1_state_0/results/20260909T084527Z-64ab39a1/checkpoint_probes/steps_030001054/probe_battery.json,policy,/policy/joint_state_fractions/1,0.11475
explore_cycle_3_factor_1,42,30001054,907,final,20000,20000,experiments/strata_two_factor_explore_cycle_3/reward_factor_1_state_0/results/20260909T084527Z-64ab39a1/checkpoint_probes/steps_030001054/probe_battery.json,policy,/policy/joint_state_fractions/2,0.10525
explore_cycle_3_factor_1,42,30001054,907,final,20000,20000,experiments/strata_two_factor_explore_cycle_3/reward_factor_1_state_0/results/20260909T084527Z-64ab39a1/checkpoint_probes/steps_030001054/probe_battery.json,policy,/policy/joint_state_fractions/3,0.11295
explore_cycle_3_factor_1,42,30001054,907,final,20000,20000,experiments/strata_two_factor_explore_cycle_3/reward_factor_1_state_0/results/20260909T084527Z-64ab39a1/checkpoint_probes/steps_030001054/probe_battery.json,policy,/policy/joint_state_fractions/4,0.1146
explore_cycle_3_factor_1,42,30001054,907,final,20000,20000,experiments/strata_two_factor_explore_cycle_3/reward_factor_1_state_0/results/20260909T084527Z-64ab39a1/checkpoint_probes/steps_030001054/probe_battery.json,policy,/policy/joint_state_fractions/5,0.1066
explore_cycle_3_factor_1,42,30001054,907,final,20000,20000,experiments/strata_two_factor_explore_cycle_3/reward_factor_1_state_0/results/20260909T084527Z-64ab39a1/checkpoint_probes/steps_030001054/probe_battery.json,policy,/policy/joint_state_fractions/6,0.1131
explore_cycle_3_factor_1,42,30001054,907,final,20000,20000,experiments/strata_two_factor_explore_cycle_3/reward_factor_1_state_0/results/20260909T084527Z-64ab39a1/checkpoint_probes/steps_030001054/probe_battery.json,policy,/policy/joint_state_fractions/7,0.11435
explore_cycle_3_factor_1,42,30001054,907,final,20000,20000,experiments/strata_two_factor_explore_cycle_3/reward_factor_1_state_0/results/20260909T084527Z-64ab39a1/checkpoint_probes/steps_030001054/probe_battery.json,policy,/policy/joint_state_fractions/8,0.1055
explore_cycle_3_factor_1,42,30001054,907,final,20000,20000,experiments/strata_two_factor_explore_cycle_3/reward_factor_1_state_0/results/20260909T084527Z-64ab39a1/checkpoint_probes/steps_030001054/probe_battery.json,policy,/policy/mean_reward,0.33295
explore_cycle_3_factor_1,42,30001054,907,final,20000,20000,experiments/strata_two_factor_explore_cycle_3/reward_factor_1_state_0/results/20260909T084527Z-64ab39a1/checkpoint_probes/steps_030001054/probe_battery.json,policy,/policy/mode,learned_stochastic
explore_cycle_3_factor_1,42,30001054,907,final,20000,20000,experiments/strata_two_factor_explore_cycle_3/reward_factor_1_state_0/results/20260909T084527Z-64ab39a1/checkpoint_probes/steps_030001054/probe_battery.json,policy,/policy/temperature,1.5
explore_cycle_3_factor_1,42,30001054,907,final,20000,20000,experiments/strata_two_factor_explore_cycle_3/reward_factor_1_state_0/results/20260909T084527Z-64ab39a1/checkpoint_probes/steps_030001054/probe_battery.json,train_policy,/train_policy/action_fractions/0,0.0
explore_cycle_3_factor_1,42,30001054,907,final,20000,20000,experiments/strata_two_factor_explore_cycle_3/reward_factor_1_state_0/results/20260909T084527Z-64ab39a1/checkpoint_probes/steps_030001054/probe_battery.json,train_policy,/train_policy/action_fractions/1,0.0
explore_cycle_3_factor_1,42,30001054,907,final,20000,20000,experiments/strata_two_factor_explore_cycle_3/reward_factor_1_state_0/results/20260909T084527Z-64ab39a1/checkpoint_probes/steps_030001054/probe_battery.json,train_policy,/train_policy/action_fractions/2,0.0
explore_cycle_3_factor_1,42,30001054,907,final,20000,20000,experiments/strata_two_factor_explore_cycle_3/reward_factor_1_state_0/results/20260909T084527Z-64ab39a1/checkpoint_probes/steps_030001054/probe_battery.json,train_policy,/train_policy/action_fractions/3,0.0
explore_cycle_3_factor_1,42,30001054,907,final,20000,20000,experiments/strata_two_factor_explore_cycle_3/reward_factor_1_state_0/results/20260909T084527Z-64ab39a1/checkpoint_probes/steps_030001054/probe_battery.json,train_policy,/train_policy/action_fractions/4,0.0
explore_cycle_3_factor_1,42,30001054,907,final,20000,20000,experiments/strata_two_factor_explore_cycle_3/reward_factor_1_state_0/results/20260909T084527Z-64ab39a1/checkpoint_probes/steps_030001054/probe_battery.json,train_policy,/train_policy/action_fractions/5,0.0
explore_cycle_3_factor_1,42,30001054,907,final,20000,20000,experiments/strata_two_factor_explore_cycle_3/reward_factor_1_state_0/results/20260909T084527Z-64ab39a1/checkpoint_probes/steps_030001054/probe_battery.json,train_policy,/train_policy/action_fractions/6,1.0
explore_cycle_3_factor_1,42,30001054,907,final,20000,20000,experiments/strata_two_factor_explore_cycle_3/reward_factor_1_state_0/results/20260909T084527Z-64ab39a1/checkpoint_probes/steps_030001054/probe_battery.json,train_policy,/train_policy/action_fractions/7,0.0
explore_cycle_3_factor_1,42,30001054,907,final,20000,20000,experiments/strata_two_factor_explore_cycle_3/reward_factor_1_state_0/results/20260909T084527Z-64ab39a1/checkpoint_probes/steps_030001054/probe_battery.json,train_policy,/train_policy/action_fractions/8,0.0
explore_cycle_3_factor_1,42,30001054,907,final,20000,20000,experiments/strata_two_factor_explore_cycle_3/reward_factor_1_state_0/results/20260909T084527Z-64ab39a1/checkpoint_probes/steps_030001054/probe_battery.json,train_policy,/train_policy/factor_action_fractions/factor_1/0,0.0
explore_cycle_3_factor_1,42,30001054,907,final,20000,20000,experiments/strata_two_factor_explore_cycle_3/reward_factor_1_state_0/results/20260909T084527Z-64ab39a1/checkpoint_probes/steps_030001054/probe_battery.json,train_policy,/train_policy/factor_action_fractions/factor_1/1,0.0
explore_cycle_3_factor_1,42,30001054,907,final,20000,20000,experiments/strata_two_factor_explore_cycle_3/reward_factor_1_state_0/results/20260909T084527Z-64ab39a1/checkpoint_probes/steps_030001054/probe_battery.json,train_policy,/train_policy/factor_action_fractions/factor_1/2,1.0
explore_cycle_3_factor_1,42,30001054,907,final,20000,20000,experiments/strata_two_factor_explore_cycle_3/reward_factor_1_state_0/results/20260909T084527Z-64ab39a1/checkpoint_probes/steps_030001054/probe_battery.json,train_policy,/train_policy/factor_action_fractions/factor_2/0,1.0
explore_cycle_3_factor_1,42,30001054,907,final,20000,20000,experiments/strata_two_factor_explore_cycle_3/reward_factor_1_state_0/results/20260909T084527Z-64ab39a1/checkpoint_probes/steps_030001054/probe_battery.json,train_policy,/train_policy/factor_action_fractions/factor_2/1,0.0
explore_cycle_3_factor_1,42,30001054,907,final,20000,20000,experiments/strata_two_factor_explore_cycle_3/reward_factor_1_state_0/results/20260909T084527Z-64ab39a1/checkpoint_probes/steps_030001054/probe_battery.json,train_policy,/train_policy/factor_action_fractions/factor_2/2,0.0
explore_cycle_3_factor_1,42,30001054,907,final,20000,20000,experiments/strata_two_factor_explore_cycle_3/reward_factor_1_state_0/results/20260909T084527Z-64ab39a1/checkpoint_probes/steps_030001054/probe_battery.json,train_policy,/train_policy/factor_state_fractions/factor_1/0,0.33265
explore_cycle_3_factor_1,42,30001054,907,final,20000,20000,experiments/strata_two_factor_explore_cycle_3/reward_factor_1_state_0/results/20260909T084527Z-64ab39a1/checkpoint_probes/steps_030001054/probe_battery.json,train_policy,/train_policy/factor_state_fractions/factor_1/1,0.3332
explore_cycle_3_factor_1,42,30001054,907,final,20000,20000,experiments/strata_two_factor_explore_cycle_3/reward_factor_1_state_0/results/20260909T084527Z-64ab39a1/checkpoint_probes/steps_030001054/probe_battery.json,train_policy,/train_policy/factor_state_fractions/factor_1/2,0.33415
explore_cycle_3_factor_1,42,30001054,907,final,20000,20000,experiments/strata_two_factor_explore_cycle_3/reward_factor_1_state_0/results/20260909T084527Z-64ab39a1/checkpoint_probes/steps_030001054/probe_battery.json,train_policy,/train_policy/factor_state_fractions/factor_2/0,0.3015
explore_cycle_3_factor_1,42,30001054,907,final,20000,20000,experiments/strata_two_factor_explore_cycle_3/reward_factor_1_state_0/results/20260909T084527Z-64ab39a1/checkpoint_probes/steps_030001054/probe_battery.json,train_policy,/train_policy/factor_state_fractions/factor_2/1,0.34275
explore_cycle_3_factor_1,42,30001054,907,final,20000,20000,experiments/strata_two_factor_explore_cycle_3/reward_factor_1_state_0/results/20260909T084527Z-64ab39a1/checkpoint_probes/steps_030001054/probe_battery.json,train_policy,/train_policy/factor_state_fractions/factor_2/2,0.35575
explore_cycle_3_factor_1,42,30001054,907,final,20000,20000,experiments/strata_two_factor_explore_cycle_3/reward_factor_1_state_0/results/20260909T084527Z-64ab39a1/checkpoint_probes/steps_030001054/probe_battery.json,train_policy,/train_policy/joint_state_fractions/0,0.10045
explore_cycle_3_factor_1,42,30001054,907,final,20000,20000,experiments/strata_two_factor_explore_cycle_3/reward_factor_1_state_0/results/20260909T084527Z-64ab39a1/checkpoint_probes/steps_030001054/probe_battery.json,train_policy,/train_policy/joint_state_fractions/1,0.11405
explore_cycle_3_factor_1,42,30001054,907,final,20000,20000,experiments/strata_two_factor_explore_cycle_3/reward_factor_1_state_0/results/20260909T084527Z-64ab39a1/checkpoint_probes/steps_030001054/probe_battery.json,train_policy,/train_policy/joint_state_fractions/2,0.11815
explore_cycle_3_factor_1,42,30001054,907,final,20000,20000,experiments/strata_two_factor_explore_cycle_3/reward_factor_1_state_0/results/20260909T084527Z-64ab39a1/checkpoint_probes/steps_030001054/probe_battery.json,train_policy,/train_policy/joint_state_fractions/3,0.1004
explore_cycle_3_factor_1,42,30001054,907,final,20000,20000,experiments/strata_two_factor_explore_cycle_3/reward_factor_1_state_0/results/20260909T084527Z-64ab39a1/checkpoint_probes/steps_030001054/probe_battery.json,train_policy,/train_policy/joint_state_fractions/4,0.1143
explore_cycle_3_factor_1,42,30001054,907,final,20000,20000,experiments/strata_two_factor_explore_cycle_3/reward_factor_1_state_0/results/20260909T084527Z-64ab39a1/checkpoint_probes/steps_030001054/probe_battery.json,train_policy,/train_policy/joint_state_fractions/5,0.1185
explore_cycle_3_factor_1,42,30001054,907,final,20000,20000,experiments/strata_two_factor_explore_cycle_3/reward_factor_1_state_0/results/20260909T084527Z-64ab39a1/checkpoint_probes/steps_030001054/probe_battery.json,train_policy,/train_policy/joint_state_fractions/6,0.10065
explore_cycle_3_factor_1,42,30001054,907,final,20000,20000,experiments/strata_two_factor_explore_cycle_3/reward_factor_1_state_0/results/20260909T084527Z-64ab39a1/checkpoint_probes/steps_030001054/probe_battery.json,train_policy,/train_policy/joint_state_fractions/7,0.1144
explore_cycle_3_factor_1,42,30001054,907,final,20000,20000,experiments/strata_two_factor_explore_cycle_3/reward_factor_1_state_0/results/20260909T084527Z-64ab39a1/checkpoint_probes/steps_030001054/probe_battery.json,train_policy,/train_policy/joint_state_fractions/8,0.1191
explore_cycle_3_factor_1,42,30001054,907,final,20000,20000,experiments/strata_two_factor_explore_cycle_3/reward_factor_1_state_0/results/20260909T084527Z-64ab39a1/checkpoint_probes/steps_030001054/probe_battery.json,train_policy,/train_policy/mean_reward,0.3328
explore_cycle_3_factor_1,42,30001054,907,final,20000,20000,experiments/strata_two_factor_explore_cycle_3/reward_factor_1_state_0/results/20260909T084527Z-64ab39a1/checkpoint_probes/steps_030001054/probe_battery.json,train_policy,/train_policy/mode,learned_stochastic
explore_cycle_3_factor_1,42,30001054,907,final,20000,20000,experiments/strata_two_factor_explore_cycle_3/reward_factor_1_state_0/results/20260909T084527Z-64ab39a1/checkpoint_probes/steps_030001054/probe_battery.json,train_policy,/train_policy/temperature,1.5
