run,seed,agent_steps,iteration,phase,n_fit,n_test,source,layer,factor,probe_type,json_pointer,mse,target_variance,global_mse_ratio,r_squared,global_r2,null_mse,null_target_variance,null_r_squared,null_global_r2,selected_rcond,cv_folds,cv_validation_mse
token_cycle_1_context,42,0,0,initial,20000,20000,experiments/strata_token_guess_cycle_1/ppo/results/20260909T061802Z-7d4e2248/checkpoint_probes/steps_000000000/probe_battery.json,layer_1,strata,probe_fits,/layers/layer_1/probe_fits/strata,0.03221932580940899,0.09555247831576143,0.33718984978011185,0.6628101502198882,0.6628101502198882,0.0313570440731871,0.062195463140271204,0.4958306845876095,0.4958306845876095,1e-06,10,"{""0.0001"": 0.03313848709657557, ""0.01"": 0.034871888723919164, ""1e-06"": 0.0326152501487105, ""1e-08"": 0.05225313932064477, ""1e-10"": 0.05225313932064477, ""1e-15"": 0.05225313932064477}"
token_cycle_1_context,42,0,0,initial,20000,20000,experiments/strata_token_guess_cycle_1/ppo/results/20260909T061802Z-7d4e2248/checkpoint_probes/steps_000000000/probe_battery.json,layer_1,strata,shuffled_training_labels,/layers/layer_1/shuffled_training_labels/strata,0.09700925119372539,0.09555247831576143,1.015245788530465,-0.01524578853046532,-0.015245788530465099,0.06360737074707447,0.062195463140271204,-0.022701135026825803,-0.022701135026825803,0.01,10,"{""0.0001"": 0.09043704591695956, ""0.01"": 0.09034868278150218, ""1e-06"": 0.09058811879359634, ""1e-08"": 0.09110728302764977, ""1e-10"": 0.09110728302764977, ""1e-15"": 0.09110728302764977}"
token_cycle_1_context,42,0,0,initial,20000,20000,experiments/strata_token_guess_cycle_1/ppo/results/20260909T061802Z-7d4e2248/checkpoint_probes/steps_000000000/probe_battery.json,layer_2,strata,probe_fits,/layers/layer_2/probe_fits/strata,0.014816064266317156,0.09555247831576143,0.15505682874447474,0.8449431712555252,0.8449431712555253,0.017334718425520736,0.062195463140271204,0.7212864483953556,0.7212864483953556,1e-15,10,"{""0.0001"": 0.016413448312945167, ""0.01"": 0.028651002666606713, ""1e-06"": 0.01614271475545151, ""1e-08"": 0.01614271475545151, ""1e-10"": 0.01614271475545151, ""1e-15"": 0.01614271475545151}"
token_cycle_1_context,42,0,0,initial,20000,20000,experiments/strata_token_guess_cycle_1/ppo/results/20260909T061802Z-7d4e2248/checkpoint_probes/steps_000000000/probe_battery.json,layer_2,strata,shuffled_training_labels,/layers/layer_2/shuffled_training_labels/strata,0.09689557884168597,0.09555247831576143,1.014056155838116,-0.014056155838116036,-0.014056155838116036,0.06343077733610358,0.062195463140271204,-0.01986180556363637,-0.01986180556363637,0.01,10,"{""0.0001"": 0.09057717098491828, ""0.01"": 0.09035466340218513, ""1e-06"": 0.09062544330837605, ""1e-08"": 0.09062544330837605, ""1e-10"": 0.09062544330837605, ""1e-15"": 0.09062544330837605}"
token_cycle_1_context,42,0,0,initial,20000,20000,experiments/strata_token_guess_cycle_1/ppo/results/20260909T061802Z-7d4e2248/checkpoint_probes/steps_000000000/probe_battery.json,layer_3,strata,probe_fits,/layers/layer_3/probe_fits/strata,0.012472406014507217,0.09555247831576143,0.13052938274704998,0.86947061725295,0.86947061725295,0.01615042355691653,0.062195463140271204,0.7403279477075038,0.7403279477075038,1e-15,10,"{""0.0001"": 0.013486595111717011, ""0.01"": 0.029049084923260953, ""1e-06"": 0.013486595111717011, ""1e-08"": 0.013486595111717011, ""1e-10"": 0.013486595111717011, ""1e-15"": 0.013486595111717011}"
token_cycle_1_context,42,0,0,initial,20000,20000,experiments/strata_token_guess_cycle_1/ppo/results/20260909T061802Z-7d4e2248/checkpoint_probes/steps_000000000/probe_battery.json,layer_3,strata,shuffled_training_labels,/layers/layer_3/shuffled_training_labels/strata,0.0967171313273907,0.09555247831576143,1.012188621709848,-0.012188621709847913,-0.012188621709847913,0.06345373796234027,0.062195463140271204,-0.020230974391673096,-0.020230974391673096,0.01,10,"{""0.0001"": 0.09067000035226071, ""0.01"": 0.09036049556881369, ""1e-06"": 0.09067000035226071, ""1e-08"": 0.09067000035226071, ""1e-10"": 0.09067000035226071, ""1e-15"": 0.09067000035226071}"
token_cycle_1_context,42,0,0,initial,20000,20000,experiments/strata_token_guess_cycle_1/ppo/results/20260909T061802Z-7d4e2248/checkpoint_probes/steps_000000000/probe_battery.json,control,strata,current_visible_token,/controls/current_visible_token/strata,0.07080621181481284,0.09555247831576143,0.7410191034588092,0.25898089654119083,0.25898089654119083,0.06299653134821333,0.062195463140271204,-0.012879849550045952,-0.012879849550045952,,,
token_cycle_1_context,42,0,0,initial,20000,20000,experiments/strata_token_guess_cycle_1/ppo/results/20260909T061802Z-7d4e2248/checkpoint_probes/steps_000000000/probe_battery.json,control,strata,train_mean,/controls/train_mean/strata,0.09595638360300797,0.09555247831576143,1.004227051923361,-0.004227051923360925,-0.004227051923360925,0.06308358673254315,0.062195463140271204,-0.014279555894116225,-0.014279555894116225,,,
token_cycle_1_context,42,33074,1,intermediate,20000,20000,experiments/strata_token_guess_cycle_1/ppo/results/20260909T061802Z-7d4e2248/checkpoint_probes/steps_000033074/probe_battery.json,layer_1,strata,probe_fits,/layers/layer_1/probe_fits/strata,0.026668359072790897,0.09555247831576143,0.2790964665998824,0.7209035334001175,0.7209035334001176,0.027752777932195976,0.062195463140271204,0.5537813124792665,0.5537813124792665,1e-06,10,"{""0.0001"": 0.03267746929998118, ""0.01"": 0.03457559745423745, ""1e-06"": 0.0267100190437708, ""1e-08"": 0.027124827665035815, ""1e-10"": 0.027124827665035815, ""1e-15"": 0.027124827665035815}"
token_cycle_1_context,42,33074,1,intermediate,20000,20000,experiments/strata_token_guess_cycle_1/ppo/results/20260909T061802Z-7d4e2248/checkpoint_probes/steps_000033074/probe_battery.json,layer_1,strata,shuffled_training_labels,/layers/layer_1/shuffled_training_labels/strata,0.0969991097349074,0.09555247831576143,1.01513965356676,-0.015139653566760058,-0.015139653566760058,0.06365832196170625,0.062195463140271204,-0.023520346140615045,-0.023520346140615045,0.01,10,"{""0.0001"": 0.09048374744182826, ""0.01"": 0.09034947305332515, ""1e-06"": 0.09060343434701285, ""1e-08"": 0.09073642740951116, ""1e-10"": 0.09073642740951116, ""1e-15"": 0.09073642740951116}"
token_cycle_1_context,42,33074,1,intermediate,20000,20000,experiments/strata_token_guess_cycle_1/ppo/results/20260909T061802Z-7d4e2248/checkpoint_probes/steps_000033074/probe_battery.json,layer_2,strata,probe_fits,/layers/layer_2/probe_fits/strata,0.013420018375070416,0.09555247831576143,0.14044657565785792,0.8595534243421421,0.8595534243421421,0.01594794525107585,0.062195463140271204,0.7435834633933348,0.7435834633933347,1e-15,10,"{""0.0001"": 0.015193283703002537, ""0.01"": 0.02794425739532085, ""1e-06"": 0.01454280374074692, ""1e-08"": 0.01454280374074692, ""1e-10"": 0.01454280374074692, ""1e-15"": 0.01454280374074692}"
token_cycle_1_context,42,33074,1,intermediate,20000,20000,experiments/strata_token_guess_cycle_1/ppo/results/20260909T061802Z-7d4e2248/checkpoint_probes/steps_000033074/probe_battery.json,layer_2,strata,shuffled_training_labels,/layers/layer_2/shuffled_training_labels/strata,0.0967521106198289,0.09555247831576143,1.0125546958615053,-0.012554695861505483,-0.01255469586150526,0.06357428124059022,0.062195463140271204,-0.022169110586238938,-0.022169110586238938,0.01,10,"{""0.0001"": 0.09063799433029959, ""0.01"": 0.09035387556137345, ""1e-06"": 0.09071462069646233, ""1e-08"": 0.09071462069646233, ""1e-10"": 0.09071462069646233, ""1e-15"": 0.09071462069646233}"
token_cycle_1_context,42,33074,1,intermediate,20000,20000,experiments/strata_token_guess_cycle_1/ppo/results/20260909T061802Z-7d4e2248/checkpoint_probes/steps_000033074/probe_battery.json,layer_3,strata,probe_fits,/layers/layer_3/probe_fits/strata,0.012887789720371067,0.09555247831576143,0.1348765615244667,0.8651234384755333,0.8651234384755333,0.015859936293887513,0.062195463140271204,0.744998501609062,0.7449985016090619,1e-15,10,"{""0.0001"": 0.014368818234893093, ""0.01"": 0.02830709662749677, ""1e-06"": 0.014026644106845124, ""1e-08"": 0.014026644106845124, ""1e-10"": 0.014026644106845124, ""1e-15"": 0.014026644106845124}"
token_cycle_1_context,42,33074,1,intermediate,20000,20000,experiments/strata_token_guess_cycle_1/ppo/results/20260909T061802Z-7d4e2248/checkpoint_probes/steps_000033074/probe_battery.json,layer_3,strata,shuffled_training_labels,/layers/layer_3/shuffled_training_labels/strata,0.09681215020631638,0.09555247831576143,1.0131830373503474,-0.013183037350347426,-0.013183037350347426,0.06354445396178285,0.062195463140271204,-0.021689537361740063,-0.021689537361740063,0.01,10,"{""0.0001"": 0.09063599177614845, ""0.01"": 0.09035500373901945, ""1e-06"": 0.09067324479085023, ""1e-08"": 0.09067324479085023, ""1e-10"": 0.09067324479085023, ""1e-15"": 0.09067324479085023}"
token_cycle_1_context,42,33074,1,intermediate,20000,20000,experiments/strata_token_guess_cycle_1/ppo/results/20260909T061802Z-7d4e2248/checkpoint_probes/steps_000033074/probe_battery.json,control,strata,current_visible_token,/controls/current_visible_token/strata,0.07080621181481284,0.09555247831576143,0.7410191034588092,0.25898089654119083,0.25898089654119083,0.06299653134821333,0.062195463140271204,-0.012879849550045952,-0.012879849550045952,,,
token_cycle_1_context,42,33074,1,intermediate,20000,20000,experiments/strata_token_guess_cycle_1/ppo/results/20260909T061802Z-7d4e2248/checkpoint_probes/steps_000033074/probe_battery.json,control,strata,train_mean,/controls/train_mean/strata,0.09595638360300797,0.09555247831576143,1.004227051923361,-0.004227051923360925,-0.004227051923360925,0.06308358673254315,0.062195463140271204,-0.014279555894116225,-0.014279555894116225,,,
token_cycle_1_context,42,66154,2,intermediate,20000,20000,experiments/strata_token_guess_cycle_1/ppo/results/20260909T061802Z-7d4e2248/checkpoint_probes/steps_000066154/probe_battery.json,layer_1,strata,probe_fits,/layers/layer_1/probe_fits/strata,0.029319079002349088,0.09555247831576143,0.3068374522475666,0.6931625477524335,0.6931625477524335,0.030036075559113636,0.062195463140271204,0.5170696696739372,0.5170696696739372,1e-15,10,"{""0.0001"": 0.030629454345356112, ""0.01"": 0.0321450220311994, ""1e-06"": 0.02935186059925332, ""1e-08"": 0.02935186059925332, ""1e-10"": 0.02935186059925332, ""1e-15"": 0.02935186059925332}"
token_cycle_1_context,42,66154,2,intermediate,20000,20000,experiments/strata_token_guess_cycle_1/ppo/results/20260909T061802Z-7d4e2248/checkpoint_probes/steps_000066154/probe_battery.json,layer_1,strata,shuffled_training_labels,/layers/layer_1/shuffled_training_labels/strata,0.09696213145722607,0.09555247831576143,1.014752659128383,-0.014752659128383083,-0.014752659128383083,0.06366285817429992,0.062195463140271204,-0.023593280923389193,-0.023593280923389193,0.01,10,"{""0.0001"": 0.0904619140192953, ""0.01"": 0.0903491200184679, ""1e-06"": 0.09066515263151034, ""1e-08"": 0.09066515263151034, ""1e-10"": 0.09066515263151034, ""1e-15"": 0.09066515263151034}"
token_cycle_1_context,42,66154,2,intermediate,20000,20000,experiments/strata_token_guess_cycle_1/ppo/results/20260909T061802Z-7d4e2248/checkpoint_probes/steps_000066154/probe_battery.json,layer_2,strata,probe_fits,/layers/layer_2/probe_fits/strata,0.010520937541957891,0.09555247831576143,0.1101063805712139,0.8898936194287861,0.8898936194287861,0.013646810955058795,0.062195463140271204,0.7805818902854578,0.7805818902854578,1e-15,10,"{""0.0001"": 0.011741419100225881, ""0.01"": 0.024772660295327077, ""1e-06"": 0.011249422677269008, ""1e-08"": 0.011249422677269008, ""1e-10"": 0.011249422677269008, ""1e-15"": 0.011249422677269008}"
token_cycle_1_context,42,66154,2,intermediate,20000,20000,experiments/strata_token_guess_cycle_1/ppo/results/20260909T061802Z-7d4e2248/checkpoint_probes/steps_000066154/probe_battery.json,layer_2,strata,shuffled_training_labels,/layers/layer_2/shuffled_training_labels/strata,0.09660628887068179,0.09555247831576143,1.0110286051549386,-0.011028605154938642,-0.011028605154938642,0.0635617245925288,0.062195463140271204,-0.021967220489639727,-0.021967220489639727,0.01,10,"{""0.0001"": 0.0905763731919855, ""0.01"": 0.09035144841155504, ""1e-06"": 0.09061131180011418, ""1e-08"": 0.09061131180011418, ""1e-10"": 0.09061131180011418, ""1e-15"": 0.09061131180011418}"
token_cycle_1_context,42,66154,2,intermediate,20000,20000,experiments/strata_token_guess_cycle_1/ppo/results/20260909T061802Z-7d4e2248/checkpoint_probes/steps_000066154/probe_battery.json,layer_3,strata,probe_fits,/layers/layer_3/probe_fits/strata,0.008947412337206183,0.09555247831576143,0.09363872601648997,0.9063612739835101,0.9063612739835101,0.012042317065240941,0.062195463140271204,0.8063794936604691,0.8063794936604691,1e-15,10,"{""0.0001"": 0.009812806163170002, ""0.01"": 0.024405281343549363, ""1e-06"": 0.009812806163170002, ""1e-08"": 0.009812806163170002, ""1e-10"": 0.009812806163170002, ""1e-15"": 0.009812806163170002}"
token_cycle_1_context,42,66154,2,intermediate,20000,20000,experiments/strata_token_guess_cycle_1/ppo/results/20260909T061802Z-7d4e2248/checkpoint_probes/steps_000066154/probe_battery.json,layer_3,strata,shuffled_training_labels,/layers/layer_3/shuffled_training_labels/strata,0.0965278912756338,0.09555247831576143,1.010208138784732,-0.010208138784731924,-0.010208138784731924,0.06343358231826947,0.062195463140271204,-0.019906905029486,-0.019906905029485777,0.01,10,"{""0.0001"": 0.09057354476599636, ""0.01"": 0.09036176966230211, ""1e-06"": 0.09057354476599636, ""1e-08"": 0.09057354476599636, ""1e-10"": 0.09057354476599636, ""1e-15"": 0.09057354476599636}"
token_cycle_1_context,42,66154,2,intermediate,20000,20000,experiments/strata_token_guess_cycle_1/ppo/results/20260909T061802Z-7d4e2248/checkpoint_probes/steps_000066154/probe_battery.json,control,strata,current_visible_token,/controls/current_visible_token/strata,0.07080621181481284,0.09555247831576143,0.7410191034588092,0.25898089654119083,0.25898089654119083,0.06299653134821333,0.062195463140271204,-0.012879849550045952,-0.012879849550045952,,,
token_cycle_1_context,42,66154,2,intermediate,20000,20000,experiments/strata_token_guess_cycle_1/ppo/results/20260909T061802Z-7d4e2248/checkpoint_probes/steps_000066154/probe_battery.json,control,strata,train_mean,/controls/train_mean/strata,0.09595638360300797,0.09555247831576143,1.004227051923361,-0.004227051923360925,-0.004227051923360925,0.06308358673254315,0.062195463140271204,-0.014279555894116225,-0.014279555894116225,,,
token_cycle_1_context,42,132080,4,intermediate,20000,20000,experiments/strata_token_guess_cycle_1/ppo/results/20260909T061802Z-7d4e2248/checkpoint_probes/steps_000132080/probe_battery.json,layer_1,strata,probe_fits,/layers/layer_1/probe_fits/strata,0.024595739299098834,0.09555247831576143,0.25740556113908514,0.7425944388609149,0.7425944388609149,0.028521374539198018,0.062195463140271204,0.5414235524724216,0.5414235524724216,1e-15,10,"{""0.0001"": 0.024422523146034263, ""0.01"": 0.025681325558347158, ""1e-06"": 0.024339566410352093, ""1e-08"": 0.024339566410352093, ""1e-10"": 0.024339566410352093, ""1e-15"": 0.024339566410352093}"
token_cycle_1_context,42,132080,4,intermediate,20000,20000,experiments/strata_token_guess_cycle_1/ppo/results/20260909T061802Z-7d4e2248/checkpoint_probes/steps_000132080/probe_battery.json,layer_1,strata,shuffled_training_labels,/layers/layer_1/shuffled_training_labels/strata,0.09683978711657079,0.09555247831576143,1.0134722701441123,-0.013472270144112342,-0.013472270144112342,0.06369044339271623,0.062195463140271204,-0.024036805531512107,-0.024036805531512107,0.01,10,"{""0.0001"": 0.09052749001563479, ""0.01"": 0.09034586470453214, ""1e-06"": 0.09064987631636631, ""1e-08"": 0.09064987631636631, ""1e-10"": 0.09064987631636631, ""1e-15"": 0.09064987631636631}"
token_cycle_1_context,42,132080,4,intermediate,20000,20000,experiments/strata_token_guess_cycle_1/ppo/results/20260909T061802Z-7d4e2248/checkpoint_probes/steps_000132080/probe_battery.json,layer_2,strata,probe_fits,/layers/layer_2/probe_fits/strata,0.006006125353586189,0.09555247831576143,0.06285682443252208,0.937143175567478,0.937143175567478,0.008981813757109177,0.062195463140271204,0.8555873161222027,0.8555873161222027,1e-15,10,"{""0.0001"": 0.006552094262756959, ""0.01"": 0.017643144622518092, ""1e-06"": 0.006552094262756959, ""1e-08"": 0.006552094262756959, ""1e-10"": 0.006552094262756959, ""1e-15"": 0.006552094262756959}"
token_cycle_1_context,42,132080,4,intermediate,20000,20000,experiments/strata_token_guess_cycle_1/ppo/results/20260909T061802Z-7d4e2248/checkpoint_probes/steps_000132080/probe_battery.json,layer_2,strata,shuffled_training_labels,/layers/layer_2/shuffled_training_labels/strata,0.09610459608568417,0.09555247831576143,1.0057781627400413,-0.005778162740041504,-0.005778162740041282,0.06345873662227168,0.062195463140271204,-0.020311344561441347,-0.020311344561441347,0.01,10,"{""0.0001"": 0.09064339379969891, ""0.01"": 0.09034917483060652, ""1e-06"": 0.09064339379969891, ""1e-08"": 0.09064339379969891, ""1e-10"": 0.09064339379969891, ""1e-15"": 0.09064339379969891}"
token_cycle_1_context,42,132080,4,intermediate,20000,20000,experiments/strata_token_guess_cycle_1/ppo/results/20260909T061802Z-7d4e2248/checkpoint_probes/steps_000132080/probe_battery.json,layer_3,strata,probe_fits,/layers/layer_3/probe_fits/strata,0.004832464058265374,0.09555247831576143,0.05057392695034114,0.9494260730496589,0.9494260730496589,0.0072765214055873825,0.062195463140271204,0.8830055917555202,0.8830055917555202,1e-15,10,"{""0.0001"": 0.005242055275817859, ""0.01"": 0.011757181857377036, ""1e-06"": 0.005242055275817859, ""1e-08"": 0.005242055275817859, ""1e-10"": 0.005242055275817859, ""1e-15"": 0.005242055275817859}"
token_cycle_1_context,42,132080,4,intermediate,20000,20000,experiments/strata_token_guess_cycle_1/ppo/results/20260909T061802Z-7d4e2248/checkpoint_probes/steps_000132080/probe_battery.json,layer_3,strata,shuffled_training_labels,/layers/layer_3/shuffled_training_labels/strata,0.09577125130101968,0.09555247831576143,1.0022895584616371,-0.0022895584616373643,-0.0022895584616371423,0.06351896403328142,0.062195463140271204,-0.0212797015439099,-0.02127970154390968,0.01,10,"{""0.0001"": 0.09067786262711965, ""0.01"": 0.0903690192642552, ""1e-06"": 0.09067786262711965, ""1e-08"": 0.09067786262711965, ""1e-10"": 0.09067786262711965, ""1e-15"": 0.09067786262711965}"
token_cycle_1_context,42,132080,4,intermediate,20000,20000,experiments/strata_token_guess_cycle_1/ppo/results/20260909T061802Z-7d4e2248/checkpoint_probes/steps_000132080/probe_battery.json,control,strata,current_visible_token,/controls/current_visible_token/strata,0.07080621181481284,0.09555247831576143,0.7410191034588092,0.25898089654119083,0.25898089654119083,0.06299653134821333,0.062195463140271204,-0.012879849550045952,-0.012879849550045952,,,
token_cycle_1_context,42,132080,4,intermediate,20000,20000,experiments/strata_token_guess_cycle_1/ppo/results/20260909T061802Z-7d4e2248/checkpoint_probes/steps_000132080/probe_battery.json,control,strata,train_mean,/controls/train_mean/strata,0.09595638360300797,0.09555247831576143,1.004227051923361,-0.004227051923360925,-0.004227051923360925,0.06308358673254315,0.062195463140271204,-0.014279555894116225,-0.014279555894116225,,,
token_cycle_1_context,42,264407,8,intermediate,20000,20000,experiments/strata_token_guess_cycle_1/ppo/results/20260909T061802Z-7d4e2248/checkpoint_probes/steps_000264407/probe_battery.json,layer_1,strata,probe_fits,/layers/layer_1/probe_fits/strata,0.01929510663182867,0.09555247831576143,0.2019320374722916,0.7980679625277084,0.7980679625277084,0.026895632209803556,0.062195463140271204,0.5675627955507772,0.5675627955507773,1e-15,10,"{""0.0001"": 0.01922351607013194, ""0.01"": 0.019841908820269687, ""1e-06"": 0.01917435963679017, ""1e-08"": 0.01917435963679017, ""1e-10"": 0.01917435963679017, ""1e-15"": 0.01917435963679017}"
token_cycle_1_context,42,264407,8,intermediate,20000,20000,experiments/strata_token_guess_cycle_1/ppo/results/20260909T061802Z-7d4e2248/checkpoint_probes/steps_000264407/probe_battery.json,layer_1,strata,shuffled_training_labels,/layers/layer_1/shuffled_training_labels/strata,0.09656076442657875,0.09555247831576143,1.0105521712109378,-0.010552171210937766,-0.010552171210937766,0.06359576823679519,0.062195463140271204,-0.022514585884919613,-0.022514585884919613,0.01,10,"{""0.0001"": 0.09053895573714481, ""0.01"": 0.09035142118403111, ""1e-06"": 0.090653457419313, ""1e-08"": 0.090653457419313, ""1e-10"": 0.090653457419313, ""1e-15"": 0.090653457419313}"
token_cycle_1_context,42,264407,8,intermediate,20000,20000,experiments/strata_token_guess_cycle_1/ppo/results/20260909T061802Z-7d4e2248/checkpoint_probes/steps_000264407/probe_battery.json,layer_2,strata,probe_fits,/layers/layer_2/probe_fits/strata,0.00421591770777106,0.09555247831576143,0.044121489908814246,0.9558785100911857,0.9558785100911857,0.006865588032821057,0.062195463140271204,0.8896127195429528,0.8896127195429528,1e-15,10,"{""0.0001"": 0.00459780321950153, ""0.01"": 0.012900105066939543, ""1e-06"": 0.00459780321950153, ""1e-08"": 0.00459780321950153, ""1e-10"": 0.00459780321950153, ""1e-15"": 0.00459780321950153}"
token_cycle_1_context,42,264407,8,intermediate,20000,20000,experiments/strata_token_guess_cycle_1/ppo/results/20260909T061802Z-7d4e2248/checkpoint_probes/steps_000264407/probe_battery.json,layer_2,strata,shuffled_training_labels,/layers/layer_2/shuffled_training_labels/strata,0.09589273915586395,0.09555247831576143,1.0035609839336463,-0.0035609839336465665,-0.0035609839336463445,0.06353659910176768,0.062195463140271204,-0.021563244226862288,-0.021563244226862288,0.01,10,"{""0.0001"": 0.09068085488994516, ""0.01"": 0.09035505181711523, ""1e-06"": 0.09068085488994516, ""1e-08"": 0.09068085488994516, ""1e-10"": 0.09068085488994516, ""1e-15"": 0.09068085488994516}"
token_cycle_1_context,42,264407,8,intermediate,20000,20000,experiments/strata_token_guess_cycle_1/ppo/results/20260909T061802Z-7d4e2248/checkpoint_probes/steps_000264407/probe_battery.json,layer_3,strata,probe_fits,/layers/layer_3/probe_fits/strata,0.0035597710288667542,0.09555247831576143,0.037254617479446035,0.962745382520554,0.962745382520554,0.005823425386555324,0.062195463140271204,0.9063689682087971,0.9063689682087971,1e-15,10,"{""0.0001"": 0.0038609006697531457, ""0.01"": 0.008682989886172773, ""1e-06"": 0.0038609006697531457, ""1e-08"": 0.0038609006697531457, ""1e-10"": 0.0038609006697531457, ""1e-15"": 0.0038609006697531457}"
token_cycle_1_context,42,264407,8,intermediate,20000,20000,experiments/strata_token_guess_cycle_1/ppo/results/20260909T061802Z-7d4e2248/checkpoint_probes/steps_000264407/probe_battery.json,layer_3,strata,shuffled_training_labels,/layers/layer_3/shuffled_training_labels/strata,0.09556012911578814,0.09555247831576143,1.0000800690904261,-8.006909042634902e-05,-8.006909042612698e-05,0.0633544569669225,0.062195463140271204,-0.01863470047706528,-0.018634700477065058,0.01,10,"{""0.0001"": 0.09071042821499374, ""0.01"": 0.09035492731540602, ""1e-06"": 0.09071042821499374, ""1e-08"": 0.09071042821499374, ""1e-10"": 0.09071042821499374, ""1e-15"": 0.09071042821499374}"
token_cycle_1_context,42,264407,8,intermediate,20000,20000,experiments/strata_token_guess_cycle_1/ppo/results/20260909T061802Z-7d4e2248/checkpoint_probes/steps_000264407/probe_battery.json,control,strata,current_visible_token,/controls/current_visible_token/strata,0.07080621181481284,0.09555247831576143,0.7410191034588092,0.25898089654119083,0.25898089654119083,0.06299653134821333,0.062195463140271204,-0.012879849550045952,-0.012879849550045952,,,
token_cycle_1_context,42,264407,8,intermediate,20000,20000,experiments/strata_token_guess_cycle_1/ppo/results/20260909T061802Z-7d4e2248/checkpoint_probes/steps_000264407/probe_battery.json,control,strata,train_mean,/controls/train_mean/strata,0.09595638360300797,0.09555247831576143,1.004227051923361,-0.004227051923360925,-0.004227051923360925,0.06308358673254315,0.062195463140271204,-0.014279555894116225,-0.014279555894116225,,,
token_cycle_1_context,42,529112,16,intermediate,20000,20000,experiments/strata_token_guess_cycle_1/ppo/results/20260909T061802Z-7d4e2248/checkpoint_probes/steps_000529112/probe_battery.json,layer_1,strata,probe_fits,/layers/layer_1/probe_fits/strata,0.017311022389908472,0.09555247831576143,0.18116769648509484,0.8188323035149052,0.8188323035149052,0.025920162518163134,0.062195463140271204,0.5832467320051198,0.5832467320051199,1e-15,10,"{""0.0001"": 0.01723458860533613, ""0.01"": 0.0180647496890862, ""1e-06"": 0.01721990899487804, ""1e-08"": 0.01721990899487804, ""1e-10"": 0.01721990899487804, ""1e-15"": 0.01721990899487804}"
token_cycle_1_context,42,529112,16,intermediate,20000,20000,experiments/strata_token_guess_cycle_1/ppo/results/20260909T061802Z-7d4e2248/checkpoint_probes/steps_000529112/probe_battery.json,layer_1,strata,shuffled_training_labels,/layers/layer_1/shuffled_training_labels/strata,0.09623829560572907,0.09555247831576143,1.0071773888239852,-0.00717738882398522,-0.00717738882398522,0.06355010350370627,0.062195463140271204,-0.021780372635539447,-0.021780372635539447,0.01,10,"{""0.0001"": 0.09050305978309145, ""0.01"": 0.0903512558420525, ""1e-06"": 0.09062977872446282, ""1e-08"": 0.09062977872446282, ""1e-10"": 0.09062977872446282, ""1e-15"": 0.09062977872446282}"
token_cycle_1_context,42,529112,16,intermediate,20000,20000,experiments/strata_token_guess_cycle_1/ppo/results/20260909T061802Z-7d4e2248/checkpoint_probes/steps_000529112/probe_battery.json,layer_2,strata,probe_fits,/layers/layer_2/probe_fits/strata,0.0039191973797413114,0.09555247831576143,0.04101617717114552,0.9589838228288545,0.9589838228288545,0.007834000975452953,0.062195463140271204,0.8740422439208354,0.8740422439208354,1e-15,10,"{""0.0001"": 0.004214622534300117, ""0.01"": 0.007774484498819468, ""1e-06"": 0.004214622534300117, ""1e-08"": 0.004214622534300117, ""1e-10"": 0.004214622534300117, ""1e-15"": 0.004214622534300117}"
token_cycle_1_context,42,529112,16,intermediate,20000,20000,experiments/strata_token_guess_cycle_1/ppo/results/20260909T061802Z-7d4e2248/checkpoint_probes/steps_000529112/probe_battery.json,layer_2,strata,shuffled_training_labels,/layers/layer_2/shuffled_training_labels/strata,0.09554951351690495,0.09555247831576143,0.9999689720360085,3.1027963991347995e-05,3.102796399145902e-05,0.06316497838069725,0.062195463140271204,-0.015588198744327597,-0.015588198744327597,0.01,10,"{""0.0001"": 0.09064848905592265, ""0.01"": 0.09036579390415353, ""1e-06"": 0.09064848905592265, ""1e-08"": 0.09064848905592265, ""1e-10"": 0.09064848905592265, ""1e-15"": 0.09064848905592265}"
token_cycle_1_context,42,529112,16,intermediate,20000,20000,experiments/strata_token_guess_cycle_1/ppo/results/20260909T061802Z-7d4e2248/checkpoint_probes/steps_000529112/probe_battery.json,layer_3,strata,probe_fits,/layers/layer_3/probe_fits/strata,0.0037784608719021277,0.09555247831576143,0.039543305820031974,0.960456694179968,0.960456694179968,0.007642284248840321,0.062195463140271204,0.8771247312427845,0.8771247312427843,1e-15,10,"{""0.0001"": 0.004025235557793296, ""0.01"": 0.0063986440234324385, ""1e-06"": 0.004025235557793296, ""1e-08"": 0.004025235557793296, ""1e-10"": 0.004025235557793296, ""1e-15"": 0.004025235557793296}"
token_cycle_1_context,42,529112,16,intermediate,20000,20000,experiments/strata_token_guess_cycle_1/ppo/results/20260909T061802Z-7d4e2248/checkpoint_probes/steps_000529112/probe_battery.json,layer_3,strata,shuffled_training_labels,/layers/layer_3/shuffled_training_labels/strata,0.095464793934643,0.09555247831576143,0.9990823432038186,0.0009176567961812765,0.0009176567961813875,0.06320985084541118,0.062195463140271204,-0.01630967363089164,-0.01630967363089164,0.01,10,"{""0.0001"": 0.0906309018176056, ""0.01"": 0.0904045734470164, ""1e-06"": 0.0906309018176056, ""1e-08"": 0.0906309018176056, ""1e-10"": 0.0906309018176056, ""1e-15"": 0.0906309018176056}"
token_cycle_1_context,42,529112,16,intermediate,20000,20000,experiments/strata_token_guess_cycle_1/ppo/results/20260909T061802Z-7d4e2248/checkpoint_probes/steps_000529112/probe_battery.json,control,strata,current_visible_token,/controls/current_visible_token/strata,0.07080621181481284,0.09555247831576143,0.7410191034588092,0.25898089654119083,0.25898089654119083,0.06299653134821333,0.062195463140271204,-0.012879849550045952,-0.012879849550045952,,,
token_cycle_1_context,42,529112,16,intermediate,20000,20000,experiments/strata_token_guess_cycle_1/ppo/results/20260909T061802Z-7d4e2248/checkpoint_probes/steps_000529112/probe_battery.json,control,strata,train_mean,/controls/train_mean/strata,0.09595638360300797,0.09555247831576143,1.004227051923361,-0.004227051923360925,-0.004227051923360925,0.06308358673254315,0.062195463140271204,-0.014279555894116225,-0.014279555894116225,,,
token_cycle_1_context,42,1058450,32,intermediate,20000,20000,experiments/strata_token_guess_cycle_1/ppo/results/20260909T061802Z-7d4e2248/checkpoint_probes/steps_001058450/probe_battery.json,layer_1,strata,probe_fits,/layers/layer_1/probe_fits/strata,0.013651491616264423,0.09555247831576143,0.1428690480549535,0.8571309519450465,0.8571309519450465,0.024122729322235487,0.062195463140271204,0.6121464797547884,0.6121464797547884,0.0001,10,"{""0.0001"": 0.013739643784196277, ""0.01"": 0.015435312464029603, ""1e-06"": 0.013755344996626267, ""1e-08"": 0.013755344996626267, ""1e-10"": 0.013755344996626267, ""1e-15"": 0.013755344996626267}"
token_cycle_1_context,42,1058450,32,intermediate,20000,20000,experiments/strata_token_guess_cycle_1/ppo/results/20260909T061802Z-7d4e2248/checkpoint_probes/steps_001058450/probe_battery.json,layer_1,strata,shuffled_training_labels,/layers/layer_1/shuffled_training_labels/strata,0.09608537769655119,0.09555247831576143,1.005577033585971,-0.0055770335859710585,-0.0055770335859710585,0.06345443369734335,0.062195463140271204,-0.02024216065780826,-0.02024216065780804,0.01,10,"{""0.0001"": 0.09052285170365351, ""0.01"": 0.0903476420106494, ""1e-06"": 0.09068658229190295, ""1e-08"": 0.09068658229190295, ""1e-10"": 0.09068658229190295, ""1e-15"": 0.09068658229190295}"
token_cycle_1_context,42,1058450,32,intermediate,20000,20000,experiments/strata_token_guess_cycle_1/ppo/results/20260909T061802Z-7d4e2248/checkpoint_probes/steps_001058450/probe_battery.json,layer_2,strata,probe_fits,/layers/layer_2/probe_fits/strata,0.0044934422295485055,0.09555247831576143,0.047025909832495785,0.9529740901675042,0.9529740901675042,0.009694526261859624,0.062195463140271204,0.8441280798891185,0.8441280798891185,1e-15,10,"{""0.0001"": 0.004737339934899317, ""0.01"": 0.008456718367491307, ""1e-06"": 0.004737339934899317, ""1e-08"": 0.004737339934899317, ""1e-10"": 0.004737339934899317, ""1e-15"": 0.004737339934899317}"
token_cycle_1_context,42,1058450,32,intermediate,20000,20000,experiments/strata_token_guess_cycle_1/ppo/results/20260909T061802Z-7d4e2248/checkpoint_probes/steps_001058450/probe_battery.json,layer_2,strata,shuffled_training_labels,/layers/layer_2/shuffled_training_labels/strata,0.09566139793969193,0.09555247831576143,1.0011398932382536,-0.0011398932382535865,-0.0011398932382535865,0.06341672470559977,0.062195463140271204,-0.0196358625479518,-0.0196358625479518,0.01,10,"{""0.0001"": 0.09064808133507121, ""0.01"": 0.09036817951359663, ""1e-06"": 0.09064808133507121, ""1e-08"": 0.09064808133507121, ""1e-10"": 0.09064808133507121, ""1e-15"": 0.09064808133507121}"
token_cycle_1_context,42,1058450,32,intermediate,20000,20000,experiments/strata_token_guess_cycle_1/ppo/results/20260909T061802Z-7d4e2248/checkpoint_probes/steps_001058450/probe_battery.json,layer_3,strata,probe_fits,/layers/layer_3/probe_fits/strata,0.004192322027811643,0.09555247831576143,0.04387455042199693,0.956125449578003,0.956125449578003,0.008342764081423266,0.062195463140271204,0.8658621761106982,0.8658621761106982,1e-15,10,"{""0.0001"": 0.0044287163246463255, ""0.01"": 0.007384931678173709, ""1e-06"": 0.0044287163246463255, ""1e-08"": 0.0044287163246463255, ""1e-10"": 0.0044287163246463255, ""1e-15"": 0.0044287163246463255}"
token_cycle_1_context,42,1058450,32,intermediate,20000,20000,experiments/strata_token_guess_cycle_1/ppo/results/20260909T061802Z-7d4e2248/checkpoint_probes/steps_001058450/probe_battery.json,layer_3,strata,shuffled_training_labels,/layers/layer_3/shuffled_training_labels/strata,0.09560100613084473,0.09555247831576143,1.0005078655827526,-0.0005078655827526202,-0.0005078655827526202,0.06351362081300371,0.062195463140271204,-0.021193791414650942,-0.02119379141465072,0.01,10,"{""0.0001"": 0.09071221596513783, ""0.01"": 0.09040057105060625, ""1e-06"": 0.09071221596513783, ""1e-08"": 0.09071221596513783, ""1e-10"": 0.09071221596513783, ""1e-15"": 0.09071221596513783}"
token_cycle_1_context,42,1058450,32,intermediate,20000,20000,experiments/strata_token_guess_cycle_1/ppo/results/20260909T061802Z-7d4e2248/checkpoint_probes/steps_001058450/probe_battery.json,control,strata,current_visible_token,/controls/current_visible_token/strata,0.07080621181481284,0.09555247831576143,0.7410191034588092,0.25898089654119083,0.25898089654119083,0.06299653134821333,0.062195463140271204,-0.012879849550045952,-0.012879849550045952,,,
token_cycle_1_context,42,1058450,32,intermediate,20000,20000,experiments/strata_token_guess_cycle_1/ppo/results/20260909T061802Z-7d4e2248/checkpoint_probes/steps_001058450/probe_battery.json,control,strata,train_mean,/controls/train_mean/strata,0.09595638360300797,0.09555247831576143,1.004227051923361,-0.004227051923360925,-0.004227051923360925,0.06308358673254315,0.062195463140271204,-0.014279555894116225,-0.014279555894116225,,,
token_cycle_1_context,42,2116834,64,intermediate,20000,20000,experiments/strata_token_guess_cycle_1/ppo/results/20260909T061802Z-7d4e2248/checkpoint_probes/steps_002116834/probe_battery.json,layer_1,strata,probe_fits,/layers/layer_1/probe_fits/strata,0.012662214033400515,0.09555247831576143,0.13251580970571097,0.867484190294289,0.867484190294289,0.023766426428458953,0.062195463140271204,0.6178752399534697,0.6178752399534697,0.0001,10,"{""0.0001"": 0.012793333073111446, ""0.01"": 0.013987315705947717, ""1e-06"": 0.01280561483334875, ""1e-08"": 0.01280561483334875, ""1e-10"": 0.01280561483334875, ""1e-15"": 0.01280561483334875}"
token_cycle_1_context,42,2116834,64,intermediate,20000,20000,experiments/strata_token_guess_cycle_1/ppo/results/20260909T061802Z-7d4e2248/checkpoint_probes/steps_002116834/probe_battery.json,layer_1,strata,shuffled_training_labels,/layers/layer_1/shuffled_training_labels/strata,0.09604301483946165,0.09555247831576143,1.00513368708323,-0.005133687083229921,-0.005133687083229921,0.06345877295163371,0.062195463140271204,-0.0203119286773914,-0.0203119286773914,0.01,10,"{""0.0001"": 0.09052756066325436, ""0.01"": 0.09036253212245257, ""1e-06"": 0.0906028205553612, ""1e-08"": 0.0906028205553612, ""1e-10"": 0.0906028205553612, ""1e-15"": 0.0906028205553612}"
token_cycle_1_context,42,2116834,64,intermediate,20000,20000,experiments/strata_token_guess_cycle_1/ppo/results/20260909T061802Z-7d4e2248/checkpoint_probes/steps_002116834/probe_battery.json,layer_2,strata,probe_fits,/layers/layer_2/probe_fits/strata,0.0040683932173383435,0.09555247831576143,0.04257757924283226,0.9574224207571678,0.9574224207571678,0.009331419853041645,0.062195463140271204,0.8499662293374,0.8499662293374,1e-15,10,"{""0.0001"": 0.004286107850990888, ""0.01"": 0.0076226943143830285, ""1e-06"": 0.004286107850990888, ""1e-08"": 0.004286107850990888, ""1e-10"": 0.004286107850990888, ""1e-15"": 0.004286107850990888}"
token_cycle_1_context,42,2116834,64,intermediate,20000,20000,experiments/strata_token_guess_cycle_1/ppo/results/20260909T061802Z-7d4e2248/checkpoint_probes/steps_002116834/probe_battery.json,layer_2,strata,shuffled_training_labels,/layers/layer_2/shuffled_training_labels/strata,0.09557000444670918,0.09555247831576143,1.0001834189050527,-0.0001834189050526902,-0.0001834189050526902,0.06337367968635421,0.062195463140271204,-0.018943769956752954,-0.018943769956752954,0.01,10,"{""0.0001"": 0.09066880764511429, ""0.01"": 0.0903818255951045, ""1e-06"": 0.09066880764511429, ""1e-08"": 0.09066880764511429, ""1e-10"": 0.09066880764511429, ""1e-15"": 0.09066880764511429}"
token_cycle_1_context,42,2116834,64,intermediate,20000,20000,experiments/strata_token_guess_cycle_1/ppo/results/20260909T061802Z-7d4e2248/checkpoint_probes/steps_002116834/probe_battery.json,layer_3,strata,probe_fits,/layers/layer_3/probe_fits/strata,0.004408005268188105,0.09555247831576143,0.04613177330284904,0.953868226697151,0.953868226697151,0.009702028870118529,0.062195463140271204,0.8440074503788602,0.8440074503788602,1e-15,10,"{""0.0001"": 0.004399814856548144, ""0.01"": 0.007974482285656405, ""1e-06"": 0.004399814856548144, ""1e-08"": 0.004399814856548144, ""1e-10"": 0.004399814856548144, ""1e-15"": 0.004399814856548144}"
token_cycle_1_context,42,2116834,64,intermediate,20000,20000,experiments/strata_token_guess_cycle_1/ppo/results/20260909T061802Z-7d4e2248/checkpoint_probes/steps_002116834/probe_battery.json,layer_3,strata,shuffled_training_labels,/layers/layer_3/shuffled_training_labels/strata,0.09546072294705495,0.09555247831576143,0.9990397384733103,0.0009602615266897097,0.0009602615266897097,0.06322255441558171,0.062195463140271204,-0.016513925991580303,-0.016513925991580303,0.01,10,"{""0.0001"": 0.0906889380849502, ""0.01"": 0.09038356805021025, ""1e-06"": 0.0906889380849502, ""1e-08"": 0.0906889380849502, ""1e-10"": 0.0906889380849502, ""1e-15"": 0.0906889380849502}"
token_cycle_1_context,42,2116834,64,intermediate,20000,20000,experiments/strata_token_guess_cycle_1/ppo/results/20260909T061802Z-7d4e2248/checkpoint_probes/steps_002116834/probe_battery.json,control,strata,current_visible_token,/controls/current_visible_token/strata,0.07080621181481284,0.09555247831576143,0.7410191034588092,0.25898089654119083,0.25898089654119083,0.06299653134821333,0.062195463140271204,-0.012879849550045952,-0.012879849550045952,,,
token_cycle_1_context,42,2116834,64,intermediate,20000,20000,experiments/strata_token_guess_cycle_1/ppo/results/20260909T061802Z-7d4e2248/checkpoint_probes/steps_002116834/probe_battery.json,control,strata,train_mean,/controls/train_mean/strata,0.09595638360300797,0.09555247831576143,1.004227051923361,-0.004227051923360925,-0.004227051923360925,0.06308358673254315,0.062195463140271204,-0.014279555894116225,-0.014279555894116225,,,
token_cycle_1_context,42,2513610,76,final,20000,20000,experiments/strata_token_guess_cycle_1/ppo/results/20260909T061802Z-7d4e2248/checkpoint_probes/steps_002513610/probe_battery.json,layer_1,strata,probe_fits,/layers/layer_1/probe_fits/strata,0.012346641895851882,0.09555247831576143,0.12921320423580576,0.8707867957641943,0.8707867957641943,0.02442319164824999,0.062195463140271204,0.607315543367405,0.607315543367405,1e-15,10,"{""0.0001"": 0.012554545454565325, ""0.01"": 0.01377665538227558, ""1e-06"": 0.012552543831742285, ""1e-08"": 0.012552543831742285, ""1e-10"": 0.012552543831742285, ""1e-15"": 0.012552543831742285}"
token_cycle_1_context,42,2513610,76,final,20000,20000,experiments/strata_token_guess_cycle_1/ppo/results/20260909T061802Z-7d4e2248/checkpoint_probes/steps_002513610/probe_battery.json,layer_1,strata,shuffled_training_labels,/layers/layer_1/shuffled_training_labels/strata,0.0960329069725323,0.09555247831576143,1.0050279036738667,-0.00502790367386674,-0.00502790367386674,0.06337102600638339,0.062195463140271204,-0.01890110317951832,-0.018901103179518097,0.01,10,"{""0.0001"": 0.09060762644708209, ""0.01"": 0.09036902207689688, ""1e-06"": 0.09066466231997443, ""1e-08"": 0.09066466231997443, ""1e-10"": 0.09066466231997443, ""1e-15"": 0.09066466231997443}"
token_cycle_1_context,42,2513610,76,final,20000,20000,experiments/strata_token_guess_cycle_1/ppo/results/20260909T061802Z-7d4e2248/checkpoint_probes/steps_002513610/probe_battery.json,layer_2,strata,probe_fits,/layers/layer_2/probe_fits/strata,0.004096605374249255,0.09555247831576143,0.042872832253619514,0.9571271677463805,0.9571271677463805,0.009571057939102632,0.062195463140271204,0.8461132459530569,0.8461132459530569,1e-15,10,"{""0.0001"": 0.004326310012157584, ""0.01"": 0.008205756749148531, ""1e-06"": 0.004326310012157584, ""1e-08"": 0.004326310012157584, ""1e-10"": 0.004326310012157584, ""1e-15"": 0.004326310012157584}"
token_cycle_1_context,42,2513610,76,final,20000,20000,experiments/strata_token_guess_cycle_1/ppo/results/20260909T061802Z-7d4e2248/checkpoint_probes/steps_002513610/probe_battery.json,layer_2,strata,shuffled_training_labels,/layers/layer_2/shuffled_training_labels/strata,0.09553777303879624,0.09555247831576143,0.9998461026105823,0.0001538973894176232,0.00015389738941773423,0.06312724506041727,0.062195463140271204,-0.014981509471914345,-0.014981509471914123,0.01,10,"{""0.0001"": 0.09066695054541513, ""0.01"": 0.0903887347307756, ""1e-06"": 0.09066695054541513, ""1e-08"": 0.09066695054541513, ""1e-10"": 0.09066695054541513, ""1e-15"": 0.09066695054541513}"
token_cycle_1_context,42,2513610,76,final,20000,20000,experiments/strata_token_guess_cycle_1/ppo/results/20260909T061802Z-7d4e2248/checkpoint_probes/steps_002513610/probe_battery.json,layer_3,strata,probe_fits,/layers/layer_3/probe_fits/strata,0.004048814958063187,0.09555247831576143,0.04237268388459301,0.957627316115407,0.957627316115407,0.008894582863366952,0.062195463140271204,0.8569898443668351,0.8569898443668351,1e-15,10,"{""0.0001"": 0.004157263638507914, ""0.01"": 0.007987661162929816, ""1e-06"": 0.004157263638507914, ""1e-08"": 0.004157263638507914, ""1e-10"": 0.004157263638507914, ""1e-15"": 0.004157263638507914}"
token_cycle_1_context,42,2513610,76,final,20000,20000,experiments/strata_token_guess_cycle_1/ppo/results/20260909T061802Z-7d4e2248/checkpoint_probes/steps_002513610/probe_battery.json,layer_3,strata,shuffled_training_labels,/layers/layer_3/shuffled_training_labels/strata,0.09552974759445244,0.09555247831576143,0.9997621126975497,0.00023788730245022371,0.00023788730245033474,0.06313491709789988,0.062195463140271204,-0.015104863123374557,-0.015104863123374557,0.01,10,"{""0.0001"": 0.09065257330585899, ""0.01"": 0.09041354452168464, ""1e-06"": 0.09065257330585899, ""1e-08"": 0.09065257330585899, ""1e-10"": 0.09065257330585899, ""1e-15"": 0.09065257330585899}"
token_cycle_1_context,42,2513610,76,final,20000,20000,experiments/strata_token_guess_cycle_1/ppo/results/20260909T061802Z-7d4e2248/checkpoint_probes/steps_002513610/probe_battery.json,control,strata,current_visible_token,/controls/current_visible_token/strata,0.07080621181481284,0.09555247831576143,0.7410191034588092,0.25898089654119083,0.25898089654119083,0.06299653134821333,0.062195463140271204,-0.012879849550045952,-0.012879849550045952,,,
token_cycle_1_context,42,2513610,76,final,20000,20000,experiments/strata_token_guess_cycle_1/ppo/results/20260909T061802Z-7d4e2248/checkpoint_probes/steps_002513610/probe_battery.json,control,strata,train_mean,/controls/train_mean/strata,0.09595638360300797,0.09555247831576143,1.004227051923361,-0.004227051923360925,-0.004227051923360925,0.06308358673254315,0.062195463140271204,-0.014279555894116225,-0.014279555894116225,,,
token_cycle_2,42,0,0,initial,20000,20000,experiments/strata_token_guess_cycle_2/ppo/results/20260909T083950Z-45ea794b/checkpoint_probes/steps_000000000/probe_battery.json,layer_1,strata,probe_fits,/layers/layer_1/probe_fits/strata,0.05065955383262034,0.15499401324917533,0.3268484554379385,0.6731515445620615,0.6731515445620615,0.10015113995649677,0.19624504636774986,0.489662838322959,0.489662838322959,1e-15,10,"{""0.0001"": 0.049251911615008984, ""0.01"": 0.05935015258441097, ""1e-06"": 0.048740753281229586, ""1e-08"": 0.048740753281229586, ""1e-10"": 0.048740753281229586, ""1e-15"": 0.048740753281229586}"
token_cycle_2,42,0,0,initial,20000,20000,experiments/strata_token_guess_cycle_2/ppo/results/20260909T083950Z-45ea794b/checkpoint_probes/steps_000000000/probe_battery.json,layer_1,strata,shuffled_training_labels,/layers/layer_1/shuffled_training_labels/strata,0.15628652121714456,0.15499401324917533,1.0083390831740793,-0.008339083174079276,-0.008339083174079276,0.19924047991543223,0.19624504636774986,-0.015263740935753889,-0.015263740935753889,0.01,10,"{""0.0001"": 0.1542523068595198, ""0.01"": 0.15405299606327666, ""1e-06"": 0.15462205865046078, ""1e-08"": 0.15462205865046078, ""1e-10"": 0.15462205865046078, ""1e-15"": 0.15462205865046078}"
token_cycle_2,42,0,0,initial,20000,20000,experiments/strata_token_guess_cycle_2/ppo/results/20260909T083950Z-45ea794b/checkpoint_probes/steps_000000000/probe_battery.json,layer_2,strata,probe_fits,/layers/layer_2/probe_fits/strata,0.025732214226901248,0.15499401324917533,0.16602069775129305,0.833979302248707,0.833979302248707,0.052342094746672035,0.19624504636774986,0.7332819568419244,0.7332819568419244,1e-15,10,"{""0.0001"": 0.024992427521753357, ""0.01"": 0.049398956720432353, ""1e-06"": 0.024987629486634536, ""1e-08"": 0.024987629486634536, ""1e-10"": 0.024987629486634536, ""1e-15"": 0.024987629486634536}"
token_cycle_2,42,0,0,initial,20000,20000,experiments/strata_token_guess_cycle_2/ppo/results/20260909T083950Z-45ea794b/checkpoint_probes/steps_000000000/probe_battery.json,layer_2,strata,shuffled_training_labels,/layers/layer_2/shuffled_training_labels/strata,0.15678354772782027,0.15499401324917533,1.0115458296816149,-0.011545829681615105,-0.011545829681614883,0.1990131349738714,0.19624504636774986,-0.0141052661320904,-0.0141052661320904,0.01,10,"{""0.0001"": 0.15459077610170896, ""0.01"": 0.15408235110261698, ""1e-06"": 0.15458985468708403, ""1e-08"": 0.15458985468708403, ""1e-10"": 0.15458985468708403, ""1e-15"": 0.15458985468708403}"
token_cycle_2,42,0,0,initial,20000,20000,experiments/strata_token_guess_cycle_2/ppo/results/20260909T083950Z-45ea794b/checkpoint_probes/steps_000000000/probe_battery.json,layer_3,strata,probe_fits,/layers/layer_3/probe_fits/strata,0.023338204915426885,0.15499401324917533,0.15057487980459824,0.8494251201954017,0.8494251201954017,0.05115975332087291,0.19624504636774986,0.7393067786026915,0.7393067786026915,1e-15,10,"{""0.0001"": 0.022407782661765647, ""0.01"": 0.04683453871951229, ""1e-06"": 0.022407782661765647, ""1e-08"": 0.022407782661765647, ""1e-10"": 0.022407782661765647, ""1e-15"": 0.022407782661765647}"
token_cycle_2,42,0,0,initial,20000,20000,experiments/strata_token_guess_cycle_2/ppo/results/20260909T083950Z-45ea794b/checkpoint_probes/steps_000000000/probe_battery.json,layer_3,strata,shuffled_training_labels,/layers/layer_3/shuffled_training_labels/strata,0.1563825931805195,0.15499401324917533,1.008958926233569,-0.008958926233568976,-0.008958926233568976,0.19841212050029208,0.19624504636774986,-0.01104269469549446,-0.01104269469549446,0.01,10,"{""0.0001"": 0.15455711961666882, ""0.01"": 0.1540964771080839, ""1e-06"": 0.15455711961666882, ""1e-08"": 0.15455711961666882, ""1e-10"": 0.15455711961666882, ""1e-15"": 0.15455711961666882}"
token_cycle_2,42,0,0,initial,20000,20000,experiments/strata_token_guess_cycle_2/ppo/results/20260909T083950Z-45ea794b/checkpoint_probes/steps_000000000/probe_battery.json,control,strata,current_visible_token,/controls/current_visible_token/strata,0.1058836277544457,0.15499401324917533,0.683146565049725,0.31685343495027496,0.31685343495027496,0.19772831038453073,0.19624504636774986,-0.00755822398697048,-0.00755822398697048,,,
token_cycle_2,42,0,0,initial,20000,20000,experiments/strata_token_guess_cycle_2/ppo/results/20260909T083950Z-45ea794b/checkpoint_probes/steps_000000000/probe_battery.json,control,strata,train_mean,/controls/train_mean/strata,0.15557137319727063,0.15499401324917533,1.0037250467678847,-0.0037250467678846544,-0.0037250467678846544,0.19775971898829406,0.19624504636774986,-0.007718271867641402,-0.007718271867641402,,,
token_cycle_2,42,33112,1,intermediate,20000,20000,experiments/strata_token_guess_cycle_2/ppo/results/20260909T083950Z-45ea794b/checkpoint_probes/steps_000033112/probe_battery.json,layer_1,strata,probe_fits,/layers/layer_1/probe_fits/strata,0.047768916775862244,0.15499401324917533,0.308198463763028,0.691801536236972,0.691801536236972,0.09528969377951864,0.19624504636774986,0.5144351638769407,0.5144351638769407,1e-15,10,"{""0.0001"": 0.048648156593404525, ""0.01"": 0.056369478117895874, ""1e-06"": 0.04641426843233203, ""1e-08"": 0.04641426843233203, ""1e-10"": 0.04641426843233203, ""1e-15"": 0.04641426843233203}"
token_cycle_2,42,33112,1,intermediate,20000,20000,experiments/strata_token_guess_cycle_2/ppo/results/20260909T083950Z-45ea794b/checkpoint_probes/steps_000033112/probe_battery.json,layer_1,strata,shuffled_training_labels,/layers/layer_1/shuffled_training_labels/strata,0.15628510447064708,0.15499401324917533,1.0083299425210452,-0.008329942521045464,-0.008329942521045242,0.19916621047131158,0.19624504636774986,-0.014885288355700244,-0.014885288355700244,0.01,10,"{""0.0001"": 0.15422638121324006, ""0.01"": 0.15405443466899743, ""1e-06"": 0.154591466220376, ""1e-08"": 0.154591466220376, ""1e-10"": 0.154591466220376, ""1e-15"": 0.154591466220376}"
token_cycle_2,42,33112,1,intermediate,20000,20000,experiments/strata_token_guess_cycle_2/ppo/results/20260909T083950Z-45ea794b/checkpoint_probes/steps_000033112/probe_battery.json,layer_2,strata,probe_fits,/layers/layer_2/probe_fits/strata,0.02562943284911468,0.15499401324917533,0.1653575664752396,0.8346424335247604,0.8346424335247604,0.05441582061730318,0.19624504636774986,0.7227149340863788,0.7227149340863788,1e-15,10,"{""0.0001"": 0.025164384024409264, ""0.01"": 0.04608079857387017, ""1e-06"": 0.024874299639197166, ""1e-08"": 0.024874299639197166, ""1e-10"": 0.024874299639197166, ""1e-15"": 0.024874299639197166}"
token_cycle_2,42,33112,1,intermediate,20000,20000,experiments/strata_token_guess_cycle_2/ppo/results/20260909T083950Z-45ea794b/checkpoint_probes/steps_000033112/probe_battery.json,layer_2,strata,shuffled_training_labels,/layers/layer_2/shuffled_training_labels/strata,0.15635468419608436,0.15499401324917533,1.008778861314608,-0.008778861314608033,-0.008778861314608033,0.19861490307887947,0.19624504636774986,-0.01207600780245266,-0.012076007802452438,0.01,10,"{""0.0001"": 0.15450020389679206, ""0.01"": 0.15408799131143813, ""1e-06"": 0.15456097537127161, ""1e-08"": 0.15456097537127161, ""1e-10"": 0.15456097537127161, ""1e-15"": 0.15456097537127161}"
token_cycle_2,42,33112,1,intermediate,20000,20000,experiments/strata_token_guess_cycle_2/ppo/results/20260909T083950Z-45ea794b/checkpoint_probes/steps_000033112/probe_battery.json,layer_3,strata,probe_fits,/layers/layer_3/probe_fits/strata,0.022316123137387588,0.15499401324917533,0.14398054911650804,0.856019450883492,0.856019450883492,0.04979419631277342,0.19624504636774986,0.7462652065139903,0.7462652065139903,1e-15,10,"{""0.0001"": 0.021492254703324436, ""0.01"": 0.04699769664142338, ""1e-06"": 0.021492254703324436, ""1e-08"": 0.021492254703324436, ""1e-10"": 0.021492254703324436, ""1e-15"": 0.021492254703324436}"
token_cycle_2,42,33112,1,intermediate,20000,20000,experiments/strata_token_guess_cycle_2/ppo/results/20260909T083950Z-45ea794b/checkpoint_probes/steps_000033112/probe_battery.json,layer_3,strata,shuffled_training_labels,/layers/layer_3/shuffled_training_labels/strata,0.15633656290373515,0.15499401324917533,1.0086619452352747,-0.00866194523527497,-0.008661945235274748,0.19871264924417284,0.19624504636774986,-0.01257409000683185,-0.01257409000683185,0.01,10,"{""0.0001"": 0.15467703064457394, ""0.01"": 0.15409054034246555, ""1e-06"": 0.15467703064457394, ""1e-08"": 0.15467703064457394, ""1e-10"": 0.15467703064457394, ""1e-15"": 0.15467703064457394}"
token_cycle_2,42,33112,1,intermediate,20000,20000,experiments/strata_token_guess_cycle_2/ppo/results/20260909T083950Z-45ea794b/checkpoint_probes/steps_000033112/probe_battery.json,control,strata,current_visible_token,/controls/current_visible_token/strata,0.1058836277544457,0.15499401324917533,0.683146565049725,0.31685343495027496,0.31685343495027496,0.19772831038453073,0.19624504636774986,-0.00755822398697048,-0.00755822398697048,,,
token_cycle_2,42,33112,1,intermediate,20000,20000,experiments/strata_token_guess_cycle_2/ppo/results/20260909T083950Z-45ea794b/checkpoint_probes/steps_000033112/probe_battery.json,control,strata,train_mean,/controls/train_mean/strata,0.15557137319727063,0.15499401324917533,1.0037250467678847,-0.0037250467678846544,-0.0037250467678846544,0.19775971898829406,0.19624504636774986,-0.007718271867641402,-0.007718271867641402,,,
token_cycle_2,42,66254,2,intermediate,20000,20000,experiments/strata_token_guess_cycle_2/ppo/results/20260909T083950Z-45ea794b/checkpoint_probes/steps_000066254/probe_battery.json,layer_1,strata,probe_fits,/layers/layer_1/probe_fits/strata,0.04780132550334527,0.15499401324917533,0.3084075604036248,0.6915924395963752,0.6915924395963752,0.0951738796225741,0.19624504636774986,0.5150253146047583,0.5150253146047583,1e-15,10,"{""0.0001"": 0.0467203351935568, ""0.01"": 0.05447985749852262, ""1e-06"": 0.046219351764670485, ""1e-08"": 0.046219351764670485, ""1e-10"": 0.046219351764670485, ""1e-15"": 0.046219351764670485}"
token_cycle_2,42,66254,2,intermediate,20000,20000,experiments/strata_token_guess_cycle_2/ppo/results/20260909T083950Z-45ea794b/checkpoint_probes/steps_000066254/probe_battery.json,layer_1,strata,shuffled_training_labels,/layers/layer_1/shuffled_training_labels/strata,0.1563701854639065,0.15499401324917533,1.0088788733569907,-0.008878873356990669,-0.008878873356990669,0.19941187914628103,0.19624504636774986,-0.016137134858409397,-0.016137134858409397,0.01,10,"{""0.0001"": 0.15428656095039756, ""0.01"": 0.15405266939962983, ""1e-06"": 0.1545565145063377, ""1e-08"": 0.1545565145063377, ""1e-10"": 0.1545565145063377, ""1e-15"": 0.1545565145063377}"
token_cycle_2,42,66254,2,intermediate,20000,20000,experiments/strata_token_guess_cycle_2/ppo/results/20260909T083950Z-45ea794b/checkpoint_probes/steps_000066254/probe_battery.json,layer_2,strata,probe_fits,/layers/layer_2/probe_fits/strata,0.02026128916837782,0.15499401324917533,0.13072304370753252,0.8692769562924675,0.8692769562924675,0.04333787042690313,0.19624504636774986,0.7791645127913653,0.7791645127913653,1e-15,10,"{""0.0001"": 0.019181292515897973, ""0.01"": 0.04306932286166396, ""1e-06"": 0.019066627455520867, ""1e-08"": 0.019066627455520867, ""1e-10"": 0.019066627455520867, ""1e-15"": 0.019066627455520867}"
token_cycle_2,42,66254,2,intermediate,20000,20000,experiments/strata_token_guess_cycle_2/ppo/results/20260909T083950Z-45ea794b/checkpoint_probes/steps_000066254/probe_battery.json,layer_2,strata,shuffled_training_labels,/layers/layer_2/shuffled_training_labels/strata,0.1564422492721933,0.15499401324917533,1.0093438191105466,-0.009343819110546603,-0.009343819110546603,0.19882765386584086,0.19624504636774986,-0.013160115610008294,-0.013160115610008072,0.01,10,"{""0.0001"": 0.1545711446098577, ""0.01"": 0.1540883565453261, ""1e-06"": 0.15458015405377085, ""1e-08"": 0.15458015405377085, ""1e-10"": 0.15458015405377085, ""1e-15"": 0.15458015405377085}"
token_cycle_2,42,66254,2,intermediate,20000,20000,experiments/strata_token_guess_cycle_2/ppo/results/20260909T083950Z-45ea794b/checkpoint_probes/steps_000066254/probe_battery.json,layer_3,strata,probe_fits,/layers/layer_3/probe_fits/strata,0.016601362540352774,0.15499401324917533,0.10710970180289273,0.8928902981971073,0.8928902981971073,0.03640418879344795,0.19624504636774986,0.8144962664421654,0.8144962664421656,1e-15,10,"{""0.0001"": 0.015504391333895636, ""0.01"": 0.031481051322163896, ""1e-06"": 0.015504391333895636, ""1e-08"": 0.015504391333895636, ""1e-10"": 0.015504391333895636, ""1e-15"": 0.015504391333895636}"
token_cycle_2,42,66254,2,intermediate,20000,20000,experiments/strata_token_guess_cycle_2/ppo/results/20260909T083950Z-45ea794b/checkpoint_probes/steps_000066254/probe_battery.json,layer_3,strata,shuffled_training_labels,/layers/layer_3/shuffled_training_labels/strata,0.15594203448202382,0.15499401324917533,1.0061165022633771,-0.006116502263377344,-0.0061165022633771216,0.19742385229677253,0.19624504636774986,-0.006006806035825596,-0.006006806035825596,0.01,10,"{""0.0001"": 0.15464392803561486, ""0.01"": 0.1540938765177805, ""1e-06"": 0.15464392803561486, ""1e-08"": 0.15464392803561486, ""1e-10"": 0.15464392803561486, ""1e-15"": 0.15464392803561486}"
token_cycle_2,42,66254,2,intermediate,20000,20000,experiments/strata_token_guess_cycle_2/ppo/results/20260909T083950Z-45ea794b/checkpoint_probes/steps_000066254/probe_battery.json,control,strata,current_visible_token,/controls/current_visible_token/strata,0.1058836277544457,0.15499401324917533,0.683146565049725,0.31685343495027496,0.31685343495027496,0.19772831038453073,0.19624504636774986,-0.00755822398697048,-0.00755822398697048,,,
token_cycle_2,42,66254,2,intermediate,20000,20000,experiments/strata_token_guess_cycle_2/ppo/results/20260909T083950Z-45ea794b/checkpoint_probes/steps_000066254/probe_battery.json,control,strata,train_mean,/controls/train_mean/strata,0.15557137319727063,0.15499401324917533,1.0037250467678847,-0.0037250467678846544,-0.0037250467678846544,0.19775971898829406,0.19624504636774986,-0.007718271867641402,-0.007718271867641402,,,
token_cycle_2,42,132518,4,intermediate,20000,20000,experiments/strata_token_guess_cycle_2/ppo/results/20260909T083950Z-45ea794b/checkpoint_probes/steps_000132518/probe_battery.json,layer_1,strata,probe_fits,/layers/layer_1/probe_fits/strata,0.04219093187897522,0.15499401324917533,0.2722100744055655,0.7277899255944345,0.7277899255944345,0.08673128948793579,0.19624504636774986,0.5580459680729608,0.5580459680729609,1e-15,10,"{""0.0001"": 0.041202788083794566, ""0.01"": 0.048122178330129335, ""1e-06"": 0.041183794312242006, ""1e-08"": 0.041183794312242006, ""1e-10"": 0.041183794312242006, ""1e-15"": 0.041183794312242006}"
token_cycle_2,42,132518,4,intermediate,20000,20000,experiments/strata_token_guess_cycle_2/ppo/results/20260909T083950Z-45ea794b/checkpoint_probes/steps_000132518/probe_battery.json,layer_1,strata,shuffled_training_labels,/layers/layer_1/shuffled_training_labels/strata,0.15651177179917905,0.15499401324917533,1.0097923688675878,-0.00979236886758783,-0.00979236886758783,0.19994513579075013,0.19624504636774986,-0.018854434756363503,-0.018854434756363503,0.01,10,"{""0.0001"": 0.15428797036610897, ""0.01"": 0.15405201390219553, ""1e-06"": 0.15462122298235914, ""1e-08"": 0.15462122298235914, ""1e-10"": 0.15462122298235914, ""1e-15"": 0.15462122298235914}"
token_cycle_2,42,132518,4,intermediate,20000,20000,experiments/strata_token_guess_cycle_2/ppo/results/20260909T083950Z-45ea794b/checkpoint_probes/steps_000132518/probe_battery.json,layer_2,strata,probe_fits,/layers/layer_2/probe_fits/strata,0.011979590374222276,0.15499401324917533,0.07729066512371255,0.9227093348762875,0.9227093348762875,0.026045657329713902,0.19624504636774986,0.8672799247074695,0.8672799247074695,1e-15,10,"{""0.0001"": 0.011007979733016942, ""0.01"": 0.03122384593617302, ""1e-06"": 0.011007979733016942, ""1e-08"": 0.011007979733016942, ""1e-10"": 0.011007979733016942, ""1e-15"": 0.011007979733016942}"
token_cycle_2,42,132518,4,intermediate,20000,20000,experiments/strata_token_guess_cycle_2/ppo/results/20260909T083950Z-45ea794b/checkpoint_probes/steps_000132518/probe_battery.json,layer_2,strata,shuffled_training_labels,/layers/layer_2/shuffled_training_labels/strata,0.15623779566279286,0.15499401324917533,1.0080247126165962,-0.00802471261659643,-0.008024712616596208,0.19838200375169784,0.19624504636774986,-0.010889229682483181,-0.010889229682483181,0.01,10,"{""0.0001"": 0.15459474848574895, ""0.01"": 0.15409298780677494, ""1e-06"": 0.15459474848574895, ""1e-08"": 0.15459474848574895, ""1e-10"": 0.15459474848574895, ""1e-15"": 0.15459474848574895}"
token_cycle_2,42,132518,4,intermediate,20000,20000,experiments/strata_token_guess_cycle_2/ppo/results/20260909T083950Z-45ea794b/checkpoint_probes/steps_000132518/probe_battery.json,layer_3,strata,probe_fits,/layers/layer_3/probe_fits/strata,0.009570043858397385,0.15499401324917533,0.061744603277109504,0.9382553967228905,0.9382553967228905,0.021289940994970637,0.19624504636774986,0.8915134858738053,0.8915134858738053,1e-15,10,"{""0.0001"": 0.009032301491912137, ""0.01"": 0.018191351658411486, ""1e-06"": 0.009032301491912137, ""1e-08"": 0.009032301491912137, ""1e-10"": 0.009032301491912137, ""1e-15"": 0.009032301491912137}"
token_cycle_2,42,132518,4,intermediate,20000,20000,experiments/strata_token_guess_cycle_2/ppo/results/20260909T083950Z-45ea794b/checkpoint_probes/steps_000132518/probe_battery.json,layer_3,strata,shuffled_training_labels,/layers/layer_3/shuffled_training_labels/strata,0.15603602998686733,0.15499401324917533,1.006722948298763,-0.006722948298762965,-0.006722948298762965,0.19828501504322546,0.19624504636774986,-0.010395007228120479,-0.010395007228120479,0.01,10,"{""0.0001"": 0.15459574754456254, ""0.01"": 0.154112877606472, ""1e-06"": 0.15459574754456254, ""1e-08"": 0.15459574754456254, ""1e-10"": 0.15459574754456254, ""1e-15"": 0.15459574754456254}"
token_cycle_2,42,132518,4,intermediate,20000,20000,experiments/strata_token_guess_cycle_2/ppo/results/20260909T083950Z-45ea794b/checkpoint_probes/steps_000132518/probe_battery.json,control,strata,current_visible_token,/controls/current_visible_token/strata,0.1058836277544457,0.15499401324917533,0.683146565049725,0.31685343495027496,0.31685343495027496,0.19772831038453073,0.19624504636774986,-0.00755822398697048,-0.00755822398697048,,,
token_cycle_2,42,132518,4,intermediate,20000,20000,experiments/strata_token_guess_cycle_2/ppo/results/20260909T083950Z-45ea794b/checkpoint_probes/steps_000132518/probe_battery.json,control,strata,train_mean,/controls/train_mean/strata,0.15557137319727063,0.15499401324917533,1.0037250467678847,-0.0037250467678846544,-0.0037250467678846544,0.19775971898829406,0.19624504636774986,-0.007718271867641402,-0.007718271867641402,,,
token_cycle_2,42,265026,8,intermediate,20000,20000,experiments/strata_token_guess_cycle_2/ppo/results/20260909T083950Z-45ea794b/checkpoint_probes/steps_000265026/probe_battery.json,layer_1,strata,probe_fits,/layers/layer_1/probe_fits/strata,0.0330571065520471,0.15499401324917533,0.21327989293949703,0.786720107060503,0.786720107060503,0.07148540722074978,0.19624504636774986,0.6357339533208344,0.6357339533208344,0.0001,10,"{""0.0001"": 0.032501087484783184, ""0.01"": 0.03477095527718957, ""1e-06"": 0.03254233391563029, ""1e-08"": 0.03254233391563029, ""1e-10"": 0.03254233391563029, ""1e-15"": 0.03254233391563029}"
token_cycle_2,42,265026,8,intermediate,20000,20000,experiments/strata_token_guess_cycle_2/ppo/results/20260909T083950Z-45ea794b/checkpoint_probes/steps_000265026/probe_battery.json,layer_1,strata,shuffled_training_labels,/layers/layer_1/shuffled_training_labels/strata,0.15653559400664632,0.15499401324917533,1.0099460664651136,-0.009946066465113645,-0.009946066465113645,0.20010329542638447,0.19624504636774986,-0.019660364070563707,-0.019660364070563707,0.01,10,"{""0.0001"": 0.15425479887048127, ""0.01"": 0.15407174428487927, ""1e-06"": 0.1545219558632292, ""1e-08"": 0.1545219558632292, ""1e-10"": 0.1545219558632292, ""1e-15"": 0.1545219558632292}"
token_cycle_2,42,265026,8,intermediate,20000,20000,experiments/strata_token_guess_cycle_2/ppo/results/20260909T083950Z-45ea794b/checkpoint_probes/steps_000265026/probe_battery.json,layer_2,strata,probe_fits,/layers/layer_2/probe_fits/strata,0.007270878262038358,0.15499401324917533,0.04691070390150726,0.9530892960984927,0.9530892960984927,0.01606342302494096,0.19624504636774986,0.9181460968199971,0.9181460968199971,1e-15,10,"{""0.0001"": 0.006890068161925986, ""0.01"": 0.018296337847434903, ""1e-06"": 0.006890068161925986, ""1e-08"": 0.006890068161925986, ""1e-10"": 0.006890068161925986, ""1e-15"": 0.006890068161925986}"
token_cycle_2,42,265026,8,intermediate,20000,20000,experiments/strata_token_guess_cycle_2/ppo/results/20260909T083950Z-45ea794b/checkpoint_probes/steps_000265026/probe_battery.json,layer_2,strata,shuffled_training_labels,/layers/layer_2/shuffled_training_labels/strata,0.1560363414227269,0.15499401324917533,1.0067249576399824,-0.006724957639982598,-0.006724957639982376,0.19850989751470005,0.19624504636774986,-0.011540934096782252,-0.011540934096782252,0.01,10,"{""0.0001"": 0.1545195408365955, ""0.01"": 0.15411057657064195, ""1e-06"": 0.1545195408365955, ""1e-08"": 0.1545195408365955, ""1e-10"": 0.1545195408365955, ""1e-15"": 0.1545195408365955}"
token_cycle_2,42,265026,8,intermediate,20000,20000,experiments/strata_token_guess_cycle_2/ppo/results/20260909T083950Z-45ea794b/checkpoint_probes/steps_000265026/probe_battery.json,layer_3,strata,probe_fits,/layers/layer_3/probe_fits/strata,0.006567541731125879,0.15499401324917533,0.04237287359330198,0.957627126406698,0.957627126406698,0.014649179913159907,0.19624504636774986,0.9253526130503782,0.9253526130503782,1e-15,10,"{""0.0001"": 0.006359459224585548, ""0.01"": 0.013943268308973638, ""1e-06"": 0.006359459224585548, ""1e-08"": 0.006359459224585548, ""1e-10"": 0.006359459224585548, ""1e-15"": 0.006359459224585548}"
token_cycle_2,42,265026,8,intermediate,20000,20000,experiments/strata_token_guess_cycle_2/ppo/results/20260909T083950Z-45ea794b/checkpoint_probes/steps_000265026/probe_battery.json,layer_3,strata,shuffled_training_labels,/layers/layer_3/shuffled_training_labels/strata,0.15611914407847138,0.15499401324917533,1.0072591889564615,-0.007259188956461493,-0.007259188956461493,0.19847701433600642,0.19624504636774986,-0.01137337226884183,-0.01137337226884183,0.01,10,"{""0.0001"": 0.15445100931821776, ""0.01"": 0.15414007638832944, ""1e-06"": 0.15445100931821776, ""1e-08"": 0.15445100931821776, ""1e-10"": 0.15445100931821776, ""1e-15"": 0.15445100931821776}"
token_cycle_2,42,265026,8,intermediate,20000,20000,experiments/strata_token_guess_cycle_2/ppo/results/20260909T083950Z-45ea794b/checkpoint_probes/steps_000265026/probe_battery.json,control,strata,current_visible_token,/controls/current_visible_token/strata,0.1058836277544457,0.15499401324917533,0.683146565049725,0.31685343495027496,0.31685343495027496,0.19772831038453073,0.19624504636774986,-0.00755822398697048,-0.00755822398697048,,,
token_cycle_2,42,265026,8,intermediate,20000,20000,experiments/strata_token_guess_cycle_2/ppo/results/20260909T083950Z-45ea794b/checkpoint_probes/steps_000265026/probe_battery.json,control,strata,train_mean,/controls/train_mean/strata,0.15557137319727063,0.15499401324917533,1.0037250467678847,-0.0037250467678846544,-0.0037250467678846544,0.19775971898829406,0.19624504636774986,-0.007718271867641402,-0.007718271867641402,,,
token_cycle_2,42,529886,16,intermediate,20000,20000,experiments/strata_token_guess_cycle_2/ppo/results/20260909T083950Z-45ea794b/checkpoint_probes/steps_000529886/probe_battery.json,layer_1,strata,probe_fits,/layers/layer_1/probe_fits/strata,0.02349395072248982,0.15499401324917533,0.1515797302746132,0.8484202697253869,0.8484202697253869,0.051240829917489794,0.19624504636774986,0.7388936390197185,0.7388936390197185,1e-15,10,"{""0.0001"": 0.022997765820320523, ""0.01"": 0.025619682455926412, ""1e-06"": 0.022979182898639223, ""1e-08"": 0.022979182898639223, ""1e-10"": 0.022979182898639223, ""1e-15"": 0.022979182898639223}"
token_cycle_2,42,529886,16,intermediate,20000,20000,experiments/strata_token_guess_cycle_2/ppo/results/20260909T083950Z-45ea794b/checkpoint_probes/steps_000529886/probe_battery.json,layer_1,strata,shuffled_training_labels,/layers/layer_1/shuffled_training_labels/strata,0.15661799146753536,0.15499401324917533,1.0104776835202611,-0.010477683520261127,-0.010477683520261127,0.200041445402644,0.19624504636774986,-0.01934519675864821,-0.01934519675864821,0.01,10,"{""0.0001"": 0.15426917108626098, ""0.01"": 0.1540648303786077, ""1e-06"": 0.15460283205415684, ""1e-08"": 0.15460283205415684, ""1e-10"": 0.15460283205415684, ""1e-15"": 0.15460283205415684}"
token_cycle_2,42,529886,16,intermediate,20000,20000,experiments/strata_token_guess_cycle_2/ppo/results/20260909T083950Z-45ea794b/checkpoint_probes/steps_000529886/probe_battery.json,layer_2,strata,probe_fits,/layers/layer_2/probe_fits/strata,0.0043143796186608735,0.15499401324917533,0.02783578235196016,0.9721642176480398,0.9721642176480398,0.00937682670854062,0.19624504636774986,0.9522187852274799,0.9522187852274799,1e-15,10,"{""0.0001"": 0.004232598939263588, ""0.01"": 0.008947449392830414, ""1e-06"": 0.004232598939263588, ""1e-08"": 0.004232598939263588, ""1e-10"": 0.004232598939263588, ""1e-15"": 0.004232598939263588}"
token_cycle_2,42,529886,16,intermediate,20000,20000,experiments/strata_token_guess_cycle_2/ppo/results/20260909T083950Z-45ea794b/checkpoint_probes/steps_000529886/probe_battery.json,layer_2,strata,shuffled_training_labels,/layers/layer_2/shuffled_training_labels/strata,0.15626119499811836,0.15499401324917533,1.0081756819013767,-0.008175681901376741,-0.008175681901376741,0.1985813143199736,0.19624504636774986,-0.011904850570575665,-0.011904850570575665,0.01,10,"{""0.0001"": 0.15453469535735004, ""0.01"": 0.1541384710872467, ""1e-06"": 0.15453469535735004, ""1e-08"": 0.15453469535735004, ""1e-10"": 0.15453469535735004, ""1e-15"": 0.15453469535735004}"
token_cycle_2,42,529886,16,intermediate,20000,20000,experiments/strata_token_guess_cycle_2/ppo/results/20260909T083950Z-45ea794b/checkpoint_probes/steps_000529886/probe_battery.json,layer_3,strata,probe_fits,/layers/layer_3/probe_fits/strata,0.003868725716911108,0.15499401324917533,0.024960484832995265,0.9750395151670047,0.9750395151670047,0.008447257031059316,0.19624504636774986,0.956955565567603,0.956955565567603,1e-15,10,"{""0.0001"": 0.0038380829016299335, ""0.01"": 0.006918327064473903, ""1e-06"": 0.0038380829016299335, ""1e-08"": 0.0038380829016299335, ""1e-10"": 0.0038380829016299335, ""1e-15"": 0.0038380829016299335}"
token_cycle_2,42,529886,16,intermediate,20000,20000,experiments/strata_token_guess_cycle_2/ppo/results/20260909T083950Z-45ea794b/checkpoint_probes/steps_000529886/probe_battery.json,layer_3,strata,shuffled_training_labels,/layers/layer_3/shuffled_training_labels/strata,0.15617622704666306,0.15499401324917533,1.0076274803955632,-0.007627480395563158,-0.007627480395563158,0.1981902320461749,0.19624504636774986,-0.009912024351329984,-0.009912024351329984,0.01,10,"{""0.0001"": 0.15453268642275464, ""0.01"": 0.1541904765134692, ""1e-06"": 0.15453268642275464, ""1e-08"": 0.15453268642275464, ""1e-10"": 0.15453268642275464, ""1e-15"": 0.15453268642275464}"
token_cycle_2,42,529886,16,intermediate,20000,20000,experiments/strata_token_guess_cycle_2/ppo/results/20260909T083950Z-45ea794b/checkpoint_probes/steps_000529886/probe_battery.json,control,strata,current_visible_token,/controls/current_visible_token/strata,0.1058836277544457,0.15499401324917533,0.683146565049725,0.31685343495027496,0.31685343495027496,0.19772831038453073,0.19624504636774986,-0.00755822398697048,-0.00755822398697048,,,
token_cycle_2,42,529886,16,intermediate,20000,20000,experiments/strata_token_guess_cycle_2/ppo/results/20260909T083950Z-45ea794b/checkpoint_probes/steps_000529886/probe_battery.json,control,strata,train_mean,/controls/train_mean/strata,0.15557137319727063,0.15499401324917533,1.0037250467678847,-0.0037250467678846544,-0.0037250467678846544,0.19775971898829406,0.19624504636774986,-0.007718271867641402,-0.007718271867641402,,,
token_cycle_2,42,1059875,32,intermediate,20000,20000,experiments/strata_token_guess_cycle_2/ppo/results/20260909T083950Z-45ea794b/checkpoint_probes/steps_001059875/probe_battery.json,layer_1,strata,probe_fits,/layers/layer_1/probe_fits/strata,0.02073617362241474,0.15499401324917533,0.13378693271899694,0.866213067281003,0.8662130672810031,0.047393810252467104,0.19624504636774986,0.7584967818058739,0.7584967818058739,1e-15,10,"{""0.0001"": 0.020587912262239407, ""0.01"": 0.025147610410112774, ""1e-06"": 0.020519148793179627, ""1e-08"": 0.020519148793179627, ""1e-10"": 0.020519148793179627, ""1e-15"": 0.020519148793179627}"
token_cycle_2,42,1059875,32,intermediate,20000,20000,experiments/strata_token_guess_cycle_2/ppo/results/20260909T083950Z-45ea794b/checkpoint_probes/steps_001059875/probe_battery.json,layer_1,strata,shuffled_training_labels,/layers/layer_1/shuffled_training_labels/strata,0.15660523843563615,0.15499401324917533,1.010395402717075,-0.010395402717074953,-0.010395402717074953,0.19970589068567834,0.19624504636774986,-0.017635320646224528,-0.017635320646224528,0.01,10,"{""0.0001"": 0.15430569236151798, ""0.01"": 0.15407826534062216, ""1e-06"": 0.1546097763721393, ""1e-08"": 0.1546097763721393, ""1e-10"": 0.1546097763721393, ""1e-15"": 0.1546097763721393}"
token_cycle_2,42,1059875,32,intermediate,20000,20000,experiments/strata_token_guess_cycle_2/ppo/results/20260909T083950Z-45ea794b/checkpoint_probes/steps_001059875/probe_battery.json,layer_2,strata,probe_fits,/layers/layer_2/probe_fits/strata,0.003435210462686835,0.15499401324917533,0.022163504193960296,0.9778364958060397,0.9778364958060397,0.007767262234339859,0.19624504636774986,0.9604205946692558,0.9604205946692558,1e-15,10,"{""0.0001"": 0.0033543820374787765, ""0.01"": 0.008145919009006464, ""1e-06"": 0.0033543820374787765, ""1e-08"": 0.0033543820374787765, ""1e-10"": 0.0033543820374787765, ""1e-15"": 0.0033543820374787765}"
token_cycle_2,42,1059875,32,intermediate,20000,20000,experiments/strata_token_guess_cycle_2/ppo/results/20260909T083950Z-45ea794b/checkpoint_probes/steps_001059875/probe_battery.json,layer_2,strata,shuffled_training_labels,/layers/layer_2/shuffled_training_labels/strata,0.1560368142062128,0.15499401324917533,1.006728007973837,-0.006728007973836991,-0.006728007973836991,0.19825207121420424,0.19624504636774986,-0.010227136346123933,-0.010227136346123933,0.01,10,"{""0.0001"": 0.1544473862078151, ""0.01"": 0.15414629162643595, ""1e-06"": 0.1544473862078151, ""1e-08"": 0.1544473862078151, ""1e-10"": 0.1544473862078151, ""1e-15"": 0.1544473862078151}"
token_cycle_2,42,1059875,32,intermediate,20000,20000,experiments/strata_token_guess_cycle_2/ppo/results/20260909T083950Z-45ea794b/checkpoint_probes/steps_001059875/probe_battery.json,layer_3,strata,probe_fits,/layers/layer_3/probe_fits/strata,0.003218944822576041,0.15499401324917533,0.020768188106731072,0.9792318118932689,0.9792318118932689,0.007347726269919665,0.19624504636774986,0.962558411506854,0.962558411506854,1e-15,10,"{""0.0001"": 0.0030802598113556265, ""0.01"": 0.00690570344394525, ""1e-06"": 0.0030802598113556265, ""1e-08"": 0.0030802598113556265, ""1e-10"": 0.0030802598113556265, ""1e-15"": 0.0030802598113556265}"
token_cycle_2,42,1059875,32,intermediate,20000,20000,experiments/strata_token_guess_cycle_2/ppo/results/20260909T083950Z-45ea794b/checkpoint_probes/steps_001059875/probe_battery.json,layer_3,strata,shuffled_training_labels,/layers/layer_3/shuffled_training_labels/strata,0.15597161775583027,0.15499401324917533,1.0063073694664793,-0.006307369466479473,-0.006307369466479251,0.19822215391974374,0.19624504636774986,-0.010074687685562855,-0.010074687685562855,0.01,10,"{""0.0001"": 0.1545092742415371, ""0.01"": 0.1541840962870954, ""1e-06"": 0.1545092742415371, ""1e-08"": 0.1545092742415371, ""1e-10"": 0.1545092742415371, ""1e-15"": 0.1545092742415371}"
token_cycle_2,42,1059875,32,intermediate,20000,20000,experiments/strata_token_guess_cycle_2/ppo/results/20260909T083950Z-45ea794b/checkpoint_probes/steps_001059875/probe_battery.json,control,strata,current_visible_token,/controls/current_visible_token/strata,0.1058836277544457,0.15499401324917533,0.683146565049725,0.31685343495027496,0.31685343495027496,0.19772831038453073,0.19624504636774986,-0.00755822398697048,-0.00755822398697048,,,
token_cycle_2,42,1059875,32,intermediate,20000,20000,experiments/strata_token_guess_cycle_2/ppo/results/20260909T083950Z-45ea794b/checkpoint_probes/steps_001059875/probe_battery.json,control,strata,train_mean,/controls/train_mean/strata,0.15557137319727063,0.15499401324917533,1.0037250467678847,-0.0037250467678846544,-0.0037250467678846544,0.19775971898829406,0.19624504636774986,-0.007718271867641402,-0.007718271867641402,,,
token_cycle_2,42,2119586,64,intermediate,20000,20000,experiments/strata_token_guess_cycle_2/ppo/results/20260909T083950Z-45ea794b/checkpoint_probes/steps_002119586/probe_battery.json,layer_1,strata,probe_fits,/layers/layer_1/probe_fits/strata,0.02115150041460925,0.15499401324917533,0.1364665639091824,0.8635334360908176,0.8635334360908176,0.04814208206588469,0.19624504636774986,0.7546838355569511,0.7546838355569511,1e-15,10,"{""0.0001"": 0.02083974032364823, ""0.01"": 0.026899496944896288, ""1e-06"": 0.020785595611193863, ""1e-08"": 0.020785595611193863, ""1e-10"": 0.020785595611193863, ""1e-15"": 0.020785595611193863}"
token_cycle_2,42,2119586,64,intermediate,20000,20000,experiments/strata_token_guess_cycle_2/ppo/results/20260909T083950Z-45ea794b/checkpoint_probes/steps_002119586/probe_battery.json,layer_1,strata,shuffled_training_labels,/layers/layer_1/shuffled_training_labels/strata,0.15651041614370748,0.15499401324917533,1.0097836223654284,-0.009783622365428624,-0.009783622365428402,0.19939562197195496,0.19624504636774986,-0.016054293662532082,-0.016054293662532082,0.01,10,"{""0.0001"": 0.15432142467183532, ""0.01"": 0.15408165248727473, ""1e-06"": 0.1546588981079236, ""1e-08"": 0.1546588981079236, ""1e-10"": 0.1546588981079236, ""1e-15"": 0.1546588981079236}"
token_cycle_2,42,2119586,64,intermediate,20000,20000,experiments/strata_token_guess_cycle_2/ppo/results/20260909T083950Z-45ea794b/checkpoint_probes/steps_002119586/probe_battery.json,layer_2,strata,probe_fits,/layers/layer_2/probe_fits/strata,0.0038827551033340617,0.15499401324917533,0.02505100049956104,0.974948999500439,0.974948999500439,0.008938821920019654,0.19624504636774986,0.9544507130984141,0.9544507130984141,1e-15,10,"{""0.0001"": 0.003741737908157698, ""0.01"": 0.010616748154385605, ""1e-06"": 0.003741737908157698, ""1e-08"": 0.003741737908157698, ""1e-10"": 0.003741737908157698, ""1e-15"": 0.003741737908157698}"
token_cycle_2,42,2119586,64,intermediate,20000,20000,experiments/strata_token_guess_cycle_2/ppo/results/20260909T083950Z-45ea794b/checkpoint_probes/steps_002119586/probe_battery.json,layer_2,strata,shuffled_training_labels,/layers/layer_2/shuffled_training_labels/strata,0.15590514236805247,0.15499401324917533,1.005878479431411,-0.005878479431411288,-0.0058784794314110655,0.1983965718671979,0.19624504636774986,-0.010963463991932931,-0.010963463991932931,0.01,10,"{""0.0001"": 0.1545778078850737, ""0.01"": 0.15415183760349213, ""1e-06"": 0.1545778078850737, ""1e-08"": 0.1545778078850737, ""1e-10"": 0.1545778078850737, ""1e-15"": 0.1545778078850737}"
token_cycle_2,42,2119586,64,intermediate,20000,20000,experiments/strata_token_guess_cycle_2/ppo/results/20260909T083950Z-45ea794b/checkpoint_probes/steps_002119586/probe_battery.json,layer_3,strata,probe_fits,/layers/layer_3/probe_fits/strata,0.0038250470207673148,0.15499401324917533,0.024678675908713955,0.975321324091286,0.975321324091286,0.008671499472050254,0.19624504636774986,0.9558129000830907,0.9558129000830907,1e-15,10,"{""0.0001"": 0.0035570214441866623, ""0.01"": 0.00897881430563042, ""1e-06"": 0.0035570214441866623, ""1e-08"": 0.0035570214441866623, ""1e-10"": 0.0035570214441866623, ""1e-15"": 0.0035570214441866623}"
token_cycle_2,42,2119586,64,intermediate,20000,20000,experiments/strata_token_guess_cycle_2/ppo/results/20260909T083950Z-45ea794b/checkpoint_probes/steps_002119586/probe_battery.json,layer_3,strata,shuffled_training_labels,/layers/layer_3/shuffled_training_labels/strata,0.15578524804271757,0.15499401324917533,1.0051049377776302,-0.005104937777630214,-0.005104937777630214,0.1979447825727002,0.19624504636774986,-0.00866129482710698,-0.00866129482710698,0.01,10,"{""0.0001"": 0.15460041973778985, ""0.01"": 0.15416572647844348, ""1e-06"": 0.15460041973778985, ""1e-08"": 0.15460041973778985, ""1e-10"": 0.15460041973778985, ""1e-15"": 0.15460041973778985}"
token_cycle_2,42,2119586,64,intermediate,20000,20000,experiments/strata_token_guess_cycle_2/ppo/results/20260909T083950Z-45ea794b/checkpoint_probes/steps_002119586/probe_battery.json,control,strata,current_visible_token,/controls/current_visible_token/strata,0.1058836277544457,0.15499401324917533,0.683146565049725,0.31685343495027496,0.31685343495027496,0.19772831038453073,0.19624504636774986,-0.00755822398697048,-0.00755822398697048,,,
token_cycle_2,42,2119586,64,intermediate,20000,20000,experiments/strata_token_guess_cycle_2/ppo/results/20260909T083950Z-45ea794b/checkpoint_probes/steps_002119586/probe_battery.json,control,strata,train_mean,/controls/train_mean/strata,0.15557137319727063,0.15499401324917533,1.0037250467678847,-0.0037250467678846544,-0.0037250467678846544,0.19775971898829406,0.19624504636774986,-0.007718271867641402,-0.007718271867641402,,,
token_cycle_2,42,2516889,76,final,20000,20000,experiments/strata_token_guess_cycle_2/ppo/results/20260909T083950Z-45ea794b/checkpoint_probes/steps_002516889/probe_battery.json,layer_1,strata,probe_fits,/layers/layer_1/probe_fits/strata,0.02199330969886362,0.15499401324917533,0.1418978013267273,0.8581021986732726,0.8581021986732726,0.05058350713392013,0.19624504636774986,0.7422431390235956,0.7422431390235956,1e-15,10,"{""0.0001"": 0.02179595784760701, ""0.01"": 0.03180292742560882, ""1e-06"": 0.021769858754767245, ""1e-08"": 0.021769858754767245, ""1e-10"": 0.021769858754767245, ""1e-15"": 0.021769858754767245}"
token_cycle_2,42,2516889,76,final,20000,20000,experiments/strata_token_guess_cycle_2/ppo/results/20260909T083950Z-45ea794b/checkpoint_probes/steps_002516889/probe_battery.json,layer_1,strata,shuffled_training_labels,/layers/layer_1/shuffled_training_labels/strata,0.1564254080143928,0.15499401324917533,1.0092351616376065,-0.009235161637606737,-0.009235161637606515,0.19945470845124205,0.19624504636774986,-0.016355378863818437,-0.01635537886381866,0.01,10,"{""0.0001"": 0.15430647592509994, ""0.01"": 0.1540712426438327, ""1e-06"": 0.15466402459527612, ""1e-08"": 0.15466402459527612, ""1e-10"": 0.15466402459527612, ""1e-15"": 0.15466402459527612}"
token_cycle_2,42,2516889,76,final,20000,20000,experiments/strata_token_guess_cycle_2/ppo/results/20260909T083950Z-45ea794b/checkpoint_probes/steps_002516889/probe_battery.json,layer_2,strata,probe_fits,/layers/layer_2/probe_fits/strata,0.00814699491146601,0.15499401324917533,0.052563287708206737,0.9474367122917933,0.9474367122917933,0.018307135113057357,0.19624504636774986,0.9067128803916353,0.9067128803916353,1e-15,10,"{""0.0001"": 0.007649122671445232, ""0.01"": 0.023369487687338646, ""1e-06"": 0.007615536726252382, ""1e-08"": 0.007615536726252382, ""1e-10"": 0.007615536726252382, ""1e-15"": 0.007615536726252382}"
token_cycle_2,42,2516889,76,final,20000,20000,experiments/strata_token_guess_cycle_2/ppo/results/20260909T083950Z-45ea794b/checkpoint_probes/steps_002516889/probe_battery.json,layer_2,strata,shuffled_training_labels,/layers/layer_2/shuffled_training_labels/strata,0.15567862367398932,0.15499401324917533,1.0044170120539648,-0.0044170120539648305,-0.0044170120539648305,0.1971855374017925,0.19624504636774986,-0.004792431969366628,-0.004792431969366628,0.01,10,"{""0.0001"": 0.1544945219757245, ""0.01"": 0.15409819143408326, ""1e-06"": 0.15449395071005362, ""1e-08"": 0.15449395071005362, ""1e-10"": 0.15449395071005362, ""1e-15"": 0.15449395071005362}"
token_cycle_2,42,2516889,76,final,20000,20000,experiments/strata_token_guess_cycle_2/ppo/results/20260909T083950Z-45ea794b/checkpoint_probes/steps_002516889/probe_battery.json,layer_3,strata,probe_fits,/layers/layer_3/probe_fits/strata,0.008317803338936584,0.15499401324917533,0.053665320127974946,0.946334679872025,0.946334679872025,0.017177583790068583,0.19624504636774986,0.9124687012079838,0.9124687012079838,1e-15,10,"{""0.0001"": 0.007769201850682253, ""0.01"": 0.026827767083788166, ""1e-06"": 0.007769201850682253, ""1e-08"": 0.007769201850682253, ""1e-10"": 0.007769201850682253, ""1e-15"": 0.007769201850682253}"
token_cycle_2,42,2516889,76,final,20000,20000,experiments/strata_token_guess_cycle_2/ppo/results/20260909T083950Z-45ea794b/checkpoint_probes/steps_002516889/probe_battery.json,layer_3,strata,shuffled_training_labels,/layers/layer_3/shuffled_training_labels/strata,0.15575656877445065,0.15499401324917533,1.0049199030936078,-0.0049199030936080135,-0.004919903093607791,0.1972685785395473,0.19624504636774986,-0.0052155822057256,-0.0052155822057256,0.01,10,"{""0.0001"": 0.15462506248332822, ""0.01"": 0.15409730115851905, ""1e-06"": 0.15462506248332822, ""1e-08"": 0.15462506248332822, ""1e-10"": 0.15462506248332822, ""1e-15"": 0.15462506248332822}"
token_cycle_2,42,2516889,76,final,20000,20000,experiments/strata_token_guess_cycle_2/ppo/results/20260909T083950Z-45ea794b/checkpoint_probes/steps_002516889/probe_battery.json,control,strata,current_visible_token,/controls/current_visible_token/strata,0.1058836277544457,0.15499401324917533,0.683146565049725,0.31685343495027496,0.31685343495027496,0.19772831038453073,0.19624504636774986,-0.00755822398697048,-0.00755822398697048,,,
token_cycle_2,42,2516889,76,final,20000,20000,experiments/strata_token_guess_cycle_2/ppo/results/20260909T083950Z-45ea794b/checkpoint_probes/steps_002516889/probe_battery.json,control,strata,train_mean,/controls/train_mean/strata,0.15557137319727063,0.15499401324917533,1.0037250467678847,-0.0037250467678846544,-0.0037250467678846544,0.19775971898829406,0.19624504636774986,-0.007718271867641402,-0.007718271867641402,,,
explore_cycle_3_both,42,0,0,initial,20000,20000,experiments/strata_two_factor_explore_cycle_3/reward_both_state_0/results/20260909T084200Z-e5f5f91b/checkpoint_probes/steps_000000000/probe_battery.json,layer_1,factor_1,probe_fits,/layers/layer_1/probe_fits/factor_1,0.1309796217442726,0.1782648981297332,0.7347471269916049,0.26525287300839506,0.26525287300839506,0.19903647876013822,0.2681694260417247,0.2577957834418829,0.2577957834418829,1e-15,10,"{""0.0001"": 0.1312362820816642, ""0.01"": 0.1496952247358437, ""1e-06"": 0.1312362820816642, ""1e-08"": 0.1312362820816642, ""1e-10"": 0.1312362820816642, ""1e-15"": 0.1312362820816642}"
explore_cycle_3_both,42,0,0,initial,20000,20000,experiments/strata_two_factor_explore_cycle_3/reward_both_state_0/results/20260909T084200Z-e5f5f91b/checkpoint_probes/steps_000000000/probe_battery.json,layer_1,factor_2,probe_fits,/layers/layer_1/probe_fits/factor_2,0.1313627270644506,0.17981306599866392,0.7305516222354312,0.26944837776456865,0.26944837776456876,0.1936274975574512,0.2690431533314115,0.2803106298752829,0.280310629875283,1e-15,10,"{""0.0001"": 0.1327416100366244, ""0.01"": 0.14207118196749396, ""1e-06"": 0.1327416100366244, ""1e-08"": 0.1327416100366244, ""1e-10"": 0.1327416100366244, ""1e-15"": 0.1327416100366244}"
explore_cycle_3_both,42,0,0,initial,20000,20000,experiments/strata_two_factor_explore_cycle_3/reward_both_state_0/results/20260909T084200Z-e5f5f91b/checkpoint_probes/steps_000000000/probe_battery.json,layer_1,factor_1,shuffled_training_labels,/layers/layer_1/shuffled_training_labels/factor_1,0.1788348199979695,0.1782648981297332,1.0031970504244843,-0.00319705042448426,-0.00319705042448426,0.2695001425527655,0.2681694260417247,-0.0049622230642867304,-0.0049622230642867304,0.01,10,"{""0.0001"": 0.1793474683146558, ""0.01"": 0.17901688843520785, ""1e-06"": 0.1793474683146558, ""1e-08"": 0.1793474683146558, ""1e-10"": 0.1793474683146558, ""1e-15"": 0.1793474683146558}"
explore_cycle_3_both,42,0,0,initial,20000,20000,experiments/strata_two_factor_explore_cycle_3/reward_both_state_0/results/20260909T084200Z-e5f5f91b/checkpoint_probes/steps_000000000/probe_battery.json,layer_1,factor_2,shuffled_training_labels,/layers/layer_1/shuffled_training_labels/factor_2,0.18225766248253386,0.17981306599866392,1.0135952105053818,-0.013595210505381594,-0.013595210505381816,0.2719510609649505,0.2690431533314115,-0.0108083316655041,-0.0108083316655041,0.01,10,"{""0.0001"": 0.18103120723135574, ""0.01"": 0.18070024172695687, ""1e-06"": 0.18103120723135574, ""1e-08"": 0.18103120723135574, ""1e-10"": 0.18103120723135574, ""1e-15"": 0.18103120723135574}"
explore_cycle_3_both,42,0,0,initial,20000,20000,experiments/strata_two_factor_explore_cycle_3/reward_both_state_0/results/20260909T084200Z-e5f5f91b/checkpoint_probes/steps_000000000/probe_battery.json,layer_2,factor_1,probe_fits,/layers/layer_2/probe_fits/factor_1,0.13188337125445249,0.1782648981297332,0.7398168267455194,0.2601831732544806,0.2601831732544806,0.20093721097168823,0.2681694260417247,0.25070797988573,0.25070797988573,1e-15,10,"{""0.0001"": 0.13146513126751885, ""0.01"": 0.13651070449561736, ""1e-06"": 0.13146513126751885, ""1e-08"": 0.13146513126751885, ""1e-10"": 0.13146513126751885, ""1e-15"": 0.13146513126751885}"
explore_cycle_3_both,42,0,0,initial,20000,20000,experiments/strata_two_factor_explore_cycle_3/reward_both_state_0/results/20260909T084200Z-e5f5f91b/checkpoint_probes/steps_000000000/probe_battery.json,layer_2,factor_2,probe_fits,/layers/layer_2/probe_fits/factor_2,0.13345141660451543,0.17981306599866392,0.7421675163778533,0.2578324836221466,0.2578324836221467,0.19749186157256512,0.2690431533314115,0.26594726858077067,0.26594726858077067,1e-15,10,"{""0.0001"": 0.13485006745849898, ""0.01"": 0.14037767126729753, ""1e-06"": 0.13485006745849898, ""1e-08"": 0.13485006745849898, ""1e-10"": 0.13485006745849898, ""1e-15"": 0.13485006745849898}"
explore_cycle_3_both,42,0,0,initial,20000,20000,experiments/strata_two_factor_explore_cycle_3/reward_both_state_0/results/20260909T084200Z-e5f5f91b/checkpoint_probes/steps_000000000/probe_battery.json,layer_2,factor_1,shuffled_training_labels,/layers/layer_2/shuffled_training_labels/factor_1,0.1794150292473302,0.1782648981297332,1.0064518092437917,-0.00645180924379174,-0.00645180924379174,0.2699879705474048,0.2681694260417247,-0.006781326762421935,-0.006781326762421935,0.01,10,"{""0.0001"": 0.17933539316687214, ""0.01"": 0.17907347705691865, ""1e-06"": 0.17933539316687214, ""1e-08"": 0.17933539316687214, ""1e-10"": 0.17933539316687214, ""1e-15"": 0.17933539316687214}"
explore_cycle_3_both,42,0,0,initial,20000,20000,experiments/strata_two_factor_explore_cycle_3/reward_both_state_0/results/20260909T084200Z-e5f5f91b/checkpoint_probes/steps_000000000/probe_battery.json,layer_2,factor_2,shuffled_training_labels,/layers/layer_2/shuffled_training_labels/factor_2,0.18216587271031234,0.17981306599866392,1.0130847371884861,-0.013084737188485907,-0.013084737188486129,0.2709062789452254,0.2690431533314115,-0.006925006604865613,-0.006925006604865613,0.01,10,"{""0.0001"": 0.18101929361004795, ""0.01"": 0.18068380901799794, ""1e-06"": 0.18101929361004795, ""1e-08"": 0.18101929361004795, ""1e-10"": 0.18101929361004795, ""1e-15"": 0.18101929361004795}"
explore_cycle_3_both,42,0,0,initial,20000,20000,experiments/strata_two_factor_explore_cycle_3/reward_both_state_0/results/20260909T084200Z-e5f5f91b/checkpoint_probes/steps_000000000/probe_battery.json,layer_3,factor_1,probe_fits,/layers/layer_3/probe_fits/factor_1,0.13318889798401876,0.1782648981297332,0.7471403477710449,0.2528596522289551,0.2528596522289551,0.20276302011876088,0.2681694260417247,0.2438995633782175,0.2438995633782175,1e-15,10,"{""0.0001"": 0.13266389446805132, ""0.01"": 0.13678270055927927, ""1e-06"": 0.13266389446805132, ""1e-08"": 0.13266389446805132, ""1e-10"": 0.13266389446805132, ""1e-15"": 0.13266389446805132}"
explore_cycle_3_both,42,0,0,initial,20000,20000,experiments/strata_two_factor_explore_cycle_3/reward_both_state_0/results/20260909T084200Z-e5f5f91b/checkpoint_probes/steps_000000000/probe_battery.json,layer_3,factor_2,probe_fits,/layers/layer_3/probe_fits/factor_2,0.13336040165753693,0.17981306599866392,0.7416613521206954,0.2583386478793046,0.2583386478793046,0.19486676629553548,0.2690431533314115,0.27570442182746935,0.27570442182746946,1e-15,10,"{""0.0001"": 0.13507080775585825, ""0.01"": 0.13958270914691412, ""1e-06"": 0.13507080775585825, ""1e-08"": 0.13507080775585825, ""1e-10"": 0.13507080775585825, ""1e-15"": 0.13507080775585825}"
explore_cycle_3_both,42,0,0,initial,20000,20000,experiments/strata_two_factor_explore_cycle_3/reward_both_state_0/results/20260909T084200Z-e5f5f91b/checkpoint_probes/steps_000000000/probe_battery.json,layer_3,factor_1,shuffled_training_labels,/layers/layer_3/shuffled_training_labels/factor_1,0.17949018149268448,0.1782648981297332,1.0068733854831005,-0.006873385483100236,-0.006873385483100458,0.27104379073914087,0.2681694260417247,-0.010718465336793992,-0.010718465336793992,0.01,10,"{""0.0001"": 0.17942764033955635, ""0.01"": 0.179114485886548, ""1e-06"": 0.17942764033955635, ""1e-08"": 0.17942764033955635, ""1e-10"": 0.17942764033955635, ""1e-15"": 0.17942764033955635}"
explore_cycle_3_both,42,0,0,initial,20000,20000,experiments/strata_two_factor_explore_cycle_3/reward_both_state_0/results/20260909T084200Z-e5f5f91b/checkpoint_probes/steps_000000000/probe_battery.json,layer_3,factor_2,shuffled_training_labels,/layers/layer_3/shuffled_training_labels/factor_2,0.18225119303124948,0.17981306599866392,1.0135592317446145,-0.013559231744614486,-0.013559231744614486,0.27171768899499454,0.2690431533314115,-0.009940917025636153,-0.009940917025636153,0.01,10,"{""0.0001"": 0.18099309398092217, ""0.01"": 0.18072373616705736, ""1e-06"": 0.18099309398092217, ""1e-08"": 0.18099309398092217, ""1e-10"": 0.18099309398092217, ""1e-15"": 0.18099309398092217}"
explore_cycle_3_both,42,0,0,initial,20000,20000,experiments/strata_two_factor_explore_cycle_3/reward_both_state_0/results/20260909T084200Z-e5f5f91b/checkpoint_probes/steps_000000000/probe_battery.json,control,factor_1,current_token_preceding_action,/controls/current_token_preceding_action/factor_1,0.1284142892218239,0.1782648981297332,0.7203565624476993,0.2796434375523007,0.2796434375523007,0.19714797453331834,0.2681694260417247,0.26483798901578026,0.26483798901578026,,,
explore_cycle_3_both,42,0,0,initial,20000,20000,experiments/strata_two_factor_explore_cycle_3/reward_both_state_0/results/20260909T084200Z-e5f5f91b/checkpoint_probes/steps_000000000/probe_battery.json,control,factor_2,current_token_preceding_action,/controls/current_token_preceding_action/factor_2,0.12907432039006364,0.17981306599866392,0.7178250349783964,0.28217496502160355,0.28217496502160355,0.1897236629104166,0.2690431533314115,0.29482069860847915,0.29482069860847915,,,
explore_cycle_3_both,42,0,0,initial,20000,20000,experiments/strata_two_factor_explore_cycle_3/reward_both_state_0/results/20260909T084200Z-e5f5f91b/checkpoint_probes/steps_000000000/probe_battery.json,control,factor_1,log_ntp,/controls/log_ntp/factor_1,0.07709750051298789,0.1782648981297332,0.4324883996897683,0.5675116003102316,0.5675116003102316,0.22477055301852025,0.2681694260417247,0.16183378420048533,0.16183378420048522,1e-15,10,"{""0.0001"": 0.07726343757163746, ""0.01"": 0.07726343757163746, ""1e-06"": 0.07726343757163746, ""1e-08"": 0.07726343757163746, ""1e-10"": 0.07726343757163746, ""1e-15"": 0.07726343757163746}"
explore_cycle_3_both,42,0,0,initial,20000,20000,experiments/strata_two_factor_explore_cycle_3/reward_both_state_0/results/20260909T084200Z-e5f5f91b/checkpoint_probes/steps_000000000/probe_battery.json,control,factor_2,log_ntp,/controls/log_ntp/factor_2,0.07713803962064275,0.17981306599866392,0.4289901803977688,0.5710098196022311,0.5710098196022312,0.22500003598474905,0.2690431533314115,0.1637027993513347,0.1637027993513347,1e-15,10,"{""0.0001"": 0.07749699741968347, ""0.01"": 0.07749699741968347, ""1e-06"": 0.07749699741968347, ""1e-08"": 0.07749699741968347, ""1e-10"": 0.07749699741968347, ""1e-15"": 0.07749699741968347}"
explore_cycle_3_both,42,0,0,initial,20000,20000,experiments/strata_two_factor_explore_cycle_3/reward_both_state_0/results/20260909T084200Z-e5f5f91b/checkpoint_probes/steps_000000000/probe_battery.json,control,factor_1,ntp,/controls/ntp/factor_1,0.08939253267559351,0.1782648981297332,0.5014589726494424,0.4985410273505576,0.4985410273505576,0.26817759802678054,0.2681694260417247,-3.047321678861792e-05,-3.0473216788395874e-05,1e-15,10,"{""0.0001"": 0.08934286426314825, ""0.01"": 0.08934286426314825, ""1e-06"": 0.08934286426314825, ""1e-08"": 0.08934286426314825, ""1e-10"": 0.08934286426314825, ""1e-15"": 0.08934286426314825}"
explore_cycle_3_both,42,0,0,initial,20000,20000,experiments/strata_two_factor_explore_cycle_3/reward_both_state_0/results/20260909T084200Z-e5f5f91b/checkpoint_probes/steps_000000000/probe_battery.json,control,factor_2,ntp,/controls/ntp/factor_2,0.08967085666240089,0.17981306599866392,0.49868932585281195,0.501310674147188,0.501310674147188,0.26901256998720274,0.2690431533314115,0.0001136744935897882,0.0001136744935897882,1e-15,10,"{""0.0001"": 0.09023581850886522, ""0.01"": 0.09023581850886522, ""1e-06"": 0.09023581850886522, ""1e-08"": 0.09023581850886522, ""1e-10"": 0.09023581850886522, ""1e-15"": 0.09023581850886522}"
explore_cycle_3_both,42,0,0,initial,20000,20000,experiments/strata_two_factor_explore_cycle_3/reward_both_state_0/results/20260909T084200Z-e5f5f91b/checkpoint_probes/steps_000000000/probe_battery.json,control,factor_1,train_mean,/controls/train_mean/factor_1,0.17826764664666786,0.1782648981297332,1.0000154181611944,-1.5418161194435953e-05,-1.5418161194435953e-05,0.2681771949779592,0.2681694260417247,-2.8970253429516646e-05,-2.8970253429516646e-05,,,
explore_cycle_3_both,42,0,0,initial,20000,20000,experiments/strata_two_factor_explore_cycle_3/reward_both_state_0/results/20260909T084200Z-e5f5f91b/checkpoint_probes/steps_000000000/probe_battery.json,control,factor_2,train_mean,/controls/train_mean/factor_2,0.1798143166718973,0.17981306599866392,1.0000069554079756,-6.955407975572925e-06,-6.955407975572925e-06,0.2690468566630792,0.2690431533314115,-1.3764824050799263e-05,-1.3764824051021307e-05,,,
explore_cycle_3_both,42,33112,1,intermediate,20000,20000,experiments/strata_two_factor_explore_cycle_3/reward_both_state_0/results/20260909T084200Z-e5f5f91b/checkpoint_probes/steps_000033112/probe_battery.json,layer_1,factor_1,probe_fits,/layers/layer_1/probe_fits/factor_1,0.13067581346383253,0.17781236903154843,0.7349084553316273,0.2650915446683728,0.2650915446683727,0.1988572023709304,0.2676406850454083,0.2569993521829761,0.2569993521829761,1e-15,10,"{""0.0001"": 0.13165674309406122, ""0.01"": 0.15071391603656292, ""1e-06"": 0.13165674309406122, ""1e-08"": 0.13165674309406122, ""1e-10"": 0.13165674309406122, ""1e-15"": 0.13165674309406122}"
explore_cycle_3_both,42,33112,1,intermediate,20000,20000,experiments/strata_two_factor_explore_cycle_3/reward_both_state_0/results/20260909T084200Z-e5f5f91b/checkpoint_probes/steps_000033112/probe_battery.json,layer_1,factor_2,probe_fits,/layers/layer_1/probe_fits/factor_2,0.1324993327428346,0.1794852617877051,0.7382184555050242,0.2617815444949758,0.2617815444949758,0.19596792216709547,0.27194131651856035,0.279374224277831,0.2793742242778309,1e-15,10,"{""0.0001"": 0.13233032421354857, ""0.01"": 0.16972694850288889, ""1e-06"": 0.13233032421354857, ""1e-08"": 0.13233032421354857, ""1e-10"": 0.13233032421354857, ""1e-15"": 0.13233032421354857}"
explore_cycle_3_both,42,33112,1,intermediate,20000,20000,experiments/strata_two_factor_explore_cycle_3/reward_both_state_0/results/20260909T084200Z-e5f5f91b/checkpoint_probes/steps_000033112/probe_battery.json,layer_1,factor_1,shuffled_training_labels,/layers/layer_1/shuffled_training_labels/factor_1,0.17895850816161848,0.17781236903154843,1.0064457784141367,-0.006445778414136738,-0.006445778414136738,0.2691098733273559,0.2676406850454083,-0.005489405624927279,-0.005489405624927279,0.01,10,"{""0.0001"": 0.17953512342372846, ""0.01"": 0.1790442204580313, ""1e-06"": 0.17953512342372846, ""1e-08"": 0.17953512342372846, ""1e-10"": 0.17953512342372846, ""1e-15"": 0.17953512342372846}"
explore_cycle_3_both,42,33112,1,intermediate,20000,20000,experiments/strata_two_factor_explore_cycle_3/reward_both_state_0/results/20260909T084200Z-e5f5f91b/checkpoint_probes/steps_000033112/probe_battery.json,layer_1,factor_2,shuffled_training_labels,/layers/layer_1/shuffled_training_labels/factor_2,0.17936191169802848,0.1794852617877051,0.9993127564433535,0.0006872435566466217,0.0006872435566465107,0.2723033446247361,0.27194131651856035,-0.0013312729040606541,-0.0013312729040606541,0.01,10,"{""0.0001"": 0.18006184312919596, ""0.01"": 0.1796257909108133, ""1e-06"": 0.18006184312919596, ""1e-08"": 0.18006184312919596, ""1e-10"": 0.18006184312919596, ""1e-15"": 0.18006184312919596}"
explore_cycle_3_both,42,33112,1,intermediate,20000,20000,experiments/strata_two_factor_explore_cycle_3/reward_both_state_0/results/20260909T084200Z-e5f5f91b/checkpoint_probes/steps_000033112/probe_battery.json,layer_2,factor_1,probe_fits,/layers/layer_2/probe_fits/factor_1,0.13163920073529362,0.17781236903154843,0.7403264545220557,0.2596735454779444,0.2596735454779443,0.19987945351214698,0.2676406850454083,0.25317986135689663,0.25317986135689663,1e-15,10,"{""0.0001"": 0.13277255857284803, ""0.01"": 0.15593554907101712, ""1e-06"": 0.13277255857284803, ""1e-08"": 0.13277255857284803, ""1e-10"": 0.13277255857284803, ""1e-15"": 0.13277255857284803}"
explore_cycle_3_both,42,33112,1,intermediate,20000,20000,experiments/strata_two_factor_explore_cycle_3/reward_both_state_0/results/20260909T084200Z-e5f5f91b/checkpoint_probes/steps_000033112/probe_battery.json,layer_2,factor_2,probe_fits,/layers/layer_2/probe_fits/factor_2,0.13408667595355478,0.1794852617877051,0.7470623193126147,0.2529376806873854,0.2529376806873853,0.1989905489116497,0.27194131651856035,0.2682592279129886,0.2682592279129886,1e-15,10,"{""0.0001"": 0.13395984547963236, ""0.01"": 0.16778150132542813, ""1e-06"": 0.13395984547963236, ""1e-08"": 0.13395984547963236, ""1e-10"": 0.13395984547963236, ""1e-15"": 0.13395984547963236}"
explore_cycle_3_both,42,33112,1,intermediate,20000,20000,experiments/strata_two_factor_explore_cycle_3/reward_both_state_0/results/20260909T084200Z-e5f5f91b/checkpoint_probes/steps_000033112/probe_battery.json,layer_2,factor_1,shuffled_training_labels,/layers/layer_2/shuffled_training_labels/factor_1,0.17839867884227997,0.17781236903154843,1.0032973511006285,-0.003297351100628454,-0.003297351100628454,0.2689926769920091,0.2676406850454083,-0.0050515187792599114,-0.0050515187792599114,0.01,10,"{""0.0001"": 0.1795673247085775, ""0.01"": 0.1790514568033917, ""1e-06"": 0.1795673247085775, ""1e-08"": 0.1795673247085775, ""1e-10"": 0.1795673247085775, ""1e-15"": 0.1795673247085775}"
explore_cycle_3_both,42,33112,1,intermediate,20000,20000,experiments/strata_two_factor_explore_cycle_3/reward_both_state_0/results/20260909T084200Z-e5f5f91b/checkpoint_probes/steps_000033112/probe_battery.json,layer_2,factor_2,shuffled_training_labels,/layers/layer_2/shuffled_training_labels/factor_2,0.1801064405199813,0.1794852617877051,1.003460889914242,-0.0034608899142420935,-0.0034608899142420935,0.2736561676806959,0.27194131651856035,-0.006305960359717755,-0.006305960359717977,0.01,10,"{""0.0001"": 0.1801387171908391, ""0.01"": 0.17959424425581838, ""1e-06"": 0.1801387171908391, ""1e-08"": 0.1801387171908391, ""1e-10"": 0.1801387171908391, ""1e-15"": 0.1801387171908391}"
explore_cycle_3_both,42,33112,1,intermediate,20000,20000,experiments/strata_two_factor_explore_cycle_3/reward_both_state_0/results/20260909T084200Z-e5f5f91b/checkpoint_probes/steps_000033112/probe_battery.json,layer_3,factor_1,probe_fits,/layers/layer_3/probe_fits/factor_1,0.13169269099690248,0.17781236903154843,0.7406272787104976,0.2593727212895024,0.2593727212895024,0.2003574687182045,0.2676406850454083,0.2513938279443142,0.2513938279443143,1e-15,10,"{""0.0001"": 0.13282889623979377, ""0.01"": 0.16533370742707967, ""1e-06"": 0.13282889623979377, ""1e-08"": 0.13282889623979377, ""1e-10"": 0.13282889623979377, ""1e-15"": 0.13282889623979377}"
explore_cycle_3_both,42,33112,1,intermediate,20000,20000,experiments/strata_two_factor_explore_cycle_3/reward_both_state_0/results/20260909T084200Z-e5f5f91b/checkpoint_probes/steps_000033112/probe_battery.json,layer_3,factor_2,probe_fits,/layers/layer_3/probe_fits/factor_2,0.13539619176413922,0.1794852617877051,0.7543582710667667,0.24564172893323333,0.24564172893323333,0.20240491319566645,0.27194131651856035,0.2557037092160579,0.2557037092160579,1e-15,10,"{""0.0001"": 0.1352796116348936, ""0.01"": 0.17848197174676078, ""1e-06"": 0.1352796116348936, ""1e-08"": 0.1352796116348936, ""1e-10"": 0.1352796116348936, ""1e-15"": 0.1352796116348936}"
explore_cycle_3_both,42,33112,1,intermediate,20000,20000,experiments/strata_two_factor_explore_cycle_3/reward_both_state_0/results/20260909T084200Z-e5f5f91b/checkpoint_probes/steps_000033112/probe_battery.json,layer_3,factor_1,shuffled_training_labels,/layers/layer_3/shuffled_training_labels/factor_1,0.17793112101192907,0.17781236903154843,1.0006678499422026,-0.0006678499422025919,-0.0006678499422025919,0.26821648905663786,0.2676406850454083,-0.002151406880205542,-0.00215140688020532,0.01,10,"{""0.0001"": 0.17956073428027225, ""0.01"": 0.17898227059619146, ""1e-06"": 0.17956073428027225, ""1e-08"": 0.17956073428027225, ""1e-10"": 0.17956073428027225, ""1e-15"": 0.17956073428027225}"
explore_cycle_3_both,42,33112,1,intermediate,20000,20000,experiments/strata_two_factor_explore_cycle_3/reward_both_state_0/results/20260909T084200Z-e5f5f91b/checkpoint_probes/steps_000033112/probe_battery.json,layer_3,factor_2,shuffled_training_labels,/layers/layer_3/shuffled_training_labels/factor_2,0.17967506704907468,0.1794852617877051,1.0010574977548523,-0.0010574977548523101,-0.0010574977548523101,0.2721046617740274,0.27194131651856035,-0.0006006636194830772,-0.0006006636194832993,0.01,10,"{""0.0001"": 0.18010118858441956, ""0.01"": 0.17959622220583912, ""1e-06"": 0.18010118858441956, ""1e-08"": 0.18010118858441956, ""1e-10"": 0.18010118858441956, ""1e-15"": 0.18010118858441956}"
explore_cycle_3_both,42,33112,1,intermediate,20000,20000,experiments/strata_two_factor_explore_cycle_3/reward_both_state_0/results/20260909T084200Z-e5f5f91b/checkpoint_probes/steps_000033112/probe_battery.json,control,factor_1,current_token_preceding_action,/controls/current_token_preceding_action/factor_1,0.1282432404706098,0.17781236903154843,0.7212278941509193,0.27877210584908074,0.27877210584908074,0.19708709619510054,0.2676406850454083,0.26361309319746185,0.26361309319746185,,,
explore_cycle_3_both,42,33112,1,intermediate,20000,20000,experiments/strata_two_factor_explore_cycle_3/reward_both_state_0/results/20260909T084200Z-e5f5f91b/checkpoint_probes/steps_000033112/probe_battery.json,control,factor_2,current_token_preceding_action,/controls/current_token_preceding_action/factor_2,0.12942179007302498,0.1794852617877051,0.7210719631459483,0.27892803685405176,0.27892803685405165,0.18938247777325015,0.27194131651856035,0.30359064154812043,0.3035906415481203,,,
explore_cycle_3_both,42,33112,1,intermediate,20000,20000,experiments/strata_two_factor_explore_cycle_3/reward_both_state_0/results/20260909T084200Z-e5f5f91b/checkpoint_probes/steps_000033112/probe_battery.json,control,factor_1,log_ntp,/controls/log_ntp/factor_1,0.07707375003917072,0.17781236903154843,0.43345550401781036,0.5665444959821897,0.5665444959821897,0.22465642522888538,0.2676406850454083,0.16060435583338206,0.16060435583338206,1e-15,10,"{""0.0001"": 0.07715096854033063, ""0.01"": 0.07715096854033063, ""1e-06"": 0.07715096854033063, ""1e-08"": 0.07715096854033063, ""1e-10"": 0.07715096854033063, ""1e-15"": 0.07715096854033063}"
explore_cycle_3_both,42,33112,1,intermediate,20000,20000,experiments/strata_two_factor_explore_cycle_3/reward_both_state_0/results/20260909T084200Z-e5f5f91b/checkpoint_probes/steps_000033112/probe_battery.json,control,factor_2,log_ntp,/controls/log_ntp/factor_2,0.07805661190587962,0.1794852617877051,0.4348914842835668,0.5651085157164333,0.5651085157164333,0.2277247439273594,0.27194131651856035,0.16259600842295374,0.16259600842295374,1e-15,10,"{""0.0001"": 0.07718456025069974, ""0.01"": 0.07718456025069974, ""1e-06"": 0.07718456025069974, ""1e-08"": 0.07718456025069974, ""1e-10"": 0.07718456025069974, ""1e-15"": 0.07718456025069974}"
explore_cycle_3_both,42,33112,1,intermediate,20000,20000,experiments/strata_two_factor_explore_cycle_3/reward_both_state_0/results/20260909T084200Z-e5f5f91b/checkpoint_probes/steps_000033112/probe_battery.json,control,factor_1,ntp,/controls/ntp/factor_1,0.08921468581070047,0.17781236903154843,0.5017349821984066,0.4982650178015934,0.4982650178015934,0.26764405743210146,0.2676406850454083,-1.2600426174458335e-05,-1.2600426174458335e-05,1e-15,10,"{""0.0001"": 0.0895194821642484, ""0.01"": 0.0895194821642484, ""1e-06"": 0.0895194821642484, ""1e-08"": 0.0895194821642484, ""1e-10"": 0.0895194821642484, ""1e-15"": 0.0895194821642484}"
explore_cycle_3_both,42,33112,1,intermediate,20000,20000,experiments/strata_two_factor_explore_cycle_3/reward_both_state_0/results/20260909T084200Z-e5f5f91b/checkpoint_probes/steps_000033112/probe_battery.json,control,factor_2,ntp,/controls/ntp/factor_2,0.09065301328227743,0.1794852617877051,0.5050721846426682,0.4949278153573319,0.49492781535733177,0.2719590398468323,0.27194131651856035,-6.517335614453224e-05,-6.517335614475428e-05,1e-15,10,"{""0.0001"": 0.08972695515606588, ""0.01"": 0.08972695515606588, ""1e-06"": 0.08972695515606588, ""1e-08"": 0.08972695515606588, ""1e-10"": 0.08972695515606588, ""1e-15"": 0.08972695515606588}"
explore_cycle_3_both,42,33112,1,intermediate,20000,20000,experiments/strata_two_factor_explore_cycle_3/reward_both_state_0/results/20260909T084200Z-e5f5f91b/checkpoint_probes/steps_000033112/probe_battery.json,control,factor_1,train_mean,/controls/train_mean/factor_1,0.17781709576315088,0.17781236903154843,1.0000265826929151,-2.658269291488935e-05,-2.6582692915111394e-05,0.26764195265387564,0.2676406850454083,-4.7362323376543e-06,-4.7362323376543e-06,,,
explore_cycle_3_both,42,33112,1,intermediate,20000,20000,experiments/strata_two_factor_explore_cycle_3/reward_both_state_0/results/20260909T084200Z-e5f5f91b/checkpoint_probes/steps_000033112/probe_battery.json,control,factor_2,train_mean,/controls/train_mean/factor_2,0.17949670638222456,0.1794852617877051,1.0000637634221634,-6.37634221634098e-05,-6.37634221634098e-05,0.27196840022247915,0.27194131651856035,-9.959392807790124e-05,-9.959392807812328e-05,,,
explore_cycle_3_both,42,66254,2,intermediate,20000,20000,experiments/strata_two_factor_explore_cycle_3/reward_both_state_0/results/20260909T084200Z-e5f5f91b/checkpoint_probes/steps_000066254/probe_battery.json,layer_1,factor_1,probe_fits,/layers/layer_1/probe_fits/factor_1,0.12945496651499774,0.1786085671710858,0.7247970719735702,0.27520292802642976,0.27520292802642976,0.19577387822870876,0.2660506808429326,0.26414817805225965,0.26414817805225954,1e-15,10,"{""0.0001"": 0.13150788171958705, ""0.01"": 0.1714871413087388, ""1e-06"": 0.13150788171958705, ""1e-08"": 0.13150788171958705, ""1e-10"": 0.13150788171958705, ""1e-15"": 0.13150788171958705}"
explore_cycle_3_both,42,66254,2,intermediate,20000,20000,experiments/strata_two_factor_explore_cycle_3/reward_both_state_0/results/20260909T084200Z-e5f5f91b/checkpoint_probes/steps_000066254/probe_battery.json,layer_1,factor_2,probe_fits,/layers/layer_1/probe_fits/factor_2,0.13198554589462547,0.17890863022246048,0.7377259874524252,0.26227401254757476,0.26227401254757476,0.19883962863983312,0.2678097194804629,0.25753393481920006,0.25753393481920006,1e-15,10,"{""0.0001"": 0.1324298392419862, ""0.01"": 0.1732036367299211, ""1e-06"": 0.1324298392419862, ""1e-08"": 0.1324298392419862, ""1e-10"": 0.1324298392419862, ""1e-15"": 0.1324298392419862}"
explore_cycle_3_both,42,66254,2,intermediate,20000,20000,experiments/strata_two_factor_explore_cycle_3/reward_both_state_0/results/20260909T084200Z-e5f5f91b/checkpoint_probes/steps_000066254/probe_battery.json,layer_1,factor_1,shuffled_training_labels,/layers/layer_1/shuffled_training_labels/factor_1,0.1788308136703359,0.1786085671710858,1.0012443216065734,-0.0012443216065731733,-0.0012443216065733953,0.26714934491631576,0.2660506808429326,-0.004129529268266596,-0.004129529268266596,0.01,10,"{""0.0001"": 0.18065906424754472, ""0.01"": 0.18030864769865468, ""1e-06"": 0.18065906424754472, ""1e-08"": 0.18065906424754472, ""1e-10"": 0.18065906424754472, ""1e-15"": 0.18065906424754472}"
explore_cycle_3_both,42,66254,2,intermediate,20000,20000,experiments/strata_two_factor_explore_cycle_3/reward_both_state_0/results/20260909T084200Z-e5f5f91b/checkpoint_probes/steps_000066254/probe_battery.json,layer_1,factor_2,shuffled_training_labels,/layers/layer_1/shuffled_training_labels/factor_2,0.17899795847229266,0.17890863022246048,1.0004992953650202,-0.000499295365020247,-0.000499295365020247,0.2674343495888386,0.2678097194804629,0.001401629083337519,0.001401629083337519,0.01,10,"{""0.0001"": 0.18017178337771064, ""0.01"": 0.1796368364396504, ""1e-06"": 0.18017178337771064, ""1e-08"": 0.18017178337771064, ""1e-10"": 0.18017178337771064, ""1e-15"": 0.18017178337771064}"
explore_cycle_3_both,42,66254,2,intermediate,20000,20000,experiments/strata_two_factor_explore_cycle_3/reward_both_state_0/results/20260909T084200Z-e5f5f91b/checkpoint_probes/steps_000066254/probe_battery.json,layer_2,factor_1,probe_fits,/layers/layer_2/probe_fits/factor_1,0.13072938224298128,0.1786085671710858,0.7319323160896198,0.26806768391038016,0.26806768391038016,0.1967320709625813,0.2660506808429326,0.2605466359293953,0.2605466359293953,1e-15,10,"{""0.0001"": 0.13256588375142836, ""0.01"": 0.1799246891701979, ""1e-06"": 0.13256588375142836, ""1e-08"": 0.13256588375142836, ""1e-10"": 0.13256588375142836, ""1e-15"": 0.13256588375142836}"
explore_cycle_3_both,42,66254,2,intermediate,20000,20000,experiments/strata_two_factor_explore_cycle_3/reward_both_state_0/results/20260909T084200Z-e5f5f91b/checkpoint_probes/steps_000066254/probe_battery.json,layer_2,factor_2,probe_fits,/layers/layer_2/probe_fits/factor_2,0.1325853992588564,0.17890863022246048,0.7410788350120151,0.258921164987985,0.2589211649879849,0.19918758213055926,0.2678097194804629,0.2562346784240208,0.2562346784240208,1e-15,10,"{""0.0001"": 0.13296778476350696, ""0.01"": 0.179223583148694, ""1e-06"": 0.13296778476350696, ""1e-08"": 0.13296778476350696, ""1e-10"": 0.13296778476350696, ""1e-15"": 0.13296778476350696}"
explore_cycle_3_both,42,66254,2,intermediate,20000,20000,experiments/strata_two_factor_explore_cycle_3/reward_both_state_0/results/20260909T084200Z-e5f5f91b/checkpoint_probes/steps_000066254/probe_battery.json,layer_2,factor_1,shuffled_training_labels,/layers/layer_2/shuffled_training_labels/factor_1,0.1785991272317499,0.1786085671710858,0.9999471473318138,5.28526681862207e-05,5.28526681862207e-05,0.26596705669085224,0.2660506808429326,0.000314316624995703,0.000314316624995703,0.01,10,"{""0.0001"": 0.1806909092045405, ""0.01"": 0.1802757959171686, ""1e-06"": 0.1806909092045405, ""1e-08"": 0.1806909092045405, ""1e-10"": 0.1806909092045405, ""1e-15"": 0.1806909092045405}"
explore_cycle_3_both,42,66254,2,intermediate,20000,20000,experiments/strata_two_factor_explore_cycle_3/reward_both_state_0/results/20260909T084200Z-e5f5f91b/checkpoint_probes/steps_000066254/probe_battery.json,layer_2,factor_2,shuffled_training_labels,/layers/layer_2/shuffled_training_labels/factor_2,0.17896183484443404,0.17890863022246048,1.0002973843235365,-0.00029738432353654254,-0.00029738432353654254,0.26793484493826203,0.2678097194804629,-0.0004672177620808071,-0.0004672177620808071,0.01,10,"{""0.0001"": 0.18022103377313986, ""0.01"": 0.17960250165072195, ""1e-06"": 0.18022103377313986, ""1e-08"": 0.18022103377313986, ""1e-10"": 0.18022103377313986, ""1e-15"": 0.18022103377313986}"
explore_cycle_3_both,42,66254,2,intermediate,20000,20000,experiments/strata_two_factor_explore_cycle_3/reward_both_state_0/results/20260909T084200Z-e5f5f91b/checkpoint_probes/steps_000066254/probe_battery.json,layer_3,factor_1,probe_fits,/layers/layer_3/probe_fits/factor_1,0.13069155366027949,0.1786085671710858,0.7317205200750112,0.2682794799249889,0.2682794799249888,0.19710917515648843,0.2660506808429326,0.25912922104922154,0.25912922104922154,0.0001,10,"{""0.0001"": 0.13254488769735454, ""0.01"": 0.17989026536402175, ""1e-06"": 0.1325464147884076, ""1e-08"": 0.1325464147884076, ""1e-10"": 0.1325464147884076, ""1e-15"": 0.1325464147884076}"
explore_cycle_3_both,42,66254,2,intermediate,20000,20000,experiments/strata_two_factor_explore_cycle_3/reward_both_state_0/results/20260909T084200Z-e5f5f91b/checkpoint_probes/steps_000066254/probe_battery.json,layer_3,factor_2,probe_fits,/layers/layer_3/probe_fits/factor_2,0.1326136348567562,0.17890863022246048,0.7412366563416216,0.2587633436583784,0.2587633436583784,0.19951510124365546,0.2678097194804629,0.25501172388102833,0.2550117238810282,0.0001,10,"{""0.0001"": 0.13294665511214399, ""0.01"": 0.17917672410464172, ""1e-06"": 0.1329576989342482, ""1e-08"": 0.1329576989342482, ""1e-10"": 0.1329576989342482, ""1e-15"": 0.1329576989342482}"
explore_cycle_3_both,42,66254,2,intermediate,20000,20000,experiments/strata_two_factor_explore_cycle_3/reward_both_state_0/results/20260909T084200Z-e5f5f91b/checkpoint_probes/steps_000066254/probe_battery.json,layer_3,factor_1,shuffled_training_labels,/layers/layer_3/shuffled_training_labels/factor_1,0.17856897767847998,0.1786085671710858,0.9997783449403751,0.0002216550596249034,0.0002216550596249034,0.2658824555994964,0.2660506808429326,0.0006323052544094931,0.0006323052544093821,0.01,10,"{""0.0001"": 0.1806796188591972, ""0.01"": 0.18027553261538842, ""1e-06"": 0.1806934496833176, ""1e-08"": 0.1806934496833176, ""1e-10"": 0.1806934496833176, ""1e-15"": 0.1806934496833176}"
explore_cycle_3_both,42,66254,2,intermediate,20000,20000,experiments/strata_two_factor_explore_cycle_3/reward_both_state_0/results/20260909T084200Z-e5f5f91b/checkpoint_probes/steps_000066254/probe_battery.json,layer_3,factor_2,shuffled_training_labels,/layers/layer_3/shuffled_training_labels/factor_2,0.17896162700922608,0.17890863022246048,1.000296222640013,-0.0002962226400129442,-0.0002962226400129442,0.26793717656245525,0.2678097194804629,-0.0004759240338239046,-0.00047592403382368254,0.01,10,"{""0.0001"": 0.18023953336744253, ""0.01"": 0.17960037759105132, ""1e-06"": 0.1802523459317092, ""1e-08"": 0.1802523459317092, ""1e-10"": 0.1802523459317092, ""1e-15"": 0.1802523459317092}"
explore_cycle_3_both,42,66254,2,intermediate,20000,20000,experiments/strata_two_factor_explore_cycle_3/reward_both_state_0/results/20260909T084200Z-e5f5f91b/checkpoint_probes/steps_000066254/probe_battery.json,control,factor_1,current_token_preceding_action,/controls/current_token_preceding_action/factor_1,0.12740244753252786,0.1786085671710858,0.7133053556747445,0.2866946443252556,0.2866946443252555,0.19404227254952833,0.2660506808429326,0.2706567337668857,0.2706567337668856,,,
explore_cycle_3_both,42,66254,2,intermediate,20000,20000,experiments/strata_two_factor_explore_cycle_3/reward_both_state_0/results/20260909T084200Z-e5f5f91b/checkpoint_probes/steps_000066254/probe_battery.json,control,factor_2,current_token_preceding_action,/controls/current_token_preceding_action/factor_2,0.12923364908273835,0.17890863022246048,0.722344410786921,0.2776555892130791,0.277655589213079,0.19332844039890026,0.2678097194804629,0.27811268099624054,0.27811268099624054,,,
explore_cycle_3_both,42,66254,2,intermediate,20000,20000,experiments/strata_two_factor_explore_cycle_3/reward_both_state_0/results/20260909T084200Z-e5f5f91b/checkpoint_probes/steps_000066254/probe_battery.json,control,factor_1,log_ntp,/controls/log_ntp/factor_1,0.0766456558400277,0.1786085671710858,0.42912642463902784,0.5708735753609722,0.5708735753609722,0.22340125222399557,0.2660506808429326,0.1603056548617361,0.16030565486173598,1e-15,10,"{""0.0001"": 0.07813653245481096, ""0.01"": 0.07813653245481096, ""1e-06"": 0.07813653245481096, ""1e-08"": 0.07813653245481096, ""1e-10"": 0.07813653245481096, ""1e-15"": 0.07813653245481096}"
explore_cycle_3_both,42,66254,2,intermediate,20000,20000,experiments/strata_two_factor_explore_cycle_3/reward_both_state_0/results/20260909T084200Z-e5f5f91b/checkpoint_probes/steps_000066254/probe_battery.json,control,factor_2,log_ntp,/controls/log_ntp/factor_2,0.0770227073418538,0.17890863022246048,0.43051420854366507,0.5694857914563349,0.5694857914563349,0.2246122624037922,0.2678097194804629,0.16129906397897564,0.16129906397897564,1e-15,10,"{""0.0001"": 0.07717019788399566, ""0.01"": 0.07717019788399566, ""1e-06"": 0.07717019788399566, ""1e-08"": 0.07717019788399566, ""1e-10"": 0.07717019788399566, ""1e-15"": 0.07717019788399566}"
explore_cycle_3_both,42,66254,2,intermediate,20000,20000,experiments/strata_two_factor_explore_cycle_3/reward_both_state_0/results/20260909T084200Z-e5f5f91b/checkpoint_probes/steps_000066254/probe_battery.json,control,factor_1,ntp,/controls/ntp/factor_1,0.08871091494827614,0.1786085671710858,0.4966778265641738,0.5033221734358262,0.5033221734358262,0.26613274484482846,0.2660506808429326,-0.00030845251602373835,-0.0003084525160239604,1e-15,10,"{""0.0001"": 0.09081018707604005, ""0.01"": 0.09081018707604005, ""1e-06"": 0.09081018707604005, ""1e-08"": 0.09081018707604005, ""1e-10"": 0.09081018707604005, ""1e-15"": 0.09081018707604005}"
explore_cycle_3_both,42,66254,2,intermediate,20000,20000,experiments/strata_two_factor_explore_cycle_3/reward_both_state_0/results/20260909T084200Z-e5f5f91b/checkpoint_probes/steps_000066254/probe_battery.json,control,factor_2,ntp,/controls/ntp/factor_2,0.08927465819680501,0.17890863022246048,0.4989958175063895,0.5010041824936105,0.5010041824936105,0.2678239745904151,0.2678097194804629,-5.3228501115887283e-05,-5.3228501115887283e-05,1e-15,10,"{""0.0001"": 0.08933073492974342, ""0.01"": 0.08933073492974342, ""1e-06"": 0.08933073492974342, ""1e-08"": 0.08933073492974342, ""1e-10"": 0.08933073492974342, ""1e-15"": 0.08933073492974342}"
explore_cycle_3_both,42,66254,2,intermediate,20000,20000,experiments/strata_two_factor_explore_cycle_3/reward_both_state_0/results/20260909T084200Z-e5f5f91b/checkpoint_probes/steps_000066254/probe_battery.json,control,factor_1,train_mean,/controls/train_mean/factor_1,0.17864244166702925,0.1786085671710858,1.0001896577329967,-0.0001896577329967286,-0.0001896577329967286,0.2661382892647709,0.2660506808429326,-0.0003292922294380052,-0.0003292922294382272,,,
explore_cycle_3_both,42,66254,2,intermediate,20000,20000,experiments/strata_two_factor_explore_cycle_3/reward_both_state_0/results/20260909T084200Z-e5f5f91b/checkpoint_probes/steps_000066254/probe_battery.json,control,factor_2,train_mean,/controls/train_mean/factor_2,0.17891481877154625,0.17890863022246048,1.0000345905565209,-3.459055652088594e-05,-3.459055652088594e-05,0.26782826988205144,0.2678097194804629,-6.92670961477404e-05,-6.92670961477404e-05,,,
explore_cycle_3_both,42,132518,4,intermediate,20000,20000,experiments/strata_two_factor_explore_cycle_3/reward_both_state_0/results/20260909T084200Z-e5f5f91b/checkpoint_probes/steps_000132518/probe_battery.json,layer_1,factor_1,probe_fits,/layers/layer_1/probe_fits/factor_1,0.13044647877585133,0.1788029438632101,0.7295544243144397,0.27044557568556027,0.27044557568556027,0.19475964719055883,0.26707131883903107,0.27075790827264334,0.27075790827264323,1e-15,10,"{""0.0001"": 0.13118260742776075, ""0.01"": 0.16945704550407234, ""1e-06"": 0.13118260742776075, ""1e-08"": 0.13118260742776075, ""1e-10"": 0.13118260742776075, ""1e-15"": 0.13118260742776075}"
explore_cycle_3_both,42,132518,4,intermediate,20000,20000,experiments/strata_two_factor_explore_cycle_3/reward_both_state_0/results/20260909T084200Z-e5f5f91b/checkpoint_probes/steps_000132518/probe_battery.json,layer_1,factor_2,probe_fits,/layers/layer_1/probe_fits/factor_2,0.13138196666536706,0.1789576013510869,0.7341513614032864,0.2658486385967136,0.2658486385967136,0.19750552492812468,0.26904160977455777,0.26589227185481246,0.26589227185481246,1e-15,10,"{""0.0001"": 0.1323262511054713, ""0.01"": 0.17457397589522441, ""1e-06"": 0.1323262511054713, ""1e-08"": 0.1323262511054713, ""1e-10"": 0.1323262511054713, ""1e-15"": 0.1323262511054713}"
explore_cycle_3_both,42,132518,4,intermediate,20000,20000,experiments/strata_two_factor_explore_cycle_3/reward_both_state_0/results/20260909T084200Z-e5f5f91b/checkpoint_probes/steps_000132518/probe_battery.json,layer_1,factor_1,shuffled_training_labels,/layers/layer_1/shuffled_training_labels/factor_1,0.1795002874789629,0.1788029438632101,1.0039000678662555,-0.003900067866255519,-0.003900067866255519,0.26826841799953766,0.26707131883903107,-0.004482320174664878,-0.0044823201746651,0.01,10,"{""0.0001"": 0.17864664142550793, ""0.01"": 0.17808686697085704, ""1e-06"": 0.17864664142550793, ""1e-08"": 0.17864664142550793, ""1e-10"": 0.17864664142550793, ""1e-15"": 0.17864664142550793}"
explore_cycle_3_both,42,132518,4,intermediate,20000,20000,experiments/strata_two_factor_explore_cycle_3/reward_both_state_0/results/20260909T084200Z-e5f5f91b/checkpoint_probes/steps_000132518/probe_battery.json,layer_1,factor_2,shuffled_training_labels,/layers/layer_1/shuffled_training_labels/factor_2,0.17910092923115256,0.1789576013510869,1.0008009041190962,-0.0008009041190961685,-0.0008009041190961685,0.2696482025723002,0.26904160977455777,-0.0022546430578183063,-0.0022546430578183063,0.01,10,"{""0.0001"": 0.180867291625964, ""0.01"": 0.18033227382895411, ""1e-06"": 0.180867291625964, ""1e-08"": 0.180867291625964, ""1e-10"": 0.180867291625964, ""1e-15"": 0.180867291625964}"
explore_cycle_3_both,42,132518,4,intermediate,20000,20000,experiments/strata_two_factor_explore_cycle_3/reward_both_state_0/results/20260909T084200Z-e5f5f91b/checkpoint_probes/steps_000132518/probe_battery.json,layer_2,factor_1,probe_fits,/layers/layer_2/probe_fits/factor_1,0.13169978054347564,0.1788029438632101,0.7365638266237391,0.263436173376261,0.2634361733762609,0.1966546542174481,0.26707131883903107,0.26366239897150634,0.26366239897150623,1e-15,10,"{""0.0001"": 0.13246076205176285, ""0.01"": 0.1779732771500376, ""1e-06"": 0.13246076205176285, ""1e-08"": 0.13246076205176285, ""1e-10"": 0.13246076205176285, ""1e-15"": 0.13246076205176285}"
explore_cycle_3_both,42,132518,4,intermediate,20000,20000,experiments/strata_two_factor_explore_cycle_3/reward_both_state_0/results/20260909T084200Z-e5f5f91b/checkpoint_probes/steps_000132518/probe_battery.json,layer_2,factor_2,probe_fits,/layers/layer_2/probe_fits/factor_2,0.1319485151509015,0.1789576013510869,0.7373171866113644,0.26268281338863564,0.26268281338863564,0.19838102467197632,0.26904160977455777,0.2626381293279919,0.2626381293279919,1e-15,10,"{""0.0001"": 0.1326802565302264, ""0.01"": 0.18001454185425805, ""1e-06"": 0.1326802565302264, ""1e-08"": 0.1326802565302264, ""1e-10"": 0.1326802565302264, ""1e-15"": 0.1326802565302264}"
explore_cycle_3_both,42,132518,4,intermediate,20000,20000,experiments/strata_two_factor_explore_cycle_3/reward_both_state_0/results/20260909T084200Z-e5f5f91b/checkpoint_probes/steps_000132518/probe_battery.json,layer_2,factor_1,shuffled_training_labels,/layers/layer_2/shuffled_training_labels/factor_1,0.17910414030018934,0.1788029438632101,1.001684516096165,-0.001684516096164712,-0.0016845160961649341,0.26757315175641927,0.26707131883903107,-0.0018790221262607876,-0.0018790221262607876,0.01,10,"{""0.0001"": 0.17861930159702108, ""0.01"": 0.17806802683204848, ""1e-06"": 0.17861930159702108, ""1e-08"": 0.17861930159702108, ""1e-10"": 0.17861930159702108, ""1e-15"": 0.17861930159702108}"
explore_cycle_3_both,42,132518,4,intermediate,20000,20000,experiments/strata_two_factor_explore_cycle_3/reward_both_state_0/results/20260909T084200Z-e5f5f91b/checkpoint_probes/steps_000132518/probe_battery.json,layer_2,factor_2,shuffled_training_labels,/layers/layer_2/shuffled_training_labels/factor_2,0.1789619406205373,0.1789576013510869,1.0000242474721255,-2.4247472125482616e-05,-2.4247472125482616e-05,0.26918606747642676,0.26904160977455777,-0.0005369344243444374,-0.0005369344243444374,0.01,10,"{""0.0001"": 0.18084568405095533, ""0.01"": 0.18025840602367454, ""1e-06"": 0.18084568405095533, ""1e-08"": 0.18084568405095533, ""1e-10"": 0.18084568405095533, ""1e-15"": 0.18084568405095533}"
explore_cycle_3_both,42,132518,4,intermediate,20000,20000,experiments/strata_two_factor_explore_cycle_3/reward_both_state_0/results/20260909T084200Z-e5f5f91b/checkpoint_probes/steps_000132518/probe_battery.json,layer_3,factor_1,probe_fits,/layers/layer_3/probe_fits/factor_1,0.13159732810082694,0.1788029438632101,0.7359908358192528,0.26400916418074727,0.26400916418074716,0.19657005845132228,0.26707131883903107,0.26397915243830894,0.26397915243830894,1e-15,10,"{""0.0001"": 0.13237652193120247, ""0.01"": 0.1780660711494338, ""1e-06"": 0.13235786143585657, ""1e-08"": 0.13235786143585657, ""1e-10"": 0.13235786143585657, ""1e-15"": 0.13235786143585657}"
explore_cycle_3_both,42,132518,4,intermediate,20000,20000,experiments/strata_two_factor_explore_cycle_3/reward_both_state_0/results/20260909T084200Z-e5f5f91b/checkpoint_probes/steps_000132518/probe_battery.json,layer_3,factor_2,probe_fits,/layers/layer_3/probe_fits/factor_2,0.131938708117564,0.1789576013510869,0.7372623857352716,0.2627376142647284,0.2627376142647284,0.19848103253874577,0.26904160977455777,0.2622664103702691,0.2622664103702692,0.0001,10,"{""0.0001"": 0.13260745255439974, ""0.01"": 0.1802057475980637, ""1e-06"": 0.13260890017905647, ""1e-08"": 0.13260890017905647, ""1e-10"": 0.13260890017905647, ""1e-15"": 0.13260890017905647}"
explore_cycle_3_both,42,132518,4,intermediate,20000,20000,experiments/strata_two_factor_explore_cycle_3/reward_both_state_0/results/20260909T084200Z-e5f5f91b/checkpoint_probes/steps_000132518/probe_battery.json,layer_3,factor_1,shuffled_training_labels,/layers/layer_3/shuffled_training_labels/factor_1,0.17888879552550954,0.1788029438632101,1.0004801468054414,-0.0004801468054413949,-0.0004801468054413949,0.2673131496520867,0.26707131883903107,-0.0009054915148014597,-0.0009054915148016818,0.01,10,"{""0.0001"": 0.1785593453946722, ""0.01"": 0.17808452363342278, ""1e-06"": 0.17860121061027345, ""1e-08"": 0.17860121061027345, ""1e-10"": 0.17860121061027345, ""1e-15"": 0.17860121061027345}"
explore_cycle_3_both,42,132518,4,intermediate,20000,20000,experiments/strata_two_factor_explore_cycle_3/reward_both_state_0/results/20260909T084200Z-e5f5f91b/checkpoint_probes/steps_000132518/probe_battery.json,layer_3,factor_2,shuffled_training_labels,/layers/layer_3/shuffled_training_labels/factor_2,0.1789537963213829,0.1789576013510869,0.9999787378145701,2.1262185429860025e-05,2.1262185429860025e-05,0.26906728691003456,0.26904160977455777,-9.543927237976035e-05,-9.54392723799824e-05,0.01,10,"{""0.0001"": 0.18085028589642232, ""0.01"": 0.18019520841694775, ""1e-06"": 0.180842494800925, ""1e-08"": 0.180842494800925, ""1e-10"": 0.180842494800925, ""1e-15"": 0.180842494800925}"
explore_cycle_3_both,42,132518,4,intermediate,20000,20000,experiments/strata_two_factor_explore_cycle_3/reward_both_state_0/results/20260909T084200Z-e5f5f91b/checkpoint_probes/steps_000132518/probe_battery.json,control,factor_1,current_token_preceding_action,/controls/current_token_preceding_action/factor_1,0.12815245933840191,0.1788029438632101,0.7167245492134771,0.28327545078652283,0.28327545078652294,0.19243563710579456,0.26707131883903107,0.2794597415315152,0.2794597415315152,,,
explore_cycle_3_both,42,132518,4,intermediate,20000,20000,experiments/strata_two_factor_explore_cycle_3/reward_both_state_0/results/20260909T084200Z-e5f5f91b/checkpoint_probes/steps_000132518/probe_battery.json,control,factor_2,current_token_preceding_action,/controls/current_token_preceding_action/factor_2,0.12857870849523934,0.1789576013510869,0.7184869909101428,0.2815130090898572,0.2815130090898572,0.1927809245381875,0.26904160977455777,0.28345312570896586,0.28345312570896597,,,
explore_cycle_3_both,42,132518,4,intermediate,20000,20000,experiments/strata_two_factor_explore_cycle_3/reward_both_state_0/results/20260909T084200Z-e5f5f91b/checkpoint_probes/steps_000132518/probe_battery.json,control,factor_1,log_ntp,/controls/log_ntp/factor_1,0.07705702070084848,0.1788029438632101,0.43096058172173907,0.569039418278261,0.569039418278261,0.2246664967154358,0.26707131883903107,0.15877714727261105,0.15877714727261094,1e-15,10,"{""0.0001"": 0.07742464028042703, ""0.01"": 0.07742464028042703, ""1e-06"": 0.07742464028042703, ""1e-08"": 0.07742464028042703, ""1e-10"": 0.07742464028042703, ""1e-15"": 0.07742464028042703}"
explore_cycle_3_both,42,132518,4,intermediate,20000,20000,experiments/strata_two_factor_explore_cycle_3/reward_both_state_0/results/20260909T084200Z-e5f5f91b/checkpoint_probes/steps_000132518/probe_battery.json,control,factor_2,log_ntp,/controls/log_ntp/factor_2,0.07760765022463813,0.1789576013510869,0.4336650113698385,0.5663349886301615,0.5663349886301615,0.2263179754990676,0.26904160977455777,0.1587993556509354,0.1587993556509354,1e-15,10,"{""0.0001"": 0.07744064184714432, ""0.01"": 0.07744064184714432, ""1e-06"": 0.07744064184714432, ""1e-08"": 0.07744064184714432, ""1e-10"": 0.07744064184714432, ""1e-15"": 0.07744064184714432}"
explore_cycle_3_both,42,132518,4,intermediate,20000,20000,experiments/strata_two_factor_explore_cycle_3/reward_both_state_0/results/20260909T084200Z-e5f5f91b/checkpoint_probes/steps_000132518/probe_battery.json,control,factor_1,ntp,/controls/ntp/factor_1,0.08909580856748592,0.1788029438632101,0.4982905015011779,0.5017094984988222,0.5017094984988222,0.2672874257024578,0.26707131883903107,-0.0008091728620134298,-0.0008091728620136518,1e-15,10,"{""0.0001"": 0.09009289953457696, ""0.01"": 0.09009289953457696, ""1e-06"": 0.09009289953457696, ""1e-08"": 0.09009289953457696, ""1e-10"": 0.09009289953457696, ""1e-15"": 0.09009289953457696}"
explore_cycle_3_both,42,132518,4,intermediate,20000,20000,experiments/strata_two_factor_explore_cycle_3/reward_both_state_0/results/20260909T084200Z-e5f5f91b/checkpoint_probes/steps_000132518/probe_battery.json,control,factor_2,ntp,/controls/ntp/factor_2,0.08968741521865604,0.1789576013510869,0.5011657204921032,0.4988342795078968,0.4988342795078968,0.26906224565596815,0.26904160977455777,-7.670144936922085e-05,-7.67014493694429e-05,1e-15,10,"{""0.0001"": 0.08959703817043838, ""0.01"": 0.08959703817043838, ""1e-06"": 0.08959703817043838, ""1e-08"": 0.08959703817043838, ""1e-10"": 0.08959703817043838, ""1e-15"": 0.08959703817043838}"
explore_cycle_3_both,42,132518,4,intermediate,20000,20000,experiments/strata_two_factor_explore_cycle_3/reward_both_state_0/results/20260909T084200Z-e5f5f91b/checkpoint_probes/steps_000132518/probe_battery.json,control,factor_1,train_mean,/controls/train_mean/factor_1,0.178870668404534,0.1788029438632101,1.0003787663662613,-0.0003787663662613294,-0.0003787663662613294,0.267274490794155,0.26707131883903107,-0.0007607404494316405,-0.0007607404494316405,,,
explore_cycle_3_both,42,132518,4,intermediate,20000,20000,experiments/strata_two_factor_explore_cycle_3/reward_both_state_0/results/20260909T084200Z-e5f5f91b/checkpoint_probes/steps_000132518/probe_battery.json,control,factor_2,train_mean,/controls/train_mean/factor_2,0.17896986431567607,0.1789576013510869,1.0000685244130263,-6.852441302629408e-05,-6.852441302629408e-05,0.26906135451896407,0.26904160977455777,-7.33891847541912e-05,-7.33891847541912e-05,,,
explore_cycle_3_both,42,265026,8,intermediate,20000,20000,experiments/strata_two_factor_explore_cycle_3/reward_both_state_0/results/20260909T084200Z-e5f5f91b/checkpoint_probes/steps_000265026/probe_battery.json,layer_1,factor_1,probe_fits,/layers/layer_1/probe_fits/factor_1,0.13151222587698058,0.17887088709563226,0.7352354987017443,0.2647645012982557,0.2647645012982557,0.1931337367616608,0.26853083280173307,0.28077630882611126,0.2807763088261114,1e-15,10,"{""0.0001"": 0.13135200531570163, ""0.01"": 0.17168321859698332, ""1e-06"": 0.13135200531570163, ""1e-08"": 0.13135200531570163, ""1e-10"": 0.13135200531570163, ""1e-15"": 0.13135200531570163}"
explore_cycle_3_both,42,265026,8,intermediate,20000,20000,experiments/strata_two_factor_explore_cycle_3/reward_both_state_0/results/20260909T084200Z-e5f5f91b/checkpoint_probes/steps_000265026/probe_battery.json,layer_1,factor_2,probe_fits,/layers/layer_1/probe_fits/factor_2,0.13317145620605328,0.17894412393380413,0.7442069249243228,0.2557930750756773,0.25579307507567717,0.20432351233139034,0.2694456871671965,0.24168943107037577,0.24168943107037577,1e-15,10,"{""0.0001"": 0.13283238666420089, ""0.01"": 0.17913758851621184, ""1e-06"": 0.13283238666420089, ""1e-08"": 0.13283238666420089, ""1e-10"": 0.13283238666420089, ""1e-15"": 0.13283238666420089}"
explore_cycle_3_both,42,265026,8,intermediate,20000,20000,experiments/strata_two_factor_explore_cycle_3/reward_both_state_0/results/20260909T084200Z-e5f5f91b/checkpoint_probes/steps_000265026/probe_battery.json,layer_1,factor_1,shuffled_training_labels,/layers/layer_1/shuffled_training_labels/factor_1,0.1787914621266618,0.17887088709563226,0.9995559648064585,0.00044403519354152543,0.00044403519354152543,0.2685957394807852,0.26853083280173307,-0.0002417103405778498,-0.00024171034057762775,0.01,10,"{""0.0001"": 0.1798782471209337, ""0.01"": 0.17914854163307464, ""1e-06"": 0.1798782471209337, ""1e-08"": 0.1798782471209337, ""1e-10"": 0.1798782471209337, ""1e-15"": 0.1798782471209337}"
explore_cycle_3_both,42,265026,8,intermediate,20000,20000,experiments/strata_two_factor_explore_cycle_3/reward_both_state_0/results/20260909T084200Z-e5f5f91b/checkpoint_probes/steps_000265026/probe_battery.json,layer_1,factor_2,shuffled_training_labels,/layers/layer_1/shuffled_training_labels/factor_2,0.17904345689889176,0.17894412393380413,1.0005551060459765,-0.0005551060459765278,-0.0005551060459765278,0.26952486587732144,0.2694456871671965,-0.000293857775039319,-0.000293857775039319,0.01,10,"{""0.0001"": 0.18093659140167895, ""0.01"": 0.1803675377983526, ""1e-06"": 0.18093659140167895, ""1e-08"": 0.18093659140167895, ""1e-10"": 0.18093659140167895, ""1e-15"": 0.18093659140167895}"
explore_cycle_3_both,42,265026,8,intermediate,20000,20000,experiments/strata_two_factor_explore_cycle_3/reward_both_state_0/results/20260909T084200Z-e5f5f91b/checkpoint_probes/steps_000265026/probe_battery.json,layer_2,factor_1,probe_fits,/layers/layer_2/probe_fits/factor_1,0.13207307272149413,0.17887088709563226,0.7383709829251422,0.26162901707485775,0.26162901707485775,0.19402244705428823,0.26853083280173307,0.27746678089088306,0.27746678089088317,1e-15,10,"{""0.0001"": 0.13180092649987207, ""0.01"": 0.1790824027894945, ""1e-06"": 0.13180092649987207, ""1e-08"": 0.13180092649987207, ""1e-10"": 0.13180092649987207, ""1e-15"": 0.13180092649987207}"
explore_cycle_3_both,42,265026,8,intermediate,20000,20000,experiments/strata_two_factor_explore_cycle_3/reward_both_state_0/results/20260909T084200Z-e5f5f91b/checkpoint_probes/steps_000265026/probe_battery.json,layer_2,factor_2,probe_fits,/layers/layer_2/probe_fits/factor_2,0.13394021294290323,0.17894412393380413,0.7485029963456695,0.2514970036543305,0.2514970036543305,0.2064368720741727,0.2694456871671965,0.23384607026174276,0.23384607026174287,1e-15,10,"{""0.0001"": 0.1337481596398073, ""0.01"": 0.18030865930163734, ""1e-06"": 0.1337481596398073, ""1e-08"": 0.1337481596398073, ""1e-10"": 0.1337481596398073, ""1e-15"": 0.1337481596398073}"
explore_cycle_3_both,42,265026,8,intermediate,20000,20000,experiments/strata_two_factor_explore_cycle_3/reward_both_state_0/results/20260909T084200Z-e5f5f91b/checkpoint_probes/steps_000265026/probe_battery.json,layer_2,factor_1,shuffled_training_labels,/layers/layer_2/shuffled_training_labels/factor_1,0.17890612963131639,0.17887088709563226,1.0001970277905834,-0.00019702779058317077,-0.00019702779058339281,0.2685312608351961,0.26853083280173307,-1.5939825552813147e-06,-1.5939825550592701e-06,0.01,10,"{""0.0001"": 0.17983666349476726, ""0.01"": 0.17909206905543, ""1e-06"": 0.17983666349476726, ""1e-08"": 0.17983666349476726, ""1e-10"": 0.17983666349476726, ""1e-15"": 0.17983666349476726}"
explore_cycle_3_both,42,265026,8,intermediate,20000,20000,experiments/strata_two_factor_explore_cycle_3/reward_both_state_0/results/20260909T084200Z-e5f5f91b/checkpoint_probes/steps_000265026/probe_battery.json,layer_2,factor_2,shuffled_training_labels,/layers/layer_2/shuffled_training_labels/factor_2,0.17899582957362284,0.17894412393380413,1.0002889485202533,-0.000288948520253296,-0.000288948520253296,0.26949691725892505,0.2694456871671965,-0.00019013142228097024,-0.0001901314222807482,0.01,10,"{""0.0001"": 0.18085007821816926, ""0.01"": 0.18031336624918637, ""1e-06"": 0.18085007821816926, ""1e-08"": 0.18085007821816926, ""1e-10"": 0.18085007821816926, ""1e-15"": 0.18085007821816926}"
explore_cycle_3_both,42,265026,8,intermediate,20000,20000,experiments/strata_two_factor_explore_cycle_3/reward_both_state_0/results/20260909T084200Z-e5f5f91b/checkpoint_probes/steps_000265026/probe_battery.json,layer_3,factor_1,probe_fits,/layers/layer_3/probe_fits/factor_1,0.13203877400087005,0.17887088709563226,0.7381792316503485,0.2618207683496514,0.2618207683496515,0.19403866557254332,0.26853083280173307,0.27740638366168646,0.27740638366168646,1e-15,10,"{""0.0001"": 0.13202504752774927, ""0.01"": 0.1790726801486804, ""1e-06"": 0.13182357538973705, ""1e-08"": 0.13182357538973705, ""1e-10"": 0.13182357538973705, ""1e-15"": 0.13182357538973705}"
explore_cycle_3_both,42,265026,8,intermediate,20000,20000,experiments/strata_two_factor_explore_cycle_3/reward_both_state_0/results/20260909T084200Z-e5f5f91b/checkpoint_probes/steps_000265026/probe_battery.json,layer_3,factor_2,probe_fits,/layers/layer_3/probe_fits/factor_2,0.13417296233293344,0.17894412393380413,0.7498036782843305,0.25019632171566963,0.2501963217156695,0.20716639104310344,0.2694456871671965,0.23113858966852752,0.23113858966852752,1e-15,10,"{""0.0001"": 0.1342008449204783, ""0.01"": 0.18030005220450743, ""1e-06"": 0.1338942345286183, ""1e-08"": 0.1338942345286183, ""1e-10"": 0.1338942345286183, ""1e-15"": 0.1338942345286183}"
explore_cycle_3_both,42,265026,8,intermediate,20000,20000,experiments/strata_two_factor_explore_cycle_3/reward_both_state_0/results/20260909T084200Z-e5f5f91b/checkpoint_probes/steps_000265026/probe_battery.json,layer_3,factor_1,shuffled_training_labels,/layers/layer_3/shuffled_training_labels/factor_1,0.17889651699425668,0.17887088709563226,1.0001432871443787,-0.00014328714437872314,-0.00014328714437872314,0.2685312089413281,0.26853083280173307,-1.4007314954600503e-06,-1.4007314954600503e-06,0.01,10,"{""0.0001"": 0.1797374396990113, ""0.01"": 0.17908255251699695, ""1e-06"": 0.1798245013000896, ""1e-08"": 0.1798245013000896, ""1e-10"": 0.1798245013000896, ""1e-15"": 0.1798245013000896}"
explore_cycle_3_both,42,265026,8,intermediate,20000,20000,experiments/strata_two_factor_explore_cycle_3/reward_both_state_0/results/20260909T084200Z-e5f5f91b/checkpoint_probes/steps_000265026/probe_battery.json,layer_3,factor_2,shuffled_training_labels,/layers/layer_3/shuffled_training_labels/factor_2,0.1789869628062135,0.17894412393380413,1.000239398039274,-0.00023939803927408576,-0.00023939803927408576,0.2694967186392247,0.2694456871671965,-0.0001893942804009896,-0.0001893942804009896,0.01,10,"{""0.0001"": 0.18083313900811182, ""0.01"": 0.18030407099864398, ""1e-06"": 0.1808310336257632, ""1e-08"": 0.1808310336257632, ""1e-10"": 0.1808310336257632, ""1e-15"": 0.1808310336257632}"
explore_cycle_3_both,42,265026,8,intermediate,20000,20000,experiments/strata_two_factor_explore_cycle_3/reward_both_state_0/results/20260909T084200Z-e5f5f91b/checkpoint_probes/steps_000265026/probe_battery.json,control,factor_1,current_token_preceding_action,/controls/current_token_preceding_action/factor_1,0.12898885205088678,0.17887088709563226,0.7211282626553065,0.2788717373446935,0.2788717373446935,0.1908763024799217,0.26853083280173307,0.289182919933618,0.2891829199336181,,,
explore_cycle_3_both,42,265026,8,intermediate,20000,20000,experiments/strata_two_factor_explore_cycle_3/reward_both_state_0/results/20260909T084200Z-e5f5f91b/checkpoint_probes/steps_000265026/probe_battery.json,control,factor_2,current_token_preceding_action,/controls/current_token_preceding_action/factor_2,0.1292156472853619,0.17894412393380413,0.7221005330868644,0.2778994669131356,0.2778994669131356,0.1958031871107111,0.2694456871671965,0.2733111107871945,0.2733111107871946,,,
explore_cycle_3_both,42,265026,8,intermediate,20000,20000,experiments/strata_two_factor_explore_cycle_3/reward_both_state_0/results/20260909T084200Z-e5f5f91b/checkpoint_probes/steps_000265026/probe_battery.json,control,factor_1,log_ntp,/controls/log_ntp/factor_1,0.07749417969508338,0.17887088709563226,0.4332408753228331,0.5667591246771668,0.5667591246771668,0.22604818795676485,0.26853083280173307,0.15820397382945905,0.15820397382945905,1e-15,10,"{""0.0001"": 0.07676473449283874, ""0.01"": 0.07676473449283874, ""1e-06"": 0.07676473449283874, ""1e-08"": 0.07676473449283874, ""1e-10"": 0.07676473449283874, ""1e-15"": 0.07676473449283874}"
explore_cycle_3_both,42,265026,8,intermediate,20000,20000,experiments/strata_two_factor_explore_cycle_3/reward_both_state_0/results/20260909T084200Z-e5f5f91b/checkpoint_probes/steps_000265026/probe_battery.json,control,factor_2,log_ntp,/controls/log_ntp/factor_2,0.07744367245327216,0.17894412393380413,0.4327813104492914,0.5672186895507085,0.5672186895507085,0.22584696940222507,0.2694456871671965,0.16180892788949164,0.16180892788949175,1e-15,10,"{""0.0001"": 0.07704015655473144, ""0.01"": 0.07704015655473144, ""1e-06"": 0.07704015655473144, ""1e-08"": 0.07704015655473144, ""1e-10"": 0.07704015655473144, ""1e-15"": 0.07704015655473144}"
explore_cycle_3_both,42,265026,8,intermediate,20000,20000,experiments/strata_two_factor_explore_cycle_3/reward_both_state_0/results/20260909T084200Z-e5f5f91b/checkpoint_probes/steps_000265026/probe_battery.json,control,factor_1,ntp,/controls/ntp/factor_1,0.08952185490747164,0.17887088709563226,0.5004830934818885,0.49951690651811154,0.49951690651811154,0.2685655647224149,0.26853083280173307,-0.00012934053166069326,-0.00012934053166047121,1e-15,10,"{""0.0001"": 0.08916632382813969, ""0.01"": 0.08916632382813969, ""1e-06"": 0.08916632382813969, ""1e-08"": 0.08916632382813969, ""1e-10"": 0.08916632382813969, ""1e-15"": 0.08916632382813969}"
explore_cycle_3_both,42,265026,8,intermediate,20000,20000,experiments/strata_two_factor_explore_cycle_3/reward_both_state_0/results/20260909T084200Z-e5f5f91b/checkpoint_probes/steps_000265026/probe_battery.json,control,factor_2,ntp,/controls/ntp/factor_2,0.08983301918163486,0.17894412393380413,0.502017150419906,0.497982849580094,0.497982849580094,0.26949905754490466,0.2694456871671965,-0.000198074715053842,-0.000198074715053842,1e-15,10,"{""0.0001"": 0.08936985541810137, ""0.01"": 0.08936985541810137, ""1e-06"": 0.08936985541810137, ""1e-08"": 0.08936985541810137, ""1e-10"": 0.08936985541810137, ""1e-15"": 0.08936985541810137}"
explore_cycle_3_both,42,265026,8,intermediate,20000,20000,experiments/strata_two_factor_explore_cycle_3/reward_both_state_0/results/20260909T084200Z-e5f5f91b/checkpoint_probes/steps_000265026/probe_battery.json,control,factor_1,train_mean,/controls/train_mean/factor_1,0.1788927530087611,0.17887088709563226,1.0001222441140862,-0.00012224411408623403,-0.00012224411408623403,0.2685311495022811,0.26853083280173307,-1.1793824370442962e-06,-1.1793824370442962e-06,,,
explore_cycle_3_both,42,265026,8,intermediate,20000,20000,experiments/strata_two_factor_explore_cycle_3/reward_both_state_0/results/20260909T084200Z-e5f5f91b/checkpoint_probes/steps_000265026/probe_battery.json,control,factor_2,train_mean,/controls/train_mean/factor_2,0.1789835294659264,0.17894412393380413,1.0002202113780325,-0.0002202113780325199,-0.0002202113780325199,0.26949623926716204,0.2694456871671965,-0.00018761517579668485,-0.00018761517579668485,,,
explore_cycle_3_both,42,529886,16,intermediate,20000,20000,experiments/strata_two_factor_explore_cycle_3/reward_both_state_0/results/20260909T084200Z-e5f5f91b/checkpoint_probes/steps_000529886/probe_battery.json,layer_1,factor_1,probe_fits,/layers/layer_1/probe_fits/factor_1,0.13116327517163928,0.17714638155012538,0.7404231123655511,0.25957688763444897,0.25957688763444886,0.19987255702121312,0.2815936612333885,0.29020931740520917,0.29020931740520917,1e-15,10,"{""0.0001"": 0.1320505705267704, ""0.01"": 0.13208592383852782, ""1e-06"": 0.1320505705267704, ""1e-08"": 0.1320505705267704, ""1e-10"": 0.1320505705267704, ""1e-15"": 0.1320505705267704}"
explore_cycle_3_both,42,529886,16,intermediate,20000,20000,experiments/strata_two_factor_explore_cycle_3/reward_both_state_0/results/20260909T084200Z-e5f5f91b/checkpoint_probes/steps_000529886/probe_battery.json,layer_1,factor_2,probe_fits,/layers/layer_1/probe_fits/factor_2,0.13173889878348177,0.17951007658441395,0.7338802438844264,0.2661197561155736,0.2661197561155736,0.1948529673949881,0.2800920721793737,0.30432530318029716,0.30432530318029727,1e-15,10,"{""0.0001"": 0.1317740975143075, ""0.01"": 0.1334076988991726, ""1e-06"": 0.1317740975143075, ""1e-08"": 0.1317740975143075, ""1e-10"": 0.1317740975143075, ""1e-15"": 0.1317740975143075}"
explore_cycle_3_both,42,529886,16,intermediate,20000,20000,experiments/strata_two_factor_explore_cycle_3/reward_both_state_0/results/20260909T084200Z-e5f5f91b/checkpoint_probes/steps_000529886/probe_battery.json,layer_1,factor_1,shuffled_training_labels,/layers/layer_1/shuffled_training_labels/factor_1,0.17703668848485427,0.17714638155012538,0.9993807772740756,0.0006192227259245175,0.0006192227259244065,0.28322469778019105,0.2815936612333885,-0.005792163572356568,-0.005792163572356568,0.01,10,"{""0.0001"": 0.17847958570727523, ""0.01"": 0.17799953282913342, ""1e-06"": 0.17847958570727523, ""1e-08"": 0.17847958570727523, ""1e-10"": 0.17847958570727523, ""1e-15"": 0.17847958570727523}"
explore_cycle_3_both,42,529886,16,intermediate,20000,20000,experiments/strata_two_factor_explore_cycle_3/reward_both_state_0/results/20260909T084200Z-e5f5f91b/checkpoint_probes/steps_000529886/probe_battery.json,layer_1,factor_2,shuffled_training_labels,/layers/layer_1/shuffled_training_labels/factor_2,0.1774761716390619,0.17951007658441395,0.9886696892784422,0.011330310721557657,0.011330310721557768,0.27366149509658416,0.2800920721793737,0.022958797201055092,0.022958797201055203,0.01,10,"{""0.0001"": 0.17998756679463115, ""0.01"": 0.17952722853037867, ""1e-06"": 0.17998756679463115, ""1e-08"": 0.17998756679463115, ""1e-10"": 0.17998756679463115, ""1e-15"": 0.17998756679463115}"
explore_cycle_3_both,42,529886,16,intermediate,20000,20000,experiments/strata_two_factor_explore_cycle_3/reward_both_state_0/results/20260909T084200Z-e5f5f91b/checkpoint_probes/steps_000529886/probe_battery.json,layer_2,factor_1,probe_fits,/layers/layer_2/probe_fits/factor_1,0.1312747957235485,0.17714638155012538,0.741052651343053,0.258947348656947,0.258947348656947,0.1999243950608536,0.2815936612333885,0.29002522931383157,0.29002522931383157,1e-15,10,"{""0.0001"": 0.13205921455445815, ""0.01"": 0.13231849187578468, ""1e-06"": 0.13205921455445815, ""1e-08"": 0.13205921455445815, ""1e-10"": 0.13205921455445815, ""1e-15"": 0.13205921455445815}"
explore_cycle_3_both,42,529886,16,intermediate,20000,20000,experiments/strata_two_factor_explore_cycle_3/reward_both_state_0/results/20260909T084200Z-e5f5f91b/checkpoint_probes/steps_000529886/probe_battery.json,layer_2,factor_2,probe_fits,/layers/layer_2/probe_fits/factor_2,0.13179214718594634,0.17951007658441395,0.7341768757141138,0.26582312428588617,0.26582312428588617,0.19488310018855665,0.2800920721793737,0.30421772143642967,0.30421772143642967,1e-15,10,"{""0.0001"": 0.13182760223578724, ""0.01"": 0.13640799315177465, ""1e-06"": 0.13182760223578724, ""1e-08"": 0.13182760223578724, ""1e-10"": 0.13182760223578724, ""1e-15"": 0.13182760223578724}"
explore_cycle_3_both,42,529886,16,intermediate,20000,20000,experiments/strata_two_factor_explore_cycle_3/reward_both_state_0/results/20260909T084200Z-e5f5f91b/checkpoint_probes/steps_000529886/probe_battery.json,layer_2,factor_1,shuffled_training_labels,/layers/layer_2/shuffled_training_labels/factor_1,0.17692501190187937,0.17714638155012538,0.998750357493566,0.001249642506434001,0.001249642506434001,0.28284295650239194,0.2815936612333885,-0.004436517723912736,-0.004436517723912736,0.01,10,"{""0.0001"": 0.1785199896746629, ""0.01"": 0.1779892577080034, ""1e-06"": 0.1785199896746629, ""1e-08"": 0.1785199896746629, ""1e-10"": 0.1785199896746629, ""1e-15"": 0.1785199896746629}"
explore_cycle_3_both,42,529886,16,intermediate,20000,20000,experiments/strata_two_factor_explore_cycle_3/reward_both_state_0/results/20260909T084200Z-e5f5f91b/checkpoint_probes/steps_000529886/probe_battery.json,layer_2,factor_2,shuffled_training_labels,/layers/layer_2/shuffled_training_labels/factor_2,0.1774593057126654,0.17951007658441395,0.98857573396007,0.011424266039929853,0.011424266039929964,0.2734287723939926,0.2800920721793737,0.023789676492927847,0.023789676492927847,0.01,10,"{""0.0001"": 0.17999712749554214, ""0.01"": 0.17949545046402396, ""1e-06"": 0.17999712749554214, ""1e-08"": 0.17999712749554214, ""1e-10"": 0.17999712749554214, ""1e-15"": 0.17999712749554214}"
explore_cycle_3_both,42,529886,16,intermediate,20000,20000,experiments/strata_two_factor_explore_cycle_3/reward_both_state_0/results/20260909T084200Z-e5f5f91b/checkpoint_probes/steps_000529886/probe_battery.json,layer_3,factor_1,probe_fits,/layers/layer_3/probe_fits/factor_1,0.13124620438105977,0.17714638155012538,0.7408912518143776,0.25910874818562235,0.25910874818562235,0.19985583362851222,0.2815936612333885,0.29026870578997477,0.2902687057899749,1e-15,10,"{""0.0001"": 0.13205764671728196, ""0.01"": 0.13537477448769597, ""1e-06"": 0.13205764671728196, ""1e-08"": 0.13205764671728196, ""1e-10"": 0.13205764671728196, ""1e-15"": 0.13205764671728196}"
explore_cycle_3_both,42,529886,16,intermediate,20000,20000,experiments/strata_two_factor_explore_cycle_3/reward_both_state_0/results/20260909T084200Z-e5f5f91b/checkpoint_probes/steps_000529886/probe_battery.json,layer_3,factor_2,probe_fits,/layers/layer_3/probe_fits/factor_2,0.1317793064946826,0.17951007658441395,0.734105343845218,0.2658946561547819,0.265894656154782,0.19469060134286287,0.2800920721793737,0.3049049913194932,0.30490499131949333,1e-15,10,"{""0.0001"": 0.1318570447687423, ""0.01"": 0.14567477196697215, ""1e-06"": 0.1318570447687423, ""1e-08"": 0.1318570447687423, ""1e-10"": 0.1318570447687423, ""1e-15"": 0.1318570447687423}"
explore_cycle_3_both,42,529886,16,intermediate,20000,20000,experiments/strata_two_factor_explore_cycle_3/reward_both_state_0/results/20260909T084200Z-e5f5f91b/checkpoint_probes/steps_000529886/probe_battery.json,layer_3,factor_1,shuffled_training_labels,/layers/layer_3/shuffled_training_labels/factor_1,0.1767389328641287,0.17714638155012538,0.9976999322118166,0.0023000677881833687,0.0023000677881833687,0.28228470135466766,0.2815936612333885,-0.0024540329432571895,-0.0024540329432571895,0.01,10,"{""0.0001"": 0.17852640287875576, ""0.01"": 0.1778959806745342, ""1e-06"": 0.17852640287875576, ""1e-08"": 0.17852640287875576, ""1e-10"": 0.17852640287875576, ""1e-15"": 0.17852640287875576}"
explore_cycle_3_both,42,529886,16,intermediate,20000,20000,experiments/strata_two_factor_explore_cycle_3/reward_both_state_0/results/20260909T084200Z-e5f5f91b/checkpoint_probes/steps_000529886/probe_battery.json,layer_3,factor_2,shuffled_training_labels,/layers/layer_3/shuffled_training_labels/factor_2,0.17730953600609797,0.17951007658441395,0.9877414091721967,0.01225859082780334,0.01225859082780334,0.2742608522123696,0.2800920721793737,0.020818939720898988,0.0208189397208991,0.01,10,"{""0.0001"": 0.18001675785763402, ""0.01"": 0.179402242494597, ""1e-06"": 0.18001675785763402, ""1e-08"": 0.18001675785763402, ""1e-10"": 0.18001675785763402, ""1e-15"": 0.18001675785763402}"
explore_cycle_3_both,42,529886,16,intermediate,20000,20000,experiments/strata_two_factor_explore_cycle_3/reward_both_state_0/results/20260909T084200Z-e5f5f91b/checkpoint_probes/steps_000529886/probe_battery.json,control,factor_1,current_token_preceding_action,/controls/current_token_preceding_action/factor_1,0.13103810722306622,0.17714638155012538,0.7397165331654694,0.2602834668345305,0.26028346683453063,0.1998190604605307,0.2815936612333885,0.29039929526354635,0.29039929526354635,,,
explore_cycle_3_both,42,529886,16,intermediate,20000,20000,experiments/strata_two_factor_explore_cycle_3/reward_both_state_0/results/20260909T084200Z-e5f5f91b/checkpoint_probes/steps_000529886/probe_battery.json,control,factor_2,current_token_preceding_action,/controls/current_token_preceding_action/factor_2,0.13123888995585492,0.17951007658441395,0.731094835749459,0.2689051642505411,0.268905164250541,0.1942312363666612,0.2800920721793737,0.3065450412238957,0.3065450412238958,,,
explore_cycle_3_both,42,529886,16,intermediate,20000,20000,experiments/strata_two_factor_explore_cycle_3/reward_both_state_0/results/20260909T084200Z-e5f5f91b/checkpoint_probes/steps_000529886/probe_battery.json,control,factor_1,log_ntp,/controls/log_ntp/factor_1,0.07960691350993332,0.17714638155012538,0.4493849256943909,0.5506150743056091,0.5506150743056091,0.2326102504777452,0.2815936612333885,0.1739506867487518,0.17395068674875191,1e-15,10,"{""0.0001"": 0.07946399663196205, ""0.01"": 0.07946399663196205, ""1e-06"": 0.07946399663196205, ""1e-08"": 0.07946399663196205, ""1e-10"": 0.07946399663196205, ""1e-15"": 0.07946399663196205}"
explore_cycle_3_both,42,529886,16,intermediate,20000,20000,experiments/strata_two_factor_explore_cycle_3/reward_both_state_0/results/20260909T084200Z-e5f5f91b/checkpoint_probes/steps_000529886/probe_battery.json,control,factor_2,log_ntp,/controls/log_ntp/factor_2,0.0792013194697949,0.17951007658441395,0.44120820945976685,0.5587917905402331,0.5587917905402331,0.23141269368772346,0.2800920721793737,0.17379777339958224,0.17379777339958236,1e-15,10,"{""0.0001"": 0.07978688292034537, ""0.01"": 0.07978688292034537, ""1e-06"": 0.07978688292034537, ""1e-08"": 0.07978688292034537, ""1e-10"": 0.07978688292034537, ""1e-15"": 0.07978688292034537}"
explore_cycle_3_both,42,529886,16,intermediate,20000,20000,experiments/strata_two_factor_explore_cycle_3/reward_both_state_0/results/20260909T084200Z-e5f5f91b/checkpoint_probes/steps_000529886/probe_battery.json,control,factor_1,ntp,/controls/ntp/factor_1,0.09377415681036426,0.17714638155012538,0.5293597079984944,0.4706402920015056,0.4706402920015056,0.2813224704310928,0.2815936612333885,0.0009630571977645719,0.0009630571977645719,1e-15,10,"{""0.0001"": 0.09405258121192026, ""0.01"": 0.09405258121192026, ""1e-06"": 0.09405258121192026, ""1e-08"": 0.09405258121192026, ""1e-10"": 0.09405258121192026, ""1e-15"": 0.09405258121192026}"
explore_cycle_3_both,42,529886,16,intermediate,20000,20000,experiments/strata_two_factor_explore_cycle_3/reward_both_state_0/results/20260909T084200Z-e5f5f91b/checkpoint_probes/steps_000529886/probe_battery.json,control,factor_2,ntp,/controls/ntp/factor_2,0.09325011145383694,0.17951007658441395,0.5194700666844538,0.48052993331554616,0.48052993331554616,0.2797503343615108,0.2800920721793737,0.001220091005089352,0.001220091005089352,1e-15,10,"{""0.0001"": 0.0931800696207693, ""0.01"": 0.0931800696207693, ""1e-06"": 0.0931800696207693, ""1e-08"": 0.0931800696207693, ""1e-10"": 0.0931800696207693, ""1e-15"": 0.0931800696207693}"
explore_cycle_3_both,42,529886,16,intermediate,20000,20000,experiments/strata_two_factor_explore_cycle_3/reward_both_state_0/results/20260909T084200Z-e5f5f91b/checkpoint_probes/steps_000529886/probe_battery.json,control,factor_1,train_mean,/controls/train_mean/factor_1,0.17717241475741718,0.17714638155012538,1.000146958730198,-0.00014695873019809902,-0.00014695873019809902,0.28160317436956156,0.2815936612333885,-3.37832042502928e-05,-3.37832042502928e-05,,,
explore_cycle_3_both,42,529886,16,intermediate,20000,20000,experiments/strata_two_factor_explore_cycle_3/reward_both_state_0/results/20260909T084200Z-e5f5f91b/checkpoint_probes/steps_000529886/probe_battery.json,control,factor_2,train_mean,/controls/train_mean/factor_2,0.17954839246817686,0.17951007658441395,1.0002134469802026,-0.00021344698020286934,-0.0002134469802026473,0.28011944801110533,0.2800920721793737,-9.773868827722687e-05,-9.773868827700483e-05,,,
explore_cycle_3_both,42,1059875,32,intermediate,20000,20000,experiments/strata_two_factor_explore_cycle_3/reward_both_state_0/results/20260909T084200Z-e5f5f91b/checkpoint_probes/steps_001059875/probe_battery.json,layer_1,factor_1,probe_fits,/layers/layer_1/probe_fits/factor_1,0.11380105726760727,0.16179525756865168,0.7033646039923025,0.2966353960076975,0.2966353960076975,0.19734707895067685,0.2911480296569187,0.3221761480466636,0.3221761480466636,1e-15,10,"{""0.0001"": 0.11459351192917415, ""0.01"": 0.11855236632890101, ""1e-06"": 0.11459351192917415, ""1e-08"": 0.11459351192917415, ""1e-10"": 0.11459351192917415, ""1e-15"": 0.11459351192917415}"
explore_cycle_3_both,42,1059875,32,intermediate,20000,20000,experiments/strata_two_factor_explore_cycle_3/reward_both_state_0/results/20260909T084200Z-e5f5f91b/checkpoint_probes/steps_001059875/probe_battery.json,layer_1,factor_2,probe_fits,/layers/layer_1/probe_fits/factor_2,0.10726236502500636,0.15143009677693117,0.7083292377671297,0.29167076223287014,0.29167076223287025,0.19537122689909142,0.27984331343090746,0.3018549398096373,0.3018549398096373,1e-15,10,"{""0.0001"": 0.10742576937079633, ""0.01"": 0.1098020174860143, ""1e-06"": 0.10742576937079633, ""1e-08"": 0.10742576937079633, ""1e-10"": 0.10742576937079633, ""1e-15"": 0.10742576937079633}"
explore_cycle_3_both,42,1059875,32,intermediate,20000,20000,experiments/strata_two_factor_explore_cycle_3/reward_both_state_0/results/20260909T084200Z-e5f5f91b/checkpoint_probes/steps_001059875/probe_battery.json,layer_1,factor_1,shuffled_training_labels,/layers/layer_1/shuffled_training_labels/factor_1,0.16205293772180923,0.16179525756865168,1.0015926310636651,-0.0015926310636653618,-0.0015926310636651397,0.29236258143232163,0.2911480296569187,-0.004171595379965698,-0.004171595379965698,0.01,10,"{""0.0001"": 0.1619251668159879, ""0.01"": 0.16154366051456923, ""1e-06"": 0.1619251668159879, ""1e-08"": 0.1619251668159879, ""1e-10"": 0.1619251668159879, ""1e-15"": 0.1619251668159879}"
explore_cycle_3_both,42,1059875,32,intermediate,20000,20000,experiments/strata_two_factor_explore_cycle_3/reward_both_state_0/results/20260909T084200Z-e5f5f91b/checkpoint_probes/steps_001059875/probe_battery.json,layer_1,factor_2,shuffled_training_labels,/layers/layer_1/shuffled_training_labels/factor_2,0.15131027514431933,0.15143009677693117,0.9992087330381334,0.0007912669618665991,0.0007912669618665991,0.2808179795773213,0.27984331343090746,-0.003482899535687922,-0.0034828995356877,0.01,10,"{""0.0001"": 0.1518169642153206, ""0.01"": 0.15153768355162692, ""1e-06"": 0.1518169642153206, ""1e-08"": 0.1518169642153206, ""1e-10"": 0.1518169642153206, ""1e-15"": 0.1518169642153206}"
explore_cycle_3_both,42,1059875,32,intermediate,20000,20000,experiments/strata_two_factor_explore_cycle_3/reward_both_state_0/results/20260909T084200Z-e5f5f91b/checkpoint_probes/steps_001059875/probe_battery.json,layer_2,factor_1,probe_fits,/layers/layer_2/probe_fits/factor_1,0.10470236870353386,0.16179525756865168,0.6471287865721737,0.35287121342782635,0.35287121342782635,0.17922819360565598,0.2911480296569187,0.38440870159123575,0.38440870159123586,1e-15,10,"{""0.0001"": 0.10608260502222946, ""0.01"": 0.11386778200563163, ""1e-06"": 0.10608260502222946, ""1e-08"": 0.10608260502222946, ""1e-10"": 0.10608260502222946, ""1e-15"": 0.10608260502222946}"
explore_cycle_3_both,42,1059875,32,intermediate,20000,20000,experiments/strata_two_factor_explore_cycle_3/reward_both_state_0/results/20260909T084200Z-e5f5f91b/checkpoint_probes/steps_001059875/probe_battery.json,layer_2,factor_2,probe_fits,/layers/layer_2/probe_fits/factor_2,0.10255875107452984,0.15143009677693117,0.6772679490894549,0.32273205091054513,0.32273205091054513,0.1879801690382581,0.27984331343090746,0.32826635471971033,0.32826635471971044,1e-15,10,"{""0.0001"": 0.10247935503131664, ""0.01"": 0.10816363045002157, ""1e-06"": 0.10247935503131664, ""1e-08"": 0.10247935503131664, ""1e-10"": 0.10247935503131664, ""1e-15"": 0.10247935503131664}"
explore_cycle_3_both,42,1059875,32,intermediate,20000,20000,experiments/strata_two_factor_explore_cycle_3/reward_both_state_0/results/20260909T084200Z-e5f5f91b/checkpoint_probes/steps_001059875/probe_battery.json,layer_2,factor_1,shuffled_training_labels,/layers/layer_2/shuffled_training_labels/factor_1,0.1618917387940796,0.16179525756865168,1.0005963167702054,-0.0005963167702054406,-0.0005963167702054406,0.29143875652691004,0.2911480296569187,-0.0009985534517746864,-0.0009985534517746864,0.01,10,"{""0.0001"": 0.16197108672006227, ""0.01"": 0.16154600593309681, ""1e-06"": 0.16197108672006227, ""1e-08"": 0.16197108672006227, ""1e-10"": 0.16197108672006227, ""1e-15"": 0.16197108672006227}"
explore_cycle_3_both,42,1059875,32,intermediate,20000,20000,experiments/strata_two_factor_explore_cycle_3/reward_both_state_0/results/20260909T084200Z-e5f5f91b/checkpoint_probes/steps_001059875/probe_battery.json,layer_2,factor_2,shuffled_training_labels,/layers/layer_2/shuffled_training_labels/factor_2,0.1510560347343579,0.15143009677693117,0.9975298038465611,0.0024701961534389083,0.0024701961534389083,0.2802194780805461,0.27984331343090746,-0.0013441973832672982,-0.0013441973832670762,0.01,10,"{""0.0001"": 0.15187140425591944, ""0.01"": 0.15151119355118084, ""1e-06"": 0.15187140425591944, ""1e-08"": 0.15187140425591944, ""1e-10"": 0.15187140425591944, ""1e-15"": 0.15187140425591944}"
explore_cycle_3_both,42,1059875,32,intermediate,20000,20000,experiments/strata_two_factor_explore_cycle_3/reward_both_state_0/results/20260909T084200Z-e5f5f91b/checkpoint_probes/steps_001059875/probe_battery.json,layer_3,factor_1,probe_fits,/layers/layer_3/probe_fits/factor_1,0.10435842130663205,0.16179525756865168,0.6450029677931166,0.3549970322068834,0.3549970322068834,0.17833396097774085,0.2911480296569187,0.3874801035477212,0.3874801035477212,1e-15,10,"{""0.0001"": 0.10590788525003939, ""0.01"": 0.11753094693973702, ""1e-06"": 0.10590788525003939, ""1e-08"": 0.10590788525003939, ""1e-10"": 0.10590788525003939, ""1e-15"": 0.10590788525003939}"
explore_cycle_3_both,42,1059875,32,intermediate,20000,20000,experiments/strata_two_factor_explore_cycle_3/reward_both_state_0/results/20260909T084200Z-e5f5f91b/checkpoint_probes/steps_001059875/probe_battery.json,layer_3,factor_2,probe_fits,/layers/layer_3/probe_fits/factor_2,0.10245848772933729,0.15143009677693117,0.6766058393284061,0.32339416067159377,0.3233941606715939,0.1876828393867449,0.27984331343090746,0.329328840894091,0.329328840894091,1e-15,10,"{""0.0001"": 0.10247435348316139, ""0.01"": 0.10833847409067052, ""1e-06"": 0.10247435348316139, ""1e-08"": 0.10247435348316139, ""1e-10"": 0.10247435348316139, ""1e-15"": 0.10247435348316139}"
explore_cycle_3_both,42,1059875,32,intermediate,20000,20000,experiments/strata_two_factor_explore_cycle_3/reward_both_state_0/results/20260909T084200Z-e5f5f91b/checkpoint_probes/steps_001059875/probe_battery.json,layer_3,factor_1,shuffled_training_labels,/layers/layer_3/shuffled_training_labels/factor_1,0.16170705092335133,0.16179525756865168,0.9994548255206868,0.0005451744793133484,0.0005451744793132374,0.29104087280908314,0.2911480296569187,0.0003680493663714701,0.00036804936637158114,0.01,10,"{""0.0001"": 0.1619748495433093, ""0.01"": 0.16153747468607693, ""1e-06"": 0.1619748495433093, ""1e-08"": 0.1619748495433093, ""1e-10"": 0.1619748495433093, ""1e-15"": 0.1619748495433093}"
explore_cycle_3_both,42,1059875,32,intermediate,20000,20000,experiments/strata_two_factor_explore_cycle_3/reward_both_state_0/results/20260909T084200Z-e5f5f91b/checkpoint_probes/steps_001059875/probe_battery.json,layer_3,factor_2,shuffled_training_labels,/layers/layer_3/shuffled_training_labels/factor_2,0.15086130205739398,0.15143009677693117,0.9962438462918302,0.0037561537081698404,0.0037561537081698404,0.2796773186104103,0.27984331343090746,0.0005931705798578601,0.0005931705798579712,0.01,10,"{""0.0001"": 0.15191653597229068, ""0.01"": 0.1515075451115752, ""1e-06"": 0.15191653597229068, ""1e-08"": 0.15191653597229068, ""1e-10"": 0.15191653597229068, ""1e-15"": 0.15191653597229068}"
explore_cycle_3_both,42,1059875,32,intermediate,20000,20000,experiments/strata_two_factor_explore_cycle_3/reward_both_state_0/results/20260909T084200Z-e5f5f91b/checkpoint_probes/steps_001059875/probe_battery.json,control,factor_1,current_token_preceding_action,/controls/current_token_preceding_action/factor_1,0.1144661766862528,0.16179525756865168,0.7074754749080542,0.2925245250919458,0.2925245250919458,0.19842237305023896,0.2911480296569187,0.31848285807032684,0.31848285807032684,,,
explore_cycle_3_both,42,1059875,32,intermediate,20000,20000,experiments/strata_two_factor_explore_cycle_3/reward_both_state_0/results/20260909T084200Z-e5f5f91b/checkpoint_probes/steps_001059875/probe_battery.json,control,factor_2,current_token_preceding_action,/controls/current_token_preceding_action/factor_2,0.10781300541566759,0.15143009677693117,0.7119655056054339,0.2880344943945661,0.2880344943945661,0.1967694931870586,0.27984331343090746,0.29685833556412466,0.29685833556412466,,,
explore_cycle_3_both,42,1059875,32,intermediate,20000,20000,experiments/strata_two_factor_explore_cycle_3/reward_both_state_0/results/20260909T084200Z-e5f5f91b/checkpoint_probes/steps_001059875/probe_battery.json,control,factor_1,log_ntp,/controls/log_ntp/factor_1,0.0809604725357542,0.16179525756865168,0.5003884152871519,0.49961158471284806,0.49961158471284806,0.23724227856300126,0.2911480296569187,0.18514894693753747,0.18514894693753758,1e-15,10,"{""0.0001"": 0.08057732659671415, ""0.01"": 0.08057732659671415, ""1e-06"": 0.08057732659671415, ""1e-08"": 0.08057732659671415, ""1e-10"": 0.08057732659671415, ""1e-15"": 0.08057732659671415}"
explore_cycle_3_both,42,1059875,32,intermediate,20000,20000,experiments/strata_two_factor_explore_cycle_3/reward_both_state_0/results/20260909T084200Z-e5f5f91b/checkpoint_probes/steps_001059875/probe_battery.json,control,factor_2,log_ntp,/controls/log_ntp/factor_2,0.07514102393860807,0.15143009677693117,0.49620931068476365,0.5037906893152364,0.5037906893152364,0.2201637233869322,0.27984331343090746,0.21326073263033307,0.21326073263033318,1e-15,10,"{""0.0001"": 0.07503890460291959, ""0.01"": 0.07503890460291959, ""1e-06"": 0.07503890460291959, ""1e-08"": 0.07503890460291959, ""1e-10"": 0.07503890460291959, ""1e-15"": 0.07503890460291959}"
explore_cycle_3_both,42,1059875,32,intermediate,20000,20000,experiments/strata_two_factor_explore_cycle_3/reward_both_state_0/results/20260909T084200Z-e5f5f91b/checkpoint_probes/steps_001059875/probe_battery.json,control,factor_1,ntp,/controls/ntp/factor_1,0.09704271360550844,0.16179525756865168,0.5997871326007936,0.4002128673992065,0.40021286739920636,0.2911281408165253,0.2911480296569187,6.831178083810396e-05,6.831178083821499e-05,1e-15,10,"{""0.0001"": 0.09640384140051153, ""0.01"": 0.09640384140051153, ""1e-06"": 0.09640384140051153, ""1e-08"": 0.09640384140051153, ""1e-10"": 0.09640384140051153, ""1e-15"": 0.09640384140051153}"
explore_cycle_3_both,42,1059875,32,intermediate,20000,20000,experiments/strata_two_factor_explore_cycle_3/reward_both_state_0/results/20260909T084200Z-e5f5f91b/checkpoint_probes/steps_001059875/probe_battery.json,control,factor_2,ntp,/controls/ntp/factor_2,0.09323235540652595,0.15143009677693117,0.6156791641219432,0.38432083587805677,0.38432083587805677,0.27969706621957785,0.27984331343090746,0.0005226039155146189,0.00052260391551473,1e-15,10,"{""0.0001"": 0.09321111156990866, ""0.01"": 0.09321111156990866, ""1e-06"": 0.09321111156990866, ""1e-08"": 0.09321111156990866, ""1e-10"": 0.09321111156990866, ""1e-15"": 0.09321111156990866}"
explore_cycle_3_both,42,1059875,32,intermediate,20000,20000,experiments/strata_two_factor_explore_cycle_3/reward_both_state_0/results/20260909T084200Z-e5f5f91b/checkpoint_probes/steps_001059875/probe_battery.json,control,factor_1,train_mean,/controls/train_mean/factor_1,0.16180373094405176,0.16179525756865168,1.000052370975067,-5.237097506705091e-05,-5.237097506705091e-05,0.29116197945192634,0.2911480296569187,-4.7913066848037644e-05,-4.7913066848037644e-05,,,
explore_cycle_3_both,42,1059875,32,intermediate,20000,20000,experiments/strata_two_factor_explore_cycle_3/reward_both_state_0/results/20260909T084200Z-e5f5f91b/checkpoint_probes/steps_001059875/probe_battery.json,control,factor_2,train_mean,/controls/train_mean/factor_2,0.1514321144158573,0.15143009677693117,1.000013323896432,-1.332389643193821e-05,-1.332389643193821e-05,0.27984935728196186,0.27984331343090746,-2.1597268058171082e-05,-2.1597268057949037e-05,,,
explore_cycle_3_both,42,2119586,64,intermediate,20000,20000,experiments/strata_two_factor_explore_cycle_3/reward_both_state_0/results/20260909T084200Z-e5f5f91b/checkpoint_probes/steps_002119586/probe_battery.json,layer_1,factor_1,probe_fits,/layers/layer_1/probe_fits/factor_1,0.08143874566885367,0.11312500680557609,0.7199004708907513,0.28009952910924873,0.28009952910924873,0.1748050143049491,0.23382274144677923,0.25240370879520824,0.25240370879520824,1e-15,10,"{""0.0001"": 0.07995630233464687, ""0.01"": 0.08407088185728433, ""1e-06"": 0.07995630233464687, ""1e-08"": 0.07995630233464687, ""1e-10"": 0.07995630233464687, ""1e-15"": 0.07995630233464687}"
explore_cycle_3_both,42,2119586,64,intermediate,20000,20000,experiments/strata_two_factor_explore_cycle_3/reward_both_state_0/results/20260909T084200Z-e5f5f91b/checkpoint_probes/steps_002119586/probe_battery.json,layer_1,factor_2,probe_fits,/layers/layer_1/probe_fits/factor_2,0.04809434081458458,0.09258302202697717,0.519472574578206,0.48052742542179405,0.48052742542179405,0.09982438502377244,0.18179439815928516,0.45089405375237135,0.45089405375237135,1e-15,10,"{""0.0001"": 0.048357694233960816, ""0.01"": 0.05299023225850959, ""1e-06"": 0.048357694233960816, ""1e-08"": 0.048357694233960816, ""1e-10"": 0.048357694233960816, ""1e-15"": 0.048357694233960816}"
explore_cycle_3_both,42,2119586,64,intermediate,20000,20000,experiments/strata_two_factor_explore_cycle_3/reward_both_state_0/results/20260909T084200Z-e5f5f91b/checkpoint_probes/steps_002119586/probe_battery.json,layer_1,factor_1,shuffled_training_labels,/layers/layer_1/shuffled_training_labels/factor_1,0.11293641833126415,0.11312500680557609,0.9983329196643845,0.0016670803356154673,0.0016670803356154673,0.23160705020390202,0.23382274144677923,0.009475944166797534,0.009475944166797534,0.01,10,"{""0.0001"": 0.11266084018322324, ""0.01"": 0.11238909528430785, ""1e-06"": 0.11266084018322324, ""1e-08"": 0.11266084018322324, ""1e-10"": 0.11266084018322324, ""1e-15"": 0.11266084018322324}"
explore_cycle_3_both,42,2119586,64,intermediate,20000,20000,experiments/strata_two_factor_explore_cycle_3/reward_both_state_0/results/20260909T084200Z-e5f5f91b/checkpoint_probes/steps_002119586/probe_battery.json,layer_1,factor_2,shuffled_training_labels,/layers/layer_1/shuffled_training_labels/factor_2,0.09202275892115137,0.09258302202697717,0.9939485329646882,0.006051467035311897,0.006051467035311786,0.18002373102788968,0.18179439815928516,0.009739943305866139,0.009739943305866028,0.01,10,"{""0.0001"": 0.09498185949115646, ""0.01"": 0.09477008664287287, ""1e-06"": 0.09498185949115646, ""1e-08"": 0.09498185949115646, ""1e-10"": 0.09498185949115646, ""1e-15"": 0.09498185949115646}"
explore_cycle_3_both,42,2119586,64,intermediate,20000,20000,experiments/strata_two_factor_explore_cycle_3/reward_both_state_0/results/20260909T084200Z-e5f5f91b/checkpoint_probes/steps_002119586/probe_battery.json,layer_2,factor_1,probe_fits,/layers/layer_2/probe_fits/factor_1,0.05110486633889714,0.11312500680557609,0.4517556973652099,0.5482443026347902,0.5482443026347901,0.10239887303939847,0.23382274144677923,0.5620662369887335,0.5620662369887335,1e-15,10,"{""0.0001"": 0.05180379752998675, ""0.01"": 0.06292883066738073, ""1e-06"": 0.05180379752998675, ""1e-08"": 0.05180379752998675, ""1e-10"": 0.05180379752998675, ""1e-15"": 0.05180379752998675}"
explore_cycle_3_both,42,2119586,64,intermediate,20000,20000,experiments/strata_two_factor_explore_cycle_3/reward_both_state_0/results/20260909T084200Z-e5f5f91b/checkpoint_probes/steps_002119586/probe_battery.json,layer_2,factor_2,probe_fits,/layers/layer_2/probe_fits/factor_2,0.031448188661375644,0.09258302202697717,0.3396755471236633,0.6603244528763367,0.6603244528763367,0.06438869155364602,0.18179439815928516,0.6458158655844295,0.6458158655844294,1e-15,10,"{""0.0001"": 0.03260820204686259, ""0.01"": 0.04546878853986795, ""1e-06"": 0.03260820204686259, ""1e-08"": 0.03260820204686259, ""1e-10"": 0.03260820204686259, ""1e-15"": 0.03260820204686259}"
explore_cycle_3_both,42,2119586,64,intermediate,20000,20000,experiments/strata_two_factor_explore_cycle_3/reward_both_state_0/results/20260909T084200Z-e5f5f91b/checkpoint_probes/steps_002119586/probe_battery.json,layer_2,factor_1,shuffled_training_labels,/layers/layer_2/shuffled_training_labels/factor_1,0.1132233039807367,0.11312500680557609,1.0008689252530127,-0.0008689252530127423,-0.0008689252530127423,0.23223477238640752,0.23382274144677923,0.006791337106673678,0.006791337106673789,0.01,10,"{""0.0001"": 0.11274759092150184, ""0.01"": 0.11251374010653914, ""1e-06"": 0.11274759092150184, ""1e-08"": 0.11274759092150184, ""1e-10"": 0.11274759092150184, ""1e-15"": 0.11274759092150184}"
explore_cycle_3_both,42,2119586,64,intermediate,20000,20000,experiments/strata_two_factor_explore_cycle_3/reward_both_state_0/results/20260909T084200Z-e5f5f91b/checkpoint_probes/steps_002119586/probe_battery.json,layer_2,factor_2,shuffled_training_labels,/layers/layer_2/shuffled_training_labels/factor_2,0.09196125212686004,0.09258302202697717,0.9932841909185471,0.0067158090814528615,0.0067158090814528615,0.17971523791289243,0.18179439815928516,0.011436877414512159,0.011436877414512048,0.01,10,"{""0.0001"": 0.09495907673931861, ""0.01"": 0.09489175227909966, ""1e-06"": 0.09495907673931861, ""1e-08"": 0.09495907673931861, ""1e-10"": 0.09495907673931861, ""1e-15"": 0.09495907673931861}"
explore_cycle_3_both,42,2119586,64,intermediate,20000,20000,experiments/strata_two_factor_explore_cycle_3/reward_both_state_0/results/20260909T084200Z-e5f5f91b/checkpoint_probes/steps_002119586/probe_battery.json,layer_3,factor_1,probe_fits,/layers/layer_3/probe_fits/factor_1,0.051028752463674346,0.11312500680557609,0.4510828675694636,0.5489171324305364,0.5489171324305364,0.10223126998724884,0.23382274144677923,0.5627830323317039,0.5627830323317038,1e-15,10,"{""0.0001"": 0.05166235805613158, ""0.01"": 0.06647305539287687, ""1e-06"": 0.05166235805613158, ""1e-08"": 0.05166235805613158, ""1e-10"": 0.05166235805613158, ""1e-15"": 0.05166235805613158}"
explore_cycle_3_both,42,2119586,64,intermediate,20000,20000,experiments/strata_two_factor_explore_cycle_3/reward_both_state_0/results/20260909T084200Z-e5f5f91b/checkpoint_probes/steps_002119586/probe_battery.json,layer_3,factor_2,probe_fits,/layers/layer_3/probe_fits/factor_2,0.02997578812990153,0.09258302202697717,0.3237719775572575,0.6762280224427425,0.6762280224427425,0.06018729722745445,0.18179439815928516,0.6689265574909555,0.6689265574909554,1e-15,10,"{""0.0001"": 0.031071084275402415, ""0.01"": 0.05052478566519235, ""1e-06"": 0.031071084275402415, ""1e-08"": 0.031071084275402415, ""1e-10"": 0.031071084275402415, ""1e-15"": 0.031071084275402415}"
explore_cycle_3_both,42,2119586,64,intermediate,20000,20000,experiments/strata_two_factor_explore_cycle_3/reward_both_state_0/results/20260909T084200Z-e5f5f91b/checkpoint_probes/steps_002119586/probe_battery.json,layer_3,factor_1,shuffled_training_labels,/layers/layer_3/shuffled_training_labels/factor_1,0.11305542911201544,0.11312500680557609,0.999384948602211,0.000615051397789057,0.000615051397788946,0.2317326786502103,0.23382274144677923,0.008938663466336316,0.008938663466336316,0.01,10,"{""0.0001"": 0.11274756349125348, ""0.01"": 0.11254788484499653, ""1e-06"": 0.11274756349125348, ""1e-08"": 0.11274756349125348, ""1e-10"": 0.11274756349125348, ""1e-15"": 0.11274756349125348}"
explore_cycle_3_both,42,2119586,64,intermediate,20000,20000,experiments/strata_two_factor_explore_cycle_3/reward_both_state_0/results/20260909T084200Z-e5f5f91b/checkpoint_probes/steps_002119586/probe_battery.json,layer_3,factor_2,shuffled_training_labels,/layers/layer_3/shuffled_training_labels/factor_2,0.09144346563404594,0.09258302202697717,0.987691518725764,0.012308481274236005,0.012308481274236005,0.17793290919368593,0.18179439815928516,0.02124096784443208,0.02124096784443197,0.01,10,"{""0.0001"": 0.09500985259821003, ""0.01"": 0.09494259857294905, ""1e-06"": 0.09500985259821003, ""1e-08"": 0.09500985259821003, ""1e-10"": 0.09500985259821003, ""1e-15"": 0.09500985259821003}"
explore_cycle_3_both,42,2119586,64,intermediate,20000,20000,experiments/strata_two_factor_explore_cycle_3/reward_both_state_0/results/20260909T084200Z-e5f5f91b/checkpoint_probes/steps_002119586/probe_battery.json,control,factor_1,current_token_preceding_action,/controls/current_token_preceding_action/factor_1,0.0868858000542531,0.11312500680557609,0.7680512249920181,0.23194877500798194,0.23194877500798194,0.18553056817162475,0.23382274144677923,0.2065332609494973,0.2065332609494972,,,
explore_cycle_3_both,42,2119586,64,intermediate,20000,20000,experiments/strata_two_factor_explore_cycle_3/reward_both_state_0/results/20260909T084200Z-e5f5f91b/checkpoint_probes/steps_002119586/probe_battery.json,control,factor_2,current_token_preceding_action,/controls/current_token_preceding_action/factor_2,0.07321914780101875,0.09258302202697717,0.7908485400237194,0.2091514599762807,0.2091514599762806,0.15643973150982288,0.18179439815928516,0.13946891051751198,0.13946891051751198,,,
explore_cycle_3_both,42,2119586,64,intermediate,20000,20000,experiments/strata_two_factor_explore_cycle_3/reward_both_state_0/results/20260909T084200Z-e5f5f91b/checkpoint_probes/steps_002119586/probe_battery.json,control,factor_1,log_ntp,/controls/log_ntp/factor_1,0.04008213422607479,0.11312500680557609,0.35431718731263834,0.6456828126873617,0.6456828126873617,0.11739696002708361,0.23382274144677923,0.49792325887255695,0.49792325887255706,1e-15,10,"{""0.0001"": 0.044503383173632616, ""0.01"": 0.044503383173632616, ""1e-06"": 0.044503383173632616, ""1e-08"": 0.044503383173632616, ""1e-10"": 0.044503383173632616, ""1e-15"": 0.044503383173632616}"
explore_cycle_3_both,42,2119586,64,intermediate,20000,20000,experiments/strata_two_factor_explore_cycle_3/reward_both_state_0/results/20260909T084200Z-e5f5f91b/checkpoint_probes/steps_002119586/probe_battery.json,control,factor_2,log_ntp,/controls/log_ntp/factor_2,0.02503485460343245,0.09258302202697717,0.2704043792839005,0.7295956207160995,0.7295956207160995,0.0730679221769149,0.18179439815928516,0.5980738520177391,0.5980738520177391,1e-15,10,"{""0.0001"": 0.02251094035451352, ""0.01"": 0.02251094035451352, ""1e-06"": 0.02251094035451352, ""1e-08"": 0.02251094035451352, ""1e-10"": 0.02251094035451352, ""1e-15"": 0.02251094035451352}"
explore_cycle_3_both,42,2119586,64,intermediate,20000,20000,experiments/strata_two_factor_explore_cycle_3/reward_both_state_0/results/20260909T084200Z-e5f5f91b/checkpoint_probes/steps_002119586/probe_battery.json,control,factor_1,ntp,/controls/ntp/factor_1,0.07435167171113259,0.11312500680557609,0.6572523070775868,0.34274769292241325,0.34274769292241325,0.22305501513339787,0.23382274144677923,0.046050808602944304,0.046050808602944304,1e-15,10,"{""0.0001"": 0.07385740948164529, ""0.01"": 0.07385740948164529, ""1e-06"": 0.07385740948164529, ""1e-08"": 0.07385740948164529, ""1e-10"": 0.07385740948164529, ""1e-15"": 0.07385740948164529}"
explore_cycle_3_both,42,2119586,64,intermediate,20000,20000,experiments/strata_two_factor_explore_cycle_3/reward_both_state_0/results/20260909T084200Z-e5f5f91b/checkpoint_probes/steps_002119586/probe_battery.json,control,factor_2,ntp,/controls/ntp/factor_2,0.06058995487196774,0.09258302202697717,0.6544391568284823,0.3455608431715177,0.3455608431715177,0.18176986461590322,0.18179439815928516,0.000134952141707112,0.000134952141707112,1e-15,10,"{""0.0001"": 0.062223056659215736, ""0.01"": 0.062223056659215736, ""1e-06"": 0.062223056659215736, ""1e-08"": 0.062223056659215736, ""1e-10"": 0.062223056659215736, ""1e-15"": 0.062223056659215736}"
explore_cycle_3_both,42,2119586,64,intermediate,20000,20000,experiments/strata_two_factor_explore_cycle_3/reward_both_state_0/results/20260909T084200Z-e5f5f91b/checkpoint_probes/steps_002119586/probe_battery.json,control,factor_1,train_mean,/controls/train_mean/factor_1,0.11315501250277699,0.11312500680557609,1.0002652437162056,-0.00026524371620562093,-0.00026524371620562093,0.23384592405509444,0.23382274144677923,-9.914608036742933e-05,-9.914608036742933e-05,,,
explore_cycle_3_both,42,2119586,64,intermediate,20000,20000,experiments/strata_two_factor_explore_cycle_3/reward_both_state_0/results/20260909T084200Z-e5f5f91b/checkpoint_probes/steps_002119586/probe_battery.json,control,factor_2,train_mean,/controls/train_mean/factor_2,0.09258753219820649,0.09258302202697717,1.0000487148845498,-4.871488454982753e-05,-4.871488454982753e-05,0.18180167967928654,0.18179439815928516,-4.0053599423828246e-05,-4.0053599423828246e-05,,,
explore_cycle_3_both,42,4238425,128,intermediate,20000,20000,experiments/strata_two_factor_explore_cycle_3/reward_both_state_0/results/20260909T084200Z-e5f5f91b/checkpoint_probes/steps_004238425/probe_battery.json,layer_1,factor_1,probe_fits,/layers/layer_1/probe_fits/factor_1,0.046631686429546154,0.08100797825557965,0.575643133351921,0.42435686664807903,0.42435686664807903,0.09061054713123795,0.16936878613416861,0.46501035285534176,0.46501035285534176,1e-15,10,"{""0.0001"": 0.044302251786948806, ""0.01"": 0.046277766355232966, ""1e-06"": 0.044302251786948806, ""1e-08"": 0.044302251786948806, ""1e-10"": 0.044302251786948806, ""1e-15"": 0.044302251786948806}"
explore_cycle_3_both,42,4238425,128,intermediate,20000,20000,experiments/strata_two_factor_explore_cycle_3/reward_both_state_0/results/20260909T084200Z-e5f5f91b/checkpoint_probes/steps_004238425/probe_battery.json,layer_1,factor_2,probe_fits,/layers/layer_1/probe_fits/factor_2,0.027720733834375573,0.059149460127273776,0.4686557370891972,0.5313442629108027,0.5313442629108027,0.0591087647551852,0.12007179639928238,0.5077214922426323,0.5077214922426323,1e-15,10,"{""0.0001"": 0.02552355877575079, ""0.01"": 0.02824523958997376, ""1e-06"": 0.02552355877575079, ""1e-08"": 0.02552355877575079, ""1e-10"": 0.02552355877575079, ""1e-15"": 0.02552355877575079}"
explore_cycle_3_both,42,4238425,128,intermediate,20000,20000,experiments/strata_two_factor_explore_cycle_3/reward_both_state_0/results/20260909T084200Z-e5f5f91b/checkpoint_probes/steps_004238425/probe_battery.json,layer_1,factor_1,shuffled_training_labels,/layers/layer_1/shuffled_training_labels/factor_1,0.0800930376676271,0.08100797825557965,0.9887055496550485,0.011294450344951579,0.011294450344951468,0.16675772975910863,0.16936878613416861,0.015416396578479263,0.015416396578479263,0.01,10,"{""0.0001"": 0.07967074226094648, ""0.01"": 0.07952261608574597, ""1e-06"": 0.07967074226094648, ""1e-08"": 0.07967074226094648, ""1e-10"": 0.07967074226094648, ""1e-15"": 0.07967074226094648}"
explore_cycle_3_both,42,4238425,128,intermediate,20000,20000,experiments/strata_two_factor_explore_cycle_3/reward_both_state_0/results/20260909T084200Z-e5f5f91b/checkpoint_probes/steps_004238425/probe_battery.json,layer_1,factor_2,shuffled_training_labels,/layers/layer_1/shuffled_training_labels/factor_2,0.059237306935016415,0.059149460127273776,1.001485166687128,-0.0014851666871280589,-0.0014851666871280589,0.12015605170447716,0.12007179639928238,-0.0007017077092326129,-0.0007017077092326129,0.01,10,"{""0.0001"": 0.05789906594188234, ""0.01"": 0.057799879625097604, ""1e-06"": 0.05789906594188234, ""1e-08"": 0.05789906594188234, ""1e-10"": 0.05789906594188234, ""1e-15"": 0.05789906594188234}"
explore_cycle_3_both,42,4238425,128,intermediate,20000,20000,experiments/strata_two_factor_explore_cycle_3/reward_both_state_0/results/20260909T084200Z-e5f5f91b/checkpoint_probes/steps_004238425/probe_battery.json,layer_2,factor_1,probe_fits,/layers/layer_2/probe_fits/factor_1,0.03414597148716236,0.08100797825557965,0.4215136857191034,0.5784863142808966,0.5784863142808966,0.05955395682346924,0.16936878613416861,0.648377022810493,0.648377022810493,1e-15,10,"{""0.0001"": 0.032819484305105076, ""0.01"": 0.03718644452090825, ""1e-06"": 0.032819484305105076, ""1e-08"": 0.032819484305105076, ""1e-10"": 0.032819484305105076, ""1e-15"": 0.032819484305105076}"
explore_cycle_3_both,42,4238425,128,intermediate,20000,20000,experiments/strata_two_factor_explore_cycle_3/reward_both_state_0/results/20260909T084200Z-e5f5f91b/checkpoint_probes/steps_004238425/probe_battery.json,layer_2,factor_2,probe_fits,/layers/layer_2/probe_fits/factor_2,0.01833888768999977,0.059149460127273776,0.3100431965150553,0.6899568034849447,0.6899568034849447,0.038425311337949145,0.12007179639928238,0.6799805408909598,0.6799805408909598,1e-15,10,"{""0.0001"": 0.017092286493781535, ""0.01"": 0.02056178084153228, ""1e-06"": 0.017092286493781535, ""1e-08"": 0.017092286493781535, ""1e-10"": 0.017092286493781535, ""1e-15"": 0.017092286493781535}"
explore_cycle_3_both,42,4238425,128,intermediate,20000,20000,experiments/strata_two_factor_explore_cycle_3/reward_both_state_0/results/20260909T084200Z-e5f5f91b/checkpoint_probes/steps_004238425/probe_battery.json,layer_2,factor_1,shuffled_training_labels,/layers/layer_2/shuffled_training_labels/factor_1,0.07993814220171565,0.08100797825557965,0.9867934482886528,0.013206551711347214,0.013206551711347214,0.16650874926586545,0.16936878613416861,0.01688644604229217,0.01688644604229217,1e-15,10,"{""0.0001"": 0.07969305507258631, ""0.01"": 0.07971571042914359, ""1e-06"": 0.07969305507258631, ""1e-08"": 0.07969305507258631, ""1e-10"": 0.07969305507258631, ""1e-15"": 0.07969305507258631}"
explore_cycle_3_both,42,4238425,128,intermediate,20000,20000,experiments/strata_two_factor_explore_cycle_3/reward_both_state_0/results/20260909T084200Z-e5f5f91b/checkpoint_probes/steps_004238425/probe_battery.json,layer_2,factor_2,shuffled_training_labels,/layers/layer_2/shuffled_training_labels/factor_2,0.05941001283494991,0.059149460127273776,1.0044049887710809,-0.004404988771080864,-0.004404988771080864,0.12069221919941182,0.12007179639928238,-0.005167098508848111,-0.005167098508848111,1e-15,10,"{""0.0001"": 0.05790088537203503, ""0.01"": 0.058045514083679174, ""1e-06"": 0.05790088537203503, ""1e-08"": 0.05790088537203503, ""1e-10"": 0.05790088537203503, ""1e-15"": 0.05790088537203503}"
explore_cycle_3_both,42,4238425,128,intermediate,20000,20000,experiments/strata_two_factor_explore_cycle_3/reward_both_state_0/results/20260909T084200Z-e5f5f91b/checkpoint_probes/steps_004238425/probe_battery.json,layer_3,factor_1,probe_fits,/layers/layer_3/probe_fits/factor_1,0.03432617898709961,0.08100797825557965,0.4237382505560222,0.5762617494439779,0.5762617494439778,0.05953418171108419,0.16936878613416861,0.6484937805250426,0.6484937805250426,1e-15,10,"{""0.0001"": 0.032944091658222006, ""0.01"": 0.03979073427296364, ""1e-06"": 0.032944091658222006, ""1e-08"": 0.032944091658222006, ""1e-10"": 0.032944091658222006, ""1e-15"": 0.032944091658222006}"
explore_cycle_3_both,42,4238425,128,intermediate,20000,20000,experiments/strata_two_factor_explore_cycle_3/reward_both_state_0/results/20260909T084200Z-e5f5f91b/checkpoint_probes/steps_004238425/probe_battery.json,layer_3,factor_2,probe_fits,/layers/layer_3/probe_fits/factor_2,0.018207676982857544,0.059149460127273776,0.3078249056488344,0.6921750943511655,0.6921750943511655,0.03784621432892893,0.12007179639928238,0.6848034637286802,0.6848034637286802,1e-15,10,"{""0.0001"": 0.016938615909284936, ""0.01"": 0.021594936382212264, ""1e-06"": 0.016938615909284936, ""1e-08"": 0.016938615909284936, ""1e-10"": 0.016938615909284936, ""1e-15"": 0.016938615909284936}"
explore_cycle_3_both,42,4238425,128,intermediate,20000,20000,experiments/strata_two_factor_explore_cycle_3/reward_both_state_0/results/20260909T084200Z-e5f5f91b/checkpoint_probes/steps_004238425/probe_battery.json,layer_3,factor_1,shuffled_training_labels,/layers/layer_3/shuffled_training_labels/factor_1,0.07989585441880535,0.08100797825557965,0.986271428312091,0.013728571687908975,0.013728571687908975,0.16613322735216984,0.16936878613416861,0.01910363093371681,0.01910363093371681,0.01,10,"{""0.0001"": 0.0796899112914034, ""0.01"": 0.07960884202225828, ""1e-06"": 0.0796899112914034, ""1e-08"": 0.0796899112914034, ""1e-10"": 0.0796899112914034, ""1e-15"": 0.0796899112914034}"
explore_cycle_3_both,42,4238425,128,intermediate,20000,20000,experiments/strata_two_factor_explore_cycle_3/reward_both_state_0/results/20260909T084200Z-e5f5f91b/checkpoint_probes/steps_004238425/probe_battery.json,layer_3,factor_2,shuffled_training_labels,/layers/layer_3/shuffled_training_labels/factor_2,0.059439814290063155,0.059149460127273776,1.0049088218584685,-0.004908821858468526,-0.004908821858468526,0.12089436795615861,0.12007179639928238,-0.006850664198783996,-0.006850664198783996,1e-15,10,"{""0.0001"": 0.0579124568688858, ""0.01"": 0.05794263753766342, ""1e-06"": 0.0579124568688858, ""1e-08"": 0.0579124568688858, ""1e-10"": 0.0579124568688858, ""1e-15"": 0.0579124568688858}"
explore_cycle_3_both,42,4238425,128,intermediate,20000,20000,experiments/strata_two_factor_explore_cycle_3/reward_both_state_0/results/20260909T084200Z-e5f5f91b/checkpoint_probes/steps_004238425/probe_battery.json,control,factor_1,current_token_preceding_action,/controls/current_token_preceding_action/factor_1,0.053046814920525036,0.08100797825557965,0.6548344504187313,0.34516554958126877,0.34516554958126866,0.10365754275827349,0.16936878613416861,0.3879772942568104,0.3879772942568104,,,
explore_cycle_3_both,42,4238425,128,intermediate,20000,20000,experiments/strata_two_factor_explore_cycle_3/reward_both_state_0/results/20260909T084200Z-e5f5f91b/checkpoint_probes/steps_004238425/probe_battery.json,control,factor_2,current_token_preceding_action,/controls/current_token_preceding_action/factor_2,0.04709215088126592,0.059149460127273776,0.7961552105452229,0.20384478945477713,0.20384478945477713,0.10309759986738927,0.12007179639928238,0.14136705738496436,0.14136705738496436,,,
explore_cycle_3_both,42,4238425,128,intermediate,20000,20000,experiments/strata_two_factor_explore_cycle_3/reward_both_state_0/results/20260909T084200Z-e5f5f91b/checkpoint_probes/steps_004238425/probe_battery.json,control,factor_1,log_ntp,/controls/log_ntp/factor_1,0.043809175773440005,0.08100797825557965,0.5408007546518732,0.45919924534812684,0.45919924534812684,0.12862095712155705,0.16936878613416861,0.2405864146675315,0.2405864146675316,1e-15,10,"{""0.0001"": 0.04147065600356788, ""0.01"": 0.04147065600356788, ""1e-06"": 0.04147065600356788, ""1e-08"": 0.04147065600356788, ""1e-10"": 0.04147065600356788, ""1e-15"": 0.04147065600356788}"
explore_cycle_3_both,42,4238425,128,intermediate,20000,20000,experiments/strata_two_factor_explore_cycle_3/reward_both_state_0/results/20260909T084200Z-e5f5f91b/checkpoint_probes/steps_004238425/probe_battery.json,control,factor_2,log_ntp,/controls/log_ntp/factor_2,0.014503041254744933,0.059149460127273776,0.24519312980267743,0.7548068701973225,0.7548068701973225,0.04243656699563912,0.12007179639928238,0.6465733980149501,0.6465733980149502,1e-15,10,"{""0.0001"": 0.021537962416406736, ""0.01"": 0.021537962416406736, ""1e-06"": 0.021537962416406736, ""1e-08"": 0.021537962416406736, ""1e-10"": 0.021537962416406736, ""1e-15"": 0.021537962416406736}"
explore_cycle_3_both,42,4238425,128,intermediate,20000,20000,experiments/strata_two_factor_explore_cycle_3/reward_both_state_0/results/20260909T084200Z-e5f5f91b/checkpoint_probes/steps_004238425/probe_battery.json,control,factor_1,ntp,/controls/ntp/factor_1,0.056259002658117604,0.08100797825557965,0.694487183479889,0.305512816520111,0.305512816520111,0.16877700797435283,0.16936878613416861,0.0034940213797541864,0.0034940213797540753,1e-15,10,"{""0.0001"": 0.055155698877105495, ""0.01"": 0.055155698877105495, ""1e-06"": 0.055155698877105495, ""1e-08"": 0.055155698877105495, ""1e-10"": 0.055155698877105495, ""1e-15"": 0.055155698877105495}"
explore_cycle_3_both,42,4238425,128,intermediate,20000,20000,experiments/strata_two_factor_explore_cycle_3/reward_both_state_0/results/20260909T084200Z-e5f5f91b/checkpoint_probes/steps_004238425/probe_battery.json,control,factor_2,ntp,/controls/ntp/factor_2,0.040275711864910954,0.059149460127273776,0.6809142767871156,0.3190857232128844,0.3190857232128844,0.12082713559473286,0.12007179639928238,-0.006290729531010841,-0.006290729531010841,1e-15,10,"{""0.0001"": 0.03943366294051705, ""0.01"": 0.03943366294051705, ""1e-06"": 0.03943366294051705, ""1e-08"": 0.03943366294051705, ""1e-10"": 0.03943366294051705, ""1e-15"": 0.03943366294051705}"
explore_cycle_3_both,42,4238425,128,intermediate,20000,20000,experiments/strata_two_factor_explore_cycle_3/reward_both_state_0/results/20260909T084200Z-e5f5f91b/checkpoint_probes/steps_004238425/probe_battery.json,control,factor_1,train_mean,/controls/train_mean/factor_1,0.0810121945427117,0.08100797825557965,1.0000520478010049,-5.204780100487305e-05,-5.204780100487305e-05,0.16938092527723975,0.16936878613416861,-7.167284685816178e-05,-7.167284685816178e-05,,,
explore_cycle_3_both,42,4238425,128,intermediate,20000,20000,experiments/strata_two_factor_explore_cycle_3/reward_both_state_0/results/20260909T084200Z-e5f5f91b/checkpoint_probes/steps_004238425/probe_battery.json,control,factor_2,train_mean,/controls/train_mean/factor_2,0.05918596996119321,0.059149460127273776,1.000617247120107,-0.0006172471201069119,-0.0006172471201069119,0.12015384160566082,0.12007179639928238,-0.0006833012317530862,-0.0006833012317530862,,,
explore_cycle_3_both,42,8477421,256,intermediate,20000,20000,experiments/strata_two_factor_explore_cycle_3/reward_both_state_0/results/20260909T084200Z-e5f5f91b/checkpoint_probes/steps_008477421/probe_battery.json,layer_1,factor_1,probe_fits,/layers/layer_1/probe_fits/factor_1,0.03709578849059094,0.06560780892618957,0.5654172742199732,0.43458272578002666,0.43458272578002677,0.08092684739294384,0.1341432816648698,0.3967133770059137,0.3967133770059137,1e-15,10,"{""0.0001"": 0.03698634285014547, ""0.01"": 0.03983533442589466, ""1e-06"": 0.03698634285014547, ""1e-08"": 0.03698634285014547, ""1e-10"": 0.03698634285014547, ""1e-15"": 0.03698634285014547}"
explore_cycle_3_both,42,8477421,256,intermediate,20000,20000,experiments/strata_two_factor_explore_cycle_3/reward_both_state_0/results/20260909T084200Z-e5f5f91b/checkpoint_probes/steps_008477421/probe_battery.json,layer_1,factor_2,probe_fits,/layers/layer_1/probe_fits/factor_2,0.03155641883142242,0.06621936928025657,0.4765436332965954,0.5234563667034046,0.5234563667034047,0.06878400557440284,0.13107602618014974,0.4752358033812628,0.4752358033812628,1e-15,10,"{""0.0001"": 0.030445860928607786, ""0.01"": 0.03257799747112183, ""1e-06"": 0.030445860928607786, ""1e-08"": 0.030445860928607786, ""1e-10"": 0.030445860928607786, ""1e-15"": 0.030445860928607786}"
explore_cycle_3_both,42,8477421,256,intermediate,20000,20000,experiments/strata_two_factor_explore_cycle_3/reward_both_state_0/results/20260909T084200Z-e5f5f91b/checkpoint_probes/steps_008477421/probe_battery.json,layer_1,factor_1,shuffled_training_labels,/layers/layer_1/shuffled_training_labels/factor_1,0.06589590113980089,0.06560780892618957,1.0043911268845362,-0.004391126884536467,-0.004391126884536245,0.13522734425422425,0.1341432816648698,-0.008081378179361609,-0.008081378179361609,0.01,10,"{""0.0001"": 0.06575066512446556, ""0.01"": 0.06566375828008666, ""1e-06"": 0.06575066512446556, ""1e-08"": 0.06575066512446556, ""1e-10"": 0.06575066512446556, ""1e-15"": 0.06575066512446556}"
explore_cycle_3_both,42,8477421,256,intermediate,20000,20000,experiments/strata_two_factor_explore_cycle_3/reward_both_state_0/results/20260909T084200Z-e5f5f91b/checkpoint_probes/steps_008477421/probe_battery.json,layer_1,factor_2,shuffled_training_labels,/layers/layer_1/shuffled_training_labels/factor_2,0.06671983236962728,0.06621936928025657,1.0075576541246207,-0.007557654124620727,-0.007557654124620727,0.13349595639693185,0.13107602618014974,-0.01846203525773804,-0.01846203525773804,0.01,10,"{""0.0001"": 0.06426989743566237, ""0.01"": 0.06410017227104477, ""1e-06"": 0.06426989743566237, ""1e-08"": 0.06426989743566237, ""1e-10"": 0.06426989743566237, ""1e-15"": 0.06426989743566237}"
explore_cycle_3_both,42,8477421,256,intermediate,20000,20000,experiments/strata_two_factor_explore_cycle_3/reward_both_state_0/results/20260909T084200Z-e5f5f91b/checkpoint_probes/steps_008477421/probe_battery.json,layer_2,factor_1,probe_fits,/layers/layer_2/probe_fits/factor_1,0.026772345116240825,0.06560780892618957,0.4080664413951148,0.5919335586048852,0.5919335586048853,0.054349845074244445,0.1341432816648698,0.5948373679270298,0.5948373679270298,1e-15,10,"{""0.0001"": 0.027066900692357048, ""0.01"": 0.030322980399557713, ""1e-06"": 0.027066900692357048, ""1e-08"": 0.027066900692357048, ""1e-10"": 0.027066900692357048, ""1e-15"": 0.027066900692357048}"
explore_cycle_3_both,42,8477421,256,intermediate,20000,20000,experiments/strata_two_factor_explore_cycle_3/reward_both_state_0/results/20260909T084200Z-e5f5f91b/checkpoint_probes/steps_008477421/probe_battery.json,layer_2,factor_2,probe_fits,/layers/layer_2/probe_fits/factor_2,0.02674649447075816,0.06621936928025657,0.4039074180480405,0.5960925819519595,0.5960925819519596,0.0583476503622378,0.13107602618014974,0.554856429031154,0.554856429031154,1e-15,10,"{""0.0001"": 0.02511432606461364, ""0.01"": 0.02827376786958923, ""1e-06"": 0.02511432606461364, ""1e-08"": 0.02511432606461364, ""1e-10"": 0.02511432606461364, ""1e-15"": 0.02511432606461364}"
explore_cycle_3_both,42,8477421,256,intermediate,20000,20000,experiments/strata_two_factor_explore_cycle_3/reward_both_state_0/results/20260909T084200Z-e5f5f91b/checkpoint_probes/steps_008477421/probe_battery.json,layer_2,factor_1,shuffled_training_labels,/layers/layer_2/shuffled_training_labels/factor_1,0.06627250529773389,0.06560780892618957,1.0101313606173332,-0.010131360617333218,-0.010131360617333218,0.13602820375470553,0.1341432816648698,-0.014051557904665168,-0.014051557904665168,1e-15,10,"{""0.0001"": 0.0657522721733059, ""0.01"": 0.06595121340297194, ""1e-06"": 0.0657522721733059, ""1e-08"": 0.0657522721733059, ""1e-10"": 0.0657522721733059, ""1e-15"": 0.0657522721733059}"
explore_cycle_3_both,42,8477421,256,intermediate,20000,20000,experiments/strata_two_factor_explore_cycle_3/reward_both_state_0/results/20260909T084200Z-e5f5f91b/checkpoint_probes/steps_008477421/probe_battery.json,layer_2,factor_2,shuffled_training_labels,/layers/layer_2/shuffled_training_labels/factor_2,0.06698202465558883,0.06621936928025657,1.0115171041890254,-0.011517104189025629,-0.011517104189025407,0.13422033177775938,0.13107602618014974,-0.023988411071359073,-0.023988411071359073,1e-15,10,"{""0.0001"": 0.06420299898806406, ""0.01"": 0.0643323591764032, ""1e-06"": 0.06420299898806406, ""1e-08"": 0.06420299898806406, ""1e-10"": 0.06420299898806406, ""1e-15"": 0.06420299898806406}"
explore_cycle_3_both,42,8477421,256,intermediate,20000,20000,experiments/strata_two_factor_explore_cycle_3/reward_both_state_0/results/20260909T084200Z-e5f5f91b/checkpoint_probes/steps_008477421/probe_battery.json,layer_3,factor_1,probe_fits,/layers/layer_3/probe_fits/factor_1,0.02700351067406343,0.06560780892618957,0.4115898871800925,0.5884101128199075,0.5884101128199075,0.054278989288509744,0.1341432816648698,0.5953655776506575,0.5953655776506575,1e-15,10,"{""0.0001"": 0.02756672509201457, ""0.01"": 0.031853913233403905, ""1e-06"": 0.02756672509201457, ""1e-08"": 0.02756672509201457, ""1e-10"": 0.02756672509201457, ""1e-15"": 0.02756672509201457}"
explore_cycle_3_both,42,8477421,256,intermediate,20000,20000,experiments/strata_two_factor_explore_cycle_3/reward_both_state_0/results/20260909T084200Z-e5f5f91b/checkpoint_probes/steps_008477421/probe_battery.json,layer_3,factor_2,probe_fits,/layers/layer_3/probe_fits/factor_2,0.0262618758223448,0.06621936928025657,0.39658903592388683,0.6034109640761132,0.6034109640761132,0.05701547055551556,0.13107602618014974,0.565019842170421,0.565019842170421,1e-15,10,"{""0.0001"": 0.024421194304070876, ""0.01"": 0.029943544414180224, ""1e-06"": 0.024421194304070876, ""1e-08"": 0.024421194304070876, ""1e-10"": 0.024421194304070876, ""1e-15"": 0.024421194304070876}"
explore_cycle_3_both,42,8477421,256,intermediate,20000,20000,experiments/strata_two_factor_explore_cycle_3/reward_both_state_0/results/20260909T084200Z-e5f5f91b/checkpoint_probes/steps_008477421/probe_battery.json,layer_3,factor_1,shuffled_training_labels,/layers/layer_3/shuffled_training_labels/factor_1,0.06617139311631232,0.06560780892618957,1.0085901998458262,-0.008590199845826207,-0.008590199845826207,0.13542889276029232,0.1341432816648698,-0.009583864949974652,-0.009583864949974652,0.01,10,"{""0.0001"": 0.06576287097409078, ""0.01"": 0.06570809601324654, ""1e-06"": 0.06576287097409078, ""1e-08"": 0.06576287097409078, ""1e-10"": 0.06576287097409078, ""1e-15"": 0.06576287097409078}"
explore_cycle_3_both,42,8477421,256,intermediate,20000,20000,experiments/strata_two_factor_explore_cycle_3/reward_both_state_0/results/20260909T084200Z-e5f5f91b/checkpoint_probes/steps_008477421/probe_battery.json,layer_3,factor_2,shuffled_training_labels,/layers/layer_3/shuffled_training_labels/factor_2,0.06688311078866106,0.06621936928025657,1.0100233740613773,-0.010023374061377543,-0.010023374061377321,0.13317445390726051,0.13107602618014974,-0.016009241264506535,-0.016009241264506313,0.01,10,"{""0.0001"": 0.06417557484304787, ""0.01"": 0.06417161675319118, ""1e-06"": 0.06417557484304787, ""1e-08"": 0.06417557484304787, ""1e-10"": 0.06417557484304787, ""1e-15"": 0.06417557484304787}"
explore_cycle_3_both,42,8477421,256,intermediate,20000,20000,experiments/strata_two_factor_explore_cycle_3/reward_both_state_0/results/20260909T084200Z-e5f5f91b/checkpoint_probes/steps_008477421/probe_battery.json,control,factor_1,current_token_preceding_action,/controls/current_token_preceding_action/factor_1,0.04887670170429165,0.06560780892618957,0.7449829906570902,0.2550170093429097,0.25501700934290983,0.10312266663796217,0.1341432816648698,0.23124985941827814,0.23124985941827814,,,
explore_cycle_3_both,42,8477421,256,intermediate,20000,20000,experiments/strata_two_factor_explore_cycle_3/reward_both_state_0/results/20260909T084200Z-e5f5f91b/checkpoint_probes/steps_008477421/probe_battery.json,control,factor_2,current_token_preceding_action,/controls/current_token_preceding_action/factor_2,0.053698757203853933,0.06621936928025657,0.81092220882666,0.1890777911733399,0.18907779117334,0.11571027138741062,0.13107602618014974,0.11722780466063676,0.11722780466063687,,,
explore_cycle_3_both,42,8477421,256,intermediate,20000,20000,experiments/strata_two_factor_explore_cycle_3/reward_both_state_0/results/20260909T084200Z-e5f5f91b/checkpoint_probes/steps_008477421/probe_battery.json,control,factor_1,log_ntp,/controls/log_ntp/factor_1,0.03126399335777076,0.06560780892618957,0.4765285393533495,0.5234714606466504,0.5234714606466505,0.09153936365887644,0.1341432816648698,0.3176000875871723,0.3176000875871722,1e-15,10,"{""0.0001"": 0.028237684253703776, ""0.01"": 0.028237684253703776, ""1e-06"": 0.028237684253703776, ""1e-08"": 0.028237684253703776, ""1e-10"": 0.028237684253703776, ""1e-15"": 0.028237684253703776}"
explore_cycle_3_both,42,8477421,256,intermediate,20000,20000,experiments/strata_two_factor_explore_cycle_3/reward_both_state_0/results/20260909T084200Z-e5f5f91b/checkpoint_probes/steps_008477421/probe_battery.json,control,factor_2,log_ntp,/controls/log_ntp/factor_2,0.03488522340817282,0.06621936928025657,0.5268129821733883,0.47318701782661166,0.47318701782661166,0.10182755682164443,0.13107602618014974,0.22314125787050076,0.22314125787050076,1e-15,10,"{""0.0001"": 0.022123766655654166, ""0.01"": 0.022123766655654166, ""1e-06"": 0.022123766655654166, ""1e-08"": 0.022123766655654166, ""1e-10"": 0.022123766655654166, ""1e-15"": 0.022123766655654166}"
explore_cycle_3_both,42,8477421,256,intermediate,20000,20000,experiments/strata_two_factor_explore_cycle_3/reward_both_state_0/results/20260909T084200Z-e5f5f91b/checkpoint_probes/steps_008477421/probe_battery.json,control,factor_1,ntp,/controls/ntp/factor_1,0.04445894626896515,0.06560780892618957,0.6776471733567963,0.32235282664320375,0.32235282664320375,0.13337683880689544,0.1341432816648698,0.005713613447217991,0.005713613447218102,1e-15,10,"{""0.0001"": 0.044282832420237186, ""0.01"": 0.044282832420237186, ""1e-06"": 0.044282832420237186, ""1e-08"": 0.044282832420237186, ""1e-10"": 0.044282832420237186, ""1e-15"": 0.044282832420237186}"
explore_cycle_3_both,42,8477421,256,intermediate,20000,20000,experiments/strata_two_factor_explore_cycle_3/reward_both_state_0/results/20260909T084200Z-e5f5f91b/checkpoint_probes/steps_008477421/probe_battery.json,control,factor_2,ntp,/controls/ntp/factor_2,0.04379389819723328,0.06621936928025657,0.6613457463161088,0.33865425368389124,0.33865425368389124,0.13138169459169988,0.13107602618014974,-0.0023319932748802064,-0.0023319932748802064,1e-15,10,"{""0.0001"": 0.04269666060077354, ""0.01"": 0.04269666060077354, ""1e-06"": 0.04269666060077354, ""1e-08"": 0.04269666060077354, ""1e-10"": 0.04269666060077354, ""1e-15"": 0.04269666060077354}"
explore_cycle_3_both,42,8477421,256,intermediate,20000,20000,experiments/strata_two_factor_explore_cycle_3/reward_both_state_0/results/20260909T084200Z-e5f5f91b/checkpoint_probes/steps_008477421/probe_battery.json,control,factor_1,train_mean,/controls/train_mean/factor_1,0.06560821552540515,0.06560780892618957,1.0000061974210421,-6.197421042353213e-06,-6.197421042131168e-06,0.13414398715917422,0.1341432816648698,-5.259259320933296e-06,-5.2592593207112515e-06,,,
explore_cycle_3_both,42,8477421,256,intermediate,20000,20000,experiments/strata_two_factor_explore_cycle_3/reward_both_state_0/results/20260909T084200Z-e5f5f91b/checkpoint_probes/steps_008477421/probe_battery.json,control,factor_2,train_mean,/controls/train_mean/factor_2,0.06627330109371808,0.06621936928025657,1.0008144416663538,-0.0008144416663540266,-0.0008144416663538045,0.13121804174456148,0.13107602618014974,-0.0010834594895068328,-0.0010834594895068328,,,
explore_cycle_3_both,42,16954395,512,intermediate,20000,20000,experiments/strata_two_factor_explore_cycle_3/reward_both_state_0/results/20260909T084200Z-e5f5f91b/checkpoint_probes/steps_016954395/probe_battery.json,layer_1,factor_1,probe_fits,/layers/layer_1/probe_fits/factor_1,0.03013580732344409,0.06148505558847678,0.49013222863690464,0.5098677713630954,0.5098677713630954,0.06484584318425693,0.12234067316631599,0.4699567894636131,0.4699567894636131,1e-15,10,"{""0.0001"": 0.028409584019335243, ""0.01"": 0.030384964071635122, ""1e-06"": 0.028409584019335243, ""1e-08"": 0.028409584019335243, ""1e-10"": 0.028409584019335243, ""1e-15"": 0.028409584019335243}"
explore_cycle_3_both,42,16954395,512,intermediate,20000,20000,experiments/strata_two_factor_explore_cycle_3/reward_both_state_0/results/20260909T084200Z-e5f5f91b/checkpoint_probes/steps_016954395/probe_battery.json,layer_1,factor_2,probe_fits,/layers/layer_1/probe_fits/factor_2,0.02706087084154948,0.0586603425466315,0.46131457244794793,0.5386854275520521,0.5386854275520521,0.058183158886360276,0.10666608830592457,0.4545299278296624,0.4545299278296624,1e-15,10,"{""0.0001"": 0.029223085149256128, ""0.01"": 0.03133929909281845, ""1e-06"": 0.029223085149256128, ""1e-08"": 0.029223085149256128, ""1e-10"": 0.029223085149256128, ""1e-15"": 0.029223085149256128}"
explore_cycle_3_both,42,16954395,512,intermediate,20000,20000,experiments/strata_two_factor_explore_cycle_3/reward_both_state_0/results/20260909T084200Z-e5f5f91b/checkpoint_probes/steps_016954395/probe_battery.json,layer_1,factor_1,shuffled_training_labels,/layers/layer_1/shuffled_training_labels/factor_1,0.061926544402323966,0.06148505558847678,1.0071804247328342,-0.007180424732834201,-0.007180424732834201,0.1236450906863431,0.12234067316631599,-0.010662173799336871,-0.010662173799336871,0.01,10,"{""0.0001"": 0.05884184863572815, ""0.01"": 0.05877949214642999, ""1e-06"": 0.05884184863572815, ""1e-08"": 0.05884184863572815, ""1e-10"": 0.05884184863572815, ""1e-15"": 0.05884184863572815}"
explore_cycle_3_both,42,16954395,512,intermediate,20000,20000,experiments/strata_two_factor_explore_cycle_3/reward_both_state_0/results/20260909T084200Z-e5f5f91b/checkpoint_probes/steps_016954395/probe_battery.json,layer_1,factor_2,shuffled_training_labels,/layers/layer_1/shuffled_training_labels/factor_2,0.05876974413282114,0.0586603425466315,1.0018650008070218,-0.0018650008070217883,-0.0018650008070217883,0.10641489490744138,0.10666608830592457,0.002354950879634221,0.002354950879634332,0.01,10,"{""0.0001"": 0.06455516296058213, ""0.01"": 0.0645089177564797, ""1e-06"": 0.06455516296058213, ""1e-08"": 0.06455516296058213, ""1e-10"": 0.06455516296058213, ""1e-15"": 0.06455516296058213}"
explore_cycle_3_both,42,16954395,512,intermediate,20000,20000,experiments/strata_two_factor_explore_cycle_3/reward_both_state_0/results/20260909T084200Z-e5f5f91b/checkpoint_probes/steps_016954395/probe_battery.json,layer_2,factor_1,probe_fits,/layers/layer_2/probe_fits/factor_1,0.024232228723638505,0.06148505558847678,0.3941157488061211,0.6058842511938789,0.6058842511938789,0.05033281928727609,0.12234067316631599,0.5885847446756227,0.5885847446756227,1e-15,10,"{""0.0001"": 0.022927039537969016, ""0.01"": 0.027761769817410364, ""1e-06"": 0.022927039537969016, ""1e-08"": 0.022927039537969016, ""1e-10"": 0.022927039537969016, ""1e-15"": 0.022927039537969016}"
explore_cycle_3_both,42,16954395,512,intermediate,20000,20000,experiments/strata_two_factor_explore_cycle_3/reward_both_state_0/results/20260909T084200Z-e5f5f91b/checkpoint_probes/steps_016954395/probe_battery.json,layer_2,factor_2,probe_fits,/layers/layer_2/probe_fits/factor_2,0.021614406092180335,0.0586603425466315,0.3684670964033011,0.6315329035966989,0.6315329035966989,0.04513325637772123,0.10666608830592457,0.5768734272107512,0.5768734272107512,1e-15,10,"{""0.0001"": 0.02299120382113026, ""0.01"": 0.026754387433120346, ""1e-06"": 0.02299120382113026, ""1e-08"": 0.02299120382113026, ""1e-10"": 0.02299120382113026, ""1e-15"": 0.02299120382113026}"
explore_cycle_3_both,42,16954395,512,intermediate,20000,20000,experiments/strata_two_factor_explore_cycle_3/reward_both_state_0/results/20260909T084200Z-e5f5f91b/checkpoint_probes/steps_016954395/probe_battery.json,layer_2,factor_1,shuffled_training_labels,/layers/layer_2/shuffled_training_labels/factor_1,0.06176878061077368,0.06148505558847678,1.0046145363223853,-0.0046145363223850655,-0.0046145363223852875,0.12352061664686603,0.12234067316631599,-0.009644735883919564,-0.009644735883919564,1e-15,10,"{""0.0001"": 0.0588592928430452, ""0.01"": 0.05951706718967481, ""1e-06"": 0.0588592928430452, ""1e-08"": 0.0588592928430452, ""1e-10"": 0.0588592928430452, ""1e-15"": 0.0588592928430452}"
explore_cycle_3_both,42,16954395,512,intermediate,20000,20000,experiments/strata_two_factor_explore_cycle_3/reward_both_state_0/results/20260909T084200Z-e5f5f91b/checkpoint_probes/steps_016954395/probe_battery.json,layer_2,factor_2,shuffled_training_labels,/layers/layer_2/shuffled_training_labels/factor_2,0.0587518741833126,0.0586603425466315,1.0015603665561335,-0.0015603665561334523,-0.0015603665561334523,0.10650161076546852,0.10666608830592457,0.0015419853026232833,0.0015419853026232833,1e-15,10,"{""0.0001"": 0.0645767996760749, ""0.01"": 0.0653620591884517, ""1e-06"": 0.0645767996760749, ""1e-08"": 0.0645767996760749, ""1e-10"": 0.0645767996760749, ""1e-15"": 0.0645767996760749}"
explore_cycle_3_both,42,16954395,512,intermediate,20000,20000,experiments/strata_two_factor_explore_cycle_3/reward_both_state_0/results/20260909T084200Z-e5f5f91b/checkpoint_probes/steps_016954395/probe_battery.json,layer_3,factor_1,probe_fits,/layers/layer_3/probe_fits/factor_1,0.02334438120044915,0.06148505558847678,0.37967569480126223,0.6203243051987377,0.6203243051987377,0.047436612558058734,0.12234067316631599,0.6122580387180718,0.6122580387180717,1e-15,10,"{""0.0001"": 0.022309431788284494, ""0.01"": 0.026776163769894445, ""1e-06"": 0.022309431788284494, ""1e-08"": 0.022309431788284494, ""1e-10"": 0.022309431788284494, ""1e-15"": 0.022309431788284494}"
explore_cycle_3_both,42,16954395,512,intermediate,20000,20000,experiments/strata_two_factor_explore_cycle_3/reward_both_state_0/results/20260909T084200Z-e5f5f91b/checkpoint_probes/steps_016954395/probe_battery.json,layer_3,factor_2,probe_fits,/layers/layer_3/probe_fits/factor_2,0.020973066019509747,0.0586603425466315,0.35753398478430976,0.6424660152156902,0.6424660152156902,0.04338714618781336,0.10666608830592457,0.5932432990007425,0.5932432990007426,1e-15,10,"{""0.0001"": 0.022608702082249597, ""0.01"": 0.028201260714811615, ""1e-06"": 0.022608702082249597, ""1e-08"": 0.022608702082249597, ""1e-10"": 0.022608702082249597, ""1e-15"": 0.022608702082249597}"
explore_cycle_3_both,42,16954395,512,intermediate,20000,20000,experiments/strata_two_factor_explore_cycle_3/reward_both_state_0/results/20260909T084200Z-e5f5f91b/checkpoint_probes/steps_016954395/probe_battery.json,layer_3,factor_1,shuffled_training_labels,/layers/layer_3/shuffled_training_labels/factor_1,0.06176664366357478,0.06148505558847678,1.0045797807679104,-0.004579780767910435,-0.004579780767910435,0.12337101021273138,0.12234067316631599,-0.008421868375815489,-0.008421868375815711,1e-15,10,"{""0.0001"": 0.05883146396719907, ""0.01"": 0.05891253084207219, ""1e-06"": 0.05883146396719907, ""1e-08"": 0.05883146396719907, ""1e-10"": 0.05883146396719907, ""1e-15"": 0.05883146396719907}"
explore_cycle_3_both,42,16954395,512,intermediate,20000,20000,experiments/strata_two_factor_explore_cycle_3/reward_both_state_0/results/20260909T084200Z-e5f5f91b/checkpoint_probes/steps_016954395/probe_battery.json,layer_3,factor_2,shuffled_training_labels,/layers/layer_3/shuffled_training_labels/factor_2,0.05875444396353454,0.0586603425466315,1.0016041743504691,-0.001604174350469112,-0.001604174350469112,0.10661518232382165,0.10666608830592457,0.000477246169906409,0.00047724616990652,1e-15,10,"{""0.0001"": 0.06458912553856942, ""0.01"": 0.06463921446650771, ""1e-06"": 0.06458912553856942, ""1e-08"": 0.06458912553856942, ""1e-10"": 0.06458912553856942, ""1e-15"": 0.06458912553856942}"
explore_cycle_3_both,42,16954395,512,intermediate,20000,20000,experiments/strata_two_factor_explore_cycle_3/reward_both_state_0/results/20260909T084200Z-e5f5f91b/checkpoint_probes/steps_016954395/probe_battery.json,control,factor_1,current_token_preceding_action,/controls/current_token_preceding_action/factor_1,0.04689968156942855,0.06148505558847678,0.7627818031641864,0.2372181968358137,0.23721819683581358,0.09797358486008317,0.12234067316631599,0.19917405778131514,0.19917405778131514,,,
explore_cycle_3_both,42,16954395,512,intermediate,20000,20000,experiments/strata_two_factor_explore_cycle_3/reward_both_state_0/results/20260909T084200Z-e5f5f91b/checkpoint_probes/steps_016954395/probe_battery.json,control,factor_2,current_token_preceding_action,/controls/current_token_preceding_action/factor_2,0.04829825849997505,0.0586603425466315,0.8233545254458886,0.17664547455411128,0.1766454745541114,0.09882672584337013,0.10666608830592457,0.07349442158289976,0.07349442158289987,,,
explore_cycle_3_both,42,16954395,512,intermediate,20000,20000,experiments/strata_two_factor_explore_cycle_3/reward_both_state_0/results/20260909T084200Z-e5f5f91b/checkpoint_probes/steps_016954395/probe_battery.json,control,factor_1,log_ntp,/controls/log_ntp/factor_1,0.023889229807412666,0.06148505558847678,0.38853717507071533,0.6114628249292847,0.6114628249292846,0.06988616175793434,0.12234067316631599,0.42875774712366,0.42875774712366,1e-15,10,"{""0.0001"": 0.02514271842301976, ""0.01"": 0.02514271842301976, ""1e-06"": 0.02514271842301976, ""1e-08"": 0.02514271842301976, ""1e-10"": 0.02514271842301976, ""1e-15"": 0.02514271842301976}"
explore_cycle_3_both,42,16954395,512,intermediate,20000,20000,experiments/strata_two_factor_explore_cycle_3/reward_both_state_0/results/20260909T084200Z-e5f5f91b/checkpoint_probes/steps_016954395/probe_battery.json,control,factor_2,log_ntp,/controls/log_ntp/factor_2,0.018975125054871467,0.0586603425466315,0.32347450135988154,0.6765254986401185,0.6765254986401185,0.054913057124770216,0.10666608830592457,0.4851872980728761,0.4851872980728762,1e-15,10,"{""0.0001"": 0.006605689815394876, ""0.01"": 0.006605689815394876, ""1e-06"": 0.006605689815394876, ""1e-08"": 0.006605689815394876, ""1e-10"": 0.006605689815394876, ""1e-15"": 0.006605689815394876}"
explore_cycle_3_both,42,16954395,512,intermediate,20000,20000,experiments/strata_two_factor_explore_cycle_3/reward_both_state_0/results/20260909T084200Z-e5f5f91b/checkpoint_probes/steps_016954395/probe_battery.json,control,factor_1,ntp,/controls/ntp/factor_1,0.03942906504256692,0.06148505558847678,0.6412788386574464,0.3587211613425536,0.3587211613425536,0.11828719512770076,0.12234067316631599,0.033132709945977945,0.033132709945977834,1e-15,10,"{""0.0001"": 0.03814051133038211, ""0.01"": 0.03814051133038211, ""1e-06"": 0.03814051133038211, ""1e-08"": 0.03814051133038211, ""1e-10"": 0.03814051133038211, ""1e-15"": 0.03814051133038211}"
explore_cycle_3_both,42,16954395,512,intermediate,20000,20000,experiments/strata_two_factor_explore_cycle_3/reward_both_state_0/results/20260909T084200Z-e5f5f91b/checkpoint_probes/steps_016954395/probe_battery.json,control,factor_2,ntp,/controls/ntp/factor_2,0.03126190179567321,0.0586603425466315,0.5329307746681132,0.4670692253318868,0.4670692253318868,0.09378570538701964,0.10666608830592457,0.12075424461018236,0.12075424461018247,1e-15,10,"{""0.0001"": 0.032923651991156905, ""0.01"": 0.032923651991156905, ""1e-06"": 0.032923651991156905, ""1e-08"": 0.032923651991156905, ""1e-10"": 0.032923651991156905, ""1e-15"": 0.032923651991156905}"
explore_cycle_3_both,42,16954395,512,intermediate,20000,20000,experiments/strata_two_factor_explore_cycle_3/reward_both_state_0/results/20260909T084200Z-e5f5f91b/checkpoint_probes/steps_016954395/probe_battery.json,control,factor_1,train_mean,/controls/train_mean/factor_1,0.06150539209241604,0.06148505558847678,1.000330755233847,-0.0003307552338469577,-0.0003307552338469577,0.12238949093350186,0.12234067316631599,-0.00039903137625785234,-0.00039903137625785234,,,
explore_cycle_3_both,42,16954395,512,intermediate,20000,20000,experiments/strata_two_factor_explore_cycle_3/reward_both_state_0/results/20260909T084200Z-e5f5f91b/checkpoint_probes/steps_016954395/probe_battery.json,control,factor_2,train_mean,/controls/train_mean/factor_2,0.05870926277426206,0.0586603425466315,1.000833957414955,-0.0008339574149549556,-0.0008339574149549556,0.10674044346291248,0.10666608830592457,-0.0006970833764397,-0.0006970833764397,,,
explore_cycle_3_both,42,33908739,1024,intermediate,20000,20000,experiments/strata_two_factor_explore_cycle_3/reward_both_state_0/results/20260909T084200Z-e5f5f91b/checkpoint_probes/steps_033908739/probe_battery.json,layer_1,factor_1,probe_fits,/layers/layer_1/probe_fits/factor_1,0.01904568685099614,0.048605624676651145,0.3918412113350574,0.6081587886649427,0.6081587886649427,0.042390525602469406,0.10381029825779228,0.5916539465362006,0.5916539465362006,1e-15,10,"{""0.0001"": 0.02001661370054587, ""0.01"": 0.022483703285725524, ""1e-06"": 0.02001661370054587, ""1e-08"": 0.02001661370054587, ""1e-10"": 0.02001661370054587, ""1e-15"": 0.02001661370054587}"
explore_cycle_3_both,42,33908739,1024,intermediate,20000,20000,experiments/strata_two_factor_explore_cycle_3/reward_both_state_0/results/20260909T084200Z-e5f5f91b/checkpoint_probes/steps_033908739/probe_battery.json,layer_1,factor_2,probe_fits,/layers/layer_1/probe_fits/factor_2,0.018075740624145176,0.04748693964515858,0.3806465684926076,0.6193534315073924,0.6193534315073924,0.03953557832931532,0.09385598831164815,0.5787633901628343,0.5787633901628343,1e-15,10,"{""0.0001"": 0.01734684279974836, ""0.01"": 0.019537794332206905, ""1e-06"": 0.01734684279974836, ""1e-08"": 0.01734684279974836, ""1e-10"": 0.01734684279974836, ""1e-15"": 0.01734684279974836}"
explore_cycle_3_both,42,33908739,1024,intermediate,20000,20000,experiments/strata_two_factor_explore_cycle_3/reward_both_state_0/results/20260909T084200Z-e5f5f91b/checkpoint_probes/steps_033908739/probe_battery.json,layer_1,factor_1,shuffled_training_labels,/layers/layer_1/shuffled_training_labels/factor_1,0.049436251157621,0.048605624676651145,1.0170891020637138,-0.017089102063713835,-0.017089102063713835,0.10643613334965253,0.10381029825779228,-0.025294553006094844,-0.025294553006094844,1e-15,10,"{""0.0001"": 0.05111480239468693, ""0.01"": 0.05127890931232759, ""1e-06"": 0.05111480239468693, ""1e-08"": 0.05111480239468693, ""1e-10"": 0.05111480239468693, ""1e-15"": 0.05111480239468693}"
explore_cycle_3_both,42,33908739,1024,intermediate,20000,20000,experiments/strata_two_factor_explore_cycle_3/reward_both_state_0/results/20260909T084200Z-e5f5f91b/checkpoint_probes/steps_033908739/probe_battery.json,layer_1,factor_2,shuffled_training_labels,/layers/layer_1/shuffled_training_labels/factor_2,0.04826533139527968,0.04748693964515858,1.0163917017170943,-0.016391701717094254,-0.016391701717094254,0.09449786957116187,0.09385598831164815,-0.0068390016562647205,-0.006839001656264498,1e-15,10,"{""0.0001"": 0.045455471378541765, ""0.01"": 0.0456742821384718, ""1e-06"": 0.045455471378541765, ""1e-08"": 0.045455471378541765, ""1e-10"": 0.045455471378541765, ""1e-15"": 0.045455471378541765}"
explore_cycle_3_both,42,33908739,1024,intermediate,20000,20000,experiments/strata_two_factor_explore_cycle_3/reward_both_state_0/results/20260909T084200Z-e5f5f91b/checkpoint_probes/steps_033908739/probe_battery.json,layer_2,factor_1,probe_fits,/layers/layer_2/probe_fits/factor_1,0.01816197533479796,0.048605624676651145,0.37365995099580507,0.626340049004195,0.6263400490041949,0.039300684555264594,0.10381029825779228,0.6214182483353516,0.6214182483353516,1e-15,10,"{""0.0001"": 0.019008351633484043, ""0.01"": 0.0233544014929492, ""1e-06"": 0.019008351633484043, ""1e-08"": 0.019008351633484043, ""1e-10"": 0.019008351633484043, ""1e-15"": 0.019008351633484043}"
explore_cycle_3_both,42,33908739,1024,intermediate,20000,20000,experiments/strata_two_factor_explore_cycle_3/reward_both_state_0/results/20260909T084200Z-e5f5f91b/checkpoint_probes/steps_033908739/probe_battery.json,layer_2,factor_2,probe_fits,/layers/layer_2/probe_fits/factor_2,0.018270064394694644,0.04748693964515858,0.3847387203979848,0.6152612796020152,0.6152612796020152,0.03919108277131294,0.09385598831164815,0.58243385982811,0.58243385982811,1e-15,10,"{""0.0001"": 0.017456935176335495, ""0.01"": 0.021354390084279924, ""1e-06"": 0.017456935176335495, ""1e-08"": 0.017456935176335495, ""1e-10"": 0.017456935176335495, ""1e-15"": 0.017456935176335495}"
explore_cycle_3_both,42,33908739,1024,intermediate,20000,20000,experiments/strata_two_factor_explore_cycle_3/reward_both_state_0/results/20260909T084200Z-e5f5f91b/checkpoint_probes/steps_033908739/probe_battery.json,layer_2,factor_1,shuffled_training_labels,/layers/layer_2/shuffled_training_labels/factor_1,0.04909720785431394,0.048605624676651145,1.01011370969786,-0.010113709697860074,-0.010113709697860074,0.10559814511800682,0.10381029825779228,-0.01722224952841178,-0.01722224952841156,1e-15,10,"{""0.0001"": 0.05111819006213384, ""0.01"": 0.0525527899089431, ""1e-06"": 0.05111819006213384, ""1e-08"": 0.05111819006213384, ""1e-10"": 0.05111819006213384, ""1e-15"": 0.05111819006213384}"
explore_cycle_3_both,42,33908739,1024,intermediate,20000,20000,experiments/strata_two_factor_explore_cycle_3/reward_both_state_0/results/20260909T084200Z-e5f5f91b/checkpoint_probes/steps_033908739/probe_battery.json,layer_2,factor_2,shuffled_training_labels,/layers/layer_2/shuffled_training_labels/factor_2,0.048063799587281665,0.04748693964515858,1.0121477599195403,-0.012147759919540313,-0.012147759919540313,0.09400754100387106,0.09385598831164815,-0.0016147365229342014,-0.0016147365229342014,1e-15,10,"{""0.0001"": 0.045449219168507395, ""0.01"": 0.046965219915888104, ""1e-06"": 0.045449219168507395, ""1e-08"": 0.045449219168507395, ""1e-10"": 0.045449219168507395, ""1e-15"": 0.045449219168507395}"
explore_cycle_3_both,42,33908739,1024,intermediate,20000,20000,experiments/strata_two_factor_explore_cycle_3/reward_both_state_0/results/20260909T084200Z-e5f5f91b/checkpoint_probes/steps_033908739/probe_battery.json,layer_3,factor_1,probe_fits,/layers/layer_3/probe_fits/factor_1,0.017552740096818488,0.048605624676651145,0.36112569715106163,0.6388743028489384,0.6388743028489383,0.03760993491715586,0.10381029825779228,0.6377051646286667,0.6377051646286667,1e-15,10,"{""0.0001"": 0.018383284987788476, ""0.01"": 0.022503913454275354, ""1e-06"": 0.018383284987788476, ""1e-08"": 0.018383284987788476, ""1e-10"": 0.018383284987788476, ""1e-15"": 0.018383284987788476}"
explore_cycle_3_both,42,33908739,1024,intermediate,20000,20000,experiments/strata_two_factor_explore_cycle_3/reward_both_state_0/results/20260909T084200Z-e5f5f91b/checkpoint_probes/steps_033908739/probe_battery.json,layer_3,factor_2,probe_fits,/layers/layer_3/probe_fits/factor_2,0.017439154414333885,0.04748693964515858,0.36724106764188696,0.6327589323581131,0.6327589323581131,0.03666072333020948,0.09385598831164815,0.6093938810970931,0.6093938810970931,1e-15,10,"{""0.0001"": 0.016677223141895552, ""0.01"": 0.02200317410644731, ""1e-06"": 0.016677223141895552, ""1e-08"": 0.016677223141895552, ""1e-10"": 0.016677223141895552, ""1e-15"": 0.016677223141895552}"
explore_cycle_3_both,42,33908739,1024,intermediate,20000,20000,experiments/strata_two_factor_explore_cycle_3/reward_both_state_0/results/20260909T084200Z-e5f5f91b/checkpoint_probes/steps_033908739/probe_battery.json,layer_3,factor_1,shuffled_training_labels,/layers/layer_3/shuffled_training_labels/factor_1,0.0493709056207877,0.048605624676651145,1.015744699285887,-0.015744699285886732,-0.015744699285886954,0.10607132151781334,0.10381029825779228,-0.021780336806337397,-0.021780336806337397,0.01,10,"{""0.0001"": 0.05112721478934199, ""0.01"": 0.0510872935129252, ""1e-06"": 0.05112721478934199, ""1e-08"": 0.05112721478934199, ""1e-10"": 0.05112721478934199, ""1e-15"": 0.05112721478934199}"
explore_cycle_3_both,42,33908739,1024,intermediate,20000,20000,experiments/strata_two_factor_explore_cycle_3/reward_both_state_0/results/20260909T084200Z-e5f5f91b/checkpoint_probes/steps_033908739/probe_battery.json,layer_3,factor_2,shuffled_training_labels,/layers/layer_3/shuffled_training_labels/factor_2,0.0478384082279537,0.04748693964515858,1.0074013736286533,-0.0074013736286533405,-0.0074013736286533405,0.09319311883002802,0.09385598831164815,0.007062623211841035,0.007062623211841035,1e-15,10,"{""0.0001"": 0.045440479679875564, ""0.01"": 0.045455513924350856, ""1e-06"": 0.045440479679875564, ""1e-08"": 0.045440479679875564, ""1e-10"": 0.045440479679875564, ""1e-15"": 0.045440479679875564}"
explore_cycle_3_both,42,33908739,1024,intermediate,20000,20000,experiments/strata_two_factor_explore_cycle_3/reward_both_state_0/results/20260909T084200Z-e5f5f91b/checkpoint_probes/steps_033908739/probe_battery.json,control,factor_1,current_token_preceding_action,/controls/current_token_preceding_action/factor_1,0.034783332961176354,0.048605624676651145,0.7156236174840347,0.2843763825159654,0.2843763825159653,0.07646666927694885,0.10381029825779228,0.2633999655115232,0.2633999655115232,,,
explore_cycle_3_both,42,33908739,1024,intermediate,20000,20000,experiments/strata_two_factor_explore_cycle_3/reward_both_state_0/results/20260909T084200Z-e5f5f91b/checkpoint_probes/steps_033908739/probe_battery.json,control,factor_2,current_token_preceding_action,/controls/current_token_preceding_action/factor_2,0.037980280962036976,0.04748693964515858,0.7998047725509548,0.20019522744904517,0.20019522744904517,0.0814831109910935,0.09385598831164815,0.13182832063384808,0.1318283206338482,,,
explore_cycle_3_both,42,33908739,1024,intermediate,20000,20000,experiments/strata_two_factor_explore_cycle_3/reward_both_state_0/results/20260909T084200Z-e5f5f91b/checkpoint_probes/steps_033908739/probe_battery.json,control,factor_1,log_ntp,/controls/log_ntp/factor_1,0.020889672371155903,0.048605624676651145,0.4297789095423507,0.5702210904576493,0.5702210904576492,0.06158778509713515,0.10381029825779228,0.4067275970617664,0.4067275970617664,1e-15,10,"{""0.0001"": 0.024400641833735044, ""0.01"": 0.024400641833735044, ""1e-06"": 0.024400641833735044, ""1e-08"": 0.024400641833735044, ""1e-10"": 0.024400641833735044, ""1e-15"": 0.024400641833735044}"
explore_cycle_3_both,42,33908739,1024,intermediate,20000,20000,experiments/strata_two_factor_explore_cycle_3/reward_both_state_0/results/20260909T084200Z-e5f5f91b/checkpoint_probes/steps_033908739/probe_battery.json,control,factor_2,log_ntp,/controls/log_ntp/factor_2,0.018928981568960303,0.04748693964515858,0.3986144761150167,0.6013855238849832,0.6013855238849832,0.05540385122041198,0.09385598831164815,0.4096929538854369,0.4096929538854369,1e-15,10,"{""0.0001"": 0.018241700190711668, ""0.01"": 0.018241700190711668, ""1e-06"": 0.018241700190711668, ""1e-08"": 0.018241700190711668, ""1e-10"": 0.018241700190711668, ""1e-15"": 0.018241700190711668}"
explore_cycle_3_both,42,33908739,1024,intermediate,20000,20000,experiments/strata_two_factor_explore_cycle_3/reward_both_state_0/results/20260909T084200Z-e5f5f91b/checkpoint_probes/steps_033908739/probe_battery.json,control,factor_1,ntp,/controls/ntp/factor_1,0.03451124596201872,0.048605624676651145,0.7100257674210493,0.2899742325789507,0.2899742325789507,0.10353373788605617,0.10381029825779228,0.0026640937977976398,0.0026640937977976398,1e-15,10,"{""0.0001"": 0.035902122120943195, ""0.01"": 0.035902122120943195, ""1e-06"": 0.035902122120943195, ""1e-08"": 0.035902122120943195, ""1e-10"": 0.035902122120943195, ""1e-15"": 0.035902122120943195}"
explore_cycle_3_both,42,33908739,1024,intermediate,20000,20000,experiments/strata_two_factor_explore_cycle_3/reward_both_state_0/results/20260909T084200Z-e5f5f91b/checkpoint_probes/steps_033908739/probe_battery.json,control,factor_2,ntp,/controls/ntp/factor_2,0.031222557094571578,0.04748693964515858,0.6574977736590107,0.34250222634098926,0.34250222634098926,0.09366767128371475,0.09385598831164815,0.0020064465924976016,0.0020064465924976016,1e-15,10,"{""0.0001"": 0.030279036046439993, ""0.01"": 0.030279036046439993, ""1e-06"": 0.030279036046439993, ""1e-08"": 0.030279036046439993, ""1e-10"": 0.030279036046439993, ""1e-15"": 0.030279036046439993}"
explore_cycle_3_both,42,33908739,1024,intermediate,20000,20000,experiments/strata_two_factor_explore_cycle_3/reward_both_state_0/results/20260909T084200Z-e5f5f91b/checkpoint_probes/steps_033908739/probe_battery.json,control,factor_1,train_mean,/controls/train_mean/factor_1,0.04861047007364626,0.048605624676651145,1.00009968798935,-9.968798935000578e-05,-9.968798935000578e-05,0.10382465230657908,0.10381029825779228,-0.00013827191548143603,-0.00013827191548143603,,,
explore_cycle_3_both,42,33908739,1024,intermediate,20000,20000,experiments/strata_two_factor_explore_cycle_3/reward_both_state_0/results/20260909T084200Z-e5f5f91b/checkpoint_probes/steps_033908739/probe_battery.json,control,factor_2,train_mean,/controls/train_mean/factor_2,0.04754085751421686,0.04748693964515858,1.0011354252234652,-0.001135425223465214,-0.001135425223465214,0.09400762968055626,0.09385598831164815,-0.001615681339421693,-0.001615681339421693,,,
explore_cycle_3_both,42,50001886,1510,final,20000,20000,experiments/strata_two_factor_explore_cycle_3/reward_both_state_0/results/20260909T084200Z-e5f5f91b/checkpoint_probes/steps_050001886/probe_battery.json,layer_1,factor_1,probe_fits,/layers/layer_1/probe_fits/factor_1,0.023297655188887142,0.05476200596903371,0.42543465632104993,0.5745653436789501,0.5745653436789501,0.04948233947131377,0.11554317001205816,0.5717415450333432,0.5717415450333433,1e-15,10,"{""0.0001"": 0.02392495865466122, ""0.01"": 0.028026482267200288, ""1e-06"": 0.02392495865466122, ""1e-08"": 0.02392495865466122, ""1e-10"": 0.02392495865466122, ""1e-15"": 0.02392495865466122}"
explore_cycle_3_both,42,50001886,1510,final,20000,20000,experiments/strata_two_factor_explore_cycle_3/reward_both_state_0/results/20260909T084200Z-e5f5f91b/checkpoint_probes/steps_050001886/probe_battery.json,layer_1,factor_2,probe_fits,/layers/layer_1/probe_fits/factor_2,0.02198174379332808,0.05153881762409579,0.42650849993599815,0.5734915000640018,0.5734915000640018,0.04833009427733058,0.10063558307195822,0.519751435804046,0.519751435804046,1e-15,10,"{""0.0001"": 0.021137396844459214, ""0.01"": 0.024447264421320593, ""1e-06"": 0.021137396844459214, ""1e-08"": 0.021137396844459214, ""1e-10"": 0.021137396844459214, ""1e-15"": 0.021137396844459214}"
explore_cycle_3_both,42,50001886,1510,final,20000,20000,experiments/strata_two_factor_explore_cycle_3/reward_both_state_0/results/20260909T084200Z-e5f5f91b/checkpoint_probes/steps_050001886/probe_battery.json,layer_1,factor_1,shuffled_training_labels,/layers/layer_1/shuffled_training_labels/factor_1,0.05522735088240198,0.05476200596903371,1.0084975870612083,-0.00849758706120829,-0.00849758706120829,0.11723008793862313,0.11554317001205816,-0.014599893064981107,-0.014599893064981107,1e-15,10,"{""0.0001"": 0.05607336248506637, ""0.01"": 0.056765040347617535, ""1e-06"": 0.05607336248506637, ""1e-08"": 0.05607336248506637, ""1e-10"": 0.05607336248506637, ""1e-15"": 0.05607336248506637}"
explore_cycle_3_both,42,50001886,1510,final,20000,20000,experiments/strata_two_factor_explore_cycle_3/reward_both_state_0/results/20260909T084200Z-e5f5f91b/checkpoint_probes/steps_050001886/probe_battery.json,layer_1,factor_2,shuffled_training_labels,/layers/layer_1/shuffled_training_labels/factor_2,0.051691221683845046,0.05153881762409579,1.0029570732658408,-0.002957073265840826,-0.002957073265840826,0.10069321936007049,0.10063558307195822,-0.0005727227522600575,-0.0005727227522600575,1e-15,10,"{""0.0001"": 0.05112136464959679, ""0.01"": 0.05179733479787289, ""1e-06"": 0.05112136464959679, ""1e-08"": 0.05112136464959679, ""1e-10"": 0.05112136464959679, ""1e-15"": 0.05112136464959679}"
explore_cycle_3_both,42,50001886,1510,final,20000,20000,experiments/strata_two_factor_explore_cycle_3/reward_both_state_0/results/20260909T084200Z-e5f5f91b/checkpoint_probes/steps_050001886/probe_battery.json,layer_2,factor_1,probe_fits,/layers/layer_2/probe_fits/factor_1,0.02217956178781301,0.05476200596903371,0.40501733629617026,0.5949826637038298,0.5949826637038298,0.044233235011253105,0.11554317001205816,0.6171713567609673,0.6171713567609673,1e-15,10,"{""0.0001"": 0.022614638912659052, ""0.01"": 0.029332299044241623, ""1e-06"": 0.022614638912659052, ""1e-08"": 0.022614638912659052, ""1e-10"": 0.022614638912659052, ""1e-15"": 0.022614638912659052}"
explore_cycle_3_both,42,50001886,1510,final,20000,20000,experiments/strata_two_factor_explore_cycle_3/reward_both_state_0/results/20260909T084200Z-e5f5f91b/checkpoint_probes/steps_050001886/probe_battery.json,layer_2,factor_2,probe_fits,/layers/layer_2/probe_fits/factor_2,0.02027624727702859,0.05153881762409579,0.39341700511866023,0.6065829948813397,0.6065829948813397,0.04324516529154838,0.10063558307195822,0.5702795773476419,0.5702795773476419,1e-15,10,"{""0.0001"": 0.019219333092136755, ""0.01"": 0.0230862376977397, ""1e-06"": 0.019219333092136755, ""1e-08"": 0.019219333092136755, ""1e-10"": 0.019219333092136755, ""1e-15"": 0.019219333092136755}"
explore_cycle_3_both,42,50001886,1510,final,20000,20000,experiments/strata_two_factor_explore_cycle_3/reward_both_state_0/results/20260909T084200Z-e5f5f91b/checkpoint_probes/steps_050001886/probe_battery.json,layer_2,factor_1,shuffled_training_labels,/layers/layer_2/shuffled_training_labels/factor_1,0.0552019715608541,0.05476200596903371,1.0080341394372803,-0.008034139437280263,-0.008034139437280263,0.11730510366254275,0.11554317001205816,-0.015249137186565953,-0.015249137186565953,1e-15,10,"{""0.0001"": 0.05605425286984748, ""0.01"": 0.0573769364291566, ""1e-06"": 0.05605425286984748, ""1e-08"": 0.05605425286984748, ""1e-10"": 0.05605425286984748, ""1e-15"": 0.05605425286984748}"
explore_cycle_3_both,42,50001886,1510,final,20000,20000,experiments/strata_two_factor_explore_cycle_3/reward_both_state_0/results/20260909T084200Z-e5f5f91b/checkpoint_probes/steps_050001886/probe_battery.json,layer_2,factor_2,shuffled_training_labels,/layers/layer_2/shuffled_training_labels/factor_2,0.05179946690874844,0.05153881762409579,1.0050573392380424,-0.005057339238042413,-0.005057339238042413,0.10105564955237141,0.10063558307195822,-0.0041741347105113125,-0.00417413471051109,1e-15,10,"{""0.0001"": 0.051074094173242865, ""0.01"": 0.05241529372450639, ""1e-06"": 0.051074094173242865, ""1e-08"": 0.051074094173242865, ""1e-10"": 0.051074094173242865, ""1e-15"": 0.051074094173242865}"
explore_cycle_3_both,42,50001886,1510,final,20000,20000,experiments/strata_two_factor_explore_cycle_3/reward_both_state_0/results/20260909T084200Z-e5f5f91b/checkpoint_probes/steps_050001886/probe_battery.json,layer_3,factor_1,probe_fits,/layers/layer_3/probe_fits/factor_1,0.02310632484232245,0.05476200596903371,0.42194080427565767,0.5780591957243424,0.5780591957243424,0.04538973020472673,0.11554317001205816,0.6071621524665645,0.6071621524665645,1e-15,10,"{""0.0001"": 0.023838984671271678, ""0.01"": 0.029493079869293243, ""1e-06"": 0.023838984671271678, ""1e-08"": 0.023838984671271678, ""1e-10"": 0.023838984671271678, ""1e-15"": 0.023838984671271678}"
explore_cycle_3_both,42,50001886,1510,final,20000,20000,experiments/strata_two_factor_explore_cycle_3/reward_both_state_0/results/20260909T084200Z-e5f5f91b/checkpoint_probes/steps_050001886/probe_battery.json,layer_3,factor_2,probe_fits,/layers/layer_3/probe_fits/factor_2,0.0196112206487459,0.05153881762409579,0.38051359252714256,0.6194864074728574,0.6194864074728574,0.04184434644940405,0.10063558307195822,0.5841992944038117,0.5841992944038117,1e-15,10,"{""0.0001"": 0.018633450690194515, ""0.01"": 0.021953557689974805, ""1e-06"": 0.018633450690194515, ""1e-08"": 0.018633450690194515, ""1e-10"": 0.018633450690194515, ""1e-15"": 0.018633450690194515}"
explore_cycle_3_both,42,50001886,1510,final,20000,20000,experiments/strata_two_factor_explore_cycle_3/reward_both_state_0/results/20260909T084200Z-e5f5f91b/checkpoint_probes/steps_050001886/probe_battery.json,layer_3,factor_1,shuffled_training_labels,/layers/layer_3/shuffled_training_labels/factor_1,0.055289826255256476,0.05476200596903371,1.0096384395874984,-0.009638439587498437,-0.009638439587498437,0.11739666022510387,0.11554317001205816,-0.016041538524971033,-0.016041538524971033,1e-15,10,"{""0.0001"": 0.05606147398783817, ""0.01"": 0.056083791380669046, ""1e-06"": 0.05606147398783817, ""1e-08"": 0.05606147398783817, ""1e-10"": 0.05606147398783817, ""1e-15"": 0.05606147398783817}"
explore_cycle_3_both,42,50001886,1510,final,20000,20000,experiments/strata_two_factor_explore_cycle_3/reward_both_state_0/results/20260909T084200Z-e5f5f91b/checkpoint_probes/steps_050001886/probe_battery.json,layer_3,factor_2,shuffled_training_labels,/layers/layer_3/shuffled_training_labels/factor_2,0.05179900447876042,0.05153881762409579,1.0050483667778787,-0.005048366777878677,-0.005048366777878677,0.10108199421600421,0.10063558307195822,-0.004435917499745479,-0.004435917499745479,1e-15,10,"{""0.0001"": 0.05109172220408866, ""0.01"": 0.05113079378974798, ""1e-06"": 0.05109172220408866, ""1e-08"": 0.05109172220408866, ""1e-10"": 0.05109172220408866, ""1e-15"": 0.05109172220408866}"
explore_cycle_3_both,42,50001886,1510,final,20000,20000,experiments/strata_two_factor_explore_cycle_3/reward_both_state_0/results/20260909T084200Z-e5f5f91b/checkpoint_probes/steps_050001886/probe_battery.json,control,factor_1,current_token_preceding_action,/controls/current_token_preceding_action/factor_1,0.03727166222075786,0.05476200596903371,0.6806117044330677,0.3193882955669324,0.31938829556693227,0.07811326323154127,0.11554317001205816,0.3239473763495556,0.3239473763495555,,,
explore_cycle_3_both,42,50001886,1510,final,20000,20000,experiments/strata_two_factor_explore_cycle_3/reward_both_state_0/results/20260909T084200Z-e5f5f91b/checkpoint_probes/steps_050001886/probe_battery.json,control,factor_2,current_token_preceding_action,/controls/current_token_preceding_action/factor_2,0.042292655744794586,0.05153881762409579,0.820598098568362,0.17940190143163803,0.17940190143163803,0.0906477949091403,0.10063558307195822,0.09924708396309767,0.09924708396309767,,,
explore_cycle_3_both,42,50001886,1510,final,20000,20000,experiments/strata_two_factor_explore_cycle_3/reward_both_state_0/results/20260909T084200Z-e5f5f91b/checkpoint_probes/steps_050001886/probe_battery.json,control,factor_1,log_ntp,/controls/log_ntp/factor_1,0.03163163501071257,0.05476200596903371,0.5776200935480581,0.422379906451942,0.4223799064519419,0.0929032972216345,0.11554317001205816,0.1959429777464211,0.1959429777464211,1e-15,10,"{""0.0001"": 0.031413277075184674, ""0.01"": 0.031413277075184674, ""1e-06"": 0.031413277075184674, ""1e-08"": 0.031413277075184674, ""1e-10"": 0.031413277075184674, ""1e-15"": 0.031413277075184674}"
explore_cycle_3_both,42,50001886,1510,final,20000,20000,experiments/strata_two_factor_explore_cycle_3/reward_both_state_0/results/20260909T084200Z-e5f5f91b/checkpoint_probes/steps_050001886/probe_battery.json,control,factor_2,log_ntp,/controls/log_ntp/factor_2,0.01892349839537129,0.05153881762409579,0.3671698201032079,0.6328301798967921,0.6328301798967921,0.05525694666926725,0.10063558307195822,0.45092039035778775,0.45092039035778775,1e-15,10,"{""0.0001"": 0.013839376431180928, ""0.01"": 0.013839376431180928, ""1e-06"": 0.013839376431180928, ""1e-08"": 0.013839376431180928, ""1e-10"": 0.013839376431180928, ""1e-15"": 0.013839376431180928}"
explore_cycle_3_both,42,50001886,1510,final,20000,20000,experiments/strata_two_factor_explore_cycle_3/reward_both_state_0/results/20260909T084200Z-e5f5f91b/checkpoint_probes/steps_050001886/probe_battery.json,control,factor_1,ntp,/controls/ntp/factor_1,0.03853577350088851,0.05476200596903371,0.7036954329737181,0.29630456702628205,0.29630456702628194,0.11560732050266552,0.11554317001205816,-0.0005552079850386082,-0.0005552079850386082,1e-15,10,"{""0.0001"": 0.03849472551477938, ""0.01"": 0.03849472551477938, ""1e-06"": 0.03849472551477938, ""1e-08"": 0.03849472551477938, ""1e-10"": 0.03849472551477938, ""1e-15"": 0.03849472551477938}"
explore_cycle_3_both,42,50001886,1510,final,20000,20000,experiments/strata_two_factor_explore_cycle_3/reward_both_state_0/results/20260909T084200Z-e5f5f91b/checkpoint_probes/steps_050001886/probe_battery.json,control,factor_2,ntp,/controls/ntp/factor_2,0.03317942916839561,0.05153881762409579,0.6437755210139577,0.35622447898604226,0.35622447898604226,0.09953828750518684,0.10063558307195822,0.010903653889368092,0.010903653889368092,1e-15,10,"{""0.0001"": 0.03297391088432112, ""0.01"": 0.03297391088432112, ""1e-06"": 0.03297391088432112, ""1e-08"": 0.03297391088432112, ""1e-10"": 0.03297391088432112, ""1e-15"": 0.03297391088432112}"
explore_cycle_3_both,42,50001886,1510,final,20000,20000,experiments/strata_two_factor_explore_cycle_3/reward_both_state_0/results/20260909T084200Z-e5f5f91b/checkpoint_probes/steps_050001886/probe_battery.json,control,factor_1,train_mean,/controls/train_mean/factor_1,0.054773487997389264,0.05476200596903371,1.000209671434645,-0.00020967143464467597,-0.00020967143464489801,0.11554359841553391,0.11554317001205816,-3.707735175551008e-06,-3.707735175551008e-06,,,
explore_cycle_3_both,42,50001886,1510,final,20000,20000,experiments/strata_two_factor_explore_cycle_3/reward_both_state_0/results/20260909T084200Z-e5f5f91b/checkpoint_probes/steps_050001886/probe_battery.json,control,factor_2,train_mean,/controls/train_mean/factor_2,0.05154030472973967,0.05153881762409579,1.0000288540892561,-2.8854089256125093e-05,-2.8854089256125093e-05,0.10063931394352456,0.10063558307195822,-3.707308540823462e-05,-3.707308540823462e-05,,,
explore_cycle_3_factor_1,42,0,0,initial,20000,20000,experiments/strata_two_factor_explore_cycle_3/reward_factor_1_state_0/results/20260909T084527Z-64ab39a1/checkpoint_probes/steps_000000000/probe_battery.json,layer_1,factor_1,probe_fits,/layers/layer_1/probe_fits/factor_1,0.1309796217442726,0.1782648981297332,0.7347471269916049,0.26525287300839506,0.26525287300839506,0.19903647876013822,0.2681694260417247,0.2577957834418829,0.2577957834418829,1e-15,10,"{""0.0001"": 0.1312362820816642, ""0.01"": 0.1496952247358437, ""1e-06"": 0.1312362820816642, ""1e-08"": 0.1312362820816642, ""1e-10"": 0.1312362820816642, ""1e-15"": 0.1312362820816642}"
explore_cycle_3_factor_1,42,0,0,initial,20000,20000,experiments/strata_two_factor_explore_cycle_3/reward_factor_1_state_0/results/20260909T084527Z-64ab39a1/checkpoint_probes/steps_000000000/probe_battery.json,layer_1,factor_2,probe_fits,/layers/layer_1/probe_fits/factor_2,0.1313627270644506,0.17981306599866392,0.7305516222354312,0.26944837776456865,0.26944837776456876,0.1936274975574512,0.2690431533314115,0.2803106298752829,0.280310629875283,1e-15,10,"{""0.0001"": 0.1327416100366244, ""0.01"": 0.14207118196749396, ""1e-06"": 0.1327416100366244, ""1e-08"": 0.1327416100366244, ""1e-10"": 0.1327416100366244, ""1e-15"": 0.1327416100366244}"
explore_cycle_3_factor_1,42,0,0,initial,20000,20000,experiments/strata_two_factor_explore_cycle_3/reward_factor_1_state_0/results/20260909T084527Z-64ab39a1/checkpoint_probes/steps_000000000/probe_battery.json,layer_1,factor_1,shuffled_training_labels,/layers/layer_1/shuffled_training_labels/factor_1,0.1788348199979695,0.1782648981297332,1.0031970504244843,-0.00319705042448426,-0.00319705042448426,0.2695001425527655,0.2681694260417247,-0.0049622230642867304,-0.0049622230642867304,0.01,10,"{""0.0001"": 0.1793474683146558, ""0.01"": 0.17901688843520785, ""1e-06"": 0.1793474683146558, ""1e-08"": 0.1793474683146558, ""1e-10"": 0.1793474683146558, ""1e-15"": 0.1793474683146558}"
explore_cycle_3_factor_1,42,0,0,initial,20000,20000,experiments/strata_two_factor_explore_cycle_3/reward_factor_1_state_0/results/20260909T084527Z-64ab39a1/checkpoint_probes/steps_000000000/probe_battery.json,layer_1,factor_2,shuffled_training_labels,/layers/layer_1/shuffled_training_labels/factor_2,0.18225766248253386,0.17981306599866392,1.0135952105053818,-0.013595210505381594,-0.013595210505381816,0.2719510609649505,0.2690431533314115,-0.0108083316655041,-0.0108083316655041,0.01,10,"{""0.0001"": 0.18103120723135574, ""0.01"": 0.18070024172695687, ""1e-06"": 0.18103120723135574, ""1e-08"": 0.18103120723135574, ""1e-10"": 0.18103120723135574, ""1e-15"": 0.18103120723135574}"
explore_cycle_3_factor_1,42,0,0,initial,20000,20000,experiments/strata_two_factor_explore_cycle_3/reward_factor_1_state_0/results/20260909T084527Z-64ab39a1/checkpoint_probes/steps_000000000/probe_battery.json,layer_2,factor_1,probe_fits,/layers/layer_2/probe_fits/factor_1,0.13188337125445249,0.1782648981297332,0.7398168267455194,0.2601831732544806,0.2601831732544806,0.20093721097168823,0.2681694260417247,0.25070797988573,0.25070797988573,1e-15,10,"{""0.0001"": 0.13146513126751885, ""0.01"": 0.13651070449561736, ""1e-06"": 0.13146513126751885, ""1e-08"": 0.13146513126751885, ""1e-10"": 0.13146513126751885, ""1e-15"": 0.13146513126751885}"
explore_cycle_3_factor_1,42,0,0,initial,20000,20000,experiments/strata_two_factor_explore_cycle_3/reward_factor_1_state_0/results/20260909T084527Z-64ab39a1/checkpoint_probes/steps_000000000/probe_battery.json,layer_2,factor_2,probe_fits,/layers/layer_2/probe_fits/factor_2,0.13345141660451543,0.17981306599866392,0.7421675163778533,0.2578324836221466,0.2578324836221467,0.19749186157256512,0.2690431533314115,0.26594726858077067,0.26594726858077067,1e-15,10,"{""0.0001"": 0.13485006745849898, ""0.01"": 0.14037767126729753, ""1e-06"": 0.13485006745849898, ""1e-08"": 0.13485006745849898, ""1e-10"": 0.13485006745849898, ""1e-15"": 0.13485006745849898}"
explore_cycle_3_factor_1,42,0,0,initial,20000,20000,experiments/strata_two_factor_explore_cycle_3/reward_factor_1_state_0/results/20260909T084527Z-64ab39a1/checkpoint_probes/steps_000000000/probe_battery.json,layer_2,factor_1,shuffled_training_labels,/layers/layer_2/shuffled_training_labels/factor_1,0.1794150292473302,0.1782648981297332,1.0064518092437917,-0.00645180924379174,-0.00645180924379174,0.2699879705474048,0.2681694260417247,-0.006781326762421935,-0.006781326762421935,0.01,10,"{""0.0001"": 0.17933539316687214, ""0.01"": 0.17907347705691865, ""1e-06"": 0.17933539316687214, ""1e-08"": 0.17933539316687214, ""1e-10"": 0.17933539316687214, ""1e-15"": 0.17933539316687214}"
explore_cycle_3_factor_1,42,0,0,initial,20000,20000,experiments/strata_two_factor_explore_cycle_3/reward_factor_1_state_0/results/20260909T084527Z-64ab39a1/checkpoint_probes/steps_000000000/probe_battery.json,layer_2,factor_2,shuffled_training_labels,/layers/layer_2/shuffled_training_labels/factor_2,0.18216587271031234,0.17981306599866392,1.0130847371884861,-0.013084737188485907,-0.013084737188486129,0.2709062789452254,0.2690431533314115,-0.006925006604865613,-0.006925006604865613,0.01,10,"{""0.0001"": 0.18101929361004795, ""0.01"": 0.18068380901799794, ""1e-06"": 0.18101929361004795, ""1e-08"": 0.18101929361004795, ""1e-10"": 0.18101929361004795, ""1e-15"": 0.18101929361004795}"
explore_cycle_3_factor_1,42,0,0,initial,20000,20000,experiments/strata_two_factor_explore_cycle_3/reward_factor_1_state_0/results/20260909T084527Z-64ab39a1/checkpoint_probes/steps_000000000/probe_battery.json,layer_3,factor_1,probe_fits,/layers/layer_3/probe_fits/factor_1,0.13318889798401876,0.1782648981297332,0.7471403477710449,0.2528596522289551,0.2528596522289551,0.20276302011876088,0.2681694260417247,0.2438995633782175,0.2438995633782175,1e-15,10,"{""0.0001"": 0.13266389446805132, ""0.01"": 0.13678270055927927, ""1e-06"": 0.13266389446805132, ""1e-08"": 0.13266389446805132, ""1e-10"": 0.13266389446805132, ""1e-15"": 0.13266389446805132}"
explore_cycle_3_factor_1,42,0,0,initial,20000,20000,experiments/strata_two_factor_explore_cycle_3/reward_factor_1_state_0/results/20260909T084527Z-64ab39a1/checkpoint_probes/steps_000000000/probe_battery.json,layer_3,factor_2,probe_fits,/layers/layer_3/probe_fits/factor_2,0.13336040165753693,0.17981306599866392,0.7416613521206954,0.2583386478793046,0.2583386478793046,0.19486676629553548,0.2690431533314115,0.27570442182746935,0.27570442182746946,1e-15,10,"{""0.0001"": 0.13507080775585825, ""0.01"": 0.13958270914691412, ""1e-06"": 0.13507080775585825, ""1e-08"": 0.13507080775585825, ""1e-10"": 0.13507080775585825, ""1e-15"": 0.13507080775585825}"
explore_cycle_3_factor_1,42,0,0,initial,20000,20000,experiments/strata_two_factor_explore_cycle_3/reward_factor_1_state_0/results/20260909T084527Z-64ab39a1/checkpoint_probes/steps_000000000/probe_battery.json,layer_3,factor_1,shuffled_training_labels,/layers/layer_3/shuffled_training_labels/factor_1,0.17949018149268448,0.1782648981297332,1.0068733854831005,-0.006873385483100236,-0.006873385483100458,0.27104379073914087,0.2681694260417247,-0.010718465336793992,-0.010718465336793992,0.01,10,"{""0.0001"": 0.17942764033955635, ""0.01"": 0.179114485886548, ""1e-06"": 0.17942764033955635, ""1e-08"": 0.17942764033955635, ""1e-10"": 0.17942764033955635, ""1e-15"": 0.17942764033955635}"
explore_cycle_3_factor_1,42,0,0,initial,20000,20000,experiments/strata_two_factor_explore_cycle_3/reward_factor_1_state_0/results/20260909T084527Z-64ab39a1/checkpoint_probes/steps_000000000/probe_battery.json,layer_3,factor_2,shuffled_training_labels,/layers/layer_3/shuffled_training_labels/factor_2,0.18225119303124948,0.17981306599866392,1.0135592317446145,-0.013559231744614486,-0.013559231744614486,0.27171768899499454,0.2690431533314115,-0.009940917025636153,-0.009940917025636153,0.01,10,"{""0.0001"": 0.18099309398092217, ""0.01"": 0.18072373616705736, ""1e-06"": 0.18099309398092217, ""1e-08"": 0.18099309398092217, ""1e-10"": 0.18099309398092217, ""1e-15"": 0.18099309398092217}"
explore_cycle_3_factor_1,42,0,0,initial,20000,20000,experiments/strata_two_factor_explore_cycle_3/reward_factor_1_state_0/results/20260909T084527Z-64ab39a1/checkpoint_probes/steps_000000000/probe_battery.json,control,factor_1,current_token_preceding_action,/controls/current_token_preceding_action/factor_1,0.1284142892218239,0.1782648981297332,0.7203565624476993,0.2796434375523007,0.2796434375523007,0.19714797453331834,0.2681694260417247,0.26483798901578026,0.26483798901578026,,,
explore_cycle_3_factor_1,42,0,0,initial,20000,20000,experiments/strata_two_factor_explore_cycle_3/reward_factor_1_state_0/results/20260909T084527Z-64ab39a1/checkpoint_probes/steps_000000000/probe_battery.json,control,factor_2,current_token_preceding_action,/controls/current_token_preceding_action/factor_2,0.12907432039006364,0.17981306599866392,0.7178250349783964,0.28217496502160355,0.28217496502160355,0.1897236629104166,0.2690431533314115,0.29482069860847915,0.29482069860847915,,,
explore_cycle_3_factor_1,42,0,0,initial,20000,20000,experiments/strata_two_factor_explore_cycle_3/reward_factor_1_state_0/results/20260909T084527Z-64ab39a1/checkpoint_probes/steps_000000000/probe_battery.json,control,factor_1,log_ntp,/controls/log_ntp/factor_1,0.07709750051298789,0.1782648981297332,0.4324883996897683,0.5675116003102316,0.5675116003102316,0.22477055301852025,0.2681694260417247,0.16183378420048533,0.16183378420048522,1e-15,10,"{""0.0001"": 0.07726343757163746, ""0.01"": 0.07726343757163746, ""1e-06"": 0.07726343757163746, ""1e-08"": 0.07726343757163746, ""1e-10"": 0.07726343757163746, ""1e-15"": 0.07726343757163746}"
explore_cycle_3_factor_1,42,0,0,initial,20000,20000,experiments/strata_two_factor_explore_cycle_3/reward_factor_1_state_0/results/20260909T084527Z-64ab39a1/checkpoint_probes/steps_000000000/probe_battery.json,control,factor_2,log_ntp,/controls/log_ntp/factor_2,0.07713803962064275,0.17981306599866392,0.4289901803977688,0.5710098196022311,0.5710098196022312,0.22500003598474905,0.2690431533314115,0.1637027993513347,0.1637027993513347,1e-15,10,"{""0.0001"": 0.07749699741968347, ""0.01"": 0.07749699741968347, ""1e-06"": 0.07749699741968347, ""1e-08"": 0.07749699741968347, ""1e-10"": 0.07749699741968347, ""1e-15"": 0.07749699741968347}"
explore_cycle_3_factor_1,42,0,0,initial,20000,20000,experiments/strata_two_factor_explore_cycle_3/reward_factor_1_state_0/results/20260909T084527Z-64ab39a1/checkpoint_probes/steps_000000000/probe_battery.json,control,factor_1,ntp,/controls/ntp/factor_1,0.08939253267559351,0.1782648981297332,0.5014589726494424,0.4985410273505576,0.4985410273505576,0.26817759802678054,0.2681694260417247,-3.047321678861792e-05,-3.0473216788395874e-05,1e-15,10,"{""0.0001"": 0.08934286426314825, ""0.01"": 0.08934286426314825, ""1e-06"": 0.08934286426314825, ""1e-08"": 0.08934286426314825, ""1e-10"": 0.08934286426314825, ""1e-15"": 0.08934286426314825}"
explore_cycle_3_factor_1,42,0,0,initial,20000,20000,experiments/strata_two_factor_explore_cycle_3/reward_factor_1_state_0/results/20260909T084527Z-64ab39a1/checkpoint_probes/steps_000000000/probe_battery.json,control,factor_2,ntp,/controls/ntp/factor_2,0.08967085666240089,0.17981306599866392,0.49868932585281195,0.501310674147188,0.501310674147188,0.26901256998720274,0.2690431533314115,0.0001136744935897882,0.0001136744935897882,1e-15,10,"{""0.0001"": 0.09023581850886522, ""0.01"": 0.09023581850886522, ""1e-06"": 0.09023581850886522, ""1e-08"": 0.09023581850886522, ""1e-10"": 0.09023581850886522, ""1e-15"": 0.09023581850886522}"
explore_cycle_3_factor_1,42,0,0,initial,20000,20000,experiments/strata_two_factor_explore_cycle_3/reward_factor_1_state_0/results/20260909T084527Z-64ab39a1/checkpoint_probes/steps_000000000/probe_battery.json,control,factor_1,train_mean,/controls/train_mean/factor_1,0.17826764664666786,0.1782648981297332,1.0000154181611944,-1.5418161194435953e-05,-1.5418161194435953e-05,0.2681771949779592,0.2681694260417247,-2.8970253429516646e-05,-2.8970253429516646e-05,,,
explore_cycle_3_factor_1,42,0,0,initial,20000,20000,experiments/strata_two_factor_explore_cycle_3/reward_factor_1_state_0/results/20260909T084527Z-64ab39a1/checkpoint_probes/steps_000000000/probe_battery.json,control,factor_2,train_mean,/controls/train_mean/factor_2,0.1798143166718973,0.17981306599866392,1.0000069554079756,-6.955407975572925e-06,-6.955407975572925e-06,0.2690468566630792,0.2690431533314115,-1.3764824050799263e-05,-1.3764824051021307e-05,,,
explore_cycle_3_factor_1,42,33074,1,intermediate,20000,20000,experiments/strata_two_factor_explore_cycle_3/reward_factor_1_state_0/results/20260909T084527Z-64ab39a1/checkpoint_probes/steps_000033074/probe_battery.json,layer_1,factor_1,probe_fits,/layers/layer_1/probe_fits/factor_1,0.1303848314484131,0.1785676453452344,0.7301705255525608,0.2698294744474392,0.2698294744474392,0.1991620263875774,0.26785019479548366,0.2564424806946768,0.2564424806946769,1e-15,10,"{""0.0001"": 0.13133051855168593, ""0.01"": 0.14607634886490303, ""1e-06"": 0.13133051855168593, ""1e-08"": 0.13133051855168593, ""1e-10"": 0.13133051855168593, ""1e-15"": 0.13133051855168593}"
explore_cycle_3_factor_1,42,33074,1,intermediate,20000,20000,experiments/strata_two_factor_explore_cycle_3/reward_factor_1_state_0/results/20260909T084527Z-64ab39a1/checkpoint_probes/steps_000033074/probe_battery.json,layer_1,factor_2,probe_fits,/layers/layer_1/probe_fits/factor_2,0.13257643558621673,0.17948092792750275,0.7386658689427323,0.26133413105726766,0.26133413105726766,0.1959491118506337,0.26918348942512765,0.27206117927549867,0.27206117927549867,1e-15,10,"{""0.0001"": 0.1334191966038364, ""0.01"": 0.16668232078951353, ""1e-06"": 0.1334191966038364, ""1e-08"": 0.1334191966038364, ""1e-10"": 0.1334191966038364, ""1e-15"": 0.1334191966038364}"
explore_cycle_3_factor_1,42,33074,1,intermediate,20000,20000,experiments/strata_two_factor_explore_cycle_3/reward_factor_1_state_0/results/20260909T084527Z-64ab39a1/checkpoint_probes/steps_000033074/probe_battery.json,layer_1,factor_1,shuffled_training_labels,/layers/layer_1/shuffled_training_labels/factor_1,0.17921845183974258,0.1785676453452344,1.0036445935838485,-0.003644593583848721,-0.003644593583848499,0.2698647209249286,0.26785019479548366,-0.007521092642785332,-0.007521092642785332,0.01,10,"{""0.0001"": 0.17947860620587067, ""0.01"": 0.17896229031131936, ""1e-06"": 0.17947860620587067, ""1e-08"": 0.17947860620587067, ""1e-10"": 0.17947860620587067, ""1e-15"": 0.17947860620587067}"
explore_cycle_3_factor_1,42,33074,1,intermediate,20000,20000,experiments/strata_two_factor_explore_cycle_3/reward_factor_1_state_0/results/20260909T084527Z-64ab39a1/checkpoint_probes/steps_000033074/probe_battery.json,layer_1,factor_2,shuffled_training_labels,/layers/layer_1/shuffled_training_labels/factor_2,0.17964748190008784,0.17948092792750275,1.0009279758830552,-0.0009279758830551543,-0.0009279758830551543,0.26855134944848286,0.26918348942512765,0.0023483608819946378,0.0023483608819946378,0.01,10,"{""0.0001"": 0.1808128554966449, ""0.01"": 0.1803564032564454, ""1e-06"": 0.1808128554966449, ""1e-08"": 0.1808128554966449, ""1e-10"": 0.1808128554966449, ""1e-15"": 0.1808128554966449}"
explore_cycle_3_factor_1,42,33074,1,intermediate,20000,20000,experiments/strata_two_factor_explore_cycle_3/reward_factor_1_state_0/results/20260909T084527Z-64ab39a1/checkpoint_probes/steps_000033074/probe_battery.json,layer_2,factor_1,probe_fits,/layers/layer_2/probe_fits/factor_1,0.13103649439989037,0.1785676453452344,0.7338199153970503,0.26618008460294973,0.26618008460294973,0.2001922445198265,0.26785019479548366,0.2525962332314793,0.2525962332314793,1e-15,10,"{""0.0001"": 0.13213561545980582, ""0.01"": 0.15135165143305537, ""1e-06"": 0.13213561545980582, ""1e-08"": 0.13213561545980582, ""1e-10"": 0.13213561545980582, ""1e-15"": 0.13213561545980582}"
explore_cycle_3_factor_1,42,33074,1,intermediate,20000,20000,experiments/strata_two_factor_explore_cycle_3/reward_factor_1_state_0/results/20260909T084527Z-64ab39a1/checkpoint_probes/steps_000033074/probe_battery.json,layer_2,factor_2,probe_fits,/layers/layer_2/probe_fits/factor_2,0.13540540963862222,0.17948092792750275,0.7544278447976164,0.24557215520238374,0.24557215520238362,0.20126886583658724,0.26918348942512765,0.2522986225254005,0.2522986225254005,1e-15,10,"{""0.0001"": 0.13660054219877565, ""0.01"": 0.1708129381799663, ""1e-06"": 0.13660054219877565, ""1e-08"": 0.13660054219877565, ""1e-10"": 0.13660054219877565, ""1e-15"": 0.13660054219877565}"
explore_cycle_3_factor_1,42,33074,1,intermediate,20000,20000,experiments/strata_two_factor_explore_cycle_3/reward_factor_1_state_0/results/20260909T084527Z-64ab39a1/checkpoint_probes/steps_000033074/probe_battery.json,layer_2,factor_1,shuffled_training_labels,/layers/layer_2/shuffled_training_labels/factor_1,0.17935244859659052,0.1785676453452344,1.0043949913201735,-0.004394991320173514,-0.004394991320173514,0.2699126526812843,0.26785019479548366,-0.0077000425083708635,-0.0077000425083708635,0.01,10,"{""0.0001"": 0.1795738235257764, ""0.01"": 0.1789416448674262, ""1e-06"": 0.1795738235257764, ""1e-08"": 0.1795738235257764, ""1e-10"": 0.1795738235257764, ""1e-15"": 0.1795738235257764}"
explore_cycle_3_factor_1,42,33074,1,intermediate,20000,20000,experiments/strata_two_factor_explore_cycle_3/reward_factor_1_state_0/results/20260909T084527Z-64ab39a1/checkpoint_probes/steps_000033074/probe_battery.json,layer_2,factor_2,shuffled_training_labels,/layers/layer_2/shuffled_training_labels/factor_2,0.17997672932391331,0.17948092792750275,1.0027624182810713,-0.002762418281071044,-0.002762418281071266,0.2698447052466743,0.26918348942512765,-0.0024563758459286156,-0.0024563758459286156,0.01,10,"{""0.0001"": 0.1808331435083697, ""0.01"": 0.1804205054132507, ""1e-06"": 0.1808331435083697, ""1e-08"": 0.1808331435083697, ""1e-10"": 0.1808331435083697, ""1e-15"": 0.1808331435083697}"
explore_cycle_3_factor_1,42,33074,1,intermediate,20000,20000,experiments/strata_two_factor_explore_cycle_3/reward_factor_1_state_0/results/20260909T084527Z-64ab39a1/checkpoint_probes/steps_000033074/probe_battery.json,layer_3,factor_1,probe_fits,/layers/layer_3/probe_fits/factor_1,0.1315715665901247,0.1785676453452344,0.7368163831457281,0.26318361685427194,0.26318361685427194,0.20037618232831794,0.26785019479548366,0.2519095142666793,0.2519095142666793,1e-15,10,"{""0.0001"": 0.13271536372540663, ""0.01"": 0.16238242418271814, ""1e-06"": 0.13271536372540663, ""1e-08"": 0.13271536372540663, ""1e-10"": 0.13271536372540663, ""1e-15"": 0.13271536372540663}"
explore_cycle_3_factor_1,42,33074,1,intermediate,20000,20000,experiments/strata_two_factor_explore_cycle_3/reward_factor_1_state_0/results/20260909T084527Z-64ab39a1/checkpoint_probes/steps_000033074/probe_battery.json,layer_3,factor_2,probe_fits,/layers/layer_3/probe_fits/factor_2,0.13804330201972997,0.17948092792750275,0.7691251856881943,0.23087481431180568,0.23087481431180568,0.20758912097538168,0.26918348942512765,0.22881926592633095,0.22881926592633095,1e-15,10,"{""0.0001"": 0.1394876223623849, ""0.01"": 0.17789526161890493, ""1e-06"": 0.1394876223623849, ""1e-08"": 0.1394876223623849, ""1e-10"": 0.1394876223623849, ""1e-15"": 0.1394876223623849}"
explore_cycle_3_factor_1,42,33074,1,intermediate,20000,20000,experiments/strata_two_factor_explore_cycle_3/reward_factor_1_state_0/results/20260909T084527Z-64ab39a1/checkpoint_probes/steps_000033074/probe_battery.json,layer_3,factor_1,shuffled_training_labels,/layers/layer_3/shuffled_training_labels/factor_1,0.17938454515617808,0.1785676453452344,1.0045747358619437,-0.0045747358619436795,-0.0045747358619436795,0.2698919207296663,0.26785019479548366,-0.007622641214585002,-0.00762264121458478,0.01,10,"{""0.0001"": 0.17952943971654356, ""0.01"": 0.17891090613910915, ""1e-06"": 0.17952943971654356, ""1e-08"": 0.17952943971654356, ""1e-10"": 0.17952943971654356, ""1e-15"": 0.17952943971654356}"
explore_cycle_3_factor_1,42,33074,1,intermediate,20000,20000,experiments/strata_two_factor_explore_cycle_3/reward_factor_1_state_0/results/20260909T084527Z-64ab39a1/checkpoint_probes/steps_000033074/probe_battery.json,layer_3,factor_2,shuffled_training_labels,/layers/layer_3/shuffled_training_labels/factor_2,0.17959420457655603,0.17948092792750275,1.0006311347415087,-0.0006311347415086654,-0.0006311347415086654,0.26920146577632936,0.26918348942512765,-6.678103192769846e-05,-6.678103192769846e-05,0.01,10,"{""0.0001"": 0.18090599280565373, ""0.01"": 0.18036909845447946, ""1e-06"": 0.18090599280565373, ""1e-08"": 0.18090599280565373, ""1e-10"": 0.18090599280565373, ""1e-15"": 0.18090599280565373}"
explore_cycle_3_factor_1,42,33074,1,intermediate,20000,20000,experiments/strata_two_factor_explore_cycle_3/reward_factor_1_state_0/results/20260909T084527Z-64ab39a1/checkpoint_probes/steps_000033074/probe_battery.json,control,factor_1,current_token_preceding_action,/controls/current_token_preceding_action/factor_1,0.12851370134060144,0.1785676453452344,0.7196919749495437,0.28030802505045627,0.28030802505045627,0.1979317043344557,0.26785019479548366,0.261035802174473,0.2610358021744731,,,
explore_cycle_3_factor_1,42,33074,1,intermediate,20000,20000,experiments/strata_two_factor_explore_cycle_3/reward_factor_1_state_0/results/20260909T084527Z-64ab39a1/checkpoint_probes/steps_000033074/probe_battery.json,control,factor_2,current_token_preceding_action,/controls/current_token_preceding_action/factor_2,0.12894815936333753,0.17948092792750275,0.7184504830252673,0.28154951697473274,0.28154951697473274,0.1894460221051131,0.26918348942512765,0.2962197551205801,0.29621975512057996,,,
explore_cycle_3_factor_1,42,33074,1,intermediate,20000,20000,experiments/strata_two_factor_explore_cycle_3/reward_factor_1_state_0/results/20260909T084527Z-64ab39a1/checkpoint_probes/steps_000033074/probe_battery.json,control,factor_1,log_ntp,/controls/log_ntp/factor_1,0.07675741182155146,0.1785676453452344,0.4298506130444418,0.5701493869555583,0.5701493869555583,0.22373834819308605,0.26785019479548366,0.16468849924144757,0.16468849924144768,1e-15,10,"{""0.0001"": 0.07728272791558678, ""0.01"": 0.07728272791558678, ""1e-06"": 0.07728272791558678, ""1e-08"": 0.07728272791558678, ""1e-10"": 0.07728272791558678, ""1e-15"": 0.07728272791558678}"
explore_cycle_3_factor_1,42,33074,1,intermediate,20000,20000,experiments/strata_two_factor_explore_cycle_3/reward_factor_1_state_0/results/20260909T084527Z-64ab39a1/checkpoint_probes/steps_000033074/probe_battery.json,control,factor_2,log_ntp,/controls/log_ntp/factor_2,0.0776847113500438,0.17948092792750275,0.43282989589524956,0.5671701041047504,0.5671701041047504,0.22662169333971957,0.26918348942512765,0.15811443776252299,0.15811443776252287,1e-15,10,"{""0.0001"": 0.07825071255471323, ""0.01"": 0.07825071255471323, ""1e-06"": 0.07825071255471323, ""1e-08"": 0.07825071255471323, ""1e-10"": 0.07825071255471323, ""1e-15"": 0.07825071255471323}"
explore_cycle_3_factor_1,42,33074,1,intermediate,20000,20000,experiments/strata_two_factor_explore_cycle_3/reward_factor_1_state_0/results/20260909T084527Z-64ab39a1/checkpoint_probes/steps_000033074/probe_battery.json,control,factor_1,ntp,/controls/ntp/factor_1,0.08929796994619447,0.1785676453452344,0.5000792264105288,0.4999207735894712,0.4999207735894712,0.26789390983858347,0.26785019479548366,-0.00016320706107086913,-0.00016320706107086913,1e-15,10,"{""0.0001"": 0.09007350601702716, ""0.01"": 0.09007350601702716, ""1e-06"": 0.09007350601702716, ""1e-08"": 0.09007350601702716, ""1e-10"": 0.09007350601702716, ""1e-15"": 0.09007350601702716}"
explore_cycle_3_factor_1,42,33074,1,intermediate,20000,20000,experiments/strata_two_factor_explore_cycle_3/reward_factor_1_state_0/results/20260909T084527Z-64ab39a1/checkpoint_probes/steps_000033074/probe_battery.json,control,factor_2,ntp,/controls/ntp/factor_2,0.08973430633891932,0.17948092792750275,0.4999656920381282,0.5000343079618719,0.5000343079618719,0.269202919016758,0.26918348942512765,-7.217973016038215e-05,-7.21797301606042e-05,1e-15,10,"{""0.0001"": 0.0907316385930927, ""0.01"": 0.0907316385930927, ""1e-06"": 0.0907316385930927, ""1e-08"": 0.0907316385930927, ""1e-10"": 0.0907316385930927, ""1e-15"": 0.0907316385930927}"
explore_cycle_3_factor_1,42,33074,1,intermediate,20000,20000,experiments/strata_two_factor_explore_cycle_3/reward_factor_1_state_0/results/20260909T084527Z-64ab39a1/checkpoint_probes/steps_000033074/probe_battery.json,control,factor_1,train_mean,/controls/train_mean/factor_1,0.17858203026371988,0.1785676453452344,1.00008055725021,-8.0557250210056e-05,-8.0557250210056e-05,0.2678933464108747,0.26785019479548366,-0.00016110354306086982,-0.00016110354306064778,,,
explore_cycle_3_factor_1,42,33074,1,intermediate,20000,20000,experiments/strata_two_factor_explore_cycle_3/reward_factor_1_state_0/results/20260909T084527Z-64ab39a1/checkpoint_probes/steps_000033074/probe_battery.json,control,factor_2,train_mean,/controls/train_mean/factor_2,0.1794882832764632,0.17948092792750275,1.000040981228732,-4.098122873208432e-05,-4.098122873208432e-05,0.2692026489820734,0.26918348942512765,-7.117656802302363e-05,-7.117656802302363e-05,,,
explore_cycle_3_factor_1,42,66154,2,intermediate,20000,20000,experiments/strata_two_factor_explore_cycle_3/reward_factor_1_state_0/results/20260909T084527Z-64ab39a1/checkpoint_probes/steps_000066154/probe_battery.json,layer_1,factor_1,probe_fits,/layers/layer_1/probe_fits/factor_1,0.1295806713243217,0.17861805713832674,0.7254623267118556,0.27453767328814427,0.2745376732881444,0.19561302648771253,0.26709103969630066,0.2676166646768201,0.2676166646768201,1e-15,10,"{""0.0001"": 0.13111027933829808, ""0.01"": 0.1640108546322795, ""1e-06"": 0.13111027933829808, ""1e-08"": 0.13111027933829808, ""1e-10"": 0.13111027933829808, ""1e-15"": 0.13111027933829808}"
explore_cycle_3_factor_1,42,66154,2,intermediate,20000,20000,experiments/strata_two_factor_explore_cycle_3/reward_factor_1_state_0/results/20260909T084527Z-64ab39a1/checkpoint_probes/steps_000066154/probe_battery.json,layer_1,factor_2,probe_fits,/layers/layer_1/probe_fits/factor_2,0.13302631680805818,0.17981911878100618,0.7397784935764539,0.260221506423546,0.26022150642354613,0.19781097485978613,0.26914129920441854,0.26502927850718117,0.26502927850718117,1e-15,10,"{""0.0001"": 0.13249662975963522, ""0.01"": 0.1772921268094117, ""1e-06"": 0.13249662975963522, ""1e-08"": 0.13249662975963522, ""1e-10"": 0.13249662975963522, ""1e-15"": 0.13249662975963522}"
explore_cycle_3_factor_1,42,66154,2,intermediate,20000,20000,experiments/strata_two_factor_explore_cycle_3/reward_factor_1_state_0/results/20260909T084527Z-64ab39a1/checkpoint_probes/steps_000066154/probe_battery.json,layer_1,factor_1,shuffled_training_labels,/layers/layer_1/shuffled_training_labels/factor_1,0.1790686453700281,0.17861805713832674,1.0025226353870393,-0.0025226353870393403,-0.0025226353870393403,0.2683266665677221,0.26709103969630066,-0.004626238577027486,-0.004626238577027486,0.01,10,"{""0.0001"": 0.17978254857925885, ""0.01"": 0.17926734378026518, ""1e-06"": 0.17978254857925885, ""1e-08"": 0.17978254857925885, ""1e-10"": 0.17978254857925885, ""1e-15"": 0.17978254857925885}"
explore_cycle_3_factor_1,42,66154,2,intermediate,20000,20000,experiments/strata_two_factor_explore_cycle_3/reward_factor_1_state_0/results/20260909T084527Z-64ab39a1/checkpoint_probes/steps_000066154/probe_battery.json,layer_1,factor_2,shuffled_training_labels,/layers/layer_1/shuffled_training_labels/factor_2,0.17970909187181497,0.17981911878100618,0.9993881245223696,0.0006118754776305302,0.0006118754776304192,0.26875710316127954,0.26914129920441854,0.0014274882534739408,0.0014274882534738298,0.01,10,"{""0.0001"": 0.1790806657963895, ""0.01"": 0.17852943140061323, ""1e-06"": 0.1790806657963895, ""1e-08"": 0.1790806657963895, ""1e-10"": 0.1790806657963895, ""1e-15"": 0.1790806657963895}"
explore_cycle_3_factor_1,42,66154,2,intermediate,20000,20000,experiments/strata_two_factor_explore_cycle_3/reward_factor_1_state_0/results/20260909T084527Z-64ab39a1/checkpoint_probes/steps_000066154/probe_battery.json,layer_2,factor_1,probe_fits,/layers/layer_2/probe_fits/factor_1,0.13027299879432488,0.17861805713832674,0.7293383484371789,0.27066165156282096,0.27066165156282107,0.19596146204785905,0.26709103969630066,0.26631210739723965,0.26631210739723965,1e-15,10,"{""0.0001"": 0.1319278774201398, ""0.01"": 0.1786044145101771, ""1e-06"": 0.1319278774201398, ""1e-08"": 0.1319278774201398, ""1e-10"": 0.1319278774201398, ""1e-15"": 0.1319278774201398}"
explore_cycle_3_factor_1,42,66154,2,intermediate,20000,20000,experiments/strata_two_factor_explore_cycle_3/reward_factor_1_state_0/results/20260909T084527Z-64ab39a1/checkpoint_probes/steps_000066154/probe_battery.json,layer_2,factor_2,probe_fits,/layers/layer_2/probe_fits/factor_2,0.13427605588456965,0.17981911878100618,0.7467284724495762,0.2532715275504239,0.2532715275504238,0.1992022861279864,0.26914129920441854,0.2598598330437276,0.2598598330437276,1e-15,10,"{""0.0001"": 0.1333839350021848, ""0.01"": 0.17834622378926124, ""1e-06"": 0.1333839350021848, ""1e-08"": 0.1333839350021848, ""1e-10"": 0.1333839350021848, ""1e-15"": 0.1333839350021848}"
explore_cycle_3_factor_1,42,66154,2,intermediate,20000,20000,experiments/strata_two_factor_explore_cycle_3/reward_factor_1_state_0/results/20260909T084527Z-64ab39a1/checkpoint_probes/steps_000066154/probe_battery.json,layer_2,factor_1,shuffled_training_labels,/layers/layer_2/shuffled_training_labels/factor_1,0.17872997343233013,0.17861805713832674,1.0006265676370936,-0.0006265676370935669,-0.0006265676370935669,0.26717386073990845,0.26709103969630066,-0.0003100854439068712,-0.0003100854439068712,0.01,10,"{""0.0001"": 0.17974375856493544, ""0.01"": 0.17924018448160908, ""1e-06"": 0.17974375856493544, ""1e-08"": 0.17974375856493544, ""1e-10"": 0.17974375856493544, ""1e-15"": 0.17974375856493544}"
explore_cycle_3_factor_1,42,66154,2,intermediate,20000,20000,experiments/strata_two_factor_explore_cycle_3/reward_factor_1_state_0/results/20260909T084527Z-64ab39a1/checkpoint_probes/steps_000066154/probe_battery.json,layer_2,factor_2,shuffled_training_labels,/layers/layer_2/shuffled_training_labels/factor_2,0.17988820415099147,0.17981911878100618,1.000384193685597,-0.00038419368559705624,-0.00038419368559705624,0.26915737908783605,0.26914129920441854,-5.974513560347283e-05,-5.974513560369488e-05,0.01,10,"{""0.0001"": 0.1790601577224856, ""0.01"": 0.1784687046037922, ""1e-06"": 0.1790601577224856, ""1e-08"": 0.1790601577224856, ""1e-10"": 0.1790601577224856, ""1e-15"": 0.1790601577224856}"
explore_cycle_3_factor_1,42,66154,2,intermediate,20000,20000,experiments/strata_two_factor_explore_cycle_3/reward_factor_1_state_0/results/20260909T084527Z-64ab39a1/checkpoint_probes/steps_000066154/probe_battery.json,layer_3,factor_1,probe_fits,/layers/layer_3/probe_fits/factor_1,0.1303329302557812,0.17861805713832674,0.7296738770081224,0.27032612299187764,0.27032612299187764,0.1959376963835722,0.26709103969630066,0.26640108703621923,0.2664010870362191,1e-15,10,"{""0.0001"": 0.13194937280521615, ""0.01"": 0.17863574665096643, ""1e-06"": 0.13194937280521615, ""1e-08"": 0.13194937280521615, ""1e-10"": 0.13194937280521615, ""1e-15"": 0.13194937280521615}"
explore_cycle_3_factor_1,42,66154,2,intermediate,20000,20000,experiments/strata_two_factor_explore_cycle_3/reward_factor_1_state_0/results/20260909T084527Z-64ab39a1/checkpoint_probes/steps_000066154/probe_battery.json,layer_3,factor_2,probe_fits,/layers/layer_3/probe_fits/factor_2,0.1343709799136954,0.17981911878100618,0.7472563586374813,0.2527436413625187,0.2527436413625187,0.19928902494646236,0.26914129920441854,0.25953755319023675,0.25953755319023664,1e-15,10,"{""0.0001"": 0.1332852821326823, ""0.01"": 0.17832148477849133, ""1e-06"": 0.1332852821326823, ""1e-08"": 0.1332852821326823, ""1e-10"": 0.1332852821326823, ""1e-15"": 0.1332852821326823}"
explore_cycle_3_factor_1,42,66154,2,intermediate,20000,20000,experiments/strata_two_factor_explore_cycle_3/reward_factor_1_state_0/results/20260909T084527Z-64ab39a1/checkpoint_probes/steps_000066154/probe_battery.json,layer_3,factor_1,shuffled_training_labels,/layers/layer_3/shuffled_training_labels/factor_1,0.17871565171164042,0.17861805713832674,1.0005463869380131,-0.0005463869380133435,-0.0005463869380131214,0.2671325688127943,0.26709103969630066,-0.00015548674542142926,-0.00015548674542142926,0.01,10,"{""0.0001"": 0.17973510761345363, ""0.01"": 0.17923742501581727, ""1e-06"": 0.17973510761345363, ""1e-08"": 0.17973510761345363, ""1e-10"": 0.17973510761345363, ""1e-15"": 0.17973510761345363}"
explore_cycle_3_factor_1,42,66154,2,intermediate,20000,20000,experiments/strata_two_factor_explore_cycle_3/reward_factor_1_state_0/results/20260909T084527Z-64ab39a1/checkpoint_probes/steps_000066154/probe_battery.json,layer_3,factor_2,shuffled_training_labels,/layers/layer_3/shuffled_training_labels/factor_2,0.17988179576297644,0.17981911878100618,1.0003485557175185,-0.0003485557175184617,-0.0003485557175184617,0.2691540408167327,0.26914129920441854,-4.734172106557466e-05,-4.734172106557466e-05,0.01,10,"{""0.0001"": 0.17904424299538857, ""0.01"": 0.1784639178596411, ""1e-06"": 0.17904424299538857, ""1e-08"": 0.17904424299538857, ""1e-10"": 0.17904424299538857, ""1e-15"": 0.17904424299538857}"
explore_cycle_3_factor_1,42,66154,2,intermediate,20000,20000,experiments/strata_two_factor_explore_cycle_3/reward_factor_1_state_0/results/20260909T084527Z-64ab39a1/checkpoint_probes/steps_000066154/probe_battery.json,control,factor_1,current_token_preceding_action,/controls/current_token_preceding_action/factor_1,0.12762109189087553,0.17861805713832674,0.7144915465743883,0.2855084534256116,0.2855084534256117,0.19380812122126995,0.26709103969630066,0.2743743053243495,0.27437430532434937,,,
explore_cycle_3_factor_1,42,66154,2,intermediate,20000,20000,experiments/strata_two_factor_explore_cycle_3/reward_factor_1_state_0/results/20260909T084527Z-64ab39a1/checkpoint_probes/steps_000066154/probe_battery.json,control,factor_2,current_token_preceding_action,/controls/current_token_preceding_action/factor_2,0.129243134225956,0.17981911878100618,0.7187396707429957,0.2812603292570043,0.2812603292570043,0.19374718099482438,0.26914129920441854,0.280128387699915,0.2801283876999149,,,
explore_cycle_3_factor_1,42,66154,2,intermediate,20000,20000,experiments/strata_two_factor_explore_cycle_3/reward_factor_1_state_0/results/20260909T084527Z-64ab39a1/checkpoint_probes/steps_000066154/probe_battery.json,control,factor_1,log_ntp,/controls/log_ntp/factor_1,0.07700078429282378,0.17861805713832674,0.43109182535331386,0.5689081746466862,0.5689081746466862,0.22444327910245876,0.26709103969630066,0.15967499562072596,0.15967499562072573,1e-15,10,"{""0.0001"": 0.07770732911373399, ""0.01"": 0.07770732911373399, ""1e-06"": 0.07770732911373399, ""1e-08"": 0.07770732911373399, ""1e-10"": 0.07770732911373399, ""1e-15"": 0.07770732911373399}"
explore_cycle_3_factor_1,42,66154,2,intermediate,20000,20000,experiments/strata_two_factor_explore_cycle_3/reward_factor_1_state_0/results/20260909T084527Z-64ab39a1/checkpoint_probes/steps_000066154/probe_battery.json,control,factor_2,log_ntp,/controls/log_ntp/factor_2,0.07729155520601162,0.17981911878100618,0.42982946268434125,0.5701705373156588,0.5701705373156587,0.2254196310991845,0.26914129920441854,0.16244875176896023,0.16244875176896023,1e-15,10,"{""0.0001"": 0.076926065362498, ""0.01"": 0.076926065362498, ""1e-06"": 0.076926065362498, ""1e-08"": 0.076926065362498, ""1e-10"": 0.076926065362498, ""1e-15"": 0.076926065362498}"
explore_cycle_3_factor_1,42,66154,2,intermediate,20000,20000,experiments/strata_two_factor_explore_cycle_3/reward_factor_1_state_0/results/20260909T084527Z-64ab39a1/checkpoint_probes/steps_000066154/probe_battery.json,control,factor_1,ntp,/controls/ntp/factor_1,0.08903711872406099,0.17861805713832674,0.49847770236974526,0.5015222976302547,0.5015222976302547,0.26711135617218296,0.26709103969630066,-7.606573363672098e-05,-7.606573363672098e-05,1e-15,10,"{""0.0001"": 0.09005998019551276, ""0.01"": 0.09005998019551276, ""1e-06"": 0.09005998019551276, ""1e-08"": 0.09005998019551276, ""1e-10"": 0.09005998019551276, ""1e-15"": 0.09005998019551276}"
explore_cycle_3_factor_1,42,66154,2,intermediate,20000,20000,experiments/strata_two_factor_explore_cycle_3/reward_factor_1_state_0/results/20260909T084527Z-64ab39a1/checkpoint_probes/steps_000066154/probe_battery.json,control,factor_2,ntp,/controls/ntp/factor_2,0.0897145321188586,0.17981911878100618,0.49891542527309346,0.5010845747269066,0.5010845747269066,0.2691435963565758,0.26914129920441854,-8.535115807450921e-06,-8.535115807450921e-06,1e-15,10,"{""0.0001"": 0.0891550330364245, ""0.01"": 0.0891550330364245, ""1e-06"": 0.0891550330364245, ""1e-08"": 0.0891550330364245, ""1e-10"": 0.0891550330364245, ""1e-15"": 0.0891550330364245}"
explore_cycle_3_factor_1,42,66154,2,intermediate,20000,20000,experiments/strata_two_factor_explore_cycle_3/reward_factor_1_state_0/results/20260909T084527Z-64ab39a1/checkpoint_probes/steps_000066154/probe_battery.json,control,factor_1,train_mean,/controls/train_mean/factor_1,0.17863172644206032,0.17861805713832674,1.0000765281178878,-7.65281178880528e-05,-7.652811788783076e-05,0.2671293988568396,0.26709103969630066,-0.00014361829802522763,-0.00014361829802522763,,,
explore_cycle_3_factor_1,42,66154,2,intermediate,20000,20000,experiments/strata_two_factor_explore_cycle_3/reward_factor_1_state_0/results/20260909T084527Z-64ab39a1/checkpoint_probes/steps_000066154/probe_battery.json,control,factor_2,train_mean,/controls/train_mean/factor_2,0.1798247930901531,0.17981911878100618,1.0000315556498407,-3.15556498406977e-05,-3.15556498406977e-05,0.2691432749406896,0.26914129920441854,-7.340888510620758e-06,-7.340888510620758e-06,,,
explore_cycle_3_factor_1,42,132080,4,intermediate,20000,20000,experiments/strata_two_factor_explore_cycle_3/reward_factor_1_state_0/results/20260909T084527Z-64ab39a1/checkpoint_probes/steps_000132080/probe_battery.json,layer_1,factor_1,probe_fits,/layers/layer_1/probe_fits/factor_1,0.13062767414437498,0.178818023160032,0.7305061975071193,0.2694938024928807,0.2694938024928807,0.19652583659101183,0.2686837225113629,0.26856069004068317,0.2685606900406833,1e-15,10,"{""0.0001"": 0.13158914932238644, ""0.01"": 0.16540242433715663, ""1e-06"": 0.13158914932238644, ""1e-08"": 0.13158914932238644, ""1e-10"": 0.13158914932238644, ""1e-15"": 0.13158914932238644}"
explore_cycle_3_factor_1,42,132080,4,intermediate,20000,20000,experiments/strata_two_factor_explore_cycle_3/reward_factor_1_state_0/results/20260909T084527Z-64ab39a1/checkpoint_probes/steps_000132080/probe_battery.json,layer_1,factor_2,probe_fits,/layers/layer_1/probe_fits/factor_2,0.13212260858913327,0.1786651299280733,0.7394985727899057,0.2605014272100943,0.2605014272100943,0.20014884444626496,0.2678243838099328,0.2526862505980605,0.2526862505980605,1e-15,10,"{""0.0001"": 0.13287408847170407, ""0.01"": 0.1795156156598911, ""1e-06"": 0.13287408847170407, ""1e-08"": 0.13287408847170407, ""1e-10"": 0.13287408847170407, ""1e-15"": 0.13287408847170407}"
explore_cycle_3_factor_1,42,132080,4,intermediate,20000,20000,experiments/strata_two_factor_explore_cycle_3/reward_factor_1_state_0/results/20260909T084527Z-64ab39a1/checkpoint_probes/steps_000132080/probe_battery.json,layer_1,factor_1,shuffled_training_labels,/layers/layer_1/shuffled_training_labels/factor_1,0.17867097434886436,0.178818023160032,0.9991776622480831,0.0008223377519168684,0.0008223377519168684,0.2681395932780131,0.2686837225113629,0.0020251663489839755,0.0020251663489840865,0.01,10,"{""0.0001"": 0.17960508247011692, ""0.01"": 0.17908004570228903, ""1e-06"": 0.17960508247011692, ""1e-08"": 0.17960508247011692, ""1e-10"": 0.17960508247011692, ""1e-15"": 0.17960508247011692}"
explore_cycle_3_factor_1,42,132080,4,intermediate,20000,20000,experiments/strata_two_factor_explore_cycle_3/reward_factor_1_state_0/results/20260909T084527Z-64ab39a1/checkpoint_probes/steps_000132080/probe_battery.json,layer_1,factor_2,shuffled_training_labels,/layers/layer_1/shuffled_training_labels/factor_2,0.17895084923050303,0.1786651299280733,1.0015991889550286,-0.0015991889550286409,-0.0015991889550286409,0.2681948353431987,0.2678243838099328,-0.0013831882220582958,-0.0013831882220582958,0.01,10,"{""0.0001"": 0.18094726752993467, ""0.01"": 0.18037049940587607, ""1e-06"": 0.18094726752993467, ""1e-08"": 0.18094726752993467, ""1e-10"": 0.18094726752993467, ""1e-15"": 0.18094726752993467}"
explore_cycle_3_factor_1,42,132080,4,intermediate,20000,20000,experiments/strata_two_factor_explore_cycle_3/reward_factor_1_state_0/results/20260909T084527Z-64ab39a1/checkpoint_probes/steps_000132080/probe_battery.json,layer_2,factor_1,probe_fits,/layers/layer_2/probe_fits/factor_1,0.13155772323014903,0.178818023160032,0.7357072900443168,0.2642927099556833,0.2642927099556832,0.19753554115295946,0.2686837225113629,0.26480272304324093,0.26480272304324104,1e-15,10,"{""0.0001"": 0.13236546425438, ""0.01"": 0.17862699630013107, ""1e-06"": 0.13236546425438, ""1e-08"": 0.13236546425438, ""1e-10"": 0.13236546425438, ""1e-15"": 0.13236546425438}"
explore_cycle_3_factor_1,42,132080,4,intermediate,20000,20000,experiments/strata_two_factor_explore_cycle_3/reward_factor_1_state_0/results/20260909T084527Z-64ab39a1/checkpoint_probes/steps_000132080/probe_battery.json,layer_2,factor_2,probe_fits,/layers/layer_2/probe_fits/factor_2,0.1334603247250234,0.1786651299280733,0.7469858543676186,0.25301414563238145,0.25301414563238145,0.20159530978633228,0.2678243838099328,0.247285452808514,0.2472854528085141,1e-15,10,"{""0.0001"": 0.13413658619352897, ""0.01"": 0.1801520670683016, ""1e-06"": 0.13413658619352897, ""1e-08"": 0.13413658619352897, ""1e-10"": 0.13413658619352897, ""1e-15"": 0.13413658619352897}"
explore_cycle_3_factor_1,42,132080,4,intermediate,20000,20000,experiments/strata_two_factor_explore_cycle_3/reward_factor_1_state_0/results/20260909T084527Z-64ab39a1/checkpoint_probes/steps_000132080/probe_battery.json,layer_2,factor_1,shuffled_training_labels,/layers/layer_2/shuffled_training_labels/factor_1,0.17895665485810303,0.178818023160032,1.0007752669200853,-0.0007752669200851159,-0.0007752669200853379,0.2689230084143439,0.2686837225113629,-0.0008905857814698326,-0.0008905857814698326,0.01,10,"{""0.0001"": 0.1796065382222249, ""0.01"": 0.17905432729451642, ""1e-06"": 0.1796065382222249, ""1e-08"": 0.1796065382222249, ""1e-10"": 0.1796065382222249, ""1e-15"": 0.1796065382222249}"
explore_cycle_3_factor_1,42,132080,4,intermediate,20000,20000,experiments/strata_two_factor_explore_cycle_3/reward_factor_1_state_0/results/20260909T084527Z-64ab39a1/checkpoint_probes/steps_000132080/probe_battery.json,layer_2,factor_2,shuffled_training_labels,/layers/layer_2/shuffled_training_labels/factor_2,0.17880014480620027,0.1786651299280733,1.0007556867877987,-0.0007556867877986928,-0.0007556867877986928,0.26814660545839575,0.2678243838099328,-0.0012031079615650864,-0.0012031079615648643,0.01,10,"{""0.0001"": 0.18097983208784885, ""0.01"": 0.18032943929634707, ""1e-06"": 0.18097983208784885, ""1e-08"": 0.18097983208784885, ""1e-10"": 0.18097983208784885, ""1e-15"": 0.18097983208784885}"
explore_cycle_3_factor_1,42,132080,4,intermediate,20000,20000,experiments/strata_two_factor_explore_cycle_3/reward_factor_1_state_0/results/20260909T084527Z-64ab39a1/checkpoint_probes/steps_000132080/probe_battery.json,layer_3,factor_1,probe_fits,/layers/layer_3/probe_fits/factor_1,0.13164668710902622,0.178818023160032,0.736204800738737,0.26379519926126305,0.26379519926126305,0.19772800134875912,0.2686837225113629,0.264086415430704,0.264086415430704,1e-15,10,"{""0.0001"": 0.13290488476788712, ""0.01"": 0.1789690157844135, ""1e-06"": 0.1325045229052701, ""1e-08"": 0.1325045229052701, ""1e-10"": 0.1325045229052701, ""1e-15"": 0.1325045229052701}"
explore_cycle_3_factor_1,42,132080,4,intermediate,20000,20000,experiments/strata_two_factor_explore_cycle_3/reward_factor_1_state_0/results/20260909T084527Z-64ab39a1/checkpoint_probes/steps_000132080/probe_battery.json,layer_3,factor_2,probe_fits,/layers/layer_3/probe_fits/factor_2,0.13342336618629422,0.1786651299280733,0.7467789950955039,0.25322100490449606,0.25322100490449606,0.20178272450637938,0.2678243838099328,0.24658568560516603,0.24658568560516603,1e-15,10,"{""0.0001"": 0.13402471304332259, ""0.01"": 0.1802680517993858, ""1e-06"": 0.13402184120908261, ""1e-08"": 0.13402184120908261, ""1e-10"": 0.13402184120908261, ""1e-15"": 0.13402184120908261}"
explore_cycle_3_factor_1,42,132080,4,intermediate,20000,20000,experiments/strata_two_factor_explore_cycle_3/reward_factor_1_state_0/results/20260909T084527Z-64ab39a1/checkpoint_probes/steps_000132080/probe_battery.json,layer_3,factor_1,shuffled_training_labels,/layers/layer_3/shuffled_training_labels/factor_1,0.17886186544009797,0.178818023160032,1.0002451781945196,-0.0002451781945196352,-0.0002451781945196352,0.2687732623348554,0.2686837225113629,-0.00033325362123015623,-0.0003332536212299342,0.01,10,"{""0.0001"": 0.179593950772714, ""0.01"": 0.1789821575798811, ""1e-06"": 0.1796074832505986, ""1e-08"": 0.1796074832505986, ""1e-10"": 0.1796074832505986, ""1e-15"": 0.1796074832505986}"
explore_cycle_3_factor_1,42,132080,4,intermediate,20000,20000,experiments/strata_two_factor_explore_cycle_3/reward_factor_1_state_0/results/20260909T084527Z-64ab39a1/checkpoint_probes/steps_000132080/probe_battery.json,layer_3,factor_2,shuffled_training_labels,/layers/layer_3/shuffled_training_labels/factor_2,0.17870317946437855,0.1786651299280733,1.0002129656543535,-0.0002129656543534697,-0.0002129656543534697,0.2678910360602379,0.2678243838099328,-0.0002488655041672505,-0.00024886550416702846,0.01,10,"{""0.0001"": 0.1809728017633193, ""0.01"": 0.18027295716551034, ""1e-06"": 0.1809831812603923, ""1e-08"": 0.1809831812603923, ""1e-10"": 0.1809831812603923, ""1e-15"": 0.1809831812603923}"
explore_cycle_3_factor_1,42,132080,4,intermediate,20000,20000,experiments/strata_two_factor_explore_cycle_3/reward_factor_1_state_0/results/20260909T084527Z-64ab39a1/checkpoint_probes/steps_000132080/probe_battery.json,control,factor_1,current_token_preceding_action,/controls/current_token_preceding_action/factor_1,0.12849239591549533,0.178818023160032,0.718565129201221,0.28143487079877894,0.28143487079877905,0.1947049481457976,0.2686837225113629,0.27533776022638157,0.2753377602263817,,,
explore_cycle_3_factor_1,42,132080,4,intermediate,20000,20000,experiments/strata_two_factor_explore_cycle_3/reward_factor_1_state_0/results/20260909T084527Z-64ab39a1/checkpoint_probes/steps_000132080/probe_battery.json,control,factor_2,current_token_preceding_action,/controls/current_token_preceding_action/factor_2,0.12887522114502498,0.1786651299280733,0.7213227404637231,0.278677259536277,0.27867725953627687,0.19516117918958312,0.2678243838099328,0.2713091451445908,0.2713091451445909,,,
explore_cycle_3_factor_1,42,132080,4,intermediate,20000,20000,experiments/strata_two_factor_explore_cycle_3/reward_factor_1_state_0/results/20260909T084527Z-64ab39a1/checkpoint_probes/steps_000132080/probe_battery.json,control,factor_1,log_ntp,/controls/log_ntp/factor_1,0.07758119862236468,0.178818023160032,0.4338555882196164,0.5661444117803835,0.5661444117803835,0.2262216847470268,0.2686837225113629,0.15803725423872794,0.15803725423872794,1e-15,10,"{""0.0001"": 0.07783136881513217, ""0.01"": 0.07783136881513217, ""1e-06"": 0.07783136881513217, ""1e-08"": 0.07783136881513217, ""1e-10"": 0.07783136881513217, ""1e-15"": 0.07783136881513217}"
explore_cycle_3_factor_1,42,132080,4,intermediate,20000,20000,experiments/strata_two_factor_explore_cycle_3/reward_factor_1_state_0/results/20260909T084527Z-64ab39a1/checkpoint_probes/steps_000132080/probe_battery.json,control,factor_2,log_ntp,/controls/log_ntp/factor_2,0.07705290329309103,0.1786651299280733,0.431269959191874,0.568730040808126,0.568730040808126,0.2246601408639187,0.2678243838099328,0.16116621769826034,0.16116621769826045,1e-15,10,"{""0.0001"": 0.07734190126074283, ""0.01"": 0.07734190126074283, ""1e-06"": 0.07734190126074283, ""1e-08"": 0.07734190126074283, ""1e-10"": 0.07734190126074283, ""1e-15"": 0.07734190126074283}"
explore_cycle_3_factor_1,42,132080,4,intermediate,20000,20000,experiments/strata_two_factor_explore_cycle_3/reward_factor_1_state_0/results/20260909T084527Z-64ab39a1/checkpoint_probes/steps_000132080/probe_battery.json,control,factor_1,ntp,/controls/ntp/factor_1,0.08959776938909728,0.178818023160032,0.5010555860407446,0.4989444139592554,0.4989444139592554,0.2687933081672919,0.2686837225113629,-0.0004078611644380281,-0.0004078611644380281,1e-15,10,"{""0.0001"": 0.0903980828065335, ""0.01"": 0.0903980828065335, ""1e-06"": 0.0903980828065335, ""1e-08"": 0.0903980828065335, ""1e-10"": 0.0903980828065335, ""1e-15"": 0.0903980828065335}"
explore_cycle_3_factor_1,42,132080,4,intermediate,20000,20000,experiments/strata_two_factor_explore_cycle_3/reward_factor_1_state_0/results/20260909T084527Z-64ab39a1/checkpoint_probes/steps_000132080/probe_battery.json,control,factor_2,ntp,/controls/ntp/factor_2,0.08930238014442769,0.1786651299280733,0.4998310536609964,0.5001689463390036,0.5001689463390036,0.2679071404332831,0.2678243838099328,-0.0003089958508373236,-0.0003089958508373236,1e-15,10,"{""0.0001"": 0.08938324131719982, ""0.01"": 0.08938324131719982, ""1e-06"": 0.08938324131719982, ""1e-08"": 0.08938324131719982, ""1e-10"": 0.08938324131719982, ""1e-15"": 0.08938324131719982}"
explore_cycle_3_factor_1,42,132080,4,intermediate,20000,20000,experiments/strata_two_factor_explore_cycle_3/reward_factor_1_state_0/results/20260909T084527Z-64ab39a1/checkpoint_probes/steps_000132080/probe_battery.json,control,factor_1,train_mean,/controls/train_mean/factor_1,0.17885449446132567,0.178818023160032,1.0002039576360882,-0.00020395763608815898,-0.00020395763608815898,0.2687749711733132,0.2686837225113629,-0.0003396136583841969,-0.00033961365838397484,,,
explore_cycle_3_factor_1,42,132080,4,intermediate,20000,20000,experiments/strata_two_factor_explore_cycle_3/reward_factor_1_state_0/results/20260909T084527Z-64ab39a1/checkpoint_probes/steps_000132080/probe_battery.json,control,factor_2,train_mean,/controls/train_mean/factor_2,0.17869486446300265,0.1786651299280733,1.000166426067254,-0.00016642606725403297,-0.00016642606725403297,0.2678908000932674,0.2678243838099328,-0.0002479844530578479,-0.00024798445305762584,,,
explore_cycle_3_factor_1,42,264407,8,intermediate,20000,20000,experiments/strata_two_factor_explore_cycle_3/reward_factor_1_state_0/results/20260909T084527Z-64ab39a1/checkpoint_probes/steps_000264407/probe_battery.json,layer_1,factor_1,probe_fits,/layers/layer_1/probe_fits/factor_1,0.1308326134549368,0.17968101870901132,0.7281381995435855,0.2718618004564144,0.2718618004564145,0.19446870049790932,0.2709376164910911,0.28223809223514085,0.28223809223514085,1e-15,10,"{""0.0001"": 0.1305486134578796, ""0.01"": 0.15352877770190962, ""1e-06"": 0.1305486134578796, ""1e-08"": 0.1305486134578796, ""1e-10"": 0.1305486134578796, ""1e-15"": 0.1305486134578796}"
explore_cycle_3_factor_1,42,264407,8,intermediate,20000,20000,experiments/strata_two_factor_explore_cycle_3/reward_factor_1_state_0/results/20260909T084527Z-64ab39a1/checkpoint_probes/steps_000264407/probe_battery.json,layer_1,factor_2,probe_fits,/layers/layer_1/probe_fits/factor_2,0.13275483345566752,0.1794733394322412,0.7396911088612586,0.26030889113874156,0.26030889113874145,0.20352904231103822,0.26819203151837384,0.2411070487114959,0.24110704871149602,1e-15,10,"{""0.0001"": 0.1333246262063003, ""0.01"": 0.1796026455670918, ""1e-06"": 0.1333246262063003, ""1e-08"": 0.1333246262063003, ""1e-10"": 0.1333246262063003, ""1e-15"": 0.1333246262063003}"
explore_cycle_3_factor_1,42,264407,8,intermediate,20000,20000,experiments/strata_two_factor_explore_cycle_3/reward_factor_1_state_0/results/20260909T084527Z-64ab39a1/checkpoint_probes/steps_000264407/probe_battery.json,layer_1,factor_1,shuffled_training_labels,/layers/layer_1/shuffled_training_labels/factor_1,0.18010019096122332,0.17968101870901132,1.0023328688540598,-0.002332868854060033,-0.002332868854059811,0.27262215955632124,0.2709376164910911,-0.006217457313778096,-0.006217457313778096,0.01,10,"{""0.0001"": 0.17997454137280106, ""0.01"": 0.1794086685782999, ""1e-06"": 0.17997454137280106, ""1e-08"": 0.17997454137280106, ""1e-10"": 0.17997454137280106, ""1e-15"": 0.17997454137280106}"
explore_cycle_3_factor_1,42,264407,8,intermediate,20000,20000,experiments/strata_two_factor_explore_cycle_3/reward_factor_1_state_0/results/20260909T084527Z-64ab39a1/checkpoint_probes/steps_000264407/probe_battery.json,layer_1,factor_2,shuffled_training_labels,/layers/layer_1/shuffled_training_labels/factor_2,0.17945617528104443,0.1794733394322412,0.9999043637832167,9.563621678343459e-05,9.563621678332357e-05,0.26835156289599,0.26819203151837384,-0.0005948401103230694,-0.0005948401103230694,0.01,10,"{""0.0001"": 0.18053896153503488, ""0.01"": 0.17994730651931934, ""1e-06"": 0.18053896153503488, ""1e-08"": 0.18053896153503488, ""1e-10"": 0.18053896153503488, ""1e-15"": 0.18053896153503488}"
explore_cycle_3_factor_1,42,264407,8,intermediate,20000,20000,experiments/strata_two_factor_explore_cycle_3/reward_factor_1_state_0/results/20260909T084527Z-64ab39a1/checkpoint_probes/steps_000264407/probe_battery.json,layer_2,factor_1,probe_fits,/layers/layer_2/probe_fits/factor_1,0.13125522056505934,0.17968101870901132,0.7304901848181511,0.2695098151818488,0.2695098151818489,0.195022514034218,0.2709376164910911,0.28019402931216575,0.28019402931216575,1e-15,10,"{""0.0001"": 0.13089970348131508, ""0.01"": 0.17931963968843637, ""1e-06"": 0.13089970348131508, ""1e-08"": 0.13089970348131508, ""1e-10"": 0.13089970348131508, ""1e-15"": 0.13089970348131508}"
explore_cycle_3_factor_1,42,264407,8,intermediate,20000,20000,experiments/strata_two_factor_explore_cycle_3/reward_factor_1_state_0/results/20260909T084527Z-64ab39a1/checkpoint_probes/steps_000264407/probe_battery.json,layer_2,factor_2,probe_fits,/layers/layer_2/probe_fits/factor_2,0.13361414028658028,0.1794733394322412,0.7444790446829864,0.2555209553170137,0.2555209553170136,0.20457258659602143,0.26819203151837384,0.23721601481658416,0.23721601481658428,1e-15,10,"{""0.0001"": 0.13421061527910977, ""0.01"": 0.17993429681723855, ""1e-06"": 0.13421061527910977, ""1e-08"": 0.13421061527910977, ""1e-10"": 0.13421061527910977, ""1e-15"": 0.13421061527910977}"
explore_cycle_3_factor_1,42,264407,8,intermediate,20000,20000,experiments/strata_two_factor_explore_cycle_3/reward_factor_1_state_0/results/20260909T084527Z-64ab39a1/checkpoint_probes/steps_000264407/probe_battery.json,layer_2,factor_1,shuffled_training_labels,/layers/layer_2/shuffled_training_labels/factor_1,0.17966210542211536,0.17968101870901132,0.9998947396501208,0.00010526034987912158,0.0001052603498792326,0.27085278303188104,0.2709376164910911,0.0003131106721492305,0.0003131106721493415,0.01,10,"{""0.0001"": 0.1799926796396517, ""0.01"": 0.17936465867653625, ""1e-06"": 0.1799926796396517, ""1e-08"": 0.1799926796396517, ""1e-10"": 0.1799926796396517, ""1e-15"": 0.1799926796396517}"
explore_cycle_3_factor_1,42,264407,8,intermediate,20000,20000,experiments/strata_two_factor_explore_cycle_3/reward_factor_1_state_0/results/20260909T084527Z-64ab39a1/checkpoint_probes/steps_000264407/probe_battery.json,layer_2,factor_2,shuffled_training_labels,/layers/layer_2/shuffled_training_labels/factor_2,0.1794973351491153,0.1794733394322412,1.0001337007320976,-0.00013370073209761912,-0.00013370073209761912,0.2682544690694966,0.26819203151837384,-0.00023280912102174867,-0.00023280912102152662,0.01,10,"{""0.0001"": 0.18053686765319532, ""0.01"": 0.17991457779116166, ""1e-06"": 0.18053686765319532, ""1e-08"": 0.18053686765319532, ""1e-10"": 0.18053686765319532, ""1e-15"": 0.18053686765319532}"
explore_cycle_3_factor_1,42,264407,8,intermediate,20000,20000,experiments/strata_two_factor_explore_cycle_3/reward_factor_1_state_0/results/20260909T084527Z-64ab39a1/checkpoint_probes/steps_000264407/probe_battery.json,layer_3,factor_1,probe_fits,/layers/layer_3/probe_fits/factor_1,0.13135382799146328,0.17968101870901132,0.7310389763772842,0.2689610236227157,0.2689610236227158,0.19511639444664064,0.2709376164910911,0.27984752736223906,0.27984752736223906,1e-15,10,"{""0.0001"": 0.13140338792661116, ""0.01"": 0.17934682269069177, ""1e-06"": 0.131067791425247, ""1e-08"": 0.131067791425247, ""1e-10"": 0.131067791425247, ""1e-15"": 0.131067791425247}"
explore_cycle_3_factor_1,42,264407,8,intermediate,20000,20000,experiments/strata_two_factor_explore_cycle_3/reward_factor_1_state_0/results/20260909T084527Z-64ab39a1/checkpoint_probes/steps_000264407/probe_battery.json,layer_3,factor_2,probe_fits,/layers/layer_3/probe_fits/factor_2,0.13359100035306815,0.1794733394322412,0.7443501122544411,0.25564988774555897,0.25564988774555886,0.20459115144071913,0.26819203151837384,0.2371467926081816,0.2371467926081816,1e-15,10,"{""0.0001"": 0.13456601562375795, ""0.01"": 0.17992288232136427, ""1e-06"": 0.13413097826431558, ""1e-08"": 0.13413097826431558, ""1e-10"": 0.13413097826431558, ""1e-15"": 0.13413097826431558}"
explore_cycle_3_factor_1,42,264407,8,intermediate,20000,20000,experiments/strata_two_factor_explore_cycle_3/reward_factor_1_state_0/results/20260909T084527Z-64ab39a1/checkpoint_probes/steps_000264407/probe_battery.json,layer_3,factor_1,shuffled_training_labels,/layers/layer_3/shuffled_training_labels/factor_1,0.17970015091213826,0.17968101870901132,1.0001064787102412,-0.00010647871024116462,-0.00010647871024116462,0.27097523397678985,0.2709376164910911,-0.0001388418713723638,-0.00013884187137214177,0.01,10,"{""0.0001"": 0.17994644475737145, ""0.01"": 0.17935306695059125, ""1e-06"": 0.1799849590683471, ""1e-08"": 0.1799849590683471, ""1e-10"": 0.1799849590683471, ""1e-15"": 0.1799849590683471}"
explore_cycle_3_factor_1,42,264407,8,intermediate,20000,20000,experiments/strata_two_factor_explore_cycle_3/reward_factor_1_state_0/results/20260909T084527Z-64ab39a1/checkpoint_probes/steps_000264407/probe_battery.json,layer_3,factor_2,shuffled_training_labels,/layers/layer_3/shuffled_training_labels/factor_2,0.17948200055434346,0.1794733394322412,1.0000482585443033,-4.8258544303125817e-05,-4.825854430334786e-05,0.2681959415254576,0.26819203151837384,-1.4579132204817213e-05,-1.4579132204817213e-05,0.01,10,"{""0.0001"": 0.1805092136774421, ""0.01"": 0.17992097024700668, ""1e-06"": 0.18054277004085334, ""1e-08"": 0.18054277004085334, ""1e-10"": 0.18054277004085334, ""1e-15"": 0.18054277004085334}"
explore_cycle_3_factor_1,42,264407,8,intermediate,20000,20000,experiments/strata_two_factor_explore_cycle_3/reward_factor_1_state_0/results/20260909T084527Z-64ab39a1/checkpoint_probes/steps_000264407/probe_battery.json,control,factor_1,current_token_preceding_action,/controls/current_token_preceding_action/factor_1,0.1294763857414152,0.17968101870901132,0.7205902252318527,0.2794097747681472,0.2794097747681473,0.19269460933215343,0.2709376164910911,0.2887860614272084,0.2887860614272084,,,
explore_cycle_3_factor_1,42,264407,8,intermediate,20000,20000,experiments/strata_two_factor_explore_cycle_3/reward_factor_1_state_0/results/20260909T084527Z-64ab39a1/checkpoint_probes/steps_000264407/probe_battery.json,control,factor_2,current_token_preceding_action,/controls/current_token_preceding_action/factor_2,0.12825253714007176,0.1794733394322412,0.7146049521661268,0.28539504783387326,0.28539504783387315,0.19602523200146393,0.26819203151837384,0.2690862927892984,0.2690862927892985,,,
explore_cycle_3_factor_1,42,264407,8,intermediate,20000,20000,experiments/strata_two_factor_explore_cycle_3/reward_factor_1_state_0/results/20260909T084527Z-64ab39a1/checkpoint_probes/steps_000264407/probe_battery.json,control,factor_1,log_ntp,/controls/log_ntp/factor_1,0.0780771286331793,0.17968101870901132,0.43453186760713525,0.5654681323928648,0.5654681323928648,0.22774178927915137,0.2709376164910911,0.15943089693992374,0.15943089693992374,1e-15,10,"{""0.0001"": 0.07752254916379218, ""0.01"": 0.07752254916379218, ""1e-06"": 0.07752254916379218, ""1e-08"": 0.07752254916379218, ""1e-10"": 0.07752254916379218, ""1e-15"": 0.07752254916379218}"
explore_cycle_3_factor_1,42,264407,8,intermediate,20000,20000,experiments/strata_two_factor_explore_cycle_3/reward_factor_1_state_0/results/20260909T084527Z-64ab39a1/checkpoint_probes/steps_000264407/probe_battery.json,control,factor_2,log_ntp,/controls/log_ntp/factor_2,0.07692548402179564,0.1794733394322412,0.42861788979436843,0.5713821102056316,0.5713821102056316,0.22433301501824407,0.26819203151837384,0.1635358673851015,0.16353586738510162,1e-15,10,"{""0.0001"": 0.07680617252412414, ""0.01"": 0.07680617252412414, ""1e-06"": 0.07680617252412414, ""1e-08"": 0.07680617252412414, ""1e-10"": 0.07680617252412414, ""1e-15"": 0.07680617252412414}"
explore_cycle_3_factor_1,42,264407,8,intermediate,20000,20000,experiments/strata_two_factor_explore_cycle_3/reward_factor_1_state_0/results/20260909T084527Z-64ab39a1/checkpoint_probes/steps_000264407/probe_battery.json,control,factor_1,ntp,/controls/ntp/factor_1,0.09032373000183419,0.17968101870901132,0.5026893249537454,0.4973106750462546,0.4973106750462546,0.27097119000550257,0.2709376164910911,-0.00012391603220796021,-0.00012391603220796021,1e-15,10,"{""0.0001"": 0.08948758276035443, ""0.01"": 0.08948758276035443, ""1e-06"": 0.08948758276035443, ""1e-08"": 0.08948758276035443, ""1e-10"": 0.08948758276035443, ""1e-15"": 0.08948758276035443}"
explore_cycle_3_factor_1,42,264407,8,intermediate,20000,20000,experiments/strata_two_factor_explore_cycle_3/reward_factor_1_state_0/results/20260909T084527Z-64ab39a1/checkpoint_probes/steps_000264407/probe_battery.json,control,factor_2,ntp,/controls/ntp/factor_2,0.08939877052577933,0.1794733394322412,0.49811727362175234,0.5018827263782477,0.5018827263782477,0.26819631157733803,0.26819203151837384,-1.5958934126203417e-05,-1.5958934126203417e-05,1e-15,10,"{""0.0001"": 0.08907309589914565, ""0.01"": 0.08907309589914565, ""1e-06"": 0.08907309589914565, ""1e-08"": 0.08907309589914565, ""1e-10"": 0.08907309589914565, ""1e-15"": 0.08907309589914565}"
explore_cycle_3_factor_1,42,264407,8,intermediate,20000,20000,experiments/strata_two_factor_explore_cycle_3/reward_factor_1_state_0/results/20260909T084527Z-64ab39a1/checkpoint_probes/steps_000264407/probe_battery.json,control,factor_1,train_mean,/controls/train_mean/factor_1,0.1796931419673673,0.17968101870901132,1.000067471001907,-6.747100190707123e-05,-6.747100190707123e-05,0.2709734625930275,0.2709376164910911,-0.000132303894898822,-0.00013230389489904404,,,
explore_cycle_3_factor_1,42,264407,8,intermediate,20000,20000,experiments/strata_two_factor_explore_cycle_3/reward_factor_1_state_0/results/20260909T084527Z-64ab39a1/checkpoint_probes/steps_000264407/probe_battery.json,control,factor_2,train_mean,/controls/train_mean/factor_2,0.1794756554143159,0.1794733394322412,1.0000129043237398,-1.2904323739793e-05,-1.2904323739793e-05,0.268195978589542,0.26819203151837384,-1.4717332001978889e-05,-1.4717332001978889e-05,,,
explore_cycle_3_factor_1,42,529112,16,intermediate,20000,20000,experiments/strata_two_factor_explore_cycle_3/reward_factor_1_state_0/results/20260909T084527Z-64ab39a1/checkpoint_probes/steps_000529112/probe_battery.json,layer_1,factor_1,probe_fits,/layers/layer_1/probe_fits/factor_1,0.13157756281086488,0.17662054706724065,0.7449731358875953,0.2550268641124048,0.2550268641124047,0.20714522530192844,0.28171242010225794,0.2646926066421301,0.26469260664213023,0.01,10,"{""0.0001"": 0.13107129786327737, ""0.01"": 0.13097099686937047, ""1e-06"": 0.13107129786327737, ""1e-08"": 0.13107129786327737, ""1e-10"": 0.13107129786327737, ""1e-15"": 0.13107129786327737}"
explore_cycle_3_factor_1,42,529112,16,intermediate,20000,20000,experiments/strata_two_factor_explore_cycle_3/reward_factor_1_state_0/results/20260909T084527Z-64ab39a1/checkpoint_probes/steps_000529112/probe_battery.json,layer_1,factor_2,probe_fits,/layers/layer_1/probe_fits/factor_2,0.13490882124168893,0.17706858842254677,0.7619014893807698,0.23809851061923004,0.23809851061923015,0.21461970468053354,0.26363211051740143,0.18591212481922892,0.18591212481922892,1e-15,10,"{""0.0001"": 0.13710790807759193, ""0.01"": 0.17607830748169725, ""1e-06"": 0.13710790807759193, ""1e-08"": 0.13710790807759193, ""1e-10"": 0.13710790807759193, ""1e-15"": 0.13710790807759193}"
explore_cycle_3_factor_1,42,529112,16,intermediate,20000,20000,experiments/strata_two_factor_explore_cycle_3/reward_factor_1_state_0/results/20260909T084527Z-64ab39a1/checkpoint_probes/steps_000529112/probe_battery.json,layer_1,factor_1,shuffled_training_labels,/layers/layer_1/shuffled_training_labels/factor_1,0.17649928694155043,0.17662054706724065,0.9993134427012954,0.0006865572987048152,0.0006865572987045931,0.28091013651559865,0.28171242010225794,0.0028478814898116322,0.0028478814898117433,0.01,10,"{""0.0001"": 0.17663579767796578, ""0.01"": 0.17616015838091115, ""1e-06"": 0.17663579767796578, ""1e-08"": 0.17663579767796578, ""1e-10"": 0.17663579767796578, ""1e-15"": 0.17663579767796578}"
explore_cycle_3_factor_1,42,529112,16,intermediate,20000,20000,experiments/strata_two_factor_explore_cycle_3/reward_factor_1_state_0/results/20260909T084527Z-64ab39a1/checkpoint_probes/steps_000529112/probe_battery.json,layer_1,factor_2,shuffled_training_labels,/layers/layer_1/shuffled_training_labels/factor_2,0.17694033027652756,0.17706858842254677,0.9992756583922545,0.0007243416077455933,0.0007243416077454823,0.2631857557702556,0.26363211051740143,0.0016930970444756221,0.0016930970444754,0.01,10,"{""0.0001"": 0.1803426560422772, ""0.01"": 0.1798922412028214, ""1e-06"": 0.1803426560422772, ""1e-08"": 0.1803426560422772, ""1e-10"": 0.1803426560422772, ""1e-15"": 0.1803426560422772}"
explore_cycle_3_factor_1,42,529112,16,intermediate,20000,20000,experiments/strata_two_factor_explore_cycle_3/reward_factor_1_state_0/results/20260909T084527Z-64ab39a1/checkpoint_probes/steps_000529112/probe_battery.json,layer_2,factor_1,probe_fits,/layers/layer_2/probe_fits/factor_1,0.13164195614814653,0.17662054706724065,0.7453377216526769,0.25466227834732313,0.25466227834732313,0.20730113476340503,0.28171242010225794,0.26413917182580227,0.26413917182580227,0.01,10,"{""0.0001"": 0.13108614339491095, ""0.01"": 0.13101963559404325, ""1e-06"": 0.13108614339491095, ""1e-08"": 0.13108614339491095, ""1e-10"": 0.13108614339491095, ""1e-15"": 0.13108614339491095}"
explore_cycle_3_factor_1,42,529112,16,intermediate,20000,20000,experiments/strata_two_factor_explore_cycle_3/reward_factor_1_state_0/results/20260909T084527Z-64ab39a1/checkpoint_probes/steps_000529112/probe_battery.json,layer_2,factor_2,probe_fits,/layers/layer_2/probe_fits/factor_2,0.1358069422523896,0.17706858842254677,0.7669736538945425,0.23302634610545747,0.23302634610545747,0.21583770363471166,0.26363211051740143,0.18129205425275774,0.18129205425275774,1e-15,10,"{""0.0001"": 0.13851716333365477, ""0.01"": 0.17898871034367325, ""1e-06"": 0.13851716333365477, ""1e-08"": 0.13851716333365477, ""1e-10"": 0.13851716333365477, ""1e-15"": 0.13851716333365477}"
explore_cycle_3_factor_1,42,529112,16,intermediate,20000,20000,experiments/strata_two_factor_explore_cycle_3/reward_factor_1_state_0/results/20260909T084527Z-64ab39a1/checkpoint_probes/steps_000529112/probe_battery.json,layer_2,factor_1,shuffled_training_labels,/layers/layer_2/shuffled_training_labels/factor_1,0.17647440289395624,0.17662054706724065,0.9991725528217916,0.0008274471782084847,0.0008274471782083737,0.28086692616451164,0.28171242010225794,0.003001266104772249,0.00300126610477236,0.01,10,"{""0.0001"": 0.17672057936635296, ""0.01"": 0.1760786994676074, ""1e-06"": 0.17672057936635296, ""1e-08"": 0.17672057936635296, ""1e-10"": 0.17672057936635296, ""1e-15"": 0.17672057936635296}"
explore_cycle_3_factor_1,42,529112,16,intermediate,20000,20000,experiments/strata_two_factor_explore_cycle_3/reward_factor_1_state_0/results/20260909T084527Z-64ab39a1/checkpoint_probes/steps_000529112/probe_battery.json,layer_2,factor_2,shuffled_training_labels,/layers/layer_2/shuffled_training_labels/factor_2,0.17707041129437118,0.17706858842254677,1.000010294721614,-1.029472161406808e-05,-1.029472161406808e-05,0.2634065532122396,0.26363211051740143,0.0008555759945902963,0.0008555759945901853,0.01,10,"{""0.0001"": 0.1803076544776296, ""0.01"": 0.17984436665847542, ""1e-06"": 0.1803076544776296, ""1e-08"": 0.1803076544776296, ""1e-10"": 0.1803076544776296, ""1e-15"": 0.1803076544776296}"
explore_cycle_3_factor_1,42,529112,16,intermediate,20000,20000,experiments/strata_two_factor_explore_cycle_3/reward_factor_1_state_0/results/20260909T084527Z-64ab39a1/checkpoint_probes/steps_000529112/probe_battery.json,layer_3,factor_1,probe_fits,/layers/layer_3/probe_fits/factor_1,0.13169649529420505,0.17662054706724065,0.7456465144118668,0.2543534855881333,0.2543534855881332,0.2072461236603085,0.28171242010225794,0.26433444579731036,0.26433444579731036,1e-15,10,"{""0.0001"": 0.1310730365796829, ""0.01"": 0.13303617033053067, ""1e-06"": 0.1310730365796829, ""1e-08"": 0.1310730365796829, ""1e-10"": 0.1310730365796829, ""1e-15"": 0.1310730365796829}"
explore_cycle_3_factor_1,42,529112,16,intermediate,20000,20000,experiments/strata_two_factor_explore_cycle_3/reward_factor_1_state_0/results/20260909T084527Z-64ab39a1/checkpoint_probes/steps_000529112/probe_battery.json,layer_3,factor_2,probe_fits,/layers/layer_3/probe_fits/factor_2,0.13606438221994566,0.17706858842254677,0.768427553594368,0.23157244640563202,0.23157244640563202,0.21608876252667214,0.26363211051740143,0.18033974654081875,0.18033974654081875,1e-15,10,"{""0.0001"": 0.13875626937621333, ""0.01"": 0.17982223682047807, ""1e-06"": 0.13875626937621333, ""1e-08"": 0.13875626937621333, ""1e-10"": 0.13875626937621333, ""1e-15"": 0.13875626937621333}"
explore_cycle_3_factor_1,42,529112,16,intermediate,20000,20000,experiments/strata_two_factor_explore_cycle_3/reward_factor_1_state_0/results/20260909T084527Z-64ab39a1/checkpoint_probes/steps_000529112/probe_battery.json,layer_3,factor_1,shuffled_training_labels,/layers/layer_3/shuffled_training_labels/factor_1,0.17669057238177074,0.17662054706724065,1.000396473205937,-0.00039647320593694246,-0.00039647320593694246,0.28139770492933747,0.28171242010225794,0.001117150506911302,0.001117150506911413,0.01,10,"{""0.0001"": 0.17669738083612435, ""0.01"": 0.176033077316669, ""1e-06"": 0.17669738083612435, ""1e-08"": 0.17669738083612435, ""1e-10"": 0.17669738083612435, ""1e-15"": 0.17669738083612435}"
explore_cycle_3_factor_1,42,529112,16,intermediate,20000,20000,experiments/strata_two_factor_explore_cycle_3/reward_factor_1_state_0/results/20260909T084527Z-64ab39a1/checkpoint_probes/steps_000529112/probe_battery.json,layer_3,factor_2,shuffled_training_labels,/layers/layer_3/shuffled_training_labels/factor_2,0.17723631002674972,0.17706858842254677,1.0009472126349295,-0.0009472126349292509,-0.0009472126349294729,0.2636600687086609,0.26363211051740143,-0.00010605002252783713,-0.00010605002252783713,0.01,10,"{""0.0001"": 0.18028663976969148, ""0.01"": 0.17980787484935476, ""1e-06"": 0.18028663976969148, ""1e-08"": 0.18028663976969148, ""1e-10"": 0.18028663976969148, ""1e-15"": 0.18028663976969148}"
explore_cycle_3_factor_1,42,529112,16,intermediate,20000,20000,experiments/strata_two_factor_explore_cycle_3/reward_factor_1_state_0/results/20260909T084527Z-64ab39a1/checkpoint_probes/steps_000529112/probe_battery.json,control,factor_1,current_token_preceding_action,/controls/current_token_preceding_action/factor_1,0.13124358756417082,0.17662054706724065,0.7430822163301617,0.2569177836698383,0.2569177836698383,0.20661429487865943,0.28171242010225794,0.26657726058488596,0.26657726058488607,,,
explore_cycle_3_factor_1,42,529112,16,intermediate,20000,20000,experiments/strata_two_factor_explore_cycle_3/reward_factor_1_state_0/results/20260909T084527Z-64ab39a1/checkpoint_probes/steps_000529112/probe_battery.json,control,factor_2,current_token_preceding_action,/controls/current_token_preceding_action/factor_2,0.1268915130851696,0.17706858842254677,0.7166235085263268,0.28337649147367316,0.28337649147367316,0.198780013586456,0.26363211051740143,0.24599468101085054,0.24599468101085042,,,
explore_cycle_3_factor_1,42,529112,16,intermediate,20000,20000,experiments/strata_two_factor_explore_cycle_3/reward_factor_1_state_0/results/20260909T084527Z-64ab39a1/checkpoint_probes/steps_000529112/probe_battery.json,control,factor_1,log_ntp,/controls/log_ntp/factor_1,0.07966513531832613,0.17662054706724065,0.45105247742210347,0.5489475225778966,0.5489475225778966,0.2326002999558452,0.28171242010225794,0.1743342381872467,0.1743342381872467,1e-15,10,"{""0.0001"": 0.0792221021374706, ""0.01"": 0.0792221021374706, ""1e-06"": 0.0792221021374706, ""1e-08"": 0.0792221021374706, ""1e-10"": 0.0792221021374706, ""1e-15"": 0.0792221021374706}"
explore_cycle_3_factor_1,42,529112,16,intermediate,20000,20000,experiments/strata_two_factor_explore_cycle_3/reward_factor_1_state_0/results/20260909T084527Z-64ab39a1/checkpoint_probes/steps_000529112/probe_battery.json,control,factor_2,log_ntp,/controls/log_ntp/factor_2,0.0755509121087963,0.17706858842254677,0.4266759721860195,0.5733240278139805,0.5733240278139805,0.22007970569536764,0.26363211051740143,0.16520144202676346,0.16520144202676346,1e-15,10,"{""0.0001"": 0.07696025379245044, ""0.01"": 0.07696025379245044, ""1e-06"": 0.07696025379245044, ""1e-08"": 0.07696025379245044, ""1e-10"": 0.07696025379245044, ""1e-15"": 0.07696025379245044}"
explore_cycle_3_factor_1,42,529112,16,intermediate,20000,20000,experiments/strata_two_factor_explore_cycle_3/reward_factor_1_state_0/results/20260909T084527Z-64ab39a1/checkpoint_probes/steps_000529112/probe_battery.json,control,factor_1,ntp,/controls/ntp/factor_1,0.09387762326923918,0.17662054706724065,0.531521529222188,0.468478470777812,0.468478470777812,0.28163286980771757,0.28171242010225794,0.0002823812117034308,0.0002823812117034308,1e-15,10,"{""0.0001"": 0.09325088511721699, ""0.01"": 0.09325088511721699, ""1e-06"": 0.09325088511721699, ""1e-08"": 0.09325088511721699, ""1e-10"": 0.09325088511721699, ""1e-15"": 0.09325088511721699}"
explore_cycle_3_factor_1,42,529112,16,intermediate,20000,20000,experiments/strata_two_factor_explore_cycle_3/reward_factor_1_state_0/results/20260909T084527Z-64ab39a1/checkpoint_probes/steps_000529112/probe_battery.json,control,factor_2,ntp,/controls/ntp/factor_2,0.0879060756426653,0.17706858842254677,0.4964521173732467,0.5035478826267534,0.5035478826267533,0.26371822692799585,0.26363211051740143,-0.00032665372372653323,-0.00032665372372653323,1e-15,10,"{""0.0001"": 0.0893280576261535, ""0.01"": 0.0893280576261535, ""1e-06"": 0.0893280576261535, ""1e-08"": 0.0893280576261535, ""1e-10"": 0.0893280576261535, ""1e-15"": 0.0893280576261535}"
explore_cycle_3_factor_1,42,529112,16,intermediate,20000,20000,experiments/strata_two_factor_explore_cycle_3/reward_factor_1_state_0/results/20260909T084527Z-64ab39a1/checkpoint_probes/steps_000529112/probe_battery.json,control,factor_1,train_mean,/controls/train_mean/factor_1,0.1766214831190899,0.17662054706724065,1.0000052997902271,-5.299790226898082e-06,-5.299790227120127e-06,0.2817151944479392,0.28171242010225794,-9.848148265101386e-06,-9.848148264879342e-06,,,
explore_cycle_3_factor_1,42,529112,16,intermediate,20000,20000,experiments/strata_two_factor_explore_cycle_3/reward_factor_1_state_0/results/20260909T084527Z-64ab39a1/checkpoint_probes/steps_000529112/probe_battery.json,control,factor_2,train_mean,/controls/train_mean/factor_2,0.17711053409103447,0.17706858842254677,1.0002368893820264,-0.00023688938202637289,-0.00023688938202637289,0.26366192159992347,0.26363211051740143,-0.00011307834414986395,-0.00011307834414986395,,,
explore_cycle_3_factor_1,42,1058450,32,intermediate,20000,20000,experiments/strata_two_factor_explore_cycle_3/reward_factor_1_state_0/results/20260909T084527Z-64ab39a1/checkpoint_probes/steps_001058450/probe_battery.json,layer_1,factor_1,probe_fits,/layers/layer_1/probe_fits/factor_1,0.11445638394941111,0.1469571850800093,0.7788417006429222,0.22115829935707787,0.22115829935707776,0.21921443266890087,0.26209238562076775,0.1635986213422802,0.16359862134228031,1e-15,10,"{""0.0001"": 0.11368378790935436, ""0.01"": 0.1145741108148268, ""1e-06"": 0.11368378790935436, ""1e-08"": 0.11368378790935436, ""1e-10"": 0.11368378790935436, ""1e-15"": 0.11368378790935436}"
explore_cycle_3_factor_1,42,1058450,32,intermediate,20000,20000,experiments/strata_two_factor_explore_cycle_3/reward_factor_1_state_0/results/20260909T084527Z-64ab39a1/checkpoint_probes/steps_001058450/probe_battery.json,layer_1,factor_2,probe_fits,/layers/layer_1/probe_fits/factor_2,0.13273621056204019,0.1782982868459513,0.7444615027441263,0.25553849725587374,0.25553849725587374,0.2178850519467769,0.2640411225306356,0.17480637160411772,0.17480637160411783,1e-15,10,"{""0.0001"": 0.132576217520686, ""0.01"": 0.1745514611510362, ""1e-06"": 0.132576217520686, ""1e-08"": 0.132576217520686, ""1e-10"": 0.132576217520686, ""1e-15"": 0.132576217520686}"
explore_cycle_3_factor_1,42,1058450,32,intermediate,20000,20000,experiments/strata_two_factor_explore_cycle_3/reward_factor_1_state_0/results/20260909T084527Z-64ab39a1/checkpoint_probes/steps_001058450/probe_battery.json,layer_1,factor_1,shuffled_training_labels,/layers/layer_1/shuffled_training_labels/factor_1,0.1465017533885297,0.1469571850800093,0.9969009225970704,0.0030990774029296952,0.0030990774029295842,0.262524670982433,0.26209238562076775,-0.0016493625354332409,-0.0016493625354332409,0.01,10,"{""0.0001"": 0.1481656051786042, ""0.01"": 0.14773502052309379, ""1e-06"": 0.1481656051786042, ""1e-08"": 0.1481656051786042, ""1e-10"": 0.1481656051786042, ""1e-15"": 0.1481656051786042}"
explore_cycle_3_factor_1,42,1058450,32,intermediate,20000,20000,experiments/strata_two_factor_explore_cycle_3/reward_factor_1_state_0/results/20260909T084527Z-64ab39a1/checkpoint_probes/steps_001058450/probe_battery.json,layer_1,factor_2,shuffled_training_labels,/layers/layer_1/shuffled_training_labels/factor_2,0.17842695769786188,0.1782982868459513,1.0007216606182074,-0.0007216606182072205,-0.0007216606182074425,0.26415642130539696,0.2640411225306356,-0.00043666976437739535,-0.0004366697643771733,0.01,10,"{""0.0001"": 0.17792958238325668, ""0.01"": 0.17754084310100984, ""1e-06"": 0.17792958238325668, ""1e-08"": 0.17792958238325668, ""1e-10"": 0.17792958238325668, ""1e-15"": 0.17792958238325668}"
explore_cycle_3_factor_1,42,1058450,32,intermediate,20000,20000,experiments/strata_two_factor_explore_cycle_3/reward_factor_1_state_0/results/20260909T084527Z-64ab39a1/checkpoint_probes/steps_001058450/probe_battery.json,layer_2,factor_1,probe_fits,/layers/layer_2/probe_fits/factor_1,0.09471054927221194,0.1469571850800093,0.6444771599336757,0.3555228400663243,0.3555228400663243,0.17889167920316745,0.26209238562076775,0.3174480106338794,0.3174480106338794,1e-15,10,"{""0.0001"": 0.09577828592179072, ""0.01"": 0.10215533548231917, ""1e-06"": 0.09577828592179072, ""1e-08"": 0.09577828592179072, ""1e-10"": 0.09577828592179072, ""1e-15"": 0.09577828592179072}"
explore_cycle_3_factor_1,42,1058450,32,intermediate,20000,20000,experiments/strata_two_factor_explore_cycle_3/reward_factor_1_state_0/results/20260909T084527Z-64ab39a1/checkpoint_probes/steps_001058450/probe_battery.json,layer_2,factor_2,probe_fits,/layers/layer_2/probe_fits/factor_2,0.1354844105801124,0.1782982868459513,0.759874999231878,0.24012500076812204,0.24012500076812204,0.22149432435822472,0.2640411225306356,0.16113701443408435,0.16113701443408446,1e-15,10,"{""0.0001"": 0.1355855048814815, ""0.01"": 0.17731099109242407, ""1e-06"": 0.1355855048814815, ""1e-08"": 0.1355855048814815, ""1e-10"": 0.1355855048814815, ""1e-15"": 0.1355855048814815}"
explore_cycle_3_factor_1,42,1058450,32,intermediate,20000,20000,experiments/strata_two_factor_explore_cycle_3/reward_factor_1_state_0/results/20260909T084527Z-64ab39a1/checkpoint_probes/steps_001058450/probe_battery.json,layer_2,factor_1,shuffled_training_labels,/layers/layer_2/shuffled_training_labels/factor_1,0.14705455289209488,0.1469571850800093,1.0006625590442044,-0.0006625590442044249,-0.0006625590442044249,0.26421539231151764,0.26209238562076775,-0.008100222697128512,-0.008100222697128512,0.01,10,"{""0.0001"": 0.14822302294470088, ""0.01"": 0.14779941033193983, ""1e-06"": 0.14822302294470088, ""1e-08"": 0.14822302294470088, ""1e-10"": 0.14822302294470088, ""1e-15"": 0.14822302294470088}"
explore_cycle_3_factor_1,42,1058450,32,intermediate,20000,20000,experiments/strata_two_factor_explore_cycle_3/reward_factor_1_state_0/results/20260909T084527Z-64ab39a1/checkpoint_probes/steps_001058450/probe_battery.json,layer_2,factor_2,shuffled_training_labels,/layers/layer_2/shuffled_training_labels/factor_2,0.178518824531375,0.1782982868459513,1.0012369029973587,-0.0012369029973586798,-0.0012369029973586798,0.2641462306467117,0.2640411225306356,-0.0003980747963376885,-0.00039807479633746645,0.01,10,"{""0.0001"": 0.17794943008377953, ""0.01"": 0.17755531611386335, ""1e-06"": 0.17794943008377953, ""1e-08"": 0.17794943008377953, ""1e-10"": 0.17794943008377953, ""1e-15"": 0.17794943008377953}"
explore_cycle_3_factor_1,42,1058450,32,intermediate,20000,20000,experiments/strata_two_factor_explore_cycle_3/reward_factor_1_state_0/results/20260909T084527Z-64ab39a1/checkpoint_probes/steps_001058450/probe_battery.json,layer_3,factor_1,probe_fits,/layers/layer_3/probe_fits/factor_1,0.09475550248887905,0.1469571850800093,0.6447830532225451,0.35521694677745486,0.35521694677745486,0.17879598296733334,0.26209238562076775,0.31781313469350236,0.31781313469350225,1e-15,10,"{""0.0001"": 0.09601228485233648, ""0.01"": 0.10870253048649858, ""1e-06"": 0.09586745297580451, ""1e-08"": 0.09586745297580451, ""1e-10"": 0.09586745297580451, ""1e-15"": 0.09586745297580451}"
explore_cycle_3_factor_1,42,1058450,32,intermediate,20000,20000,experiments/strata_two_factor_explore_cycle_3/reward_factor_1_state_0/results/20260909T084527Z-64ab39a1/checkpoint_probes/steps_001058450/probe_battery.json,layer_3,factor_2,probe_fits,/layers/layer_3/probe_fits/factor_2,0.13666760252149143,0.1782982868459513,0.7665110245258355,0.23348897547416458,0.23348897547416447,0.2233452425822801,0.2640411225306356,0.1541270524769629,0.154127052476963,1e-15,10,"{""0.0001"": 0.13942823266464283, ""0.01"": 0.17749762123566182, ""1e-06"": 0.13684389284975312, ""1e-08"": 0.13684389284975312, ""1e-10"": 0.13684389284975312, ""1e-15"": 0.13684389284975312}"
explore_cycle_3_factor_1,42,1058450,32,intermediate,20000,20000,experiments/strata_two_factor_explore_cycle_3/reward_factor_1_state_0/results/20260909T084527Z-64ab39a1/checkpoint_probes/steps_001058450/probe_battery.json,layer_3,factor_1,shuffled_training_labels,/layers/layer_3/shuffled_training_labels/factor_1,0.14678410836593228,0.1469571850800093,0.998822264362353,0.0011777356376472259,0.0011777356376470038,0.26288775213294635,0.26209238562076775,-0.0030346799671221447,-0.0030346799671221447,0.01,10,"{""0.0001"": 0.14810005183507555, ""0.01"": 0.1479152633552243, ""1e-06"": 0.14819472409322598, ""1e-08"": 0.14819472409322598, ""1e-10"": 0.14819472409322598, ""1e-15"": 0.14819472409322598}"
explore_cycle_3_factor_1,42,1058450,32,intermediate,20000,20000,experiments/strata_two_factor_explore_cycle_3/reward_factor_1_state_0/results/20260909T084527Z-64ab39a1/checkpoint_probes/steps_001058450/probe_battery.json,layer_3,factor_2,shuffled_training_labels,/layers/layer_3/shuffled_training_labels/factor_2,0.17858267531414923,0.1782982868459513,1.001595015146969,-0.0015950151469690255,-0.0015950151469690255,0.26416541799252863,0.2640411225306356,-0.00047074281726189326,-0.0004707428172616712,0.01,10,"{""0.0001"": 0.1778825789646205, ""0.01"": 0.1776083734207308, ""1e-06"": 0.17798859128974023, ""1e-08"": 0.17798859128974023, ""1e-10"": 0.17798859128974023, ""1e-15"": 0.17798859128974023}"
explore_cycle_3_factor_1,42,1058450,32,intermediate,20000,20000,experiments/strata_two_factor_explore_cycle_3/reward_factor_1_state_0/results/20260909T084527Z-64ab39a1/checkpoint_probes/steps_001058450/probe_battery.json,control,factor_1,current_token_preceding_action,/controls/current_token_preceding_action/factor_1,0.11418752996290137,0.1469571850800093,0.7770122291110377,0.22298777088896227,0.22298777088896227,0.21844647544102372,0.26209238562076775,0.16652872259668428,0.16652872259668428,,,
explore_cycle_3_factor_1,42,1058450,32,intermediate,20000,20000,experiments/strata_two_factor_explore_cycle_3/reward_factor_1_state_0/results/20260909T084527Z-64ab39a1/checkpoint_probes/steps_001058450/probe_battery.json,control,factor_2,current_token_preceding_action,/controls/current_token_preceding_action/factor_2,0.12701990398061322,0.1782982868459513,0.712401146570509,0.287598853429491,0.287598853429491,0.2070814697293773,0.2640411225306356,0.21572265810470304,0.21572265810470304,,,
explore_cycle_3_factor_1,42,1058450,32,intermediate,20000,20000,experiments/strata_two_factor_explore_cycle_3/reward_factor_1_state_0/results/20260909T084527Z-64ab39a1/checkpoint_probes/steps_001058450/probe_battery.json,control,factor_1,log_ntp,/controls/log_ntp/factor_1,0.0670914218651907,0.1469571850800093,0.456537200468718,0.5434627995312821,0.543462799531282,0.19571919246235556,0.26209238562076775,0.25324350038329724,0.25324350038329724,1e-15,10,"{""0.0001"": 0.0669962209323767, ""0.01"": 0.0669962209323767, ""1e-06"": 0.0669962209323767, ""1e-08"": 0.0669962209323767, ""1e-10"": 0.0669962209323767, ""1e-15"": 0.0669962209323767}"
explore_cycle_3_factor_1,42,1058450,32,intermediate,20000,20000,experiments/strata_two_factor_explore_cycle_3/reward_factor_1_state_0/results/20260909T084527Z-64ab39a1/checkpoint_probes/steps_001058450/probe_battery.json,control,factor_2,log_ntp,/controls/log_ntp/factor_2,0.07577306104657858,0.1782982868459513,0.4249791873325517,0.5750208126674483,0.5750208126674483,0.22056588047133355,0.2640411225306356,0.1646532996172132,0.1646532996172132,1e-15,10,"{""0.0001"": 0.07528902983522137, ""0.01"": 0.07528902983522137, ""1e-06"": 0.07528902983522137, ""1e-08"": 0.07528902983522137, ""1e-10"": 0.07528902983522137, ""1e-15"": 0.07528902983522137}"
explore_cycle_3_factor_1,42,1058450,32,intermediate,20000,20000,experiments/strata_two_factor_explore_cycle_3/reward_factor_1_state_0/results/20260909T084527Z-64ab39a1/checkpoint_probes/steps_001058450/probe_battery.json,control,factor_1,ntp,/controls/ntp/factor_1,0.08698575323951024,0.1469571850800093,0.591912217100183,0.40808778289981706,0.40808778289981695,0.2609572597185308,0.26209238562076775,0.004331014422828017,0.004331014422828128,1e-15,10,"{""0.0001"": 0.08715133304558469, ""0.01"": 0.08715133304558469, ""1e-06"": 0.08715133304558469, ""1e-08"": 0.08715133304558469, ""1e-10"": 0.08715133304558469, ""1e-15"": 0.08715133304558469}"
explore_cycle_3_factor_1,42,1058450,32,intermediate,20000,20000,experiments/strata_two_factor_explore_cycle_3/reward_factor_1_state_0/results/20260909T084527Z-64ab39a1/checkpoint_probes/steps_001058450/probe_battery.json,control,factor_2,ntp,/controls/ntp/factor_2,0.08799310807522522,0.1782982868459513,0.49351628460261515,0.5064837153973849,0.5064837153973849,0.26397932422567566,0.2640411225306356,0.00023404803148707742,0.00023404803148707742,1e-15,10,"{""0.0001"": 0.0874116555883018, ""0.01"": 0.0874116555883018, ""1e-06"": 0.0874116555883018, ""1e-08"": 0.0874116555883018, ""1e-10"": 0.0874116555883018, ""1e-15"": 0.0874116555883018}"
explore_cycle_3_factor_1,42,1058450,32,intermediate,20000,20000,experiments/strata_two_factor_explore_cycle_3/reward_factor_1_state_0/results/20260909T084527Z-64ab39a1/checkpoint_probes/steps_001058450/probe_battery.json,control,factor_1,train_mean,/controls/train_mean/factor_1,0.14696348349179406,0.1469571850800093,1.0000428588216448,-4.2858821644786715e-05,-4.2858821644786715e-05,0.2620938217989727,0.26209238562076775,-5.479663980345606e-06,-5.479663980123561e-06,,,
explore_cycle_3_factor_1,42,1058450,32,intermediate,20000,20000,experiments/strata_two_factor_explore_cycle_3/reward_factor_1_state_0/results/20260909T084527Z-64ab39a1/checkpoint_probes/steps_001058450/probe_battery.json,control,factor_2,train_mean,/controls/train_mean/factor_2,0.17830334409822715,0.1782982868459513,1.0000283639981364,-2.8363998136438084e-05,-2.8363998136438084e-05,0.26404567026432,0.2640411225306356,-1.7223581087799644e-05,-1.7223581087799644e-05,,,
explore_cycle_3_factor_1,42,2116834,64,intermediate,20000,20000,experiments/strata_two_factor_explore_cycle_3/reward_factor_1_state_0/results/20260909T084527Z-64ab39a1/checkpoint_probes/steps_002116834/probe_battery.json,layer_1,factor_1,probe_fits,/layers/layer_1/probe_fits/factor_1,0.0415026358524857,0.0666673619694261,0.6225330450531246,0.37746695494687543,0.37746695494687543,0.09102441048890518,0.12900007622041498,0.294384831731595,0.294384831731595,1e-15,10,"{""0.0001"": 0.04189689095652509, ""0.01"": 0.04591956975924151, ""1e-06"": 0.04189689095652509, ""1e-08"": 0.04189689095652509, ""1e-10"": 0.04189689095652509, ""1e-15"": 0.04189689095652509}"
explore_cycle_3_factor_1,42,2116834,64,intermediate,20000,20000,experiments/strata_two_factor_explore_cycle_3/reward_factor_1_state_0/results/20260909T084527Z-64ab39a1/checkpoint_probes/steps_002116834/probe_battery.json,layer_1,factor_2,probe_fits,/layers/layer_1/probe_fits/factor_2,0.15726239577721943,0.17794709110272663,0.8837592949829891,0.116240705017011,0.11624070501701089,0.24592303870647692,0.26637085063701244,0.07676445032042956,0.07676445032042967,1e-15,10,"{""0.0001"": 0.1607535800391557, ""0.01"": 0.17943323463886837, ""1e-06"": 0.1607535800391557, ""1e-08"": 0.1607535800391557, ""1e-10"": 0.1607535800391557, ""1e-15"": 0.1607535800391557}"
explore_cycle_3_factor_1,42,2116834,64,intermediate,20000,20000,experiments/strata_two_factor_explore_cycle_3/reward_factor_1_state_0/results/20260909T084527Z-64ab39a1/checkpoint_probes/steps_002116834/probe_battery.json,layer_1,factor_1,shuffled_training_labels,/layers/layer_1/shuffled_training_labels/factor_1,0.06771287040313012,0.0666673619694261,1.015682462944664,-0.01568246294466391,-0.01568246294466391,0.13100889927095297,0.12900007622041498,-0.015572262508633194,-0.015572262508633194,0.01,10,"{""0.0001"": 0.06943439767700461, ""0.01"": 0.06927437999225514, ""1e-06"": 0.06943439767700461, ""1e-08"": 0.06943439767700461, ""1e-10"": 0.06943439767700461, ""1e-15"": 0.06943439767700461}"
explore_cycle_3_factor_1,42,2116834,64,intermediate,20000,20000,experiments/strata_two_factor_explore_cycle_3/reward_factor_1_state_0/results/20260909T084527Z-64ab39a1/checkpoint_probes/steps_002116834/probe_battery.json,layer_1,factor_2,shuffled_training_labels,/layers/layer_1/shuffled_training_labels/factor_2,0.17808706585627737,0.17794709110272663,1.0007866088323407,-0.0007866088323404963,-0.0007866088323407183,0.2666343203414316,0.26637085063701244,-0.0009891086197648669,-0.0009891086197648669,0.01,10,"{""0.0001"": 0.18064147453572685, ""0.01"": 0.18022047944755912, ""1e-06"": 0.18064147453572685, ""1e-08"": 0.18064147453572685, ""1e-10"": 0.18064147453572685, ""1e-15"": 0.18064147453572685}"
explore_cycle_3_factor_1,42,2116834,64,intermediate,20000,20000,experiments/strata_two_factor_explore_cycle_3/reward_factor_1_state_0/results/20260909T084527Z-64ab39a1/checkpoint_probes/steps_002116834/probe_battery.json,layer_2,factor_1,probe_fits,/layers/layer_2/probe_fits/factor_1,0.01955968141725126,0.0666673619694261,0.29339216131307855,0.7066078386869215,0.7066078386869215,0.03927646881011806,0.12900007622041498,0.695531429431029,0.695531429431029,1e-15,10,"{""0.0001"": 0.021020802025903278, ""0.01"": 0.025603835969378753, ""1e-06"": 0.021020802025903278, ""1e-08"": 0.021020802025903278, ""1e-10"": 0.021020802025903278, ""1e-15"": 0.021020802025903278}"
explore_cycle_3_factor_1,42,2116834,64,intermediate,20000,20000,experiments/strata_two_factor_explore_cycle_3/reward_factor_1_state_0/results/20260909T084527Z-64ab39a1/checkpoint_probes/steps_002116834/probe_battery.json,layer_2,factor_2,probe_fits,/layers/layer_2/probe_fits/factor_2,0.16768749733846489,0.17794709110272663,0.942344695264847,0.05765530473515301,0.05765530473515301,0.25523988709912115,0.26637085063701244,0.0417874685284525,0.0417874685284525,1e-15,10,"{""0.0001"": 0.1706990579210383, ""0.01"": 0.18017213790690073, ""1e-06"": 0.1706990579210383, ""1e-08"": 0.1706990579210383, ""1e-10"": 0.1706990579210383, ""1e-15"": 0.1706990579210383}"
explore_cycle_3_factor_1,42,2116834,64,intermediate,20000,20000,experiments/strata_two_factor_explore_cycle_3/reward_factor_1_state_0/results/20260909T084527Z-64ab39a1/checkpoint_probes/steps_002116834/probe_battery.json,layer_2,factor_1,shuffled_training_labels,/layers/layer_2/shuffled_training_labels/factor_1,0.06838099411100315,0.0666673619694261,1.0257042140404915,-0.025704214040491502,-0.025704214040491502,0.13275358309741883,0.12900007622041498,-0.029096935342816765,-0.029096935342816765,0.01,10,"{""0.0001"": 0.0694824445009293, ""0.01"": 0.06939044126096246, ""1e-06"": 0.0694824445009293, ""1e-08"": 0.0694824445009293, ""1e-10"": 0.0694824445009293, ""1e-15"": 0.0694824445009293}"
explore_cycle_3_factor_1,42,2116834,64,intermediate,20000,20000,experiments/strata_two_factor_explore_cycle_3/reward_factor_1_state_0/results/20260909T084527Z-64ab39a1/checkpoint_probes/steps_002116834/probe_battery.json,layer_2,factor_2,shuffled_training_labels,/layers/layer_2/shuffled_training_labels/factor_2,0.17814663909448783,0.17794709110272663,1.0011213894564086,-0.0011213894564086058,-0.0011213894564086058,0.26650027561365097,0.26637085063701244,-0.0004858826569387187,-0.0004858826569387187,0.01,10,"{""0.0001"": 0.18079493445682018, ""0.01"": 0.18031487563789736, ""1e-06"": 0.18079493445682018, ""1e-08"": 0.18079493445682018, ""1e-10"": 0.18079493445682018, ""1e-15"": 0.18079493445682018}"
explore_cycle_3_factor_1,42,2116834,64,intermediate,20000,20000,experiments/strata_two_factor_explore_cycle_3/reward_factor_1_state_0/results/20260909T084527Z-64ab39a1/checkpoint_probes/steps_002116834/probe_battery.json,layer_3,factor_1,probe_fits,/layers/layer_3/probe_fits/factor_1,0.019621711733670433,0.0666673619694261,0.29432260635525104,0.7056773936447489,0.7056773936447489,0.03919715210861637,0.12900007622041498,0.6961462872189125,0.6961462872189125,1e-15,10,"{""0.0001"": 0.02097136606391511, ""0.01"": 0.029831453684222485, ""1e-06"": 0.02097136606391511, ""1e-08"": 0.02097136606391511, ""1e-10"": 0.02097136606391511, ""1e-15"": 0.02097136606391511}"
explore_cycle_3_factor_1,42,2116834,64,intermediate,20000,20000,experiments/strata_two_factor_explore_cycle_3/reward_factor_1_state_0/results/20260909T084527Z-64ab39a1/checkpoint_probes/steps_002116834/probe_battery.json,layer_3,factor_2,probe_fits,/layers/layer_3/probe_fits/factor_2,0.16916607164197145,0.17794709110272663,0.95065376227091,0.04934623772908997,0.04934623772908997,0.2570381415856211,0.26637085063701244,0.03503652531451029,0.03503652531451029,1e-15,10,"{""0.0001"": 0.17204077658376868, ""0.01"": 0.18067215664038547, ""1e-06"": 0.17204077658376868, ""1e-08"": 0.17204077658376868, ""1e-10"": 0.17204077658376868, ""1e-15"": 0.17204077658376868}"
explore_cycle_3_factor_1,42,2116834,64,intermediate,20000,20000,experiments/strata_two_factor_explore_cycle_3/reward_factor_1_state_0/results/20260909T084527Z-64ab39a1/checkpoint_probes/steps_002116834/probe_battery.json,layer_3,factor_1,shuffled_training_labels,/layers/layer_3/shuffled_training_labels/factor_1,0.0681268010362628,0.0666673619694261,1.0218913576857294,-0.021891357685729362,-0.021891357685729362,0.1325990452303414,0.12900007622041498,-0.027898968088802212,-0.027898968088802434,1e-15,10,"{""0.0001"": 0.06947582622433458, ""0.01"": 0.07006973454585293, ""1e-06"": 0.06947582622433458, ""1e-08"": 0.06947582622433458, ""1e-10"": 0.06947582622433458, ""1e-15"": 0.06947582622433458}"
explore_cycle_3_factor_1,42,2116834,64,intermediate,20000,20000,experiments/strata_two_factor_explore_cycle_3/reward_factor_1_state_0/results/20260909T084527Z-64ab39a1/checkpoint_probes/steps_002116834/probe_battery.json,layer_3,factor_2,shuffled_training_labels,/layers/layer_3/shuffled_training_labels/factor_2,0.17853357923634297,0.17794709110272663,1.0032958568189112,-0.0032958568189112025,-0.0032958568189112025,0.2663591994432382,0.26637085063701244,4.374049843036687e-05,4.374049843047789e-05,0.01,10,"{""0.0001"": 0.18078241597648365, ""0.01"": 0.1807336720863585, ""1e-06"": 0.18078241597648365, ""1e-08"": 0.18078241597648365, ""1e-10"": 0.18078241597648365, ""1e-15"": 0.18078241597648365}"
explore_cycle_3_factor_1,42,2116834,64,intermediate,20000,20000,experiments/strata_two_factor_explore_cycle_3/reward_factor_1_state_0/results/20260909T084527Z-64ab39a1/checkpoint_probes/steps_002116834/probe_battery.json,control,factor_1,current_token_preceding_action,/controls/current_token_preceding_action/factor_1,0.055407216252329375,0.0666673619694261,0.8310995757975144,0.16890042420248563,0.16890042420248563,0.11834669470815236,0.12900007622041498,0.0825843040128117,0.0825843040128117,,,
explore_cycle_3_factor_1,42,2116834,64,intermediate,20000,20000,experiments/strata_two_factor_explore_cycle_3/reward_factor_1_state_0/results/20260909T084527Z-64ab39a1/checkpoint_probes/steps_002116834/probe_battery.json,control,factor_2,current_token_preceding_action,/controls/current_token_preceding_action/factor_2,0.12772885671256146,0.17794709110272663,0.717791203672024,0.28220879632797613,0.282208796327976,0.1963729069109354,0.26637085063701244,0.2627837976966342,0.2627837976966342,,,
explore_cycle_3_factor_1,42,2116834,64,intermediate,20000,20000,experiments/strata_two_factor_explore_cycle_3/reward_factor_1_state_0/results/20260909T084527Z-64ab39a1/checkpoint_probes/steps_002116834/probe_battery.json,control,factor_1,log_ntp,/controls/log_ntp/factor_1,0.022731303472073,0.0666673619694261,0.340965995962127,0.659034004037873,0.659034004037873,0.06609473428500089,0.12900007622041498,0.4876380214530367,0.4876380214530367,1e-15,10,"{""0.0001"": 0.021458203372135304, ""0.01"": 0.021458203372135304, ""1e-06"": 0.021458203372135304, ""1e-08"": 0.021458203372135304, ""1e-10"": 0.021458203372135304, ""1e-15"": 0.021458203372135304}"
explore_cycle_3_factor_1,42,2116834,64,intermediate,20000,20000,experiments/strata_two_factor_explore_cycle_3/reward_factor_1_state_0/results/20260909T084527Z-64ab39a1/checkpoint_probes/steps_002116834/probe_battery.json,control,factor_2,log_ntp,/controls/log_ntp/factor_2,0.07634463171048428,0.17794709110272663,0.42902995062960303,0.570970049370397,0.570970049370397,0.22249424820520936,0.26637085063701244,0.16471998466376636,0.16471998466376636,1e-15,10,"{""0.0001"": 0.07739403031890983, ""0.01"": 0.07739403031890983, ""1e-06"": 0.07739403031890983, ""1e-08"": 0.07739403031890983, ""1e-10"": 0.07739403031890983, ""1e-15"": 0.07739403031890983}"
explore_cycle_3_factor_1,42,2116834,64,intermediate,20000,20000,experiments/strata_two_factor_explore_cycle_3/reward_factor_1_state_0/results/20260909T084527Z-64ab39a1/checkpoint_probes/steps_002116834/probe_battery.json,control,factor_1,ntp,/controls/ntp/factor_1,0.04290847919703613,0.0666673619694261,0.6436204752891544,0.35637952471084555,0.35637952471084555,0.1287254375911084,0.12900007622041498,0.002128980364610955,0.002128980364610844,1e-15,10,"{""0.0001"": 0.04299403112969606, ""0.01"": 0.04299403112969606, ""1e-06"": 0.04299403112969606, ""1e-08"": 0.04299403112969606, ""1e-10"": 0.04299403112969606, ""1e-15"": 0.04299403112969606}"
explore_cycle_3_factor_1,42,2116834,64,intermediate,20000,20000,experiments/strata_two_factor_explore_cycle_3/reward_factor_1_state_0/results/20260909T084527Z-64ab39a1/checkpoint_probes/steps_002116834/probe_battery.json,control,factor_2,ntp,/controls/ntp/factor_2,0.08879384276653393,0.17794709110272663,0.49899013361940464,0.5010098663805953,0.5010098663805953,0.2663815282996018,0.26637085063701244,-4.008570218494434e-05,-4.008570218494434e-05,1e-15,10,"{""0.0001"": 0.08983948939514316, ""0.01"": 0.08983948939514316, ""1e-06"": 0.08983948939514316, ""1e-08"": 0.08983948939514316, ""1e-10"": 0.08983948939514316, ""1e-15"": 0.08983948939514316}"
explore_cycle_3_factor_1,42,2116834,64,intermediate,20000,20000,experiments/strata_two_factor_explore_cycle_3/reward_factor_1_state_0/results/20260909T084527Z-64ab39a1/checkpoint_probes/steps_002116834/probe_battery.json,control,factor_1,train_mean,/controls/train_mean/factor_1,0.0666989229340547,0.0666673619694261,1.0004734095319847,-0.00047340953198471425,-0.00047340953198471425,0.12900575738188458,0.12900007622041498,-4.403998537094722e-05,-4.403998537094722e-05,,,
explore_cycle_3_factor_1,42,2116834,64,intermediate,20000,20000,experiments/strata_two_factor_explore_cycle_3/reward_factor_1_state_0/results/20260909T084527Z-64ab39a1/checkpoint_probes/steps_002116834/probe_battery.json,control,factor_2,train_mean,/controls/train_mean/factor_2,0.17795868767134929,0.17794709110272663,1.0000651686327142,-6.516863271421869e-05,-6.516863271421869e-05,0.2663784026868414,0.26637085063701244,-2.835163761694126e-05,-2.8351637616719216e-05,,,
explore_cycle_3_factor_1,42,4233720,128,intermediate,20000,20000,experiments/strata_two_factor_explore_cycle_3/reward_factor_1_state_0/results/20260909T084527Z-64ab39a1/checkpoint_probes/steps_004233720/probe_battery.json,layer_1,factor_1,probe_fits,/layers/layer_1/probe_fits/factor_1,0.029509120189598018,0.05306008951929745,0.5561453148107832,0.4438546851892168,0.4438546851892168,0.06275752993832723,0.1036885565437507,0.394749700157634,0.394749700157634,1e-15,10,"{""0.0001"": 0.03023467825917602, ""0.01"": 0.03328539210248306, ""1e-06"": 0.03023467825917602, ""1e-08"": 0.03023467825917602, ""1e-10"": 0.03023467825917602, ""1e-15"": 0.03023467825917602}"
explore_cycle_3_factor_1,42,4233720,128,intermediate,20000,20000,experiments/strata_two_factor_explore_cycle_3/reward_factor_1_state_0/results/20260909T084527Z-64ab39a1/checkpoint_probes/steps_004233720/probe_battery.json,layer_1,factor_2,probe_fits,/layers/layer_1/probe_fits/factor_2,0.1548546156253048,0.1824522203245099,0.8487406475507948,0.1512593524492052,0.1512593524492052,0.22332612491625015,0.27557722292625764,0.18960601117600162,0.18960601117600162,1e-15,10,"{""0.0001"": 0.15372953635461845, ""0.01"": 0.16958511162116421, ""1e-06"": 0.15372953635461845, ""1e-08"": 0.15372953635461845, ""1e-10"": 0.15372953635461845, ""1e-15"": 0.15372953635461845}"
explore_cycle_3_factor_1,42,4233720,128,intermediate,20000,20000,experiments/strata_two_factor_explore_cycle_3/reward_factor_1_state_0/results/20260909T084527Z-64ab39a1/checkpoint_probes/steps_004233720/probe_battery.json,layer_1,factor_1,shuffled_training_labels,/layers/layer_1/shuffled_training_labels/factor_1,0.05450489066092829,0.05306008951929745,1.0272295270271903,-0.02722952702719028,-0.02722952702719028,0.10581883807102285,0.1036885565437507,-0.02054500128346648,-0.02054500128346648,0.01,10,"{""0.0001"": 0.0526533804701664, ""0.01"": 0.05255491181919421, ""1e-06"": 0.0526533804701664, ""1e-08"": 0.0526533804701664, ""1e-10"": 0.0526533804701664, ""1e-15"": 0.0526533804701664}"
explore_cycle_3_factor_1,42,4233720,128,intermediate,20000,20000,experiments/strata_two_factor_explore_cycle_3/reward_factor_1_state_0/results/20260909T084527Z-64ab39a1/checkpoint_probes/steps_004233720/probe_battery.json,layer_1,factor_2,shuffled_training_labels,/layers/layer_1/shuffled_training_labels/factor_2,0.1830269029602656,0.1824522203245099,1.003149770579572,-0.0031497705795719977,-0.0031497705795719977,0.2776808187527607,0.27557722292625764,-0.007633416884623712,-0.007633416884623934,0.01,10,"{""0.0001"": 0.18253100938562264, ""0.01"": 0.18197063325859883, ""1e-06"": 0.18253100938562264, ""1e-08"": 0.18253100938562264, ""1e-10"": 0.18253100938562264, ""1e-15"": 0.18253100938562264}"
explore_cycle_3_factor_1,42,4233720,128,intermediate,20000,20000,experiments/strata_two_factor_explore_cycle_3/reward_factor_1_state_0/results/20260909T084527Z-64ab39a1/checkpoint_probes/steps_004233720/probe_battery.json,layer_2,factor_1,probe_fits,/layers/layer_2/probe_fits/factor_1,0.013971690416315422,0.05306008951929745,0.2633182594091563,0.7366817405908437,0.7366817405908437,0.028471992336584016,0.1036885565437507,0.7254085379752544,0.7254085379752544,1e-15,10,"{""0.0001"": 0.014418907142387393, ""0.01"": 0.02022890175961677, ""1e-06"": 0.014418907142387393, ""1e-08"": 0.014418907142387393, ""1e-10"": 0.014418907142387393, ""1e-15"": 0.014418907142387393}"
explore_cycle_3_factor_1,42,4233720,128,intermediate,20000,20000,experiments/strata_two_factor_explore_cycle_3/reward_factor_1_state_0/results/20260909T084527Z-64ab39a1/checkpoint_probes/steps_004233720/probe_battery.json,layer_2,factor_2,probe_fits,/layers/layer_2/probe_fits/factor_2,0.16412081807506795,0.1824522203245099,0.8995276559702169,0.10047234402978311,0.10047234402978311,0.2422812009666237,0.27557722292625764,0.12082283726526888,0.12082283726526888,1e-15,10,"{""0.0001"": 0.1631639691781591, ""0.01"": 0.18044805424759205, ""1e-06"": 0.1631639691781591, ""1e-08"": 0.1631639691781591, ""1e-10"": 0.1631639691781591, ""1e-15"": 0.1631639691781591}"
explore_cycle_3_factor_1,42,4233720,128,intermediate,20000,20000,experiments/strata_two_factor_explore_cycle_3/reward_factor_1_state_0/results/20260909T084527Z-64ab39a1/checkpoint_probes/steps_004233720/probe_battery.json,layer_2,factor_1,shuffled_training_labels,/layers/layer_2/shuffled_training_labels/factor_1,0.05520143553440156,0.05306008951929745,1.0403569996678073,-0.04035699966780726,-0.04035699966780726,0.10752033565457682,0.1036885565437507,-0.03695469624181058,-0.0369546962418108,1e-15,10,"{""0.0001"": 0.05268628575699835, ""0.01"": 0.05292964894113707, ""1e-06"": 0.05268628575699835, ""1e-08"": 0.05268628575699835, ""1e-10"": 0.05268628575699835, ""1e-15"": 0.05268628575699835}"
explore_cycle_3_factor_1,42,4233720,128,intermediate,20000,20000,experiments/strata_two_factor_explore_cycle_3/reward_factor_1_state_0/results/20260909T084527Z-64ab39a1/checkpoint_probes/steps_004233720/probe_battery.json,layer_2,factor_2,shuffled_training_labels,/layers/layer_2/shuffled_training_labels/factor_2,0.1827243471680032,0.1824522203245099,1.0014914964751283,-0.001491496475128029,-0.0014914964751282511,0.27594690493573026,0.27557722292625764,-0.0013414824547075543,-0.0013414824547075543,0.01,10,"{""0.0001"": 0.18241528473419172, ""0.01"": 0.18218569192949027, ""1e-06"": 0.18241528473419172, ""1e-08"": 0.18241528473419172, ""1e-10"": 0.18241528473419172, ""1e-15"": 0.18241528473419172}"
explore_cycle_3_factor_1,42,4233720,128,intermediate,20000,20000,experiments/strata_two_factor_explore_cycle_3/reward_factor_1_state_0/results/20260909T084527Z-64ab39a1/checkpoint_probes/steps_004233720/probe_battery.json,layer_3,factor_1,probe_fits,/layers/layer_3/probe_fits/factor_1,0.013786682383523801,0.05306008951929745,0.2598314949790975,0.7401685050209025,0.7401685050209025,0.027674476367479467,0.1036885565437507,0.7330999939631486,0.7330999939631486,1e-15,10,"{""0.0001"": 0.014091289540972215, ""0.01"": 0.02075088773448348, ""1e-06"": 0.014091289540972215, ""1e-08"": 0.014091289540972215, ""1e-10"": 0.014091289540972215, ""1e-15"": 0.014091289540972215}"
explore_cycle_3_factor_1,42,4233720,128,intermediate,20000,20000,experiments/strata_two_factor_explore_cycle_3/reward_factor_1_state_0/results/20260909T084527Z-64ab39a1/checkpoint_probes/steps_004233720/probe_battery.json,layer_3,factor_2,probe_fits,/layers/layer_3/probe_fits/factor_2,0.16601231775795938,0.1824522203245099,0.9098947519667864,0.09010524803321374,0.09010524803321363,0.24591976921815112,0.27557722292625764,0.10761939391501385,0.10761939391501385,1e-15,10,"{""0.0001"": 0.16528037697366066, ""0.01"": 0.18184388731370235, ""1e-06"": 0.16528037697366066, ""1e-08"": 0.16528037697366066, ""1e-10"": 0.16528037697366066, ""1e-15"": 0.16528037697366066}"
explore_cycle_3_factor_1,42,4233720,128,intermediate,20000,20000,experiments/strata_two_factor_explore_cycle_3/reward_factor_1_state_0/results/20260909T084527Z-64ab39a1/checkpoint_probes/steps_004233720/probe_battery.json,layer_3,factor_1,shuffled_training_labels,/layers/layer_3/shuffled_training_labels/factor_1,0.055206818825641796,0.05306008951929745,1.0404584561728567,-0.040458456172856705,-0.040458456172856705,0.1076087608777168,0.1036885565437507,-0.03780749259743055,-0.037807492597430326,1e-15,10,"{""0.0001"": 0.05270230641312519, ""0.01"": 0.052733063171722064, ""1e-06"": 0.05270230641312519, ""1e-08"": 0.05270230641312519, ""1e-10"": 0.05270230641312519, ""1e-15"": 0.05270230641312519}"
explore_cycle_3_factor_1,42,4233720,128,intermediate,20000,20000,experiments/strata_two_factor_explore_cycle_3/reward_factor_1_state_0/results/20260909T084527Z-64ab39a1/checkpoint_probes/steps_004233720/probe_battery.json,layer_3,factor_2,shuffled_training_labels,/layers/layer_3/shuffled_training_labels/factor_2,0.18266132708846536,0.1824522203245099,1.001146090541313,-0.001146090541312983,-0.001146090541312983,0.2757579766885051,0.27557722292625764,-0.0006559096587450686,-0.0006559096587450686,0.01,10,"{""0.0001"": 0.18247515665955955, ""0.01"": 0.18202444870286696, ""1e-06"": 0.18247515665955955, ""1e-08"": 0.18247515665955955, ""1e-10"": 0.18247515665955955, ""1e-15"": 0.18247515665955955}"
explore_cycle_3_factor_1,42,4233720,128,intermediate,20000,20000,experiments/strata_two_factor_explore_cycle_3/reward_factor_1_state_0/results/20260909T084527Z-64ab39a1/checkpoint_probes/steps_004233720/probe_battery.json,control,factor_1,current_token_preceding_action,/controls/current_token_preceding_action/factor_1,0.040442491613347877,0.05306008951929745,0.7622017222311569,0.2377982777688431,0.2377982777688431,0.08432885388797935,0.1036885565437507,0.18671011827233452,0.18671011827233464,,,
explore_cycle_3_factor_1,42,4233720,128,intermediate,20000,20000,experiments/strata_two_factor_explore_cycle_3/reward_factor_1_state_0/results/20260909T084527Z-64ab39a1/checkpoint_probes/steps_004233720/probe_battery.json,control,factor_2,current_token_preceding_action,/controls/current_token_preceding_action/factor_2,0.1316426482736101,0.1824522203245099,0.721518477766235,0.2784815222337649,0.278481522233765,0.1771067661048059,0.27557722292625764,0.3573243672892431,0.3573243672892431,,,
explore_cycle_3_factor_1,42,4233720,128,intermediate,20000,20000,experiments/strata_two_factor_explore_cycle_3/reward_factor_1_state_0/results/20260909T084527Z-64ab39a1/checkpoint_probes/steps_004233720/probe_battery.json,control,factor_1,log_ntp,/controls/log_ntp/factor_1,0.020922069308222012,0.05306008951929745,0.3943089711639641,0.6056910288360359,0.605691028836036,0.061109605621273815,0.1036885565437507,0.4106427202939311,0.4106427202939311,1e-15,10,"{""0.0001"": 0.020315645925605405, ""0.01"": 0.020315645925605405, ""1e-06"": 0.020315645925605405, ""1e-08"": 0.020315645925605405, ""1e-10"": 0.020315645925605405, ""1e-15"": 0.020315645925605405}"
explore_cycle_3_factor_1,42,4233720,128,intermediate,20000,20000,experiments/strata_two_factor_explore_cycle_3/reward_factor_1_state_0/results/20260909T084527Z-64ab39a1/checkpoint_probes/steps_004233720/probe_battery.json,control,factor_2,log_ntp,/controls/log_ntp/factor_2,0.07888179677120137,0.1824522203245099,0.43234221338004025,0.5676577866199598,0.5676577866199597,0.23048319311263,0.27557722292625764,0.1636348219740006,0.1636348219740006,1e-15,10,"{""0.0001"": 0.07786076973641334, ""0.01"": 0.07786076973641334, ""1e-06"": 0.07786076973641334, ""1e-08"": 0.07786076973641334, ""1e-10"": 0.07786076973641334, ""1e-15"": 0.07786076973641334}"
explore_cycle_3_factor_1,42,4233720,128,intermediate,20000,20000,experiments/strata_two_factor_explore_cycle_3/reward_factor_1_state_0/results/20260909T084527Z-64ab39a1/checkpoint_probes/steps_004233720/probe_battery.json,control,factor_1,ntp,/controls/ntp/factor_1,0.03353281919895122,0.05306008951929745,0.6319781874238198,0.36802181257618016,0.36802181257618016,0.10059845759685367,0.1036885565437507,0.029801735600332946,0.029801735600332946,1e-15,10,"{""0.0001"": 0.03281699154440324, ""0.01"": 0.03281699154440324, ""1e-06"": 0.03281699154440324, ""1e-08"": 0.03281699154440324, ""1e-10"": 0.03281699154440324, ""1e-15"": 0.03281699154440324}"
explore_cycle_3_factor_1,42,4233720,128,intermediate,20000,20000,experiments/strata_two_factor_explore_cycle_3/reward_factor_1_state_0/results/20260909T084527Z-64ab39a1/checkpoint_probes/steps_004233720/probe_battery.json,control,factor_2,ntp,/controls/ntp/factor_2,0.09185928757794198,0.1824522203245099,0.5034703738576646,0.4965296261423354,0.4965296261423354,0.275577862733826,0.27557722292625764,-2.321699745566619e-06,-2.321699745566619e-06,1e-15,10,"{""0.0001"": 0.0908430331019759, ""0.01"": 0.0908430331019759, ""1e-06"": 0.0908430331019759, ""1e-08"": 0.0908430331019759, ""1e-10"": 0.0908430331019759, ""1e-15"": 0.0908430331019759}"
explore_cycle_3_factor_1,42,4233720,128,intermediate,20000,20000,experiments/strata_two_factor_explore_cycle_3/reward_factor_1_state_0/results/20260909T084527Z-64ab39a1/checkpoint_probes/steps_004233720/probe_battery.json,control,factor_1,train_mean,/controls/train_mean/factor_1,0.053063450757422345,0.05306008951929745,1.0000633477658132,-6.334776581318202e-05,-6.334776581318202e-05,0.10369365445774761,0.1036885565437507,-4.916563762513704e-05,-4.916563762535908e-05,,,
explore_cycle_3_factor_1,42,4233720,128,intermediate,20000,20000,experiments/strata_two_factor_explore_cycle_3/reward_factor_1_state_0/results/20260909T084527Z-64ab39a1/checkpoint_probes/steps_004233720/probe_battery.json,control,factor_2,train_mean,/controls/train_mean/factor_2,0.1824599057664653,0.1824522203245099,1.0000421230387975,-4.212303879747026e-05,-4.212303879747026e-05,0.275593964260501,0.27557722292625764,-6.075006513817094e-05,-6.075006513817094e-05,,,
explore_cycle_3_factor_1,42,8467762,256,intermediate,20000,20000,experiments/strata_two_factor_explore_cycle_3/reward_factor_1_state_0/results/20260909T084527Z-64ab39a1/checkpoint_probes/steps_008467762/probe_battery.json,layer_1,factor_1,probe_fits,/layers/layer_1/probe_fits/factor_1,0.0260749200258231,0.052042912575479265,0.5010273010375029,0.4989726989624971,0.4989726989624971,0.05462009131299419,0.10282157423809751,0.46878763802513035,0.46878763802513035,1e-15,10,"{""0.0001"": 0.025506532375872814, ""0.01"": 0.028154892868484865, ""1e-06"": 0.025506532375872814, ""1e-08"": 0.025506532375872814, ""1e-10"": 0.025506532375872814, ""1e-15"": 0.025506532375872814}"
explore_cycle_3_factor_1,42,8467762,256,intermediate,20000,20000,experiments/strata_two_factor_explore_cycle_3/reward_factor_1_state_0/results/20260909T084527Z-64ab39a1/checkpoint_probes/steps_008467762/probe_battery.json,layer_1,factor_2,probe_fits,/layers/layer_1/probe_fits/factor_2,0.12632336032184915,0.18264413874278523,0.6916365408240572,0.30836345917594277,0.30836345917594277,0.15517465741359507,0.27682446553359297,0.43944745954990583,0.43944745954990583,1e-15,10,"{""0.0001"": 0.1257390272311847, ""0.01"": 0.15674568775869965, ""1e-06"": 0.1257390272311847, ""1e-08"": 0.1257390272311847, ""1e-10"": 0.1257390272311847, ""1e-15"": 0.1257390272311847}"
explore_cycle_3_factor_1,42,8467762,256,intermediate,20000,20000,experiments/strata_two_factor_explore_cycle_3/reward_factor_1_state_0/results/20260909T084527Z-64ab39a1/checkpoint_probes/steps_008467762/probe_battery.json,layer_1,factor_1,shuffled_training_labels,/layers/layer_1/shuffled_training_labels/factor_1,0.05295450236620577,0.052042912575479265,1.0175161178653174,-0.01751611786531737,-0.01751611786531737,0.10493499293524419,0.10282157423809751,-0.02055423400008216,-0.02055423400008216,0.01,10,"{""0.0001"": 0.050989859582165065, ""0.01"": 0.05085534980366648, ""1e-06"": 0.050989859582165065, ""1e-08"": 0.050989859582165065, ""1e-10"": 0.050989859582165065, ""1e-15"": 0.050989859582165065}"
explore_cycle_3_factor_1,42,8467762,256,intermediate,20000,20000,experiments/strata_two_factor_explore_cycle_3/reward_factor_1_state_0/results/20260909T084527Z-64ab39a1/checkpoint_probes/steps_008467762/probe_battery.json,layer_1,factor_2,shuffled_training_labels,/layers/layer_1/shuffled_training_labels/factor_2,0.18397375322090057,0.18264413874278523,1.0072798091812176,-0.0072798091812178445,-0.0072798091812176224,0.2788818317676852,0.27682446553359297,-0.00743202458686798,-0.00743202458686798,0.01,10,"{""0.0001"": 0.18226078328941756, ""0.01"": 0.18192518841118696, ""1e-06"": 0.18226078328941756, ""1e-08"": 0.18226078328941756, ""1e-10"": 0.18226078328941756, ""1e-15"": 0.18226078328941756}"
explore_cycle_3_factor_1,42,8467762,256,intermediate,20000,20000,experiments/strata_two_factor_explore_cycle_3/reward_factor_1_state_0/results/20260909T084527Z-64ab39a1/checkpoint_probes/steps_008467762/probe_battery.json,layer_2,factor_1,probe_fits,/layers/layer_2/probe_fits/factor_1,0.014288675843412584,0.052042912575479265,0.274555652946774,0.725444347053226,0.725444347053226,0.03135516827017431,0.10282157423809751,0.695052633627578,0.695052633627578,1e-15,10,"{""0.0001"": 0.01378494537007156, ""0.01"": 0.020077945102445042, ""1e-06"": 0.01378494537007156, ""1e-08"": 0.01378494537007156, ""1e-10"": 0.01378494537007156, ""1e-15"": 0.01378494537007156}"
explore_cycle_3_factor_1,42,8467762,256,intermediate,20000,20000,experiments/strata_two_factor_explore_cycle_3/reward_factor_1_state_0/results/20260909T084527Z-64ab39a1/checkpoint_probes/steps_008467762/probe_battery.json,layer_2,factor_2,probe_fits,/layers/layer_2/probe_fits/factor_2,0.13633166877083933,0.18264413874278523,0.7464333085598382,0.25356669144016175,0.25356669144016175,0.16960246934108542,0.27682446553359297,0.3873284681895143,0.3873284681895143,1e-15,10,"{""0.0001"": 0.13572776790673347, ""0.01"": 0.17978876943569805, ""1e-06"": 0.13572776790673347, ""1e-08"": 0.13572776790673347, ""1e-10"": 0.13572776790673347, ""1e-15"": 0.13572776790673347}"
explore_cycle_3_factor_1,42,8467762,256,intermediate,20000,20000,experiments/strata_two_factor_explore_cycle_3/reward_factor_1_state_0/results/20260909T084527Z-64ab39a1/checkpoint_probes/steps_008467762/probe_battery.json,layer_2,factor_1,shuffled_training_labels,/layers/layer_2/shuffled_training_labels/factor_1,0.0532000086728334,0.052042912575479265,1.0222335000116676,-0.022233500011667573,-0.022233500011667573,0.10544002511724777,0.10282157423809751,-0.025465967609938245,-0.025465967609938245,1e-15,10,"{""0.0001"": 0.05094756106805019, ""0.01"": 0.051417609800342844, ""1e-06"": 0.05094756106805019, ""1e-08"": 0.05094756106805019, ""1e-10"": 0.05094756106805019, ""1e-15"": 0.05094756106805019}"
explore_cycle_3_factor_1,42,8467762,256,intermediate,20000,20000,experiments/strata_two_factor_explore_cycle_3/reward_factor_1_state_0/results/20260909T084527Z-64ab39a1/checkpoint_probes/steps_008467762/probe_battery.json,layer_2,factor_2,shuffled_training_labels,/layers/layer_2/shuffled_training_labels/factor_2,0.18332387666572553,0.18264413874278523,1.003721651992882,-0.0037216519928819913,-0.0037216519928819913,0.2773668224229282,0.27682446553359297,-0.001959208656972633,-0.001959208656972633,0.01,10,"{""0.0001"": 0.18247039935043174, ""0.01"": 0.1823053218698442, ""1e-06"": 0.18247039935043174, ""1e-08"": 0.18247039935043174, ""1e-10"": 0.18247039935043174, ""1e-15"": 0.18247039935043174}"
explore_cycle_3_factor_1,42,8467762,256,intermediate,20000,20000,experiments/strata_two_factor_explore_cycle_3/reward_factor_1_state_0/results/20260909T084527Z-64ab39a1/checkpoint_probes/steps_008467762/probe_battery.json,layer_3,factor_1,probe_fits,/layers/layer_3/probe_fits/factor_1,0.01260340934625081,0.052042912575479265,0.2421734050332356,0.7578265949667644,0.7578265949667644,0.026676741047717712,0.10282157423809751,0.7405530770619788,0.7405530770619788,1e-15,10,"{""0.0001"": 0.012441832560565134, ""0.01"": 0.021212021615635433, ""1e-06"": 0.012441832560565134, ""1e-08"": 0.012441832560565134, ""1e-10"": 0.012441832560565134, ""1e-15"": 0.012441832560565134}"
explore_cycle_3_factor_1,42,8467762,256,intermediate,20000,20000,experiments/strata_two_factor_explore_cycle_3/reward_factor_1_state_0/results/20260909T084527Z-64ab39a1/checkpoint_probes/steps_008467762/probe_battery.json,layer_3,factor_2,probe_fits,/layers/layer_3/probe_fits/factor_2,0.1397759094980908,0.18264413874278523,0.765290966686508,0.23470903331349202,0.23470903331349202,0.1759656505032494,0.27682446553359297,0.3643421286335121,0.3643421286335121,1e-15,10,"{""0.0001"": 0.13857176820374795, ""0.01"": 0.18040956361591642, ""1e-06"": 0.13857176820374795, ""1e-08"": 0.13857176820374795, ""1e-10"": 0.13857176820374795, ""1e-15"": 0.13857176820374795}"
explore_cycle_3_factor_1,42,8467762,256,intermediate,20000,20000,experiments/strata_two_factor_explore_cycle_3/reward_factor_1_state_0/results/20260909T084527Z-64ab39a1/checkpoint_probes/steps_008467762/probe_battery.json,layer_3,factor_1,shuffled_training_labels,/layers/layer_3/shuffled_training_labels/factor_1,0.052359318411908544,0.052042912575479265,1.0060797103922727,-0.00607971039227273,-0.00607971039227273,0.10296856789068261,0.10282157423809751,-0.0014295993197372958,-0.0014295993197372958,0.01,10,"{""0.0001"": 0.05096086750918453, ""0.01"": 0.050935286346221964, ""1e-06"": 0.05096086750918453, ""1e-08"": 0.05096086750918453, ""1e-10"": 0.05096086750918453, ""1e-15"": 0.05096086750918453}"
explore_cycle_3_factor_1,42,8467762,256,intermediate,20000,20000,experiments/strata_two_factor_explore_cycle_3/reward_factor_1_state_0/results/20260909T084527Z-64ab39a1/checkpoint_probes/steps_008467762/probe_battery.json,layer_3,factor_2,shuffled_training_labels,/layers/layer_3/shuffled_training_labels/factor_2,0.18309830650108133,0.18264413874278523,1.002486626515487,-0.0024866265154870337,-0.0024866265154870337,0.27738251557446153,0.27682446553359297,-0.002015898557928608,-0.00201589855792883,0.01,10,"{""0.0001"": 0.18248964422180716, ""0.01"": 0.18196217539244008, ""1e-06"": 0.18248964422180716, ""1e-08"": 0.18248964422180716, ""1e-10"": 0.18248964422180716, ""1e-15"": 0.18248964422180716}"
explore_cycle_3_factor_1,42,8467762,256,intermediate,20000,20000,experiments/strata_two_factor_explore_cycle_3/reward_factor_1_state_0/results/20260909T084527Z-64ab39a1/checkpoint_probes/steps_008467762/probe_battery.json,control,factor_1,current_token_preceding_action,/controls/current_token_preceding_action/factor_1,0.03711780820703323,0.052042912575479265,0.7132154287714059,0.28678457122859413,0.28678457122859413,0.0773895045368391,0.10282157423809751,0.24734176547780673,0.24734176547780673,,,
explore_cycle_3_factor_1,42,8467762,256,intermediate,20000,20000,experiments/strata_two_factor_explore_cycle_3/reward_factor_1_state_0/results/20260909T084527Z-64ab39a1/checkpoint_probes/steps_008467762/probe_battery.json,control,factor_2,current_token_preceding_action,/controls/current_token_preceding_action/factor_2,0.13190085681064967,0.18264413874278523,0.7221740468573344,0.27782595314266567,0.27782595314266556,0.1711862717932161,0.27682446553359297,0.38160714421232234,0.38160714421232234,,,
explore_cycle_3_factor_1,42,8467762,256,intermediate,20000,20000,experiments/strata_two_factor_explore_cycle_3/reward_factor_1_state_0/results/20260909T084527Z-64ab39a1/checkpoint_probes/steps_008467762/probe_battery.json,control,factor_1,log_ntp,/controls/log_ntp/factor_1,0.01616663731270904,0.052042912575479265,0.31064051784692337,0.6893594821530766,0.6893594821530766,0.04742727774934194,0.10282157423809751,0.5387419605197101,0.5387419605197101,1e-15,10,"{""0.0001"": 0.015611899131158222, ""0.01"": 0.015611899131158222, ""1e-06"": 0.015611899131158222, ""1e-08"": 0.015611899131158222, ""1e-10"": 0.015611899131158222, ""1e-15"": 0.015611899131158222}"
explore_cycle_3_factor_1,42,8467762,256,intermediate,20000,20000,experiments/strata_two_factor_explore_cycle_3/reward_factor_1_state_0/results/20260909T084527Z-64ab39a1/checkpoint_probes/steps_008467762/probe_battery.json,control,factor_2,log_ntp,/controls/log_ntp/factor_2,0.07684629011776085,0.18264413874278523,0.42074325870364904,0.579256741296351,0.579256741296351,0.22488419335041035,0.27682446553359297,0.1876289080268434,0.1876289080268435,1e-15,10,"{""0.0001"": 0.07663305961069436, ""0.01"": 0.07663305961069436, ""1e-06"": 0.07663305961069436, ""1e-08"": 0.07663305961069436, ""1e-10"": 0.07663305961069436, ""1e-15"": 0.07663305961069436}"
explore_cycle_3_factor_1,42,8467762,256,intermediate,20000,20000,experiments/strata_two_factor_explore_cycle_3/reward_factor_1_state_0/results/20260909T084527Z-64ab39a1/checkpoint_probes/steps_008467762/probe_battery.json,control,factor_1,ntp,/controls/ntp/factor_1,0.032631995477575795,0.052042912575479265,0.6270209306646456,0.3729790693353544,0.3729790693353544,0.0978959864327274,0.10282157423809751,0.04790422478811929,0.04790422478811929,1e-15,10,"{""0.0001"": 0.031886122664077685, ""0.01"": 0.031886122664077685, ""1e-06"": 0.031886122664077685, ""1e-08"": 0.031886122664077685, ""1e-10"": 0.031886122664077685, ""1e-15"": 0.031886122664077685}"
explore_cycle_3_factor_1,42,8467762,256,intermediate,20000,20000,experiments/strata_two_factor_explore_cycle_3/reward_factor_1_state_0/results/20260909T084527Z-64ab39a1/checkpoint_probes/steps_008467762/probe_battery.json,control,factor_2,ntp,/controls/ntp/factor_2,0.09224675564605875,0.18264413874278523,0.505062775520918,0.49493722447908195,0.49493722447908195,0.27674026693817627,0.27682446553359297,0.00030415879338696605,0.00030415879338696605,1e-15,10,"{""0.0001"": 0.09186862726561912, ""0.01"": 0.09186862726561912, ""1e-06"": 0.09186862726561912, ""1e-08"": 0.09186862726561912, ""1e-10"": 0.09186862726561912, ""1e-15"": 0.09186862726561912}"
explore_cycle_3_factor_1,42,8467762,256,intermediate,20000,20000,experiments/strata_two_factor_explore_cycle_3/reward_factor_1_state_0/results/20260909T084527Z-64ab39a1/checkpoint_probes/steps_008467762/probe_battery.json,control,factor_1,train_mean,/controls/train_mean/factor_1,0.052048204014188956,0.052042912575479265,1.0001016745306486,-0.00010167453064835463,-0.00010167453064857668,0.102837167282577,0.10282157423809751,-0.00015165148554707741,-0.00015165148554685537,,,
explore_cycle_3_factor_1,42,8467762,256,intermediate,20000,20000,experiments/strata_two_factor_explore_cycle_3/reward_factor_1_state_0/results/20260909T084527Z-64ab39a1/checkpoint_probes/steps_008467762/probe_battery.json,control,factor_2,train_mean,/controls/train_mean/factor_2,0.18264441091968706,0.18264413874278523,1.0000014902033194,-1.4902033194097442e-06,-1.4902033194097442e-06,0.2768244975869859,0.27682446553359297,-1.1578959568936398e-07,-1.1578959568936398e-07,,,
explore_cycle_3_factor_1,42,16935407,512,intermediate,20000,20000,experiments/strata_two_factor_explore_cycle_3/reward_factor_1_state_0/results/20260909T084527Z-64ab39a1/checkpoint_probes/steps_016935407/probe_battery.json,layer_1,factor_1,probe_fits,/layers/layer_1/probe_fits/factor_1,0.019514071075609693,0.04154016960640834,0.4697638757979285,0.5302361242020716,0.5302361242020714,0.04196631786487958,0.08176767732480132,0.4867615268294947,0.4867615268294947,1e-15,10,"{""0.0001"": 0.018605190361015024, ""0.01"": 0.021842728488558213, ""1e-06"": 0.018605190361015024, ""1e-08"": 0.018605190361015024, ""1e-10"": 0.018605190361015024, ""1e-15"": 0.018605190361015024}"
explore_cycle_3_factor_1,42,16935407,512,intermediate,20000,20000,experiments/strata_two_factor_explore_cycle_3/reward_factor_1_state_0/results/20260909T084527Z-64ab39a1/checkpoint_probes/steps_016935407/probe_battery.json,layer_1,factor_2,probe_fits,/layers/layer_1/probe_fits/factor_2,0.11703415236504838,0.1829751653382249,0.6396176888197573,0.36038231118024255,0.36038231118024266,0.14323554193334076,0.27914793033399043,0.48688302377178805,0.48688302377178794,1e-15,10,"{""0.0001"": 0.11580161933502, ""0.01"": 0.1524441099528623, ""1e-06"": 0.11580161933502, ""1e-08"": 0.11580161933502, ""1e-10"": 0.11580161933502, ""1e-15"": 0.11580161933502}"
explore_cycle_3_factor_1,42,16935407,512,intermediate,20000,20000,experiments/strata_two_factor_explore_cycle_3/reward_factor_1_state_0/results/20260909T084527Z-64ab39a1/checkpoint_probes/steps_016935407/probe_battery.json,layer_1,factor_1,shuffled_training_labels,/layers/layer_1/shuffled_training_labels/factor_1,0.04165336643809983,0.04154016960640834,1.0027249968588001,-0.0027249968588001217,-0.0027249968588001217,0.0825048909443685,0.08176767732480132,-0.009015954025926254,-0.009015954025926254,1e-15,10,"{""0.0001"": 0.03990989278983281, ""0.01"": 0.03994621930599267, ""1e-06"": 0.03990989278983281, ""1e-08"": 0.03990989278983281, ""1e-10"": 0.03990989278983281, ""1e-15"": 0.03990989278983281}"
explore_cycle_3_factor_1,42,16935407,512,intermediate,20000,20000,experiments/strata_two_factor_explore_cycle_3/reward_factor_1_state_0/results/20260909T084527Z-64ab39a1/checkpoint_probes/steps_016935407/probe_battery.json,layer_1,factor_2,shuffled_training_labels,/layers/layer_1/shuffled_training_labels/factor_2,0.18359879350400352,0.1829751653382249,1.0034082667154631,-0.0034082667154631263,-0.0034082667154631263,0.2808494479571444,0.27914793033399043,-0.006095397594809704,-0.006095397594809926,0.01,10,"{""0.0001"": 0.18256857364835438, ""0.01"": 0.18217914919225447, ""1e-06"": 0.18256857364835438, ""1e-08"": 0.18256857364835438, ""1e-10"": 0.18256857364835438, ""1e-15"": 0.18256857364835438}"
explore_cycle_3_factor_1,42,16935407,512,intermediate,20000,20000,experiments/strata_two_factor_explore_cycle_3/reward_factor_1_state_0/results/20260909T084527Z-64ab39a1/checkpoint_probes/steps_016935407/probe_battery.json,layer_2,factor_1,probe_fits,/layers/layer_2/probe_fits/factor_1,0.011872901279844953,0.04154016960640834,0.2858173520315463,0.7141826479684537,0.7141826479684537,0.024897391144614683,0.08176767732480132,0.6955105983295071,0.6955105983295071,1e-15,10,"{""0.0001"": 0.011054450615761467, ""0.01"": 0.014196685468769843, ""1e-06"": 0.011054450615761467, ""1e-08"": 0.011054450615761467, ""1e-10"": 0.011054450615761467, ""1e-15"": 0.011054450615761467}"
explore_cycle_3_factor_1,42,16935407,512,intermediate,20000,20000,experiments/strata_two_factor_explore_cycle_3/reward_factor_1_state_0/results/20260909T084527Z-64ab39a1/checkpoint_probes/steps_016935407/probe_battery.json,layer_2,factor_2,probe_fits,/layers/layer_2/probe_fits/factor_2,0.1373331102548706,0.1829751653382249,0.7505560112543901,0.2494439887456098,0.2494439887456099,0.1784483962975474,0.27914793033399043,0.36073895986246307,0.36073895986246307,1e-15,10,"{""0.0001"": 0.13603612688193883, ""0.01"": 0.17164692137655074, ""1e-06"": 0.13603612688193883, ""1e-08"": 0.13603612688193883, ""1e-10"": 0.13603612688193883, ""1e-15"": 0.13603612688193883}"
explore_cycle_3_factor_1,42,16935407,512,intermediate,20000,20000,experiments/strata_two_factor_explore_cycle_3/reward_factor_1_state_0/results/20260909T084527Z-64ab39a1/checkpoint_probes/steps_016935407/probe_battery.json,layer_2,factor_1,shuffled_training_labels,/layers/layer_2/shuffled_training_labels/factor_1,0.041876087265190105,0.04154016960640834,1.008086574079128,-0.00808657407912805,-0.00808657407912805,0.08330001428778415,0.08176767732480132,-0.01874013073522951,-0.018740130735229288,1e-15,10,"{""0.0001"": 0.039858561500453235, ""0.01"": 0.04045475900942212, ""1e-06"": 0.039858561500453235, ""1e-08"": 0.039858561500453235, ""1e-10"": 0.039858561500453235, ""1e-15"": 0.039858561500453235}"
explore_cycle_3_factor_1,42,16935407,512,intermediate,20000,20000,experiments/strata_two_factor_explore_cycle_3/reward_factor_1_state_0/results/20260909T084527Z-64ab39a1/checkpoint_probes/steps_016935407/probe_battery.json,layer_2,factor_2,shuffled_training_labels,/layers/layer_2/shuffled_training_labels/factor_2,0.18405856390883252,0.1829751653382249,1.00592101430052,-0.0059210143005199445,-0.0059210143005199445,0.2812236207587327,0.27914793033399043,-0.00743580804005517,-0.00743580804005517,0.01,10,"{""0.0001"": 0.1827224993266878, ""0.01"": 0.18250872142084335, ""1e-06"": 0.1827224993266878, ""1e-08"": 0.1827224993266878, ""1e-10"": 0.1827224993266878, ""1e-15"": 0.1827224993266878}"
explore_cycle_3_factor_1,42,16935407,512,intermediate,20000,20000,experiments/strata_two_factor_explore_cycle_3/reward_factor_1_state_0/results/20260909T084527Z-64ab39a1/checkpoint_probes/steps_016935407/probe_battery.json,layer_3,factor_1,probe_fits,/layers/layer_3/probe_fits/factor_1,0.010417638031653038,0.04154016960640834,0.2507846773462842,0.7492153226537158,0.7492153226537158,0.021395070726081877,0.08176767732480132,0.7383431763495569,0.7383431763495569,1e-15,10,"{""0.0001"": 0.009843759425715562, ""0.01"": 0.014869020102149466, ""1e-06"": 0.009843759425715562, ""1e-08"": 0.009843759425715562, ""1e-10"": 0.009843759425715562, ""1e-15"": 0.009843759425715562}"
explore_cycle_3_factor_1,42,16935407,512,intermediate,20000,20000,experiments/strata_two_factor_explore_cycle_3/reward_factor_1_state_0/results/20260909T084527Z-64ab39a1/checkpoint_probes/steps_016935407/probe_battery.json,layer_3,factor_2,probe_fits,/layers/layer_3/probe_fits/factor_2,0.14238299349970793,0.1829751653382249,0.7781547470473199,0.22184525295267998,0.2218452529526801,0.1883305275918105,0.27914793033399043,0.3253379046497684,0.3253379046497683,1e-15,10,"{""0.0001"": 0.14224025223930933, ""0.01"": 0.17918510986666267, ""1e-06"": 0.14224025223930933, ""1e-08"": 0.14224025223930933, ""1e-10"": 0.14224025223930933, ""1e-15"": 0.14224025223930933}"
explore_cycle_3_factor_1,42,16935407,512,intermediate,20000,20000,experiments/strata_two_factor_explore_cycle_3/reward_factor_1_state_0/results/20260909T084527Z-64ab39a1/checkpoint_probes/steps_016935407/probe_battery.json,layer_3,factor_1,shuffled_training_labels,/layers/layer_3/shuffled_training_labels/factor_1,0.04154838265110773,0.04154016960640834,1.0001977133164648,-0.00019771331646478707,-0.00019771331646478707,0.0823068555096966,0.08176767732480132,-0.0065940259346433105,-0.0065940259346433105,1e-15,10,"{""0.0001"": 0.0399027924710754, ""0.01"": 0.040109824786873055, ""1e-06"": 0.0399027924710754, ""1e-08"": 0.0399027924710754, ""1e-10"": 0.0399027924710754, ""1e-15"": 0.0399027924710754}"
explore_cycle_3_factor_1,42,16935407,512,intermediate,20000,20000,experiments/strata_two_factor_explore_cycle_3/reward_factor_1_state_0/results/20260909T084527Z-64ab39a1/checkpoint_probes/steps_016935407/probe_battery.json,layer_3,factor_2,shuffled_training_labels,/layers/layer_3/shuffled_training_labels/factor_2,0.18358443123980553,0.1829751653382249,1.0033297737452753,-0.003329773745275544,-0.0033297737452753218,0.2800795865751792,0.27914793033399043,-0.0033375000848978598,-0.0033375000848978598,0.01,10,"{""0.0001"": 0.1827574151566625, ""0.01"": 0.18216594604464859, ""1e-06"": 0.1827574151566625, ""1e-08"": 0.1827574151566625, ""1e-10"": 0.1827574151566625, ""1e-15"": 0.1827574151566625}"
explore_cycle_3_factor_1,42,16935407,512,intermediate,20000,20000,experiments/strata_two_factor_explore_cycle_3/reward_factor_1_state_0/results/20260909T084527Z-64ab39a1/checkpoint_probes/steps_016935407/probe_battery.json,control,factor_1,current_token_preceding_action,/controls/current_token_preceding_action/factor_1,0.032314670298501665,0.04154016960640834,0.7779137785108255,0.22208622148917456,0.22208622148917445,0.06802570295633437,0.08176767732480132,0.16806120484357723,0.16806120484357723,,,
explore_cycle_3_factor_1,42,16935407,512,intermediate,20000,20000,experiments/strata_two_factor_explore_cycle_3/reward_factor_1_state_0/results/20260909T084527Z-64ab39a1/checkpoint_probes/steps_016935407/probe_battery.json,control,factor_2,current_token_preceding_action,/controls/current_token_preceding_action/factor_2,0.13260036615298745,0.1829751653382249,0.7246905114575471,0.27530948854245274,0.27530948854245285,0.17034424790831762,0.27914793033399043,0.38977069360855776,0.38977069360855776,,,
explore_cycle_3_factor_1,42,16935407,512,intermediate,20000,20000,experiments/strata_two_factor_explore_cycle_3/reward_factor_1_state_0/results/20260909T084527Z-64ab39a1/checkpoint_probes/steps_016935407/probe_battery.json,control,factor_1,log_ntp,/controls/log_ntp/factor_1,0.016350105954903976,0.04154016960640834,0.39359747708833787,0.6064025229116622,0.6064025229116621,0.04787490622329302,0.08176767732480132,0.4145008420243843,0.4145008420243843,1e-15,10,"{""0.0001"": 0.020933423064250185, ""0.01"": 0.020933423064250185, ""1e-06"": 0.020933423064250185, ""1e-08"": 0.020933423064250185, ""1e-10"": 0.020933423064250185, ""1e-15"": 0.020933423064250185}"
explore_cycle_3_factor_1,42,16935407,512,intermediate,20000,20000,experiments/strata_two_factor_explore_cycle_3/reward_factor_1_state_0/results/20260909T084527Z-64ab39a1/checkpoint_probes/steps_016935407/probe_battery.json,control,factor_2,log_ntp,/controls/log_ntp/factor_2,0.07694386563414615,0.1829751653382249,0.42051534967555515,0.5794846503244448,0.5794846503244448,0.22531578302644675,0.27914793033399043,0.19284451524729374,0.19284451524729362,1e-15,10,"{""0.0001"": 0.07622616810139424, ""0.01"": 0.07622616810139424, ""1e-06"": 0.07622616810139424, ""1e-08"": 0.07622616810139424, ""1e-10"": 0.07622616810139424, ""1e-15"": 0.07622616810139424}"
explore_cycle_3_factor_1,42,16935407,512,intermediate,20000,20000,experiments/strata_two_factor_explore_cycle_3/reward_factor_1_state_0/results/20260909T084527Z-64ab39a1/checkpoint_probes/steps_016935407/probe_battery.json,control,factor_1,ntp,/controls/ntp/factor_1,0.02702649530408606,0.04154016960640834,0.6506110966845143,0.3493889033154858,0.34938890331548567,0.08107948591225818,0.08176767732480132,0.008416423641452786,0.008416423641452786,1e-15,10,"{""0.0001"": 0.02618035292192636, ""0.01"": 0.02618035292192636, ""1e-06"": 0.02618035292192636, ""1e-08"": 0.02618035292192636, ""1e-10"": 0.02618035292192636, ""1e-15"": 0.02618035292192636}"
explore_cycle_3_factor_1,42,16935407,512,intermediate,20000,20000,experiments/strata_two_factor_explore_cycle_3/reward_factor_1_state_0/results/20260909T084527Z-64ab39a1/checkpoint_probes/steps_016935407/probe_battery.json,control,factor_2,ntp,/controls/ntp/factor_2,0.09302568181972354,0.1829751653382249,0.5084060541646073,0.4915939458353926,0.49159394583539273,0.27907704545917067,0.27914793033399043,0.0002539330122740546,0.0002539330122740546,1e-10,10,"{""0.0001"": 0.09227000684467197, ""0.01"": 0.09227000684467197, ""1e-06"": 0.09227000684467197, ""1e-08"": 0.09227000684467197, ""1e-10"": 0.09227000684467197, ""1e-15"": 0.09227106095761671}"
explore_cycle_3_factor_1,42,16935407,512,intermediate,20000,20000,experiments/strata_two_factor_explore_cycle_3/reward_factor_1_state_0/results/20260909T084527Z-64ab39a1/checkpoint_probes/steps_016935407/probe_battery.json,control,factor_1,train_mean,/controls/train_mean/factor_1,0.0415544949249007,0.04154016960640834,1.0003448545980456,-0.000344854598045341,-0.00034485459804556307,0.08180491061891863,0.08176767732480132,-0.0004553546747991799,-0.0004553546747991799,,,
explore_cycle_3_factor_1,42,16935407,512,intermediate,20000,20000,experiments/strata_two_factor_explore_cycle_3/reward_factor_1_state_0/results/20260909T084527Z-64ab39a1/checkpoint_probes/steps_016935407/probe_battery.json,control,factor_2,train_mean,/controls/train_mean/factor_2,0.18297636783719187,0.1829751653382249,1.0000065719244726,-6.571924472842383e-06,-6.5719244726203385e-06,0.2791484567244466,0.27914793033399043,-1.8857043129205664e-06,-1.8857043129205664e-06,,,
explore_cycle_3_factor_1,42,30001054,907,final,20000,20000,experiments/strata_two_factor_explore_cycle_3/reward_factor_1_state_0/results/20260909T084527Z-64ab39a1/checkpoint_probes/steps_030001054/probe_battery.json,layer_1,factor_1,probe_fits,/layers/layer_1/probe_fits/factor_1,0.03069066224522411,0.1821644965425569,0.16847773758183565,0.8315222624181644,0.8315222624181644,0.04500710467764425,0.27825002440559066,0.83824941336918,0.83824941336918,1e-15,10,"{""0.0001"": 0.029872645854143825, ""0.01"": 0.06430523661261137, ""1e-06"": 0.02661496611000852, ""1e-08"": 0.02661496611000852, ""1e-10"": 0.02661496611000852, ""1e-15"": 0.02661496611000852}"
explore_cycle_3_factor_1,42,30001054,907,final,20000,20000,experiments/strata_two_factor_explore_cycle_3/reward_factor_1_state_0/results/20260909T084527Z-64ab39a1/checkpoint_probes/steps_030001054/probe_battery.json,layer_1,factor_2,probe_fits,/layers/layer_1/probe_fits/factor_2,0.06933079224485154,0.16478958793694207,0.42072313616914603,0.579276863830854,0.579276863830854,0.16402813523655832,0.21777477122257524,0.24679918470025863,0.24679918470025863,1e-15,10,"{""0.0001"": 0.07329965057375468, ""0.01"": 0.09870033387639651, ""1e-06"": 0.06588754232937473, ""1e-08"": 0.06588754232937473, ""1e-10"": 0.06588754232937473, ""1e-15"": 0.06588754232937473}"
explore_cycle_3_factor_1,42,30001054,907,final,20000,20000,experiments/strata_two_factor_explore_cycle_3/reward_factor_1_state_0/results/20260909T084527Z-64ab39a1/checkpoint_probes/steps_030001054/probe_battery.json,layer_1,factor_1,shuffled_training_labels,/layers/layer_1/shuffled_training_labels/factor_1,0.18315489659158932,0.1821644965425569,1.005436844543421,-0.005436844543420971,-0.005436844543420971,0.28082494102942146,0.27825002440559066,-0.009253967288346043,-0.009253967288346043,0.01,10,"{""0.0001"": 0.18345739338707162, ""0.01"": 0.18296613108072018, ""1e-06"": 0.1836470053308726, ""1e-08"": 0.1836470053308726, ""1e-10"": 0.1836470053308726, ""1e-15"": 0.1836470053308726}"
explore_cycle_3_factor_1,42,30001054,907,final,20000,20000,experiments/strata_two_factor_explore_cycle_3/reward_factor_1_state_0/results/20260909T084527Z-64ab39a1/checkpoint_probes/steps_030001054/probe_battery.json,layer_1,factor_2,shuffled_training_labels,/layers/layer_1/shuffled_training_labels/factor_2,0.1649434602315386,0.16478958793694207,1.0009337501023148,-0.0009337501023147787,-0.0009337501023147787,0.2188213862244525,0.21777477122257524,-0.00480595156179775,-0.004805951561797528,0.01,10,"{""0.0001"": 0.16601483171210651, ""0.01"": 0.16576079958663437, ""1e-06"": 0.16620383137446376, ""1e-08"": 0.16620383137446376, ""1e-10"": 0.16620383137446376, ""1e-15"": 0.16620383137446376}"
explore_cycle_3_factor_1,42,30001054,907,final,20000,20000,experiments/strata_two_factor_explore_cycle_3/reward_factor_1_state_0/results/20260909T084527Z-64ab39a1/checkpoint_probes/steps_030001054/probe_battery.json,layer_2,factor_1,probe_fits,/layers/layer_2/probe_fits/factor_1,0.02452379511584021,0.1821644965425569,0.13462444977641957,0.8653755502235805,0.8653755502235805,0.042093168010204275,0.27825002440559066,0.8487217814261635,0.8487217814261635,1e-15,10,"{""0.0001"": 0.028833392458714628, ""0.01"": 0.08654339170286048, ""1e-06"": 0.024020596528276345, ""1e-08"": 0.024020596528276345, ""1e-10"": 0.024020596528276345, ""1e-15"": 0.024020596528276345}"
explore_cycle_3_factor_1,42,30001054,907,final,20000,20000,experiments/strata_two_factor_explore_cycle_3/reward_factor_1_state_0/results/20260909T084527Z-64ab39a1/checkpoint_probes/steps_030001054/probe_battery.json,layer_2,factor_2,probe_fits,/layers/layer_2/probe_fits/factor_2,0.07031228645091742,0.16478958793694207,0.4266791811981648,0.5733208188018353,0.5733208188018353,0.17979368175478228,0.21777477122257524,0.17440536961453001,0.17440536961453013,1e-15,10,"{""0.0001"": 0.07869691377602979, ""0.01"": 0.16440548136561575, ""1e-06"": 0.0683116102277951, ""1e-08"": 0.0683116102277951, ""1e-10"": 0.0683116102277951, ""1e-15"": 0.0683116102277951}"
explore_cycle_3_factor_1,42,30001054,907,final,20000,20000,experiments/strata_two_factor_explore_cycle_3/reward_factor_1_state_0/results/20260909T084527Z-64ab39a1/checkpoint_probes/steps_030001054/probe_battery.json,layer_2,factor_1,shuffled_training_labels,/layers/layer_2/shuffled_training_labels/factor_1,0.18429510655484865,0.1821644965425569,1.0116960771869945,-0.011696077186994502,-0.011696077186994502,0.2806061439749344,0.27825002440559066,-0.00846763472663481,-0.008467634726634587,0.01,10,"{""0.0001"": 0.18332551496520247, ""0.01"": 0.18291395764641058, ""1e-06"": 0.1836781179490483, ""1e-08"": 0.1836781179490483, ""1e-10"": 0.1836781179490483, ""1e-15"": 0.1836781179490483}"
explore_cycle_3_factor_1,42,30001054,907,final,20000,20000,experiments/strata_two_factor_explore_cycle_3/reward_factor_1_state_0/results/20260909T084527Z-64ab39a1/checkpoint_probes/steps_030001054/probe_battery.json,layer_2,factor_2,shuffled_training_labels,/layers/layer_2/shuffled_training_labels/factor_2,0.16527681740205977,0.16478958793694207,1.0029566762755917,-0.0029566762755917075,-0.0029566762755917075,0.2187053207418835,0.21777477122257524,-0.004272990457453885,-0.004272990457453885,0.01,10,"{""0.0001"": 0.1659957540439302, ""0.01"": 0.1657336813988922, ""1e-06"": 0.1663042492586757, ""1e-08"": 0.1663042492586757, ""1e-10"": 0.1663042492586757, ""1e-15"": 0.1663042492586757}"
explore_cycle_3_factor_1,42,30001054,907,final,20000,20000,experiments/strata_two_factor_explore_cycle_3/reward_factor_1_state_0/results/20260909T084527Z-64ab39a1/checkpoint_probes/steps_030001054/probe_battery.json,layer_3,factor_1,probe_fits,/layers/layer_3/probe_fits/factor_1,0.01503712987804807,0.1821644965425569,0.08254698453018877,0.9174530154698113,0.9174530154698113,0.02242959901322579,0.27825002440559066,0.9193904868071769,0.9193904868071769,1e-15,10,"{""0.0001"": 0.021631380665553507, ""0.01"": 0.09883459405249936, ""1e-06"": 0.014660875507172683, ""1e-08"": 0.014660875507172683, ""1e-10"": 0.014660875507172683, ""1e-15"": 0.014660875507172683}"
explore_cycle_3_factor_1,42,30001054,907,final,20000,20000,experiments/strata_two_factor_explore_cycle_3/reward_factor_1_state_0/results/20260909T084527Z-64ab39a1/checkpoint_probes/steps_030001054/probe_battery.json,layer_3,factor_2,probe_fits,/layers/layer_3/probe_fits/factor_2,0.07027092791162741,0.16478958793694207,0.4264282033311297,0.5735717966688703,0.5735717966688703,0.17930783532684236,0.21777477122257524,0.17663632788950567,0.17663632788950567,1e-15,10,"{""0.0001"": 0.08130185006840254, ""0.01"": 0.16564517154060004, ""1e-06"": 0.06837158950602572, ""1e-08"": 0.06837158950602572, ""1e-10"": 0.06837158950602572, ""1e-15"": 0.06837158950602572}"
explore_cycle_3_factor_1,42,30001054,907,final,20000,20000,experiments/strata_two_factor_explore_cycle_3/reward_factor_1_state_0/results/20260909T084527Z-64ab39a1/checkpoint_probes/steps_030001054/probe_battery.json,layer_3,factor_1,shuffled_training_labels,/layers/layer_3/shuffled_training_labels/factor_1,0.1835691322653201,0.1821644965425569,1.0077108094575116,-0.007710809457511569,-0.007710809457511569,0.2799818688148178,0.27825002440559066,-0.006224058427045209,-0.006224058427045209,0.01,10,"{""0.0001"": 0.18324993104911097, ""0.01"": 0.1828853049178749, ""1e-06"": 0.18360287816427404, ""1e-08"": 0.18360287816427404, ""1e-10"": 0.18360287816427404, ""1e-15"": 0.18360287816427404}"
explore_cycle_3_factor_1,42,30001054,907,final,20000,20000,experiments/strata_two_factor_explore_cycle_3/reward_factor_1_state_0/results/20260909T084527Z-64ab39a1/checkpoint_probes/steps_030001054/probe_battery.json,layer_3,factor_2,shuffled_training_labels,/layers/layer_3/shuffled_training_labels/factor_2,0.1653159924448351,0.16478958793694207,1.0031944039334237,-0.0031944039334237395,-0.0031944039334237395,0.21871367416112125,0.21777477122257524,-0.004311348524326686,-0.004311348524326686,0.01,10,"{""0.0001"": 0.1659281090891813, ""0.01"": 0.16570370281337773, ""1e-06"": 0.16623779439154476, ""1e-08"": 0.16623779439154476, ""1e-10"": 0.16623779439154476, ""1e-15"": 0.16623779439154476}"
explore_cycle_3_factor_1,42,30001054,907,final,20000,20000,experiments/strata_two_factor_explore_cycle_3/reward_factor_1_state_0/results/20260909T084527Z-64ab39a1/checkpoint_probes/steps_030001054/probe_battery.json,control,factor_1,current_token_preceding_action,/controls/current_token_preceding_action/factor_1,0.13210324843950766,0.1821644965425569,0.725186581067107,0.2748134189328931,0.274813418932893,0.1658669363218497,0.27825002440559066,0.40389246442590043,0.40389246442590043,,,
explore_cycle_3_factor_1,42,30001054,907,final,20000,20000,experiments/strata_two_factor_explore_cycle_3/reward_factor_1_state_0/results/20260909T084527Z-64ab39a1/checkpoint_probes/steps_030001054/probe_battery.json,control,factor_2,current_token_preceding_action,/controls/current_token_preceding_action/factor_2,0.1141535935162253,0.16478958793694207,0.6927233385637629,0.3072766614362371,0.3072766614362371,0.2190551787370715,0.21777477122257524,-0.005879503430576971,-0.005879503430576971,,,
explore_cycle_3_factor_1,42,30001054,907,final,20000,20000,experiments/strata_two_factor_explore_cycle_3/reward_factor_1_state_0/results/20260909T084527Z-64ab39a1/checkpoint_probes/steps_030001054/probe_battery.json,control,factor_1,log_ntp,/controls/log_ntp/factor_1,0.07562736875876284,0.1821644965425569,0.4151597605140085,0.5848402394859915,0.5848402394859915,0.221565617213717,0.27825002440559066,0.20371752819416733,0.20371752819416733,1e-15,10,"{""0.0001"": 0.07597099855645606, ""0.01"": 0.07597099855645606, ""1e-06"": 0.07597099855645606, ""1e-08"": 0.07597099855645606, ""1e-10"": 0.07597099855645606, ""1e-15"": 0.07597099855645606}"
explore_cycle_3_factor_1,42,30001054,907,final,20000,20000,experiments/strata_two_factor_explore_cycle_3/reward_factor_1_state_0/results/20260909T084527Z-64ab39a1/checkpoint_probes/steps_030001054/probe_battery.json,control,factor_2,log_ntp,/controls/log_ntp/factor_2,0.007827079776512084,0.16478958793694207,0.0474974170061471,0.9525025829938529,0.9525025829938529,0.022376218553964527,0.21777477122257524,0.8972506391426991,0.8972506391426991,1e-15,10,"{""0.0001"": 0.007391203351997851, ""0.01"": 0.007391203351997851, ""1e-06"": 0.007391203351997851, ""1e-08"": 0.007391203351997851, ""1e-10"": 0.007391203351997851, ""1e-15"": 0.007391203351997851}"
explore_cycle_3_factor_1,42,30001054,907,final,20000,20000,experiments/strata_two_factor_explore_cycle_3/reward_factor_1_state_0/results/20260909T084527Z-64ab39a1/checkpoint_probes/steps_030001054/probe_battery.json,control,factor_1,ntp,/controls/ntp/factor_1,0.0927051985473565,0.1821644965425569,0.5089092567809935,0.4910907432190065,0.4910907432190065,0.2781155937282739,0.27825002440559066,0.0004831290764626406,0.0004831290764626406,1e-15,10,"{""0.0001"": 0.09311823530565908, ""0.01"": 0.09311823530565908, ""1e-06"": 0.09311823530565908, ""1e-08"": 0.09311823530565908, ""1e-10"": 0.09311823530565908, ""1e-15"": 0.09311823530565908}"
explore_cycle_3_factor_1,42,30001054,907,final,20000,20000,experiments/strata_two_factor_explore_cycle_3/reward_factor_1_state_0/results/20260909T084527Z-64ab39a1/checkpoint_probes/steps_030001054/probe_battery.json,control,factor_2,ntp,/controls/ntp/factor_2,0.07312486469923091,0.16478958793694207,0.4437468751193957,0.5562531248806043,0.5562531248806043,0.21937459409769272,0.21777477122257524,-0.007346226866115746,-0.007346226866115746,1e-15,10,"{""0.0001"": 0.07060222098919301, ""0.01"": 0.07060222098919301, ""1e-06"": 0.07060222098919301, ""1e-08"": 0.07060222098919301, ""1e-10"": 0.07060222098919301, ""1e-15"": 0.07060222098919301}"
explore_cycle_3_factor_1,42,30001054,907,final,20000,20000,experiments/strata_two_factor_explore_cycle_3/reward_factor_1_state_0/results/20260909T084527Z-64ab39a1/checkpoint_probes/steps_030001054/probe_battery.json,control,factor_1,train_mean,/controls/train_mean/factor_1,0.18216541136028652,0.1821644965425569,1.0000050219320833,-5.021932083293379e-06,-5.021932083293379e-06,0.27825044647980485,0.27825002440559066,-1.5168883276128753e-06,-1.5168883276128753e-06,,,
explore_cycle_3_factor_1,42,30001054,907,final,20000,20000,experiments/strata_two_factor_explore_cycle_3/reward_factor_1_state_0/results/20260909T084527Z-64ab39a1/checkpoint_probes/steps_030001054/probe_battery.json,control,factor_2,train_mean,/controls/train_mean/factor_2,0.16526816896441898,0.16478958793694207,1.0029041945760557,-0.0029041945760557297,-0.0029041945760557297,0.2187099046882062,0.21777477122257524,-0.0042940394811628035,-0.0042940394811628035,,,
