run,source_line,done,entropy,entropy_coeff,iteration,mean_kl,policy_loss,return_max,return_mean,return_min,steps,time_iter_s,time_total_s,total_loss,trial_id,value_explained_variance,vf_loss
token_cycle_1_context,1,False,0.3879549205303192,0.0,1,0.0,-0.12241971492767334,46.0,25.994047619047617,6.0,33074.0,3.944962978363037,3.944962978363037,-0.009861495345830917,38602_00000,-0.0051250457763671875,0.22511644661426544
token_cycle_1_context,2,False,0.2972872853279114,0.0,2,0.0,-0.03815818205475807,133.0,106.27380952380952,72.0,66154.0,3.565753221511841,7.510716199874878,0.049512725323438644,38602_00000,0.12595170736312866,0.17534182965755463
token_cycle_1_context,3,False,0.2794661521911621,0.0,3,0.0,-0.026250919327139854,213.0,171.01785714285714,110.0,99228.0,3.4596548080444336,10.970371007919312,0.06423301249742508,38602_00000,0.22510623931884766,0.18096786737442017
token_cycle_1_context,4,False,0.28460001945495605,0.0,4,0.0,-0.020629238337278366,204.0,202.16666666666666,200.0,132080.0,3.498668909072876,14.469039916992188,0.0752892941236496,38602_00000,0.18672382831573486,0.19183707237243652
token_cycle_1_context,5,False,0.24820396304130554,0.0,5,0.0,-0.005289791617542505,347.0,299.88095238095235,226.0,165155.0,3.3672404289245605,17.836280345916748,0.08873622119426727,38602_00000,0.12778490781784058,0.18805202841758728
token_cycle_1_context,6,False,0.22163504362106323,0.0,6,0.0,-0.021355336531996727,438.0,392.55357142857144,318.0,198230.0,3.390843629837036,21.227123975753784,0.07421137392520905,38602_00000,0.2050473690032959,0.19113342463970184
token_cycle_1_context,7,False,0.1475602388381958,0.0,7,0.0,-0.032707542181015015,483.0,454.08333333333337,419.0,231321.0,3.4315688610076904,24.658692836761475,0.03985389322042465,38602_00000,0.23372215032577515,0.14512287080287933
token_cycle_1_context,8,False,0.15533621609210968,0.0,8,0.0,-0.009581059217453003,557.0,495.3273809523809,433.0,264407.0,3.6644561290740967,28.32314896583557,0.08206357061862946,38602_00000,0.1707925796508789,0.18328925967216492
token_cycle_1_context,9,False,0.15806667506694794,0.0,9,0.0,-0.016829362139105797,601.0,574.3928571428572,529.0,297494.0,3.447624921798706,31.770773887634277,0.07568198442459106,38602_00000,0.16058015823364258,0.18502268195152283
token_cycle_1_context,10,False,0.1279512494802475,0.0,10,0.0,-0.03679187595844269,638.0,623.7857142857143,609.0,330600.0,3.448807954788208,35.219581842422485,0.05646974593400955,38602_00000,0.09435862302780151,0.18652324378490448
token_cycle_1_context,11,False,0.13386109471321106,0.0,11,0.0,-0.01144889835268259,762.0,713.2738095238095,664.0,363686.0,3.4825329780578613,38.70211482048035,0.08112968504428864,38602_00000,0.11263203620910645,0.1851571649312973
token_cycle_1_context,12,False,0.10714084655046463,0.0,12,0.0,0.0035922741517424583,710.0,689.8095238095237,639.0,396784.0,3.6048026084899902,42.30691742897034,0.08678312599658966,38602_00000,0.2735246419906616,0.16638170182704926
token_cycle_1_context,13,False,0.0909436047077179,0.0,13,0.0,-0.03783213719725609,737.0,670.077380952381,613.0,429855.0,3.4749159812927246,45.78183341026306,0.039286140352487564,38602_00000,0.15855300426483154,0.1542365700006485
token_cycle_1_context,14,False,0.10831381380558014,0.0,14,0.0,-0.03388497978448868,806.0,747.2857142857143,675.0,462947.0,3.453166961669922,49.23500037193298,0.04071248322725296,38602_00000,0.20032024383544922,0.14919492602348328
token_cycle_1_context,15,False,0.10680504888296127,0.0,15,0.0,-0.008180307224392891,778.0,719.3630952380953,657.0,496027.0,3.3861851692199707,52.621185541152954,0.08186368644237518,38602_00000,0.17478430271148682,0.18008801341056824
token_cycle_1_context,16,False,0.11973236501216888,0.0,16,0.0,0.016486164182424545,779.0,671.8333333333334,649.0,529112.0,3.6122288703918457,56.2334144115448,0.09992069751024246,38602_00000,0.1984802484512329,0.16686905920505524
token_cycle_1_context,17,False,0.09991484135389328,0.0,17,0.0,-0.019673123955726624,732.0,694.8154761904761,631.0,562190.0,3.439336061477661,59.67275047302246,0.06429450958967209,38602_00000,0.1967892050743103,0.16793523728847504
token_cycle_1_context,18,False,0.07425437122583389,0.0,18,0.0,-0.021896908059716225,778.0,740.3928571428571,639.0,595276.0,3.427469253540039,63.1002197265625,0.0570184588432312,38602_00000,0.07878893613815308,0.15783074498176575
token_cycle_1_context,19,False,0.07450564205646515,0.0,19,0.0,-0.0024762852117419243,718.0,705.2142857142857,696.0,628382.0,3.3924100399017334,66.49262976646423,0.09111209958791733,38602_00000,0.1564447283744812,0.18717673420906067
token_cycle_1_context,20,False,0.07481234520673752,0.0,20,0.0,-0.010185228660702705,744.0,697.0714285714286,638.0,661470.0,3.397381067276001,69.89001083374023,0.08422640711069107,38602_00000,0.17942500114440918,0.18882326781749725
token_cycle_1_context,21,False,0.07943284511566162,0.0,21,0.0,-0.027421865612268448,798.0,768.5714285714286,726.0,694576.0,3.5986626148223877,73.48867344856262,0.057189613580703735,38602_00000,0.2132459282875061,0.16922295093536377
token_cycle_1_context,22,False,0.06713950634002686,0.0,22,0.0,-0.03536222502589226,800.0,732.1785714285714,658.0,727658.0,3.399759292602539,76.88843274116516,0.04946994408965111,38602_00000,0.1655171513557434,0.16966436803340912
token_cycle_1_context,23,False,0.08409268409013748,0.0,23,0.0,-0.018912529572844505,810.0,720.6166666666668,663.0,760724.0,3.4355225563049316,80.32395529747009,0.07262758165597916,38602_00000,0.1559322476387024,0.18308021128177643
token_cycle_1_context,24,False,0.08400224149227142,0.0,24,0.0,-0.03250831365585327,804.0,719.4642857142856,657.0,793811.0,3.4311025142669678,83.75505781173706,0.058295365422964096,38602_00000,0.16266125440597534,0.18160736560821533
token_cycle_1_context,25,False,0.053224459290504456,0.0,25,0.0,-0.019482584670186043,779.0,727.8636363636364,626.0,826841.0,3.622236967086792,87.37729477882385,0.07057228684425354,38602_00000,0.1645105481147766,0.18010976910591125
token_cycle_1_context,26,False,0.06302658468484879,0.0,26,0.0,-0.027956141158938408,778.0,699.6845238095237,633.0,859922.0,3.4783079624176025,90.85560274124146,0.06233430281281471,38602_00000,0.16023141145706177,0.18058086931705475
token_cycle_1_context,27,False,0.04709884896874428,0.0,27,0.0,-0.038216300308704376,781.0,729.4404761904763,668.0,892996.0,3.457514524459839,94.3131172657013,0.04718736931681633,38602_00000,0.0956881046295166,0.17080731689929962
token_cycle_1_context,28,False,0.06125490739941597,0.0,28,0.0,-0.027714896947145462,808.0,748.8928571428571,673.0,926094.0,3.7068212032318115,98.0199384689331,0.06524533778429031,38602_00000,0.18990379571914673,0.18592046201229095
token_cycle_1_context,29,False,0.03857984021306038,0.0,29,0.0,-0.03228691220283508,724.0,687.0833333333334,647.0,959177.0,3.6266896724700928,101.6466281414032,0.052946679294109344,38602_00000,0.16295909881591797,0.17046719789505005
token_cycle_1_context,30,False,0.04115850105881691,0.0,30,0.0,-0.00572896096855402,755.0,728.5,705.0,992270.0,3.506465196609497,105.1530933380127,0.09376851469278336,38602_00000,0.1131356954574585,0.1989949345588684
token_cycle_1_context,31,False,0.04761042818427086,0.0,31,0.0,0.010854196734726429,660.0,652.7142857142857,641.0,1025376.0,3.456355094909668,108.60944843292236,0.10475162416696548,38602_00000,0.19661206007003784,0.18779487907886505
token_cycle_1_context,32,False,0.041863784193992615,0.0,32,0.0,-0.014005467295646667,771.0,657.2261904761906,614.0,1058450.0,3.429060697555542,112.0385091304779,0.0778299868106842,38602_00000,0.12977111339569092,0.18367090821266174
token_cycle_1_context,33,False,0.030415004119277,0.0,33,0.0,-0.052165135741233826,692.0,683.65,674.0,1091456.0,3.616684675216675,115.65519380569458,0.026786087080836296,38602_00000,0.13858544826507568,0.15790244936943054
token_cycle_1_context,34,False,0.03355181962251663,0.0,34,0.0,-0.008396407589316368,772.0,698.5226190476191,641.0,1124520.0,3.389791965484619,119.0449857711792,0.08788825571537018,38602_00000,0.18081241846084595,0.1925693154335022
token_cycle_1_context,35,False,0.030886877328157425,0.0,35,0.0,-0.045621421188116074,775.0,708.5,637.0,1157435.0,3.3499207496643066,122.3949065208435,0.040579382330179214,38602_00000,0.07911884784698486,0.17240162193775177
token_cycle_1_context,36,False,0.031180769205093384,0.0,36,0.0,-0.030995819717645645,772.0,728.6071428571429,683.0,1190512.0,3.458800792694092,125.8537073135376,0.0600566491484642,38602_00000,0.12628477811813354,0.1821049153804779
token_cycle_1_context,37,False,0.02760091796517372,0.0,37,0.0,-0.03849481791257858,805.0,725.0119047619047,690.0,1223588.0,3.4228436946868896,129.2765510082245,0.052037470042705536,38602_00000,0.1772141456604004,0.18106459081172943
token_cycle_1_context,38,False,0.026357244700193405,0.0,38,0.0,-0.024784348905086517,757.0,648.1904761904761,613.0,1256673.0,3.578720808029175,132.85527181625366,0.06917381286621094,38602_00000,0.24647778272628784,0.1879163533449173
token_cycle_1_context,39,False,0.024689123034477234,0.0,39,0.0,-0.02029038779437542,803.0,734.3928571428571,654.0,1289764.0,3.4946846961975098,136.34995651245117,0.061732806265354156,38602_00000,0.1838483214378357,0.16404637694358826
token_cycle_1_context,40,False,0.015230230987071991,0.0,40,0.0,-0.019172433763742447,757.0,738.0595238095237,708.0,1322858.0,3.520815849304199,139.87077236175537,0.05892336741089821,38602_00000,0.12091171741485596,0.1561916023492813
token_cycle_1_context,41,False,0.020369840785861015,0.0,41,0.0,-0.037944961339235306,797.0,768.1071428571429,710.0,1355958.0,3.4844181537628174,143.3551905155182,0.04476044327020645,38602_00000,0.15220975875854492,0.16541080176830292
token_cycle_1_context,42,False,0.027163561433553696,0.0,42,0.0,-0.01545072440057993,796.0,706.2142857142857,665.0,1389044.0,3.646693706512451,147.00188422203064,0.07831348478794098,38602_00000,0.1863112449645996,0.18752841651439667
token_cycle_1_context,43,False,0.032184094190597534,0.0,43,0.0,-0.019728995859622955,869.0,695.0357142857143,664.0,1422138.0,3.4505069255828857,150.45239114761353,0.0739818885922432,38602_00000,0.162095844745636,0.1874217689037323
token_cycle_1_context,44,False,0.026130925863981247,0.0,44,0.0,-0.021012576296925545,802.0,710.4166666666667,668.0,1455208.0,3.4652111530303955,153.91760230064392,0.05454811826348305,38602_00000,0.20057517290115356,0.1511213779449463
token_cycle_1_context,45,False,0.027056196704506874,0.0,45,0.0,-0.035859495401382446,713.0,698.9047619047618,685.0,1488299.0,3.4664881229400635,157.38409042358398,0.050182197242975235,38602_00000,0.061896443367004395,0.17208339273929596
token_cycle_1_context,46,False,0.025550788268446922,0.0,46,0.0,-0.011093445122241974,783.0,726.4166666666667,661.0,1521321.0,3.6288950443267822,161.01298546791077,0.07936196774244308,38602_00000,0.22059524059295654,0.18091081082820892
token_cycle_1_context,47,False,0.021952664479613304,0.0,47,0.0,-0.023571522906422615,785.0,691.2380952380953,663.0,1554410.0,3.416032314300537,164.4290177822113,0.057743463665246964,38602_00000,0.18017953634262085,0.16262999176979065
token_cycle_1_context,48,False,0.02859838493168354,0.0,48,0.0,-0.0008347175898961723,824.0,724.3928571428571,672.0,1587482.0,3.451176404953003,167.8801941871643,0.09200938791036606,38602_00000,0.1932445764541626,0.18568821251392365
token_cycle_1_context,49,False,0.016939383000135422,0.0,49,0.0,-0.021251900121569633,822.0,732.2619047619048,652.0,1620566.0,3.422274112701416,171.30246829986572,0.04481109231710434,38602_00000,0.19840288162231445,0.13212600350379944
token_cycle_1_context,50,False,0.0195840485394001,0.0,50,0.0,-0.018360264599323273,796.0,769.1309523809524,743.0,1653662.0,3.543597459793091,174.8460657596588,0.07049071788787842,38602_00000,0.16056066751480103,0.1777019500732422
token_cycle_1_context,51,False,0.015517784282565117,0.0,51,0.0,-0.012913654558360577,786.0,741.9285714285714,719.0,1686750.0,3.444178819656372,178.29024457931519,0.07208957523107529,38602_00000,0.21624469757080078,0.17000645399093628
token_cycle_1_context,52,False,0.03552793338894844,0.0,52,0.0,-0.014117655344307423,785.0,760.7142857142857,742.0,1719856.0,3.432262420654297,181.72250699996948,0.06628847867250443,38602_00000,0.16925019025802612,0.16081228852272034
token_cycle_1_context,53,False,0.01707749255001545,0.0,53,0.0,-0.009028051979839802,750.0,696.6428571428571,660.0,1752938.0,3.3957929611206055,185.1182999610901,0.0814770832657814,38602_00000,0.18561828136444092,0.18101027607917786
token_cycle_1_context,54,False,0.014888194389641285,0.0,54,0.0,-0.03133745864033699,782.0,691.9230769230769,649.0,1785989.0,3.3869102001190186,188.5052101612091,0.04081276059150696,38602_00000,0.217212975025177,0.1443004310131073
token_cycle_1_context,55,False,0.020019030198454857,0.0,55,0.0,-0.015499033033847809,784.0,708.095238095238,657.0,1819077.0,3.569230079650879,192.07444024085999,0.06710109859704971,38602_00000,0.21986889839172363,0.16520026326179504
token_cycle_1_context,56,False,0.025129662826657295,0.0,56,0.0,-0.03909286484122276,785.0,737.3461538461538,657.0,1852156.0,3.404813051223755,195.47925329208374,0.04743323475122452,38602_00000,0.10431873798370361,0.17305220663547516
token_cycle_1_context,57,False,0.030284835025668144,0.0,57,0.0,-0.047921985387802124,785.0,727.1380952380953,680.0,1885230.0,3.427523136138916,198.90677642822266,0.028574518859386444,38602_00000,0.17386198043823242,0.15299300849437714
token_cycle_1_context,58,False,0.010599961504340172,0.0,58,0.0,-0.036502353847026825,741.0,714.6309523809524,674.0,1918308.0,3.5024774074554443,202.4092538356781,0.03308536857366562,38602_00000,0.26428520679473877,0.1391754448413849
token_cycle_1_context,59,False,0.016558492556214333,0.0,59,0.0,-0.016538061201572418,742.0,693.4743589743589,654.0,1951377.0,3.685039758682251,206.09429359436035,0.06389986723661423,38602_00000,0.21232300996780396,0.1608758568763733
token_cycle_1_context,60,False,0.027599992230534554,0.0,60,0.0,-0.0281184371560812,785.0,750.3214285714286,726.0,1984463.0,3.421020984649658,209.51531457901,0.06205543875694275,38602_00000,0.15952682495117188,0.1803477555513382
token_cycle_1_context,61,False,0.0289948470890522,0.0,61,0.0,-0.006875401362776756,788.0,768.9642857142857,743.0,2017562.0,3.522778272628784,213.0380928516388,0.0855899304151535,38602_00000,0.1307048797607422,0.18493065237998962
token_cycle_1_context,62,False,0.02171052247285843,0.0,62,0.0,-0.00557232741266489,762.0,706.095238095238,682.0,2050656.0,3.5094592571258545,216.54755210876465,0.0797741711139679,38602_00000,0.16146057844161987,0.17069299519062042
token_cycle_1_context,63,False,0.0216821376234293,0.0,63,0.0,-0.027450406923890114,733.0,703.9761904761905,678.0,2083747.0,3.6890251636505127,220.23657727241516,0.06510856747627258,38602_00000,0.10759115219116211,0.1851179599761963
token_cycle_1_context,64,False,0.022980963811278343,0.0,64,0.0,-0.042858004570007324,730.0,698.8809523809524,678.0,2116834.0,3.54557466506958,223.78215193748474,0.042752787470817566,38602_00000,0.19835269451141357,0.17122159898281097
token_cycle_1_context,65,False,0.016525737941265106,0.0,65,0.0,-0.006765109486877918,838.0,744.4404761904761,635.0,2149896.0,3.5315372943878174,227.31368923187256,0.070536769926548,38602_00000,0.25109976530075073,0.1546037495136261
token_cycle_1_context,66,False,0.029041536152362823,0.0,66,0.0,-0.01902257837355137,770.0,707.9722222222222,640.0,2182811.0,3.439896583557129,230.7535858154297,0.06704167276620865,38602_00000,0.124004065990448,0.17212848365306854
token_cycle_1_context,67,False,0.018026910722255707,0.0,67,0.0,-0.010592072270810604,776.0,729.8863636363636,683.0,2215825.0,3.613961696624756,234.36754751205444,0.08038304001092911,38602_00000,0.12060683965682983,0.18195022642612457
token_cycle_1_context,68,False,0.019512299448251724,0.0,68,0.0,-0.016457825899124146,790.0,733.6190476190476,651.0,2248899.0,3.5127787590026855,237.88032627105713,0.08088041096925735,38602_00000,0.15049397945404053,0.194676473736763
token_cycle_1_context,69,False,0.020555002614855766,0.0,69,0.0,-0.028863683342933655,791.0,716.6785714285714,655.0,2281983.0,3.478633403778076,241.3589596748352,0.057321008294820786,38602_00000,0.3086034655570984,0.17236939072608948
token_cycle_1_context,70,False,0.006811909843236208,0.0,70,0.0,-0.018038282170891762,777.0,701.2261904761905,644.0,2315078.0,3.5117053985595703,244.87066507339478,0.06144522503018379,38602_00000,0.14656025171279907,0.1589670032262802
token_cycle_1_context,71,False,0.010074707679450512,0.0,71,0.0,-0.01578735187649727,779.0,713.2619047619046,630.0,2348170.0,3.470564842224121,248.3412299156189,0.07273699343204498,38602_00000,0.15331387519836426,0.1770486831665039
token_cycle_1_context,72,False,0.009412692859768867,0.0,72,0.0,-0.01762727089226246,738.0,698.5,635.0,2381262.0,3.888090133666992,252.2293200492859,0.05503644794225693,38602_00000,0.18965429067611694,0.14532743394374847
token_cycle_1_context,73,False,0.012815418653190136,0.0,73,0.0,-0.02328473888337612,754.0,715.1785714285714,665.0,2414368.0,3.4829671382904053,255.7122871875763,0.06369626522064209,38602_00000,0.1573563814163208,0.17396201193332672
token_cycle_1_context,74,False,0.02004176750779152,0.0,74,0.0,-0.005452160257846117,754.0,678.1428571428571,607.0,2447442.0,3.5447311401367188,259.257018327713,0.08604758232831955,38602_00000,0.15618795156478882,0.18299949169158936
token_cycle_1_context,75,False,0.01950734667479992,0.0,75,0.0,-0.009347396902740002,771.0,753.25,685.0,2480524.0,3.50171160697937,262.7587299346924,0.08925402164459229,38602_00000,0.05854576826095581,0.19720283150672913
token_cycle_1_context,76,True,0.019760698080062866,0.0,76,0.0,-0.030344510450959206,842.0,753.6130952380953,681.0,2513610.0,3.6071345806121826,266.36586451530457,0.07256235927343369,38602_00000,0.10969650745391846,0.20581373572349548
token_cycle_2,1,False,0.43378323316574097,0.0,1,0.0,-0.03283345699310303,46.0,24.494791666666668,6.0,33112.0,4.5677855014801025,4.5677855014801025,0.07965509593486786,079c8_00000,-0.008222579956054688,0.22497709095478058
token_cycle_2,2,False,0.3244658410549164,0.0,2,0.0,-0.05506196618080139,122.0,104.125,72.0,66254.0,3.936807632446289,8.504593133926392,0.03295455873012543,079c8_00000,0.1977330446243286,0.17603303492069244
token_cycle_2,3,False,0.3221811354160309,0.0,3,0.0,-0.055539872497320175,152.0,115.65625,83.0,99383.0,3.767001152038574,12.271594285964966,0.02885724976658821,079c8_00000,0.24906814098358154,0.16879424452781677
token_cycle_2,4,False,0.21687765419483185,0.0,4,0.0,-0.04329027980566025,225.0,189.26041666666666,161.0,132518.0,4.09919285774231,16.370787143707275,0.04299843683838844,079c8_00000,0.05442655086517334,0.17257742583751678
token_cycle_2,5,False,0.16562841832637787,0.0,5,0.0,-0.04064958915114403,300.0,268.9375,205.0,165663.0,3.653360605239868,20.024147748947144,0.03063259646296501,079c8_00000,0.1429145336151123,0.14256437122821808
token_cycle_2,6,False,0.16586065292358398,0.0,6,0.0,-0.0349171943962574,441.0,353.1854166666667,237.0,198767.0,3.8925864696502686,23.916734218597412,0.04539326950907707,079c8_00000,0.15806031227111816,0.16062094271183014
token_cycle_2,7,False,0.12785622477531433,0.0,7,0.0,-0.02851329743862152,477.0,410.17708333333337,380.0,231909.0,3.730756998062134,27.647491216659546,0.04792800545692444,079c8_00000,0.0019031763076782227,0.15288260579109192
token_cycle_2,8,False,0.09587755054235458,0.0,8,0.0,-0.07020574808120728,483.0,459.1666666666667,437.0,265026.0,3.9568030834198,31.604294300079346,-0.010851923376321793,079c8_00000,0.08838999271392822,0.11870767176151276
token_cycle_2,9,False,0.10066591203212738,0.0,9,0.0,-0.007843219675123692,561.0,532.2291666666666,512.0,298163.0,3.9047532081604004,35.509047508239746,0.07893403619527817,079c8_00000,0.1313796043395996,0.17355449497699738
token_cycle_2,10,False,0.0610826313495636,0.0,10,0.0,-0.01738828234374523,648.0,632.15625,528.0,331312.0,3.705479145050049,39.214526653289795,0.04933454841375351,079c8_00000,0.012836217880249023,0.13344568014144897
token_cycle_2,11,False,0.07884912192821503,0.0,11,0.0,-0.018673744052648544,671.0,634.59375,577.0,364440.0,3.789998769760132,43.00452542304993,0.05847040191292763,079c8_00000,0.14423322677612305,0.15428830683231354
token_cycle_2,12,False,0.05986052379012108,0.0,12,0.0,-0.01685556210577488,833.0,829.0,826.0,397362.0,3.9797840118408203,46.98430943489075,0.06093893572688103,079c8_00000,0.10465312004089355,0.1555889993906021
token_cycle_2,13,False,0.04310998693108559,0.0,13,0.0,-0.03575478121638298,844.0,797.1864583333333,741.0,430480.0,3.973188638687134,50.95749807357788,0.03338013216853142,079c8_00000,0.16249483823776245,0.1382698267698288
token_cycle_2,14,False,0.04357881471514702,0.0,14,0.0,-0.029997896403074265,764.0,740.84375,693.0,463622.0,3.89486026763916,54.85235834121704,0.03408858925104141,079c8_00000,0.20426702499389648,0.12817296385765076
token_cycle_2,15,False,0.03268594667315483,0.0,15,0.0,-0.04088461771607399,824.0,769.4114583333334,699.0,496736.0,3.7795372009277344,58.631895542144775,0.022474611178040504,079c8_00000,0.07860022783279419,0.1267184615135193
token_cycle_2,16,False,0.030533509328961372,0.0,16,0.0,-0.058249350637197495,858.0,849.09375,839.0,529886.0,3.9570188522338867,62.58891439437866,0.01043833140283823,079c8_00000,0.07385939359664917,0.1373753696680069
token_cycle_2,17,False,0.0284846443682909,0.0,17,0.0,0.00143674504943192,836.0,786.8125,705.0,563019.0,4.132641077041626,66.72155547142029,0.0777762308716774,079c8_00000,0.04913437366485596,0.152678981423378
token_cycle_2,18,False,0.029466744512319565,0.0,18,0.0,-0.04862610623240471,848.0,802.0125,773.0,596135.0,3.9809274673461914,70.70248293876648,0.012027490884065628,079c8_00000,0.2269887924194336,0.12130718678236008
token_cycle_2,19,False,0.024043433368206024,0.0,19,0.0,-0.040477268397808075,848.0,792.96875,734.0,629265.0,3.839672327041626,74.5421552658081,0.02816171757876873,079c8_00000,0.15769243240356445,0.1372779756784439
token_cycle_2,20,False,0.018449291586875916,0.0,20,0.0,-0.02062956430017948,792.0,766.0,751.0,662394.0,3.8684611320495605,78.41061639785767,0.0445634126663208,079c8_00000,0.1353524923324585,0.13038598001003265
token_cycle_2,21,False,0.023426836356520653,0.0,21,0.0,-0.028726311400532722,915.0,849.15625,781.0,695528.0,4.194794178009033,82.6054105758667,0.04223749041557312,079c8_00000,0.21647202968597412,0.1419275999069214
token_cycle_2,22,False,0.022950569167733192,0.0,22,0.0,-0.019157299771904945,832.0,801.8541666666666,784.0,728664.0,3.7835757732391357,86.38898634910583,0.06703495234251022,079c8_00000,0.1619136929512024,0.17238450050354004
token_cycle_2,23,False,0.02309403009712696,0.0,23,0.0,-0.01674455776810646,837.0,799.6875,783.0,761808.0,3.661283493041992,90.05026984214783,0.06331729143857956,079c8_00000,0.12865465879440308,0.16012370586395264
token_cycle_2,24,False,0.01852228306233883,0.0,24,0.0,-0.04118989780545235,841.0,835.625,828.0,794960.0,3.8949663639068604,93.94523620605469,0.017019348219037056,079c8_00000,0.2632666230201721,0.11641848832368851
token_cycle_2,25,False,0.020349521189928055,0.0,25,0.0,-0.03752235695719719,897.0,846.6927083333334,774.0,828088.0,3.749213457107544,97.69444966316223,0.03064480796456337,079c8_00000,0.2715699076652527,0.13633432984352112
token_cycle_2,26,False,0.023106364533305168,0.0,26,0.0,-0.019812043756246567,879.0,812.90625,761.0,861212.0,3.924787759780884,101.61923742294312,0.05628916248679161,079c8_00000,0.11310702562332153,0.15220242738723755
token_cycle_2,27,False,0.017428211867809296,0.0,27,0.0,-0.033749960362911224,879.0,836.1666666666667,807.0,894338.0,3.7902960777282715,105.40953350067139,0.038467779755592346,079c8_00000,0.07861530780792236,0.14443549513816833
token_cycle_2,28,False,0.015867412090301514,0.0,28,0.0,-0.029986724257469177,816.0,804.5,766.0,927350.0,3.9057772159576416,109.31531071662903,0.04493822529911995,079c8_00000,0.09495091438293457,0.14984987676143646
token_cycle_2,29,False,0.018472004681825638,0.0,29,0.0,-0.016410712152719498,898.0,848.25,781.0,960483.0,3.7860476970672607,113.10135841369629,0.04983729496598244,079c8_00000,0.24217736721038818,0.13249601423740387
token_cycle_2,30,False,0.012079509906470776,0.0,30,0.0,-0.038654129952192307,906.0,807.5885416666667,770.0,993599.0,4.064986944198608,117.1663453578949,0.015921998769044876,079c8_00000,0.24146318435668945,0.10915227234363556
token_cycle_2,31,False,0.014265324920415878,0.0,31,0.0,-0.04606654867529869,835.0,812.140625,764.0,1026729.0,3.8167874813079834,120.98313283920288,0.018130848184227943,079c8_00000,0.2035340666770935,0.12839479744434357
token_cycle_2,32,False,0.016955189406871796,0.0,32,0.0,-0.03271815925836563,862.0,827.90625,766.0,1059875.0,3.742631196975708,124.72576403617859,0.050832267850637436,079c8_00000,0.06954431533813477,0.16710086166858673
token_cycle_2,33,False,0.015308934263885021,0.0,33,0.0,-0.035845838487148285,790.0,761.4427083333334,745.0,1093016.0,3.741975784301758,128.46773982048035,0.031949371099472046,079c8_00000,0.1424494981765747,0.13559041917324066
token_cycle_2,34,False,0.014114782214164734,0.0,34,0.0,0.0042738234624266624,836.0,799.03125,781.0,1126152.0,3.9150476455688477,132.3827874660492,0.0812869742512703,079c8_00000,0.1697642207145691,0.15402629971504211
token_cycle_2,35,False,0.01518958993256092,0.0,35,0.0,-0.008289878256618977,837.0,807.65625,797.0,1159296.0,4.017536640167236,136.40032410621643,0.058052096515893936,079c8_00000,-0.03495752811431885,0.13268394768238068
token_cycle_2,36,False,0.01388200931251049,0.0,36,0.0,-0.016180850565433502,765.0,753.8020833333334,712.0,1192439.0,3.9376320838928223,140.33795619010925,0.047061365097761154,079c8_00000,0.023236513137817383,0.12648442387580872
token_cycle_2,37,False,0.010514161549508572,0.0,37,0.0,-0.05237625166773796,825.0,760.548611111111,714.0,1225480.0,3.7816734313964844,144.11962962150574,0.019425030797719955,079c8_00000,-0.0233079195022583,0.14360255002975464
token_cycle_2,38,False,0.01846238039433956,0.0,38,0.0,0.01038913894444704,854.0,802.96875,785.0,1258600.0,4.100214719772339,148.21984434127808,0.08983910083770752,079c8_00000,0.04357254505157471,0.1588999330997467
token_cycle_2,39,False,0.0202659722417593,0.0,39,0.0,-0.01115202996879816,882.0,824.4583333333333,781.0,1291730.0,4.334947109222412,152.5547914505005,0.06898023933172226,079c8_00000,0.05217611789703369,0.1602645367383957
token_cycle_2,40,False,0.022664306685328484,0.0,40,0.0,-0.012045633979141712,883.0,868.8,818.0,1324742.0,3.7238986492156982,156.2786900997162,0.07292097806930542,079c8_00000,0.0209769606590271,0.16993321478366852
token_cycle_2,41,False,0.016009043902158737,0.0,41,0.0,-0.04641493782401085,850.0,809.109375,773.0,1357865.0,3.950424909591675,160.22911500930786,0.028208907693624496,079c8_00000,0.11670517921447754,0.1492476910352707
token_cycle_2,42,False,0.01336122676730156,0.0,42,0.0,-0.025861289352178574,882.0,827.4114583333333,783.0,1390985.0,3.7805821895599365,164.0096971988678,0.041265010833740234,079c8_00000,0.2326887845993042,0.13425259292125702
token_cycle_2,43,False,0.014341308735311031,0.0,43,0.0,-0.0416608527302742,871.0,836.5572916666667,792.0,1424116.0,3.918217182159424,167.92791438102722,0.025455448776483536,079c8_00000,0.15007483959197998,0.13423261046409607
token_cycle_2,44,False,0.011326570063829422,0.0,44,0.0,-0.0038983335252851248,834.0,772.0520833333334,736.0,1457261.0,3.8922929763793945,171.82020735740662,0.07384763658046722,079c8_00000,0.21383196115493774,0.15549196302890778
token_cycle_2,45,False,0.023130306974053383,0.0,45,0.0,0.1051359698176384,834.0,809.8974358974358,795.0,1490326.0,3.8985109329223633,175.71871829032898,0.18159642815589905,079c8_00000,0.06883507966995239,0.1529209017753601
token_cycle_2,46,False,0.03332655131816864,0.0,46,0.0,-0.04553702846169472,853.0,816.125,776.0,1523464.0,3.720540761947632,179.4392590522766,0.026203572750091553,079c8_00000,0.26501530408859253,0.14348119497299194
token_cycle_2,47,False,0.04697407782077789,0.0,47,0.0,-0.00479111447930336,890.0,886.5,885.0,1556616.0,3.93821382522583,183.37747287750244,0.08199823647737503,079c8_00000,0.2299976944923401,0.17357869446277618
token_cycle_2,48,False,0.029451120644807816,0.0,48,0.0,-0.03262527287006378,824.0,808.2708333333333,750.0,1589758.0,4.102964639663696,187.48043751716614,0.038105033338069916,079c8_00000,0.4034925699234009,0.1414605975151062
token_cycle_2,49,False,0.037819210439920425,0.0,49,0.0,-0.03663965314626694,859.0,773.8020833333334,740.0,1622890.0,3.9465904235839844,191.42702794075012,0.043026719242334366,079c8_00000,0.25257575511932373,0.159332737326622
token_cycle_2,50,False,0.02576671540737152,0.0,50,0.0,-0.028334401547908783,815.0,753.640625,719.0,1656006.0,3.8498432636260986,195.27687120437622,0.051696814596652985,079c8_00000,0.19375669956207275,0.16006244719028473
token_cycle_2,51,False,0.06256978958845139,0.0,51,0.0,-0.025146078318357468,803.0,781.4791666666666,739.0,1689137.0,3.818284749984741,199.09515595436096,0.058486610651016235,079c8_00000,0.300006628036499,0.167265385389328
token_cycle_2,52,False,0.04039996489882469,0.0,52,0.0,-0.01636834815144539,811.0,777.3333333333334,714.0,1722128.0,4.079931974411011,203.17508792877197,0.06257524341344833,079c8_00000,0.18933236598968506,0.15788719058036804
token_cycle_2,53,False,0.04073098301887512,0.0,53,0.0,-0.020693305879831314,802.0,741.421875,703.0,1755248.0,3.775455951690674,206.95054388046265,0.05739746615290642,079c8_00000,0.32631582021713257,0.15618152916431427
token_cycle_2,54,False,0.046773720532655716,0.0,54,0.0,-0.01051351148635149,904.0,784.4791666666667,726.0,1788373.0,3.8096585273742676,210.7602024078369,0.06664881855249405,079c8_00000,0.13734102249145508,0.15432466566562653
token_cycle_2,55,False,0.03150850161910057,0.0,55,0.0,-0.036904674023389816,763.0,723.875,709.0,1821508.0,3.8726909160614014,214.63289332389832,0.03443596884608269,079c8_00000,0.2110496163368225,0.1426813006401062
token_cycle_2,56,False,0.020287876948714256,0.0,56,0.0,-0.0359928272664547,746.0,729.1145833333334,673.0,1854653.0,4.026644706726074,218.6595380306244,0.032644037157297134,079c8_00000,0.06726211309432983,0.13727372884750366
token_cycle_2,57,False,0.032986074686050415,0.0,57,0.0,-0.009205884300172329,818.0,740.4479166666666,661.0,1887787.0,3.904360055923462,222.56389808654785,0.0734766274690628,079c8_00000,0.16213756799697876,0.16536502540111542
token_cycle_2,58,False,0.026699088513851166,0.0,58,0.0,-0.01538077276200056,793.0,700.5625,633.0,1920928.0,3.731832981109619,226.29573106765747,0.05612548440694809,079c8_00000,0.2551349997520447,0.14301249384880066
token_cycle_2,59,False,0.0312613770365715,0.0,59,0.0,-0.017817839980125427,746.0,738.625,732.0,1954080.0,3.87644100189209,230.17217206954956,0.04510427266359329,079c8_00000,0.20419716835021973,0.12584422528743744
token_cycle_2,60,False,0.03137965500354767,0.0,60,0.0,-0.01446230337023735,809.0,742.9479166666667,728.0,1987221.0,3.7073163986206055,233.87948846817017,0.0564020536839962,079c8_00000,0.2713555693626404,0.1417287141084671
token_cycle_2,61,False,0.014076191000640392,0.0,61,0.0,-0.03256768733263016,813.0,752.9895833333333,710.0,2020348.0,3.954271078109741,237.8337595462799,0.02363874949514866,079c8_00000,0.21268874406814575,0.11241287738084793
token_cycle_2,62,False,0.019950950518250465,0.0,62,0.0,-0.03767109289765358,855.0,756.3020833333333,725.0,2053465.0,3.7735962867736816,241.6073558330536,0.015400892123579979,079c8_00000,0.12937843799591064,0.10614397376775742
token_cycle_2,63,False,0.029453182592988014,0.0,63,0.0,-0.032933324575424194,822.0,791.1875,743.0,2086601.0,3.7600462436676025,245.3674020767212,0.045255959033966064,079c8_00000,0.19524312019348145,0.15637855231761932
token_cycle_2,64,False,0.029327688738703728,0.0,64,0.0,-0.033663179725408554,830.0,777.0555555555555,726.0,2119586.0,3.9050660133361816,249.27246809005737,0.04241674765944481,079c8_00000,0.25971198081970215,0.15215983986854553
token_cycle_2,65,False,0.0366479866206646,0.0,65,0.0,-0.02291509322822094,856.0,792.390625,730.0,2152712.0,4.0061986446380615,253.27866673469543,0.06147907301783562,079c8_00000,0.13072001934051514,0.168788343667984
token_cycle_2,66,False,0.03712617605924606,0.0,66,0.0,-0.026196422055363655,857.0,799.2864583333333,752.0,2185831.0,3.8754076957702637,257.1540744304657,0.055185601115226746,079c8_00000,0.14572864770889282,0.1627640277147293
token_cycle_2,67,False,0.030950332060456276,0.0,67,0.0,-0.006314876955002546,801.0,756.0444444444444,722.0,2218948.0,4.006038665771484,261.1601130962372,0.07241439819335938,079c8_00000,0.1584518551826477,0.15745855867862701
token_cycle_2,68,False,0.01739383116364479,0.0,68,0.0,-0.02234417200088501,910.0,845.1145833333334,761.0,2252081.0,3.668846368789673,264.82895946502686,0.05640255659818649,079c8_00000,0.13913285732269287,0.157493457198143
token_cycle_2,69,False,0.016040774062275887,0.0,69,0.0,-0.04063119366765022,864.0,820.1,766.0,2285200.0,3.768754720687866,268.5977141857147,0.03205602988600731,079c8_00000,0.0195540189743042,0.14537444710731506
token_cycle_2,70,False,0.012063063681125641,0.0,70,0.0,0.013909558765590191,826.0,808.65625,780.0,2318338.0,3.972914934158325,272.57062911987305,0.09578995406627655,079c8_00000,0.20005255937576294,0.16376079618930817
token_cycle_2,71,False,0.011515244841575623,0.0,71,0.0,-0.008613602258265018,830.0,793.0625,734.0,2351490.0,3.94865345954895,276.519282579422,0.06981465220451355,079c8_00000,0.14516079425811768,0.15685652196407318
token_cycle_2,72,False,0.007294359616935253,0.0,72,0.0,-0.043094735592603683,791.0,748.53125,726.0,2384637.0,3.953329086303711,280.4726116657257,0.019836856052279472,079c8_00000,0.19042688608169556,0.125863179564476
token_cycle_2,73,False,0.0036126570776104927,0.0,73,0.0,0.33928635716438293,799.0,755.5677083333334,713.0,2417758.0,3.8514811992645264,284.32409286499023,0.4225497841835022,079c8_00000,0.056687116622924805,0.16652698814868927
token_cycle_2,74,False,0.00949017982929945,0.0,74,0.0,0.008093325421214104,876.0,789.3802083333333,721.0,2450868.0,4.256983041763306,288.58107590675354,0.08410833030939102,079c8_00000,0.21857845783233643,0.15203000605106354
token_cycle_2,75,False,0.00794719997793436,0.0,75,0.0,0.005892762448638678,793.0,783.15,771.0,2483873.0,3.5892961025238037,292.17037200927734,0.08108294010162354,079c8_00000,0.37636637687683105,0.15038035809993744
token_cycle_2,76,True,0.010580732487142086,0.0,76,0.0,-0.028962954878807068,842.0,776.75,733.0,2516889.0,3.9902420043945312,296.1606140136719,0.043698087334632874,079c8_00000,0.32161617279052734,0.1453220695257187
explore_cycle_3_both,1,False,2.1318624019622803,0.003,1,0.0,0.0022125716786831617,26.0,13.5515625,1.5,33112.0,3.5250864028930664,3.5250864028930664,1.3192707300186157,549d2_00000,0.023950397968292236,2.646907329559326
explore_cycle_3_both,2,False,2.1570334434509277,0.003,2,0.0,-0.04491013288497925,62.0,53.46875,44.5,66254.0,2.936150312423706,6.4612367153167725,3.1227517127990723,549d2_00000,0.0003756284713745117,6.348266124725342
explore_cycle_3_both,3,False,2.1562163829803467,0.003,3,0.0,0.03910860791802406,80.5,67.515625,56.5,99383.0,2.9794812202453613,9.440717935562134,3.617408275604248,549d2_00000,-0.0004150867462158203,7.16953706741333
explore_cycle_3_both,4,False,2.1511616706848145,0.003,4,0.0,0.011545027606189251,109.5,90.36979166666667,79.5,132518.0,3.066143274307251,12.506861209869385,3.1063449382781982,549d2_00000,-0.0009757280349731445,6.2025065422058105
explore_cycle_3_both,5,False,2.143988847732544,0.003,5,0.0,0.002347502624616027,148.0,135.390625,120.5,165663.0,2.9515788555145264,15.458440065383911,2.448622226715088,549d2_00000,0.000476837158203125,4.9054131507873535
explore_cycle_3_both,6,False,2.1404011249542236,0.003,6,0.0,0.03511828929185867,195.0,160.05520833333333,139.0,198767.0,3.058180809020996,18.516620874404907,1.8156510591506958,549d2_00000,0.0016353726387023926,3.5739078521728516
explore_cycle_3_both,7,False,2.130307912826538,0.003,7,0.0,-0.11073804646730423,212.5,191.88541666666669,177.5,231909.0,2.9779090881347656,21.494529962539673,1.4196372032165527,549d2_00000,-6.80685043334961e-05,3.0735323429107666
explore_cycle_3_both,8,False,2.122840404510498,0.003,8,0.0,-0.09921213984489441,232.0,209.31666666666666,178.5,265026.0,3.1256911754608154,24.62022113800049,1.050662875175476,549d2_00000,0.00010704994201660156,2.3124871253967285
explore_cycle_3_both,9,False,2.1127994060516357,0.003,9,0.0,0.07770425826311111,256.5,242.546875,226.0,298163.0,2.973912239074707,27.594133377075195,0.8313248753547668,549d2_00000,-0.0006678104400634766,1.5199178457260132
explore_cycle_3_both,10,False,2.09002947807312,0.003,10,0.0,-0.04632911831140518,310.0,267.53125,243.0,331312.0,2.9650979042053223,30.559231281280518,0.5118185877799988,549d2_00000,0.00013130903244018555,1.1288354396820068
explore_cycle_3_both,11,False,2.039808511734009,0.003,11,0.0,-0.0008994520176202059,332.0,303.94270833333337,275.5,364440.0,3.014455795288086,33.5736870765686,0.5875824689865112,549d2_00000,0.001963496208190918,1.1892026662826538
explore_cycle_3_both,12,False,2.007948637008667,0.003,12,0.0,-0.0689677968621254,355.0,340.9166666666667,336.0,397362.0,2.943826675415039,36.51751375198364,0.4798389971256256,549d2_00000,-0.0004705190658569336,1.1096612215042114
explore_cycle_3_both,13,False,2.01159405708313,0.003,13,0.0,-0.05272245779633522,360.0,343.640625,314.5,430480.0,3.1200292110443115,39.637542963027954,0.38559168577194214,549d2_00000,-0.0023605823516845703,0.8886978626251221
explore_cycle_3_both,14,False,1.977422833442688,0.003,14,0.0,0.004607044160366058,360.0,340.5625,322.5,463622.0,2.974215507507324,42.61175847053528,0.4008995592594147,549d2_00000,-0.005956292152404785,0.8044496178627014
explore_cycle_3_both,15,False,1.9388848543167114,0.003,15,0.0,-0.10909963399171829,368.5,345.9166666666667,322.0,496736.0,3.0194051265716553,45.631163597106934,0.312313050031662,549d2_00000,-0.01910245418548584,0.8544585704803467
explore_cycle_3_both,16,False,1.9042164087295532,0.003,16,0.0,-0.0684017613530159,358.0,338.84375,317.5,529886.0,2.9837779998779297,48.61494159698486,0.3476768434047699,549d2_00000,-0.011423230171203613,0.8435825705528259
explore_cycle_3_both,17,False,1.8521443605422974,0.003,17,0.0,-0.013763937167823315,363.5,345.9609375,325.0,563019.0,3.1396255493164062,51.75456714630127,0.3738662302494049,549d2_00000,-0.04818737506866455,0.7863731384277344
explore_cycle_3_both,18,False,1.801930546760559,0.003,18,0.0,-0.07938636839389801,373.0,348.37604166666665,322.0,596135.0,3.0397136211395264,54.794280767440796,0.2793276309967041,549d2_00000,-0.04747295379638672,0.7282395362854004
explore_cycle_3_both,19,False,1.746607780456543,0.003,19,0.0,-0.010748226195573807,375.5,354.40625,336.0,629265.0,3.043868064880371,57.83814883232117,0.4372390806674957,549d2_00000,-0.0668494701385498,0.9064542651176453
explore_cycle_3_both,20,False,1.6792196035385132,0.003,20,0.0,-0.01573280431330204,371.0,359.46666666666664,345.0,662394.0,2.9966349601745605,60.83478379249573,0.3781081438064575,549d2_00000,0.00812995433807373,0.7977572679519653
explore_cycle_3_both,21,False,1.6205207109451294,0.003,21,0.0,-0.023046530783176422,387.5,361.2786458333333,330.0,695528.0,3.059295415878296,63.89407920837402,0.3747357428073883,549d2_00000,-0.018222570419311523,0.8052876591682434
explore_cycle_3_both,22,False,1.574310541152954,0.003,22,0.0,-0.11272348463535309,389.5,372.9479166666667,353.0,728664.0,2.924811363220215,66.81889057159424,0.3820725679397583,549d2_00000,-0.019992351531982422,0.9990378618240356
explore_cycle_3_both,23,False,1.500990390777588,0.003,23,0.0,-0.06372416764497757,390.0,377.625,363.5,761808.0,2.919128894805908,69.73801946640015,0.3772699236869812,549d2_00000,0.002093791961669922,0.8909941911697388
explore_cycle_3_both,24,False,1.4441560506820679,0.003,24,0.0,0.04084418714046478,410.5,394.59375,379.0,794960.0,2.878657579421997,72.61667704582214,0.5059789419174194,549d2_00000,-0.010042667388916016,0.9389344453811646
explore_cycle_3_both,25,False,1.4180556535720825,0.003,25,0.0,-0.010001784190535545,421.5,397.68489583333337,380.0,828088.0,2.931096315383911,75.54777336120605,0.5479875206947327,549d2_00000,-0.0029654502868652344,1.1244871616363525
explore_cycle_3_both,26,False,1.4124070405960083,0.003,26,0.0,0.05117884650826454,428.0,407.846875,390.0,861212.0,3.061954975128174,78.60972833633423,0.5897621512413025,549d2_00000,0.02791982889175415,1.0856410264968872
explore_cycle_3_both,27,False,1.3373340368270874,0.003,27,0.0,-0.026674797758460045,434.5,415.4921875,384.0,894338.0,2.9396326541900635,81.54936099052429,0.5232819318771362,549d2_00000,0.0177726149559021,1.1079374551773071
explore_cycle_3_both,28,False,1.277888298034668,0.003,28,0.0,0.020971931517124176,433.5,419.625,409.5,927350.0,2.897796630859375,84.44715762138367,0.5334934592247009,549d2_00000,0.004078269004821777,1.0327104330062866
explore_cycle_3_both,29,False,1.2347148656845093,0.003,29,0.0,0.002357000717893243,461.5,431.5234375,413.5,960483.0,2.938822031021118,87.38597965240479,0.5893672108650208,549d2_00000,0.024729490280151367,1.1814287900924683
explore_cycle_3_both,30,False,1.1734215021133423,0.003,30,0.0,-0.027926091104745865,463.5,442.5598958333333,418.5,993599.0,3.0688061714172363,90.45478582382202,0.6273483633995056,549d2_00000,0.021323800086975098,1.317589282989502
explore_cycle_3_both,31,False,1.1636615991592407,0.003,31,0.0,0.06257275491952896,466.0,451.02864583333337,432.0,1026729.0,2.9456825256347656,93.40046834945679,0.6336187720298767,549d2_00000,-0.01559436321258545,1.1490740776062012
explore_cycle_3_both,32,False,1.1202738285064697,0.003,32,0.0,0.0217472855001688,478.5,455.828125,434.0,1059875.0,2.9076859951019287,96.30815434455872,0.7777954339981079,549d2_00000,0.004695296287536621,1.5188179016113281
explore_cycle_3_both,33,False,1.0748335123062134,0.003,33,0.0,-0.1649659425020218,486.0,461.05208333333337,438.5,1093016.0,2.960437297821045,99.26859164237976,0.655319333076477,549d2_00000,-0.0038655996322631836,1.647019624710083
explore_cycle_3_both,34,False,1.0394607782363892,0.003,34,0.0,-0.008233040571212769,492.0,470.828125,450.5,1126152.0,2.934128761291504,102.20272040367126,0.7284563779830933,549d2_00000,0.018065273761749268,1.479615569114685
explore_cycle_3_both,35,False,0.9984326958656311,0.003,35,0.0,-0.02289380133152008,500.0,474.046875,450.0,1159296.0,3.0367212295532227,105.23944163322449,0.7468248605728149,549d2_00000,0.04494023323059082,1.545427918434143
explore_cycle_3_both,36,False,1.0091487169265747,0.003,36,0.0,-0.09139768779277802,510.5,490.16145833333337,464.5,1192439.0,2.93851900100708,108.17796063423157,0.7451844811439514,549d2_00000,0.030102133750915527,1.6792192459106445
explore_cycle_3_both,37,False,0.97697913646698,0.003,37,0.0,0.014970317482948303,512.0,485.6701388888889,460.0,1225480.0,2.9003403186798096,111.07830095291138,0.9262599349021912,549d2_00000,0.08372336626052856,1.8284411430358887
explore_cycle_3_both,38,False,0.9302687048912048,0.003,38,0.0,-0.07071814686059952,523.0,495.85,466.5,1258600.0,2.936915874481201,114.01521682739258,0.7898839116096497,549d2_00000,0.06813579797744751,1.72678542137146
explore_cycle_3_both,39,False,0.8773040175437927,0.003,39,0.0,-0.0033776580821722746,528.0,505.49479166666663,477.5,1291730.0,3.1622352600097656,117.17745208740234,0.9506077766418457,549d2_00000,0.020531892776489258,1.913234829902649
explore_cycle_3_both,40,False,0.8515806794166565,0.003,40,0.0,0.03944802284240723,535.0,502.875,465.5,1324742.0,3.0126757621765137,120.19012784957886,1.0751266479492188,549d2_00000,0.010035514831542969,2.0764667987823486
explore_cycle_3_both,41,False,0.8392972946166992,0.003,41,0.0,-0.12411282956600189,543.5,519.5104166666666,491.0,1357865.0,3.106048822402954,123.29617667198181,1.262803316116333,549d2_00000,0.08832031488418579,2.7788679599761963
explore_cycle_3_both,42,False,0.788007378578186,0.003,42,0.0,0.06091456860303879,555.5,528.9166666666667,490.5,1390985.0,2.898634433746338,126.19481110572815,1.515402913093567,549d2_00000,0.02876412868499756,2.9137048721313477
explore_cycle_3_both,43,False,0.7624906301498413,0.003,43,0.0,0.038641415536403656,569.0,538.78125,498.5,1424116.0,3.0581648349761963,129.25297594070435,1.1348986625671387,549d2_00000,0.057491421699523926,2.197089672088623
explore_cycle_3_both,44,False,0.7089285254478455,0.003,44,0.0,-0.11884640902280807,579.5,547.6302083333334,518.5,1457261.0,2.9045944213867188,132.15757036209106,1.5483973026275635,549d2_00000,0.03313487768173218,3.338740825653076
explore_cycle_3_both,45,False,0.7097768187522888,0.003,45,0.0,-0.09415873140096664,588.5,550.9839743589744,506.0,1490326.0,2.9594104290008545,135.11698079109192,1.3367767333984375,549d2_00000,0.0730435848236084,2.8661293983459473
explore_cycle_3_both,46,False,0.6499101519584656,0.003,46,0.0,0.009961400181055069,590.5,560.984375,530.0,1523464.0,2.9402167797088623,138.05719757080078,1.697762370109558,549d2_00000,0.09182149171829224,3.3795011043548584
explore_cycle_3_both,47,False,0.6498095989227295,0.003,47,0.0,-0.039345044642686844,585.0,562.625,535.5,1556616.0,2.9323480129241943,140.98954558372498,1.9141080379486084,549d2_00000,-0.03598892688751221,3.9108047485351562
explore_cycle_3_both,48,False,0.6351334452629089,0.003,48,0.0,-0.09056829661130905,637.0,575.1302083333334,545.0,1589758.0,3.0131630897521973,144.00270867347717,1.590298056602478,549d2_00000,0.04950356483459473,3.3655433654785156
explore_cycle_3_both,49,False,0.6150498390197754,0.003,49,0.0,-0.010416552424430847,640.0,587.3333333333334,535.5,1622890.0,2.866408109664917,146.8691167831421,2.092395067214966,549d2_00000,0.02906137704849243,4.209314346313477
explore_cycle_3_both,50,False,0.5567700266838074,0.003,50,0.0,0.021825695410370827,630.0,586.6640625,544.5,1656006.0,2.947814702987671,149.81693148612976,2.241942882537842,549d2_00000,0.004707992076873779,4.44357442855835
explore_cycle_3_both,51,False,0.5808524489402771,0.003,51,0.0,-0.1255309283733368,635.5,592.9322916666666,548.5,1689137.0,2.938987970352173,152.75591945648193,2.079777956008911,549d2_00000,0.0719449520111084,4.414102554321289
explore_cycle_3_both,52,False,0.5157921314239502,0.003,52,0.0,-0.03797205537557602,623.5,600.7777777777778,572.5,1722128.0,3.0198209285736084,155.77574038505554,2.5829005241394043,549d2_00000,0.0737839937210083,5.244840145111084
explore_cycle_3_both,53,False,0.5362104177474976,0.003,53,0.0,0.010411534458398819,668.5,608.6276041666666,557.5,1755248.0,2.962101697921753,158.7378420829773,2.844543695449829,549d2_00000,0.10011965036392212,5.671482086181641
explore_cycle_3_both,54,False,0.5051501989364624,0.003,54,0.0,-0.08322162181138992,672.5,612.2630208333333,572.5,1788373.0,2.954298973083496,161.6921410560608,2.5733423233032227,549d2_00000,0.09429872035980225,5.316158771514893
explore_cycle_3_both,55,False,0.4816245436668396,0.003,55,0.0,0.08310537040233612,661.5,621.6875,583.0,1821508.0,2.920369863510132,164.61251091957092,2.8768889904022217,549d2_00000,0.1745205521583557,5.590456962585449
explore_cycle_3_both,56,False,0.4615650177001953,0.003,56,0.0,-0.004445640370249748,690.0,615.7135416666666,551.0,1854653.0,2.9421722888946533,167.55468320846558,2.3655338287353516,549d2_00000,0.14472901821136475,4.7427287101745605
explore_cycle_3_both,57,False,0.4741663932800293,0.003,57,0.0,0.003222124418243766,659.5,622.9479166666667,575.5,1887787.0,3.059619665145874,170.61430287361145,2.876169443130493,549d2_00000,0.18060559034347534,5.748739719390869
explore_cycle_3_both,58,False,0.4293665885925293,0.003,58,0.0,-0.027471143752336502,674.0,615.671875,573.5,1920928.0,2.9512693881988525,173.5655722618103,3.4599690437316895,549d2_00000,0.09724372625350952,6.977456092834473
explore_cycle_3_both,59,False,0.4347648024559021,0.003,59,0.0,0.035687025636434555,650.0,605.875,582.5,1954080.0,2.902928590774536,176.46850085258484,3.807396411895752,549d2_00000,0.0955585241317749,7.546027660369873
explore_cycle_3_both,60,False,0.4311774671077728,0.003,60,0.0,-0.05629914999008179,708.0,661.5260416666667,592.0,1987221.0,2.8950371742248535,179.3635380268097,3.3325576782226562,549d2_00000,0.20286476612091064,6.780300140380859
explore_cycle_3_both,61,False,0.4066489040851593,0.003,61,0.0,-0.005020854063332081,718.5,659.421875,568.0,2020348.0,3.0539257526397705,182.41746377944946,3.1499040126800537,549d2_00000,0.10516864061355591,6.312289237976074
explore_cycle_3_both,62,False,0.4152524769306183,0.003,62,0.0,-0.036247290670871735,727.0,664.8359375,582.0,2053465.0,2.9363222122192383,185.3537859916687,3.237602949142456,549d2_00000,0.15872085094451904,6.550191879272461
explore_cycle_3_both,63,False,0.42243653535842896,0.003,63,0.0,0.08054821938276291,695.0,646.53125,588.0,2086601.0,2.9104979038238525,188.26428389549255,3.191603183746338,549d2_00000,0.04820144176483154,6.224644660949707
explore_cycle_3_both,64,False,0.3928772807121277,0.003,64,0.0,-0.01956072263419628,714.5,674.1388888888889,625.5,2119586.0,2.8981711864471436,191.1624550819397,2.705742835998535,549d2_00000,0.06401169300079346,5.4529643058776855
explore_cycle_3_both,65,False,0.3959447741508484,0.003,65,0.0,0.12459425628185272,759.5,674.5,619.5,2152712.0,3.0654420852661133,194.2278971672058,3.638793468475342,549d2_00000,0.19648605585098267,7.0307745933532715
explore_cycle_3_both,66,False,0.3798796236515045,0.003,66,0.0,-0.054368577897548676,722.5,662.4505208333333,578.5,2185831.0,2.981806516647339,197.20970368385315,3.306475877761841,549d2_00000,0.15198421478271484,6.723967552185059
explore_cycle_3_both,67,False,0.3705081045627594,0.003,67,0.0,0.011112652719020844,730.5,673.4222222222222,591.0,2218948.0,2.9000563621520996,200.10976004600525,2.767749309539795,549d2_00000,0.19720077514648438,5.515496730804443
explore_cycle_3_both,68,False,0.42049306631088257,0.003,68,0.0,0.06066189706325531,736.0,676.2083333333334,620.0,2252081.0,2.915565013885498,203.02532505989075,3.8572261333465576,549d2_00000,0.24326306581497192,7.595650672912598
explore_cycle_3_both,69,False,0.3673188388347626,0.003,69,0.0,-0.04785464331507683,731.0,677.6277777777777,629.0,2285200.0,2.9454505443573,205.97077560424805,3.6461374759674072,549d2_00000,0.11814725399017334,7.390188694000244
explore_cycle_3_both,70,False,0.34441325068473816,0.003,70,0.0,-0.12252269685268402,718.5,667.359375,601.0,2318338.0,3.0589513778686523,209.0297269821167,3.6083984375,549d2_00000,0.19474709033966064,7.463908672332764
explore_cycle_3_both,71,False,0.35821378231048584,0.003,71,0.0,-0.07288798689842224,744.5,678.71875,617.5,2351490.0,2.9163970947265625,211.94612407684326,3.864711046218872,549d2_00000,0.20431596040725708,7.877346992492676
explore_cycle_3_both,72,False,0.35198938846588135,0.003,72,0.0,0.07486999034881592,747.0,676.203125,620.0,2384637.0,2.878333806991577,214.82445788383484,4.307365417480469,549d2_00000,0.11793559789657593,8.46710205078125
explore_cycle_3_both,73,False,0.3533729016780853,0.003,73,0.0,-0.029565170407295227,766.5,683.3098958333334,617.5,2417758.0,2.9418060779571533,217.766263961792,3.1110241413116455,549d2_00000,0.19222557544708252,6.283298969268799
explore_cycle_3_both,74,False,0.31716790795326233,0.003,74,0.0,-0.020847419276833534,760.5,694.84375,607.0,2450868.0,3.0869357585906982,220.8531997203827,3.5865378379821777,549d2_00000,0.18412309885025024,7.216674327850342
explore_cycle_3_both,75,False,0.33329904079437256,0.003,75,0.0,-0.04559239000082016,748.0,695.425,647.5,2483873.0,2.9056200981140137,223.7588198184967,3.2473950386047363,549d2_00000,0.12424927949905396,6.587975025177002
explore_cycle_3_both,76,False,0.3292410671710968,0.003,76,0.0,0.009213218465447426,731.5,680.5909090909091,615.0,2516889.0,2.907047748565674,226.66586756706238,3.1514389514923096,549d2_00000,0.19975364208221436,6.286426544189453
explore_cycle_3_both,77,False,0.34307947754859924,0.003,77,0.0,-0.1551501601934433,814.5,702.6692708333334,638.0,2550032.0,2.9030351638793945,229.56890273094177,3.003523349761963,549d2_00000,0.1608109474182129,6.319405555725098
explore_cycle_3_both,78,False,0.33274045586586,0.003,78,0.0,-0.09335622936487198,774.0,694.3385416666667,621.5,2583149.0,2.9270477294921875,232.49595046043396,3.0968801975250244,549d2_00000,0.16415178775787354,6.382469177246094
explore_cycle_3_both,79,False,0.32819902896881104,0.003,79,0.0,-0.016540123149752617,750.0,701.6145833333333,662.0,2616258.0,3.0436840057373047,235.53963446617126,2.975156784057617,549d2_00000,0.18435204029083252,5.985362529754639
explore_cycle_3_both,80,False,0.30749231576919556,0.003,80,0.0,-0.08530371636152267,742.5,684.4791666666667,627.0,2649394.0,2.949289083480835,238.4889235496521,2.922319173812866,549d2_00000,0.2024317979812622,6.01708984375
explore_cycle_3_both,81,False,0.3129545748233795,0.003,81,0.0,-0.02886592037975788,759.0,686.296875,606.5,2682538.0,2.913283348083496,241.4022068977356,2.8951752185821533,549d2_00000,0.14944249391555786,5.849959373474121
explore_cycle_3_both,82,False,0.3267674148082733,0.003,82,0.0,0.08509571850299835,782.5,708.5,659.5,2715682.0,2.919981002807617,244.3221879005432,3.1180992126464844,549d2_00000,0.11449277400970459,6.067967414855957
explore_cycle_3_both,83,False,0.29981955885887146,0.003,83,0.0,0.03814778849482536,763.5,715.28125,670.0,2748834.0,3.0398030281066895,247.3619909286499,2.919551134109497,549d2_00000,0.06842231750488281,5.764605522155762
explore_cycle_3_both,84,False,0.29382070899009705,0.003,84,0.0,0.05705338716506958,771.5,720.59375,643.0,2781981.0,2.938030242919922,250.30002117156982,2.564866065979004,549d2_00000,0.21645689010620117,5.017388343811035
explore_cycle_3_both,85,False,0.2656426429748535,0.003,85,0.0,-0.03772434592247009,807.0,726.2583333333333,644.5,2815090.0,2.9652953147888184,253.26531648635864,3.7382261753082275,549d2_00000,0.11623746156692505,7.553494930267334
explore_cycle_3_both,86,False,0.2816730737686157,0.003,86,0.0,0.008878187276422977,770.5,719.8020833333334,655.5,2848212.0,2.9567244052886963,256.22204089164734,3.310565233230591,549d2_00000,0.2168745994567871,6.605063438415527
explore_cycle_3_both,87,False,0.29961517453193665,0.003,87,0.0,0.011302015744149685,762.0,718.25,661.0,2881214.0,3.071634531021118,259.29367542266846,3.40036678314209,549d2_00000,0.09268611669540405,6.7799272537231445
explore_cycle_3_both,88,False,0.2952066957950592,0.003,88,0.0,0.05425563082098961,776.5,726.6704545454545,655.5,2914233.0,2.940859794616699,262.23453521728516,3.307591676712036,549d2_00000,0.11758613586425781,6.508443355560303
explore_cycle_3_both,89,False,0.2970008850097656,0.003,89,0.0,-0.0013100471114739776,773.0,724.03125,662.0,2947370.0,2.937411308288574,265.17194652557373,2.7147867679595947,549d2_00000,0.05939972400665283,5.433975696563721
explore_cycle_3_both,90,False,0.28686967492103577,0.003,90,0.0,0.029284831136465073,779.5,723.8958333333333,651.0,2980493.0,2.934894561767578,268.1068410873413,3.2282698154449463,549d2_00000,0.20719552040100098,6.399691581726074
explore_cycle_3_both,91,False,0.299638956785202,0.003,91,0.0,0.024955417960882187,781.5,714.8177083333334,611.0,3013619.0,2.9883270263671875,271.0951681137085,3.1528565883636475,549d2_00000,0.1711556315422058,6.257599830627441
explore_cycle_3_both,92,False,0.2849278748035431,0.003,92,0.0,0.130365788936615,790.0,704.578125,630.5,3046762.0,3.064530611038208,274.1596987247467,3.5201539993286133,549d2_00000,0.1259179711341858,6.781285762786865
explore_cycle_3_both,93,False,0.3150453269481659,0.003,93,0.0,0.030639544129371643,825.0,725.796875,656.5,3079906.0,2.9431610107421875,277.1028597354889,3.1751654148101807,549d2_00000,0.10669571161270142,6.2909417152404785
explore_cycle_3_both,94,False,0.25560078024864197,0.003,94,0.0,0.04320616275072098,833.5,773.921875,728.0,3113050.0,2.912968635559082,280.015828371048,2.83123517036438,549d2_00000,0.08774304389953613,5.577591896057129
explore_cycle_3_both,95,False,0.2783999443054199,0.003,95,0.0,-0.021346282213926315,827.5,769.2708333333333,706.0,3146192.0,2.9289982318878174,282.9448266029358,3.3676657676696777,549d2_00000,0.049826979637145996,6.779694557189941
explore_cycle_3_both,96,False,0.25089436769485474,0.003,96,0.0,-0.01675485633313656,799.5,741.7866666666666,690.0,3179239.0,3.0599443912506104,286.0047709941864,2.876995325088501,549d2_00000,0.2011570930480957,5.789005756378174
explore_cycle_3_both,97,False,0.26983487606048584,0.003,97,0.0,0.030758002772927284,783.5,746.2826923076923,672.5,3212362.0,2.933945894241333,288.93871688842773,3.2024388313293457,549d2_00000,0.2503799796104431,6.344980716705322
explore_cycle_3_both,98,False,0.3065486550331116,0.003,98,0.0,0.09620869159698486,795.5,741.6927083333333,682.5,3245484.0,2.904660224914551,291.8433771133423,3.8445823192596436,549d2_00000,0.12077820301055908,7.498586654663086
explore_cycle_3_both,99,False,0.29746267199516296,0.003,99,0.0,0.03836425393819809,793.0,740.5347222222222,662.0,3278486.0,2.924593210220337,294.7679703235626,3.0306315422058105,549d2_00000,0.1644134521484375,5.9863200187683105
explore_cycle_3_both,100,False,0.3079333007335663,0.003,100,0.0,-0.024067319929599762,781.5,749.9621212121212,708.5,3311505.0,2.9357268810272217,297.70369720458984,2.889758586883545,549d2_00000,0.15408790111541748,5.829499244689941
explore_cycle_3_both,101,False,0.24640442430973053,0.003,101,0.0,0.02147487737238407,794.0,749.171875,694.5,3344632.0,3.0687217712402344,300.7724189758301,3.000562906265259,549d2_00000,0.1741262674331665,5.959654808044434
explore_cycle_3_both,102,False,0.26592767238616943,0.003,102,0.0,-0.1082271859049797,788.0,729.5416666666666,668.0,3377757.0,2.9346671104431152,303.7070860862732,2.8393044471740723,549d2_00000,0.19892388582229614,5.896658897399902
explore_cycle_3_both,103,False,0.26023417711257935,0.003,103,0.0,-0.0361090749502182,819.0,727.9895833333334,631.0,3410885.0,2.9782776832580566,306.68536376953125,2.352771759033203,549d2_00000,0.2519112229347229,4.779323101043701
explore_cycle_3_both,104,False,0.2432006597518921,0.003,104,0.0,-0.031843289732933044,782.5,734.9038461538462,657.5,3443962.0,2.9555461406707764,309.640909910202,3.1809802055358887,549d2_00000,0.08860838413238525,6.427105903625488
explore_cycle_3_both,105,False,0.24349349737167358,0.003,105,0.0,-0.0023534956853836775,805.5,753.546875,687.0,3477106.0,3.06416654586792,312.70507645606995,3.0698938369750977,549d2_00000,0.062232136726379395,6.145956039428711
explore_cycle_3_both,106,False,0.25818392634391785,0.003,106,0.0,0.003694460727274418,827.5,744.3125,606.5,3510250.0,3.073428153991699,315.77850461006165,3.3262135982513428,549d2_00000,0.14798760414123535,6.646587371826172
explore_cycle_3_both,107,False,0.23192156851291656,0.003,107,0.0,-0.06338319927453995,818.5,770.6822916666667,692.5,3543392.0,2.9162817001342773,318.6947863101959,3.0758538246154785,549d2_00000,0.1114654541015625,6.279865264892578
explore_cycle_3_both,108,False,0.24656616151332855,0.003,108,0.0,-0.11701259016990662,810.5,746.3062500000001,660.5,3576512.0,2.9657161235809326,321.66050243377686,2.5750622749328613,549d2_00000,0.2363716959953308,5.385629177093506
explore_cycle_3_both,109,False,0.2533028721809387,0.003,109,0.0,0.03944704681634903,819.5,759.9375,670.5,3609418.0,2.8952560424804688,324.5557584762573,2.706155776977539,549d2_00000,0.18620210886001587,5.33493709564209
explore_cycle_3_both,110,False,0.27221041917800903,0.003,110,0.0,-0.06427991390228271,808.5,736.2630208333334,666.0,3642540.0,3.1117873191833496,327.6675457954407,2.6474404335021973,549d2_00000,0.17633718252182007,5.425073623657227
explore_cycle_3_both,111,False,0.2882155179977417,0.003,111,0.0,0.024133475497364998,824.0,733.8125,664.5,3675674.0,2.931389570236206,330.5989353656769,2.7979953289031982,549d2_00000,0.1439717411994934,5.549452781677246
explore_cycle_3_both,112,False,0.26280921697616577,0.003,112,0.0,-0.009339302778244019,812.0,752.4696969696969,712.0,3708699.0,2.9024922847747803,333.50142765045166,2.8352432250976562,549d2_00000,0.14547055959701538,5.690742492675781
explore_cycle_3_both,113,False,0.24606554210186005,0.003,113,0.0,0.05864991247653961,812.0,766.21875,686.5,3741832.0,2.9632315635681152,336.4646592140198,3.2698259353637695,549d2_00000,0.027079403400421143,6.423828125
explore_cycle_3_both,114,False,0.2935556173324585,0.003,114,0.0,-0.00593043165281415,812.0,760.5677083333334,710.0,3774950.0,3.0500857830047607,339.51474499702454,2.9897053241729736,549d2_00000,0.13198614120483398,5.993032932281494
explore_cycle_3_both,115,False,0.23408903181552887,0.003,115,0.0,-0.11554884910583496,803.0,750.6458333333334,679.5,3808085.0,2.9192044734954834,342.43394947052,2.516026258468628,549d2_00000,0.19304144382476807,5.264554500579834
explore_cycle_3_both,116,False,0.25079771876335144,0.003,116,0.0,-0.05273517221212387,785.0,737.0625,677.0,3841229.0,2.920991897583008,345.354941368103,3.002121925354004,549d2_00000,0.14444786310195923,6.1112189292907715
explore_cycle_3_both,117,False,0.281904011964798,0.003,117,0.0,-0.032797396183013916,819.5,734.9791666666667,662.5,3874373.0,2.9512181282043457,348.3061594963074,3.506791114807129,549d2_00000,0.2768405079841614,7.080869197845459
explore_cycle_3_both,118,False,0.2852158546447754,0.003,118,0.0,0.06639504432678223,802.5,767.75,706.5,3907402.0,3.0697150230407715,351.37587451934814,2.623019218444824,549d2_00000,0.067929208278656,5.114959239959717
explore_cycle_3_both,119,False,0.23791050910949707,0.003,119,0.0,-0.04550455883145332,787.5,752.4375,705.5,3940543.0,2.922672748565674,354.2985472679138,2.524759292602539,549d2_00000,0.212182879447937,5.141955375671387
explore_cycle_3_both,120,False,0.2718009054660797,0.003,120,0.0,-0.08085004985332489,818.5,752.1177083333333,673.0,3973660.0,2.9543917179107666,357.2529389858246,2.491189956665039,549d2_00000,0.17147672176361084,5.1457109451293945
explore_cycle_3_both,121,False,0.2663569450378418,0.003,121,0.0,0.12832845747470856,816.0,771.0375,704.5,4006657.0,2.924431324005127,360.1773703098297,3.2191219329833984,549d2_00000,0.07781982421875,6.18318510055542
explore_cycle_3_both,122,False,0.2589872181415558,0.003,122,0.0,0.022413434460759163,802.0,744.328125,671.5,4039788.0,2.971329689025879,363.1486999988556,2.814580202102661,549d2_00000,0.058018505573272705,5.585887432098389
explore_cycle_3_both,123,False,0.23930063843727112,0.003,123,0.0,-0.13405808806419373,795.0,740.890625,689.5,4072922.0,3.032256841659546,366.18095684051514,2.8904268741607666,549d2_00000,0.137531578540802,6.050406455993652
explore_cycle_3_both,124,False,0.25962695479393005,0.003,124,0.0,-0.03035249561071396,817.0,765.0303030303031,723.5,4105947.0,2.9214377403259277,369.10239458084106,2.727461576461792,549d2_00000,0.15932387113571167,5.517186164855957
explore_cycle_3_both,125,False,0.2632789611816406,0.003,125,0.0,0.036124031990766525,811.0,763.4765625,693.5,4139074.0,2.956862688064575,372.05925726890564,2.6959002017974854,549d2_00000,0.1708199381828308,5.321132659912109
explore_cycle_3_both,126,False,0.2691664397716522,0.003,126,0.0,0.028388971462845802,809.0,747.6055555555556,701.5,4172174.0,2.9460299015045166,375.00528717041016,2.660722255706787,549d2_00000,0.0415310263633728,5.2662811279296875
explore_cycle_3_both,127,False,0.2666897475719452,0.003,127,0.0,0.045758288353681564,818.5,759.8203125,683.5,4205306.0,3.052701234817505,378.05798840522766,2.5663089752197266,549d2_00000,0.09010350704193115,5.042701244354248
explore_cycle_3_both,128,False,0.24597498774528503,0.003,128,0.0,-0.014220553450286388,825.0,765.9322916666667,704.0,4238425.0,2.930210828781128,380.9881992340088,2.5641422271728516,549d2_00000,0.17580831050872803,5.158201694488525
explore_cycle_3_both,129,False,0.277683287858963,0.003,129,0.0,0.0945492833852768,808.0,763.15625,713.0,4271572.0,2.934809446334839,383.9230086803436,2.4912190437316895,549d2_00000,0.22014570236206055,4.7950053215026855
explore_cycle_3_both,130,False,0.31001028418540955,0.003,130,0.0,-0.11476968228816986,764.5,738.03125,705.5,4304716.0,2.9211292266845703,386.8441379070282,2.209275484085083,549d2_00000,0.23599570989608765,4.6499505043029785
explore_cycle_3_both,131,False,0.2571980357170105,0.003,131,0.0,-0.08236703276634216,799.5,753.796875,725.0,4337863.0,2.9110662937164307,389.75520420074463,2.320200204849243,549d2_00000,0.09367960691452026,4.806677341461182
explore_cycle_3_both,132,False,0.27158114314079285,0.003,132,0.0,0.03094121441245079,824.5,766.146875,672.0,4370972.0,3.043290853500366,392.798495054245,2.8503496646881104,549d2_00000,0.11466747522354126,5.640446662902832
explore_cycle_3_both,133,False,0.2587060332298279,0.003,133,0.0,0.09648802131414413,821.0,760.6291666666666,722.0,4403971.0,2.916306734085083,395.7148017883301,2.7033283710479736,549d2_00000,0.17911797761917114,5.215232849121094
explore_cycle_3_both,134,False,0.23671714961528778,0.003,134,0.0,-0.07356046140193939,818.5,764.9333333333332,704.0,4436964.0,2.897946834564209,398.6127486228943,2.124185085296631,549d2_00000,0.20851999521255493,4.396912097930908
explore_cycle_3_both,135,False,0.2581290304660797,0.003,135,0.0,0.09304279088973999,817.5,763.3203125,701.5,4470086.0,2.9322357177734375,401.5449843406677,2.7042407989501953,549d2_00000,0.14555764198303223,5.223945140838623
explore_cycle_3_both,136,False,0.2466908097267151,0.003,136,0.0,-0.07664225995540619,801.0,759.625,711.5,4503146.0,3.0252492427825928,404.5702335834503,2.562004566192627,549d2_00000,0.17732328176498413,5.278773784637451
explore_cycle_3_both,137,False,0.235703244805336,0.003,137,0.0,-0.08381222933530807,822.5,758.3802083333333,704.0,4536272.0,2.9524991512298584,407.5227327346802,2.1931653022766113,549d2_00000,0.1297008991241455,4.555368900299072
explore_cycle_3_both,138,False,0.23318463563919067,0.003,138,0.0,0.0060953982174396515,837.0,766.34375,678.5,4569397.0,2.9451048374176025,410.4678375720978,2.320197343826294,549d2_00000,0.19036340713500977,4.629603385925293
explore_cycle_3_both,139,False,0.2555907368659973,0.003,139,0.0,-0.004788926336914301,786.0,740.5729166666667,680.5,4602530.0,2.956580638885498,413.4244182109833,2.2394096851348877,549d2_00000,0.18799543380737305,4.489931106567383
explore_cycle_3_both,140,False,0.24976079165935516,0.003,140,0.0,0.09361162036657333,798.0,749.0989583333334,694.0,4635669.0,3.0457239151000977,416.4701421260834,2.6291754245758057,549d2_00000,0.13919395208358765,5.07262659072876
explore_cycle_3_both,141,False,0.23936139047145844,0.003,141,0.0,-0.021099885925650597,799.5,752.4375,720.5,4668820.0,2.913435459136963,419.38357758522034,2.5452287197113037,549d2_00000,0.11000597476959229,5.134093284606934
explore_cycle_3_both,142,False,0.20991677045822144,0.003,142,0.0,-0.011861152946949005,808.5,762.265625,712.0,4701964.0,2.9184577465057373,422.3020353317261,2.4500110149383545,549d2_00000,0.175631582736969,4.925004005432129
explore_cycle_3_both,143,False,0.23110757768154144,0.003,143,0.0,0.06473896652460098,826.5,768.296875,698.5,4735111.0,2.9128684997558594,425.21490383148193,2.7362921237945557,549d2_00000,0.06300181150436401,5.344493389129639
explore_cycle_3_both,144,False,0.24637527763843536,0.003,144,0.0,-0.0024522864259779453,823.5,758.7104166666668,698.5,4768210.0,2.9414303302764893,428.1563341617584,2.7274489402770996,549d2_00000,0.19185221195220947,5.461280345916748
explore_cycle_3_both,145,False,0.22179140150547028,0.003,145,0.0,-0.02287990227341652,817.0,769.7,734.5,4801288.0,3.0252933502197266,431.18162751197815,2.681713581085205,549d2_00000,0.1573113203048706,5.41051721572876
explore_cycle_3_both,146,False,0.22901788353919983,0.003,146,0.0,0.13280589878559113,804.5,751.9666666666667,685.0,4834284.0,2.92453932762146,434.1061668395996,3.105510711669922,549d2_00000,0.07644051313400269,5.946784019470215
explore_cycle_3_both,147,False,0.2153780609369278,0.003,147,0.0,0.0023533909115940332,816.5,753.6666666666666,689.0,4867406.0,2.9458673000335693,437.0520341396332,3.009763717651367,549d2_00000,0.24631905555725098,6.016112327575684
explore_cycle_3_both,148,False,0.24152828752994537,0.003,148,0.0,0.015004183165729046,855.5,798.0833333333334,739.0,4900466.0,2.910088539123535,439.9621226787567,2.3597114086151123,549d2_00000,0.17490839958190918,4.690863609313965
explore_cycle_3_both,149,False,0.23942400515079498,0.003,149,0.0,0.08403330296278,832.0,754.7447916666667,705.0,4933584.0,3.052198648452759,443.0143213272095,2.7523891925811768,549d2_00000,0.2594974637031555,5.338148593902588
explore_cycle_3_both,150,False,0.22209283709526062,0.003,150,0.0,0.015804078429937363,850.5,769.7421875,707.5,4966710.0,2.961829900741577,445.97615122795105,2.7287914752960205,549d2_00000,0.13370639085769653,5.42730712890625
explore_cycle_3_both,151,False,0.20947067439556122,0.003,151,0.0,-0.016707226634025574,805.0,751.15,675.0,4999850.0,2.932187080383301,448.90833830833435,3.227860927581787,549d2_00000,0.11439943313598633,6.490393161773682
explore_cycle_3_both,152,False,0.20429541170597076,0.003,152,0.0,-0.028772559016942978,808.0,771.8489583333334,723.0,5032989.0,2.959144353866577,451.8674826622009,2.5780677795410156,549d2_00000,0.21470904350280762,5.214906692504883
explore_cycle_3_both,153,False,0.2257629930973053,0.003,153,0.0,0.10823036730289459,804.0,756.5625,708.5,5066140.0,2.8874828815460205,454.75496554374695,3.554938554763794,549d2_00000,0.08619743585586548,6.894771099090576
explore_cycle_3_both,154,False,0.22419136762619019,0.003,154,0.0,0.040369462221860886,806.0,762.7760416666666,684.5,5099274.0,3.061805486679077,457.816771030426,3.0244851112365723,549d2_00000,0.14296883344650269,5.969576358795166
explore_cycle_3_both,155,False,0.2583431303501129,0.003,155,0.0,-0.0905672013759613,778.0,747.390625,718.0,5132425.0,2.9078667163848877,460.7246377468109,2.5713045597076416,549d2_00000,0.1473129391670227,5.32529354095459
explore_cycle_3_both,156,False,0.2508776783943176,0.003,156,0.0,0.09038744866847992,846.0,778.7072916666666,709.5,5165530.0,2.966256618499756,463.69089436531067,2.788245677947998,549d2_00000,0.18364691734313965,5.397221565246582
explore_cycle_3_both,157,False,0.2272232621908188,0.003,157,0.0,-0.03614563122391701,803.5,760.65,694.5,5198650.0,2.9270288944244385,466.6179232597351,2.6280033588409424,549d2_00000,0.15885984897613525,5.3296613693237305
explore_cycle_3_both,158,False,0.2281959503889084,0.003,158,0.0,-0.020159870386123657,820.0,760.9479166666666,697.0,5231767.0,3.074298143386841,469.69222140312195,2.532334089279175,549d2_00000,0.06609129905700684,5.106357097625732
explore_cycle_3_both,159,False,0.2289789915084839,0.003,159,0.0,0.12259610742330551,815.5,745.8229166666666,669.0,5264894.0,2.9448435306549072,472.63706493377686,2.894099712371826,549d2_00000,0.11384910345077515,5.544381141662598
explore_cycle_3_both,160,False,0.21693772077560425,0.003,160,0.0,-0.09798634052276611,827.0,782.5444444444445,739.0,5298012.0,2.918426036834717,475.5554909706116,2.6131198406219482,549d2_00000,0.11963999271392822,5.423514366149902
explore_cycle_3_both,161,False,0.22914785146713257,0.003,161,0.0,0.08084474503993988,806.0,758.0942708333334,695.0,5331125.0,2.975245475769043,478.5307364463806,2.8068275451660156,549d2_00000,0.20508885383605957,5.453340530395508
explore_cycle_3_both,162,False,0.234364315867424,0.003,162,0.0,0.0072758872993290424,824.0,774.4427083333334,711.5,5364265.0,3.0714406967163086,481.6021771430969,2.5776617527008057,549d2_00000,0.10732907056808472,5.142178058624268
explore_cycle_3_both,163,False,0.23191800713539124,0.003,163,0.0,0.033317141234874725,784.5,757.3214285714286,712.0,5397338.0,2.9280147552490234,484.53019189834595,2.3852975368499756,549d2_00000,0.21253561973571777,4.705352783203125
explore_cycle_3_both,164,False,0.20959559082984924,0.003,164,0.0,-0.045403894037008286,829.5,766.4947916666666,719.0,5430477.0,2.91018009185791,487.44037199020386,2.613424777984619,549d2_00000,0.29155927896499634,5.318914890289307
explore_cycle_3_both,165,False,0.2090243697166443,0.003,165,0.0,0.10677589476108551,818.5,775.125,723.5,5463628.0,3.001734495162964,490.4421064853668,3.2581896781921387,549d2_00000,0.22351306676864624,6.304081439971924
explore_cycle_3_both,166,False,0.22204022109508514,0.003,166,0.0,-0.03912591561675072,832.0,777.5104166666667,704.5,5496758.0,3.0154926776885986,493.4575991630554,2.5069119930267334,549d2_00000,0.24207496643066406,5.093408107757568
explore_cycle_3_both,167,False,0.24091170728206635,0.003,167,0.0,0.1131763830780983,797.0,751.0681818181819,700.0,5529835.0,3.0447514057159424,496.50235056877136,3.378131866455078,549d2_00000,0.13599878549575806,6.5313568115234375
explore_cycle_3_both,168,False,0.2228839248418808,0.003,168,0.0,-0.08436321467161179,828.0,766.5546875,712.0,5562946.0,2.9783670902252197,499.4807176589966,2.842420816421509,549d2_00000,0.23791766166687012,5.854905605316162
explore_cycle_3_both,169,False,0.23367398977279663,0.003,169,0.0,0.02568255178630352,817.0,753.859375,698.5,5596089.0,2.995058059692383,502.47577571868896,2.5381176471710205,549d2_00000,0.1621171236038208,5.026272296905518
explore_cycle_3_both,170,False,0.24882455170154572,0.003,170,0.0,-0.07386071234941483,830.0,758.2630208333333,707.0,5629221.0,3.1305124759674072,505.6062881946564,2.3344829082489014,549d2_00000,0.0877571702003479,4.818180561065674
explore_cycle_3_both,171,False,0.21388453245162964,0.003,171,0.0,-0.051118236035108566,819.0,777.34375,732.0,5662352.0,3.057270050048828,508.6635582447052,2.5119683742523193,549d2_00000,0.16871285438537598,5.127456188201904
explore_cycle_3_both,172,False,0.2223065197467804,0.003,172,0.0,0.004293651320040226,806.0,756.796875,689.5,5695499.0,2.887521266937256,511.55107951164246,2.433337926864624,549d2_00000,0.20700603723526,4.8594231605529785
explore_cycle_3_both,173,False,0.2523820400238037,0.003,173,0.0,-0.01371624693274498,825.5,774.2963541666667,720.0,5728609.0,2.975525140762329,514.5266046524048,2.359135150909424,549d2_00000,0.12182998657226562,4.747217178344727
explore_cycle_3_both,174,False,0.25168144702911377,0.003,174,0.0,-0.12853431701660156,820.0,778.5885416666666,724.0,5761748.0,2.895782947540283,517.4223875999451,1.8308402299880981,549d2_00000,0.1638055443763733,3.9202592372894287
explore_cycle_3_both,175,False,0.24530333280563354,0.003,175,0.0,-0.022677887231111526,822.5,748.0,703.0,5794894.0,2.9247562885284424,520.3471438884735,2.3811144828796387,549d2_00000,0.12973016500473022,4.809056282043457
explore_cycle_3_both,176,False,0.2421431541442871,0.003,176,0.0,-0.06457342207431793,845.0,759.6770833333333,699.0,5828031.0,3.044816255569458,523.391960144043,2.119434118270874,549d2_00000,0.21576690673828125,4.3694682121276855
explore_cycle_3_both,177,False,0.27136221528053284,0.003,177,0.0,0.09442394971847534,830.5,794.7435897435897,759.0,5861085.0,2.934427261352539,526.3263874053955,2.7123494148254395,549d2_00000,0.08180594444274902,5.237479209899902
explore_cycle_3_both,178,False,0.24417872726917267,0.003,178,0.0,0.00026939032250083983,841.5,780.0260416666666,689.0,5894216.0,2.954427719116211,529.2808151245117,2.3625450134277344,549d2_00000,0.1526462435722351,4.726016998291016
explore_cycle_3_both,179,False,0.23612801730632782,0.003,179,0.0,0.039617378264665604,827.5,776.5416666666666,727.0,5927224.0,2.892993688583374,532.1738088130951,2.6557137966156006,549d2_00000,0.23457098007202148,5.233609199523926
explore_cycle_3_both,180,False,0.24142032861709595,0.003,180,0.0,0.00948281865566969,841.0,759.9661458333333,693.0,5960333.0,3.07766056060791,535.251469373703,2.6197004318237305,549d2_00000,0.2006281018257141,5.221884250640869
explore_cycle_3_both,181,False,0.2438606321811676,0.003,181,0.0,-0.024459131062030792,802.0,732.453125,668.0,5993481.0,2.898369789123535,538.1498391628265,2.921632766723633,549d2_00000,0.16388952732086182,5.893646717071533
explore_cycle_3_both,182,False,0.20168393850326538,0.003,182,0.0,-0.037784725427627563,846.0,769.4140625,683.0,6026602.0,2.9617555141448975,541.1115946769714,2.216268301010132,549d2_00000,0.11464798450469971,4.5093159675598145
explore_cycle_3_both,183,False,0.20446400344371796,0.003,183,0.0,-0.012354066595435143,788.5,728.578125,663.0,6059744.0,2.902435779571533,544.014030456543,2.648310661315918,549d2_00000,0.16233080625534058,5.322556495666504
explore_cycle_3_both,184,False,0.2165306806564331,0.003,184,0.0,0.0008830595179460943,807.5,759.6223958333334,716.0,6092884.0,3.064664125442505,547.0786945819855,2.486769676208496,549d2_00000,0.27356743812561035,4.9730730056762695
explore_cycle_3_both,185,False,0.21362140774726868,0.003,185,0.0,-0.015682021155953407,803.0,761.9805555555556,693.5,6125976.0,2.9648029804229736,550.0434975624084,2.4605045318603516,549d2_00000,0.02222663164138794,4.953654766082764
explore_cycle_3_both,186,False,0.24686527252197266,0.003,186,0.0,0.015922484919428825,817.5,776.4661458333333,735.5,6159109.0,2.9702658653259277,553.0137634277344,2.3292651176452637,549d2_00000,0.12421607971191406,4.628166198730469
explore_cycle_3_both,187,False,0.2535841763019562,0.003,187,0.0,0.024436185136437416,807.0,741.078125,694.5,6192255.0,2.9185924530029297,555.9323558807373,2.3734707832336426,549d2_00000,0.10562354326248169,4.69959020614624
explore_cycle_3_both,188,False,0.23206877708435059,0.003,188,0.0,-0.16249321401119232,817.5,779.5989583333334,729.0,6225396.0,2.918095827102661,558.85045170784,1.7108017206192017,549d2_00000,0.15143781900405884,3.7479827404022217
explore_cycle_3_both,189,False,0.23038020730018616,0.003,189,0.0,-0.020629674196243286,811.0,749.765625,706.5,6258541.0,3.0267045497894287,561.8771562576294,2.57253098487854,549d2_00000,0.17789888381958008,5.187703609466553
explore_cycle_3_both,190,False,0.20786383748054504,0.003,190,0.0,0.05010829120874405,816.0,777.5625,704.5,6291679.0,2.935300350189209,564.8124566078186,2.78497052192688,549d2_00000,0.15762096643447876,5.470971584320068
explore_cycle_3_both,191,False,0.2106827348470688,0.003,191,0.0,-0.1002802699804306,827.0,752.1916666666667,689.0,6324790.0,2.9233083724975586,567.7357649803162,2.2434656620025635,549d2_00000,0.20119708776474,4.688755512237549
explore_cycle_3_both,192,False,0.21163763105869293,0.003,192,0.0,0.006009181495755911,835.0,760.421875,704.0,6357911.0,2.943587064743042,570.6793520450592,2.5149245262145996,549d2_00000,0.16154348850250244,5.019100666046143
explore_cycle_3_both,193,False,0.228688582777977,0.003,193,0.0,0.06454356014728546,801.5,766.85,690.5,6390917.0,3.0134408473968506,573.692792892456,2.7086760997772217,549d2_00000,0.1192394495010376,5.289637565612793
explore_cycle_3_both,194,False,0.2292787879705429,0.003,194,0.0,-0.029043324291706085,832.0,764.53125,688.5,6424034.0,2.933452606201172,576.6262454986572,2.420645236968994,549d2_00000,0.1471070647239685,4.900753021240234
explore_cycle_3_both,195,False,0.23907741904258728,0.003,195,0.0,-0.001105381757952273,800.0,767.34375,729.5,6457184.0,2.8969573974609375,579.5232028961182,2.532528877258301,549d2_00000,0.16827642917633057,5.068702697753906
explore_cycle_3_both,196,False,0.25088566541671753,0.003,196,0.0,-0.02706722728908062,821.0,759.2109375,707.0,6490317.0,2.91569185256958,582.4388947486877,2.076638698577881,549d2_00000,0.2486591339111328,4.208917140960693
explore_cycle_3_both,197,False,0.25126269459724426,0.003,197,0.0,-0.004144735634326935,812.0,766.228125,712.0,6523436.0,2.9136300086975098,585.3525247573853,2.452336072921753,549d2_00000,0.11651211977005005,4.9144697189331055
explore_cycle_3_both,198,False,0.24665647745132446,0.003,198,0.0,0.0368700735270977,812.5,774.0208333333334,708.5,6556572.0,3.0459213256835938,588.3984460830688,2.4696621894836426,549d2_00000,0.2780779004096985,4.867064476013184
explore_cycle_3_both,199,False,0.2283589243888855,0.003,199,0.0,0.03234897553920746,826.5,779.0,711.5,6589719.0,2.918734550476074,591.3171806335449,2.47017765045166,549d2_00000,0.25157755613327026,4.877027988433838
explore_cycle_3_both,200,False,0.22398345172405243,0.003,200,0.0,0.009438272565603256,839.0,784.0625,715.0,6622854.0,2.926558017730713,594.2437386512756,2.86769437789917,549d2_00000,0.09261029958724976,5.717855453491211
explore_cycle_3_both,201,False,0.2268209010362625,0.003,201,0.0,0.02588978037238121,831.0,789.4375,716.5,6655999.0,2.9183356761932373,597.1620743274689,2.6555068492889404,549d2_00000,0.29611438512802124,5.260595798492432
explore_cycle_3_both,202,False,0.21797214448451996,0.003,202,0.0,0.056241218000650406,834.5,780.328125,706.5,6689143.0,3.027838945388794,600.1899132728577,2.496271848678589,549d2_00000,0.1697169542312622,4.881369590759277
explore_cycle_3_both,203,False,0.2098151445388794,0.003,203,0.0,-0.08264956623315811,833.5,788.2875,717.5,6722271.0,2.9244186878204346,603.1143319606781,2.275486707687378,549d2_00000,0.12538498640060425,4.717531681060791
explore_cycle_3_both,204,False,0.19284266233444214,0.003,204,0.0,0.003381704445928335,837.5,770.0104166666667,718.5,6755399.0,2.898491859436035,606.0128238201141,2.6875810623168945,549d2_00000,0.19175982475280762,5.369555950164795
explore_cycle_3_both,205,False,0.21667329967021942,0.003,205,0.0,0.032784391194581985,793.0,756.2916666666667,700.5,6788400.0,2.9098880290985107,608.9227118492126,3.0052554607391357,549d2_00000,0.13504618406295776,5.946242332458496
explore_cycle_3_both,206,False,0.2360812872648239,0.003,206,0.0,0.1043408066034317,810.5,762.1666666666667,689.5,6821518.0,3.0710442066192627,611.9937560558319,2.9821653366088867,549d2_00000,0.2189921736717224,5.757065296173096
explore_cycle_3_both,207,False,0.21811553835868835,0.003,207,0.0,0.11788036674261093,821.5,767.5384615384615,736.0,6854622.0,2.8896291255950928,614.883385181427,3.0730538368225098,549d2_00000,0.23546624183654785,5.911655426025391
explore_cycle_3_both,208,False,0.23590929806232452,0.003,208,0.0,0.03375111147761345,826.0,768.59375,709.5,6887752.0,2.963639974594116,617.8470251560211,2.6664159297943115,549d2_00000,0.16749072074890137,5.266745567321777
explore_cycle_3_both,209,False,0.2392818033695221,0.003,209,0.0,0.06390038132667542,827.5,771.6588541666666,701.5,6920868.0,2.944634437561035,620.7916595935822,2.6304168701171875,549d2_00000,0.1575574278831482,5.134468078613281
explore_cycle_3_both,210,False,0.2293846607208252,0.003,210,0.0,0.04685067757964134,825.0,764.1153846153846,722.0,6953940.0,2.931393623352051,623.7230532169342,2.4387285709381104,549d2_00000,0.17935460805892944,4.78513240814209
explore_cycle_3_both,211,False,0.20843207836151123,0.003,211,0.0,0.03153878077864647,792.0,749.734375,705.5,6987087.0,3.032277822494507,626.7553310394287,2.504984140396118,549d2_00000,0.18854254484176636,4.948141574859619
explore_cycle_3_both,212,False,0.22310340404510498,0.003,212,0.0,0.0532185360789299,814.5,766.15625,714.0,7020221.0,2.945559024810791,629.7008900642395,2.0815892219543457,549d2_00000,0.13621282577514648,4.058079719543457
explore_cycle_3_both,213,False,0.22465403378009796,0.003,213,0.0,-0.05857986584305763,812.5,769.1354166666666,723.0,7053355.0,2.9334099292755127,632.634299993515,2.2355685234069824,549d2_00000,0.20518749952316284,4.589644908905029
explore_cycle_3_both,214,False,0.2531948387622833,0.003,214,0.0,-0.07903215289115906,807.5,783.65625,748.5,7086505.0,2.8810770511627197,635.5153770446777,2.3168981075286865,549d2_00000,0.14888548851013184,4.793379783630371
explore_cycle_3_both,215,False,0.236002579331398,0.003,215,0.0,-0.04516348987817764,836.0,788.6953125,691.0,7119639.0,3.048147678375244,638.563524723053,2.5896220207214355,549d2_00000,0.08457648754119873,5.270987510681152
explore_cycle_3_both,216,False,0.23968097567558289,0.003,216,0.0,-0.016873430460691452,831.0,778.6041666666666,707.0,7152767.0,2.914407968521118,641.4779326915741,1.8364313840866089,549d2_00000,0.16581952571868896,3.70804762840271
explore_cycle_3_both,217,False,0.24976074695587158,0.003,217,0.0,0.11064852029085159,829.5,770.1510416666667,711.5,7185902.0,2.9177451133728027,644.3956778049469,2.6446478366851807,549d2_00000,0.22351640462875366,5.069497108459473
explore_cycle_3_both,218,False,0.2353566586971283,0.003,218,0.0,-0.0001141607717727311,819.0,777.6614583333333,734.5,7219026.0,2.9399006366729736,647.3355784416199,2.350022554397583,549d2_00000,0.22361516952514648,4.701685905456543
explore_cycle_3_both,219,False,0.21948301792144775,0.003,219,0.0,-0.019533399492502213,812.5,775.5370370370371,705.5,7252027.0,2.9258193969726562,650.2613978385925,2.328782081604004,549d2_00000,0.1306057572364807,4.6979475021362305
explore_cycle_3_both,220,False,0.21698050200939178,0.003,220,0.0,0.11546128243207932,815.5,760.0390625,673.5,7285161.0,3.0637717247009277,653.3251695632935,2.5863566398620605,549d2_00000,0.10449248552322388,4.9430928230285645
explore_cycle_3_both,221,False,0.2178766131401062,0.003,221,0.0,0.02469724789261818,850.5,766.0130208333333,707.0,7318283.0,2.957972526550293,656.2831420898438,2.4101340770721436,549d2_00000,0.3628230690956116,4.772181510925293
explore_cycle_3_both,222,False,0.17559991776943207,0.003,222,0.0,-0.04528838023543358,820.5,768.328125,717.0,7351422.0,2.914377212524414,659.1975193023682,2.1098127365112305,549d2_00000,0.19088351726531982,4.311256408691406
explore_cycle_3_both,223,False,0.19449441134929657,0.003,223,0.0,0.0004518034402281046,834.0,784.875,730.5,7384569.0,2.9219906330108643,662.119509935379,3.266881227493286,549d2_00000,0.18599504232406616,6.534026145935059
explore_cycle_3_both,224,False,0.19129671156406403,0.003,224,0.0,-0.05642765387892723,832.0,777.5260416666666,724.0,7417708.0,3.0474555492401123,665.1669654846191,2.8556711673736572,549d2_00000,0.21032416820526123,5.825345039367676
explore_cycle_3_both,225,False,0.17898103594779968,0.003,225,0.0,0.07427150756120682,857.5,771.6302083333334,689.0,7450841.0,2.939037799835205,668.1060032844543,3.1608963012695312,549d2_00000,0.1856594681739807,6.174323081970215
explore_cycle_3_both,226,False,0.19221358001232147,0.003,226,0.0,-0.01571611687541008,817.0,779.28125,729.0,7483987.0,2.918210029602051,671.0242133140564,3.3509106636047363,549d2_00000,0.21870321035385132,6.734406471252441
explore_cycle_3_both,227,False,0.20168933272361755,0.003,227,0.0,0.004411210305988789,796.5,745.2682291666666,695.0,7517127.0,2.8884963989257812,673.9127097129822,2.9131455421447754,549d2_00000,0.1396532654762268,5.818678379058838
explore_cycle_3_both,228,False,0.16873836517333984,0.003,228,0.0,-0.07482504844665527,825.5,767.0026041666666,723.0,7550255.0,3.0239882469177246,676.9366979598999,2.345521926879883,549d2_00000,0.11370432376861572,4.841706275939941
explore_cycle_3_both,229,False,0.2126120924949646,0.003,229,0.0,0.06837305426597595,843.0,776.921875,691.5,7583383.0,3.150815486907959,680.0875134468079,3.3851025104522705,549d2_00000,0.1976885199546814,6.634734153747559
explore_cycle_3_both,230,False,0.19793014228343964,0.003,230,0.0,0.05208766460418701,849.5,781.4427083333334,701.0,7616507.0,2.9244508743286133,683.0119643211365,3.0263760089874268,549d2_00000,0.18386638164520264,5.949764251708984
explore_cycle_3_both,231,False,0.21066226065158844,0.003,231,0.0,-0.020274082198739052,816.5,753.1818181818181,699.0,7649534.0,2.9131217002868652,685.9250860214233,2.608900785446167,549d2_00000,0.1486339569091797,5.259613990783691
explore_cycle_3_both,232,False,0.20838108658790588,0.003,232,0.0,-0.09521874785423279,833.0,778.7786458333334,711.0,7682673.0,2.995753049850464,688.9208390712738,3.27724289894104,549d2_00000,0.11283951997756958,6.746173858642578
explore_cycle_3_both,233,False,0.22176535427570343,0.003,233,0.0,0.0418064184486866,795.5,755.5546875,694.5,7715795.0,3.0763514041900635,691.9971904754639,2.852862596511841,549d2_00000,0.18973225355148315,5.623443126678467
explore_cycle_3_both,234,False,0.19798879325389862,0.003,234,0.0,0.011745673604309559,819.0,763.3958333333333,726.0,7748929.0,3.0074844360351562,695.004674911499,2.8039584159851074,549d2_00000,0.1369832158088684,5.58561372756958
explore_cycle_3_both,235,False,0.21521370112895966,0.003,235,0.0,0.028752783313393593,809.0,727.8125,640.0,7782070.0,3.0596742630004883,698.0643491744995,2.6697092056274414,549d2_00000,0.15042179822921753,5.283204078674316
explore_cycle_3_both,236,False,0.1855515092611313,0.003,236,0.0,-0.03145010024309158,839.0,801.6666666666666,744.5,7815214.0,2.9115920066833496,700.9759411811829,2.931443929672241,549d2_00000,0.15757018327713013,5.926901340484619
explore_cycle_3_both,237,False,0.22147637605667114,0.003,237,0.0,-0.0491972453892231,836.0,767.734375,706.5,7848353.0,3.07594633102417,704.051887512207,2.751162528991699,549d2_00000,0.18865126371383667,5.602048873901367
explore_cycle_3_both,238,False,0.18308037519454956,0.003,238,0.0,0.09475769102573395,789.5,754.1354166666666,708.5,7881499.0,2.901707172393799,706.9535946846008,2.921654224395752,549d2_00000,0.15055030584335327,5.654891490936279
explore_cycle_3_both,239,False,0.23543676733970642,0.003,239,0.0,0.07105863839387894,837.5,778.3645833333334,707.5,7914633.0,2.9126527309417725,709.8662474155426,3.4859423637390137,549d2_00000,0.14282232522964478,6.831180095672607
explore_cycle_3_both,240,False,0.16584345698356628,0.003,240,0.0,-0.08254373073577881,853.5,777.5444444444445,716.0,7947743.0,2.915053606033325,712.7813010215759,2.5783069133758545,549d2_00000,0.14874660968780518,5.322696208953857
explore_cycle_3_both,241,False,0.19089075922966003,0.003,241,0.0,-0.0058709559962153435,835.5,763.2994791666666,689.5,7980857.0,2.9478161334991455,715.7291171550751,3.053722381591797,549d2_00000,0.15974801778793335,6.120331764221191
explore_cycle_3_both,242,False,0.22137874364852905,0.003,242,0.0,-0.02132573351264,834.0,756.1197916666666,684.0,8013992.0,3.0387136936187744,718.7678308486938,3.8773033618927,549d2_00000,0.06240212917327881,7.798585891723633
explore_cycle_3_both,243,False,0.19271984696388245,0.003,243,0.0,-0.0026113884523510933,800.0,757.2348484848485,688.0,8047017.0,2.924013137817383,721.6918439865112,3.0509986877441406,549d2_00000,0.12555253505706787,6.108376502990723
explore_cycle_3_both,244,False,0.1970689296722412,0.003,244,0.0,-0.006889272015541792,842.0,792.0694444444445,743.0,8080132.0,2.933661460876465,724.6255054473877,2.8867862224578857,549d2_00000,0.22424280643463135,5.788533687591553
explore_cycle_3_both,245,False,0.20826783776283264,0.003,245,0.0,0.05382551625370979,831.5,772.5234375,683.5,8113256.0,2.9759433269500732,727.6014487743378,3.2005205154418945,549d2_00000,0.1774466633796692,6.294639587402344
explore_cycle_3_both,246,False,0.20271289348602295,0.003,246,0.0,0.05470360815525055,836.5,768.7239583333333,686.5,8146383.0,3.086423635482788,730.6878724098206,3.9297375679016113,549d2_00000,0.17956066131591797,7.751284122467041
explore_cycle_3_both,247,False,0.2221422642469406,0.003,247,0.0,0.0689329206943512,850.5,773.015625,694.0,8179530.0,2.9194066524505615,733.6072790622711,3.872276782989502,549d2_00000,0.11139512062072754,7.608019828796387
explore_cycle_3_both,248,False,0.23214571177959442,0.003,248,0.0,0.05120598524808884,828.0,742.625,702.0,8212678.0,2.89987850189209,736.5071575641632,3.1712424755096436,549d2_00000,0.11413019895553589,6.241466045379639
explore_cycle_3_both,249,False,0.2409840226173401,0.003,249,0.0,-0.040827129036188126,835.5,769.28125,701.0,8245817.0,2.9249372482299805,739.4320948123932,2.8195927143096924,549d2_00000,0.07171165943145752,5.722285747528076
explore_cycle_3_both,250,False,0.18993352353572845,0.003,250,0.0,0.07866813987493515,831.5,739.0546875,679.5,8278948.0,2.9158897399902344,742.3479845523834,2.801062822341919,549d2_00000,0.19723814725875854,5.445928573608398
explore_cycle_3_both,251,False,0.1829804629087448,0.003,251,0.0,0.015629369765520096,822.0,755.53125,692.0,8312079.0,3.0382299423217773,745.3862144947052,2.6200060844421387,549d2_00000,0.20249253511428833,5.209850788116455
explore_cycle_3_both,252,False,0.1897483766078949,0.003,252,0.0,-0.05418435484170914,825.0,754.0952380952382,695.0,8345015.0,2.905332088470459,748.2915465831757,2.820960760116577,549d2_00000,0.08441030979156494,5.751428604125977
explore_cycle_3_both,253,False,0.2179517149925232,0.003,253,0.0,0.005926679819822311,831.0,767.46875,710.5,8378124.0,2.95894193649292,751.2504885196686,3.5339455604553223,549d2_00000,0.27073967456817627,7.057344913482666
explore_cycle_3_both,254,False,0.2135765105485916,0.003,254,0.0,0.09290927648544312,811.0,773.734375,729.0,8411264.0,2.9032111167907715,754.1536996364594,3.5418877601623535,549d2_00000,0.16293013095855713,6.8992390632629395
explore_cycle_3_both,255,False,0.21826620399951935,0.003,255,0.0,-0.025668099522590637,815.0,749.0340909090909,696.5,8444289.0,3.026261806488037,757.1799614429474,3.019164562225342,549d2_00000,0.09989047050476074,6.090974807739258
explore_cycle_3_both,256,False,0.22672103345394135,0.003,256,0.0,0.04712541028857231,796.0,757.4609375,712.5,8477421.0,2.962085008621216,760.1420464515686,3.1782214641571045,549d2_00000,0.20303726196289062,6.263552665710449
explore_cycle_3_both,257,False,0.20232395827770233,0.003,257,0.0,-0.061172399669885635,828.0,770.8671875,703.5,8510549.0,2.9151535034179688,763.0571999549866,2.622241497039795,549d2_00000,0.1639053225517273,5.3680419921875
explore_cycle_3_both,258,False,0.19608983397483826,0.003,258,0.0,-0.05919354408979416,817.5,764.5833333333334,714.5,8543679.0,2.961570978164673,766.0187709331512,3.4334652423858643,549d2_00000,0.07014328241348267,6.9864935874938965
explore_cycle_3_both,259,False,0.22513452172279358,0.003,259,0.0,0.05946144834160805,809.5,762.609375,693.5,8576825.0,3.094144344329834,769.1129152774811,2.8242194652557373,549d2_00000,0.22332632541656494,5.530867099761963
explore_cycle_3_both,260,False,0.2188740223646164,0.003,260,0.0,-0.010186695493757725,814.0,777.140625,741.5,8609967.0,2.9089183807373047,772.0218336582184,2.8917362689971924,549d2_00000,0.20107632875442505,5.805159568786621
explore_cycle_3_both,261,False,0.21639129519462585,0.003,261,0.0,-0.08648345619440079,800.5,752.0714285714286,695.5,8643065.0,2.911076068878174,774.9329097270966,2.1736881732940674,549d2_00000,0.15388232469558716,4.521641731262207
explore_cycle_3_both,262,False,0.216141477227211,0.003,262,0.0,0.059834111481904984,802.5,760.6312499999999,718.0,8676193.0,2.909257411956787,777.8421671390533,2.8443217277526855,549d2_00000,0.19198888540267944,5.570271968841553
explore_cycle_3_both,263,False,0.2110218107700348,0.003,263,0.0,-0.08397619426250458,829.0,771.721875,703.5,8709319.0,2.944633960723877,780.7868010997772,2.278869867324829,549d2_00000,0.1597357988357544,4.726958751678467
explore_cycle_3_both,264,False,0.20221967995166779,0.003,264,0.0,-0.11912083625793457,796.5,766.65,727.0,8742215.0,3.0132970809936523,783.8000981807709,2.4385898113250732,549d2_00000,0.12242448329925537,5.116634368896484
explore_cycle_3_both,265,False,0.20417946577072144,0.003,265,0.0,-0.002641200553625822,813.5,759.4739583333334,677.0,8775324.0,2.9450676441192627,786.7451658248901,2.709294080734253,549d2_00000,0.30275076627731323,5.425095558166504
explore_cycle_3_both,266,False,0.23368288576602936,0.003,266,0.0,0.01469674613326788,786.5,744.9739583333334,664.0,8808458.0,2.8956196308135986,789.6407854557037,3.2442004680633545,549d2_00000,0.12476098537445068,6.460409641265869
explore_cycle_3_both,267,False,0.20736339688301086,0.003,267,0.0,-0.07798167318105698,811.0,741.0340909090909,695.0,8841486.0,2.9048001766204834,792.5455856323242,3.134783983230591,549d2_00000,0.12507450580596924,6.426774978637695
explore_cycle_3_both,268,False,0.18986259400844574,0.003,268,0.0,0.016786212101578712,812.5,751.0286458333334,683.0,8874614.0,3.0594825744628906,795.6050682067871,2.851780652999878,549d2_00000,0.16692501306533813,5.671127796173096
explore_cycle_3_both,269,False,0.18792550265789032,0.003,269,0.0,-0.07799218595027924,797.5,763.8269230769231,712.5,8907675.0,2.9353115558624268,798.5403797626495,2.362447738647461,549d2_00000,0.19279849529266357,4.882007598876953
explore_cycle_3_both,270,False,0.19136075675487518,0.003,270,0.0,-0.0935983881354332,812.5,767.109375,721.0,8940807.0,2.928572654724121,801.4689524173737,2.703866481781006,549d2_00000,0.18847262859344482,5.596078395843506
explore_cycle_3_both,271,False,0.21175584197044373,0.003,271,0.0,0.05180898681282997,830.0,765.46875,696.5,8973952.0,2.9053406715393066,804.374293088913,2.751692771911621,549d2_00000,0.18585771322250366,5.40103816986084
explore_cycle_3_both,272,False,0.22733774781227112,0.003,272,0.0,0.13091768324375153,840.5,779.4479166666667,733.5,9007092.0,2.915539026260376,807.2898321151733,3.9430034160614014,549d2_00000,0.07817238569259644,7.62553596496582
explore_cycle_3_both,273,False,0.19876515865325928,0.003,273,0.0,0.05938900262117386,825.0,743.5,674.0,9040235.0,3.0602610111236572,810.350093126297,3.4141430854797363,549d2_00000,0.2035614252090454,6.710700988769531
explore_cycle_3_both,274,False,0.2037089318037033,0.003,274,0.0,0.016538213938474655,869.0,772.625,730.0,9073369.0,2.9374959468841553,813.2875890731812,2.6535584926605225,549d2_00000,0.15908128023147583,5.275262355804443
explore_cycle_3_both,275,False,0.21778447926044464,0.003,275,0.0,0.11320171505212784,834.0,778.7677083333333,735.0,9106489.0,2.97220516204834,816.2597942352295,3.011136770248413,549d2_00000,0.10256648063659668,5.797177314758301
explore_cycle_3_both,276,False,0.2317875623703003,0.003,276,0.0,0.0563214085996151,814.0,740.46875,689.5,9139432.0,2.921165704727173,819.1809599399567,2.6498475074768066,549d2_00000,0.08765828609466553,5.188443183898926
explore_cycle_3_both,277,False,0.21655113995075226,0.003,277,0.0,0.11485107988119125,872.0,790.9296875,657.0,9172545.0,3.0441195964813232,822.225079536438,3.0202717781066895,549d2_00000,0.1664210557937622,5.812140464782715
explore_cycle_3_both,278,False,0.237651988863945,0.003,278,0.0,0.04855761304497719,852.5,780.9427083333333,709.5,9205678.0,2.907430410385132,825.1325099468231,2.803107500076294,549d2_00000,0.20400351285934448,5.510525703430176
explore_cycle_3_both,279,False,0.22222399711608887,0.003,279,0.0,0.002841969719156623,825.0,766.3333333333333,720.0,9238708.0,2.964761972427368,828.0972719192505,2.20536732673645,549d2_00000,0.16697478294372559,4.406383991241455
explore_cycle_3_both,280,False,0.1847396194934845,0.003,280,0.0,0.018585126847028732,836.5,767.7604166666667,685.5,9271838.0,2.9362971782684326,831.0335690975189,2.755802869796753,549d2_00000,0.23909246921539307,5.475543975830078
explore_cycle_3_both,281,False,0.18240289390087128,0.003,281,0.0,0.04316284880042076,833.5,776.5885416666666,713.5,9304964.0,3.0680975914001465,834.1016666889191,2.6898903846740723,549d2_00000,0.13166272640228271,5.294549942016602
explore_cycle_3_both,282,False,0.18210312724113464,0.003,282,0.0,0.01565597765147686,810.0,774.4010416666666,731.0,9338103.0,2.920389413833618,837.0220561027527,3.208561658859253,549d2_00000,0.27606862783432007,6.386904716491699
explore_cycle_3_both,283,False,0.17758499085903168,0.003,283,0.0,0.00034634183975867927,820.5,771.1055555555556,736.5,9371247.0,2.9297173023223877,839.9517734050751,3.479381561279297,549d2_00000,0.22584664821624756,6.95913553237915
explore_cycle_3_both,284,False,0.21470049023628235,0.003,284,0.0,0.0683080181479454,840.0,769.9375,731.0,9404387.0,2.992144823074341,842.9439182281494,3.522219657897949,549d2_00000,0.11605638265609741,6.909111022949219
explore_cycle_3_both,285,False,0.21039995551109314,0.003,285,0.0,0.14234659075737,808.0,765.125,727.5,9437525.0,2.945526361465454,845.8894445896149,3.0690808296203613,549d2_00000,0.2454199194908142,5.85473108291626
explore_cycle_3_both,286,False,0.20023325085639954,0.003,286,0.0,0.028683677315711975,865.0,775.3359375,719.0,9470663.0,3.010159730911255,848.8996043205261,2.5067601203918457,549d2_00000,0.29382646083831787,4.957354545593262
explore_cycle_3_both,287,False,0.21820670366287231,0.003,287,0.0,0.01977871172130108,835.0,774.2218750000001,718.0,9503783.0,2.9147799015045166,851.8143842220306,2.533569812774658,549d2_00000,0.2543758749961853,5.028891086578369
explore_cycle_3_both,288,False,0.21628405153751373,0.003,288,0.0,0.07095792889595032,804.0,773.85,747.0,9536791.0,2.892453193664551,854.7068374156952,2.8527209758758545,549d2_00000,0.20664054155349731,5.564823627471924
explore_cycle_3_both,289,False,0.18133190274238586,0.003,289,0.0,0.04919661954045296,846.0,776.9348958333333,725.5,9569910.0,2.9596121311187744,857.666449546814,2.1934430599212646,549d2_00000,0.1993827223777771,4.289580345153809
explore_cycle_3_both,290,False,0.19306643307209015,0.003,290,0.0,0.09102564305067062,843.5,781.7760416666667,713.0,9603040.0,3.0328991413116455,860.6993486881256,3.0475144386291504,549d2_00000,0.0760757327079773,5.914135932922363
explore_cycle_3_both,291,False,0.193883016705513,0.003,291,0.0,0.03292013704776764,791.0,754.6818181818181,712.0,9636075.0,3.0171189308166504,863.7164676189423,3.0284180641174316,549d2_00000,0.14445418119430542,5.992159843444824
explore_cycle_3_both,292,False,0.1916634738445282,0.003,292,0.0,-0.013589094392955303,850.5,774.328125,699.5,9669205.0,2.9150121212005615,866.6314797401428,2.8678524494171143,549d2_00000,0.22531569004058838,5.764033317565918
explore_cycle_3_both,293,False,0.1640617549419403,0.003,293,0.0,0.04722185805439949,821.5,774.7277777777778,711.0,9702329.0,2.972977638244629,869.6044573783875,2.5382068157196045,549d2_00000,0.2794457674026489,4.982954025268555
explore_cycle_3_both,294,False,0.17812193930149078,0.003,294,0.0,0.11018432676792145,850.5,784.9375,716.0,9735465.0,2.9343831539154053,872.5388405323029,3.346546173095703,549d2_00000,0.2595512866973877,6.473792552947998
explore_cycle_3_both,295,False,0.18966977298259735,0.003,295,0.0,0.13919024169445038,842.0,773.0833333333334,678.5,9768609.0,3.058725595474243,875.5975661277771,3.318559408187866,549d2_00000,0.18419069051742554,6.3598761558532715
explore_cycle_3_both,296,False,0.1776229292154312,0.003,296,0.0,-0.09614478051662445,799.5,761.1875,705.5,9801755.0,2.8964805603027344,878.4940466880798,2.59523344039917,549d2_00000,0.20451098680496216,5.383821964263916
explore_cycle_3_both,297,False,0.1907390058040619,0.003,297,0.0,0.032256145030260086,834.5,779.7239583333334,720.5,9834890.0,2.898613214492798,881.3926599025726,2.856484889984131,549d2_00000,0.1312611699104309,5.649601936340332
explore_cycle_3_both,298,False,0.16449473798274994,0.003,298,0.0,-0.05347759276628494,815.5,779.0609374999999,716.0,9868025.0,3.0219876766204834,884.4146475791931,2.4870247840881348,549d2_00000,0.2293492555618286,5.081991195678711
explore_cycle_3_both,299,False,0.15795999765396118,0.003,299,0.0,-0.15968918800354004,833.5,765.1430555555556,706.0,9901079.0,3.0986196994781494,887.5132672786713,2.6494266986846924,549d2_00000,0.26629024744033813,5.6191792488098145
explore_cycle_3_both,300,False,0.17952513694763184,0.003,300,0.0,0.10582822561264038,844.0,781.4711538461538,710.5,9934144.0,3.058560371398926,890.5718276500702,2.795283079147339,549d2_00000,0.26243287324905396,5.379986763000488
explore_cycle_3_both,301,False,0.1901741772890091,0.003,301,0.0,0.10928657650947571,818.5,769.3723958333333,708.5,9967278.0,2.9249351024627686,893.496762752533,3.166334390640259,549d2_00000,0.18047261238098145,6.115236759185791
explore_cycle_3_both,302,False,0.1780308037996292,0.003,302,0.0,-0.032747782766819,824.5,765.5078125,711.0,10000406.0,2.9306578636169434,896.4274206161499,2.431187868118286,549d2_00000,0.35949069261550903,4.928939342498779
explore_cycle_3_both,303,False,0.1898096352815628,0.003,303,0.0,0.0035596038214862347,811.0,781.0909090909091,717.0,10033443.0,2.9049220085144043,899.3323426246643,2.9968111515045166,549d2_00000,0.18353331089019775,5.98764181137085
explore_cycle_3_both,304,False,0.18541274964809418,0.003,304,0.0,-0.027712078765034676,825.5,768.4192708333333,728.5,10066565.0,3.0799498558044434,902.4122924804688,2.6702210903167725,549d2_00000,0.3430898189544678,5.396978378295898
explore_cycle_3_both,305,False,0.18008540570735931,0.003,305,0.0,-0.05662877857685089,798.5,757.46875,673.0,10099691.0,2.9418509006500244,905.3541433811188,2.7837424278259277,549d2_00000,0.1870480179786682,5.681823253631592
explore_cycle_3_both,306,False,0.1784139722585678,0.003,306,0.0,0.06755441427230835,800.5,758.5,714.0,10132833.0,2.913573741912842,908.2677171230316,3.4259910583496094,549d2_00000,0.16002881526947021,6.7179436683654785
explore_cycle_3_both,307,False,0.2029380202293396,0.003,307,0.0,0.19575993716716766,831.5,781.296875,745.0,10165977.0,2.915890693664551,911.1836078166962,3.506438970565796,549d2_00000,0.15089762210845947,6.622575759887695
explore_cycle_3_both,308,False,0.17552924156188965,0.003,308,0.0,0.128186896443367,803.0,764.5625,724.0,10199123.0,3.0244994163513184,914.2081072330475,3.4608829021453857,549d2_00000,0.311151921749115,6.666444778442383
explore_cycle_3_both,309,False,0.18213669955730438,0.003,309,0.0,-0.01881312020123005,844.5,775.50625,711.0,10232243.0,2.9691109657287598,917.1772181987762,2.747957706451416,549d2_00000,0.2105279564857483,5.534634590148926
explore_cycle_3_both,310,False,0.1783246099948883,0.003,310,0.0,0.06967271119356155,840.0,761.8125,696.0,10265390.0,2.9051969051361084,920.0824151039124,2.570880889892578,549d2_00000,0.17912769317626953,5.003486633300781
explore_cycle_3_both,311,False,0.1960521638393402,0.003,311,0.0,0.05257176607847214,830.5,786.6016666666667,707.5,10298375.0,2.8993852138519287,922.9818003177643,3.3709967136383057,549d2_00000,0.2528006434440613,6.638026714324951
explore_cycle_3_both,312,False,0.1716417521238327,0.003,312,0.0,-0.03783416375517845,811.5,763.1416666666667,698.0,10331485.0,3.0387487411499023,926.0205490589142,2.8388967514038086,549d2_00000,0.2816483974456787,5.754491806030273
explore_cycle_3_both,313,False,0.17814373970031738,0.003,313,0.0,-0.025360001251101494,840.0,796.5625,729.0,10364622.0,2.9342994689941406,928.9548485279083,2.407305955886841,549d2_00000,0.1064753532409668,4.866400718688965
explore_cycle_3_both,314,False,0.20284909009933472,0.003,314,0.0,-0.09700706601142883,829.0,769.0755208333334,678.0,10397750.0,2.9348480701446533,931.889696598053,2.6688098907470703,549d2_00000,0.24915295839309692,5.532851219177246
explore_cycle_3_both,315,False,0.20760244131088257,0.003,315,0.0,0.04285454377532005,791.0,766.8125,727.5,10430803.0,2.9169728755950928,934.8066694736481,2.9896814823150635,549d2_00000,0.13232994079589844,5.894899845123291
explore_cycle_3_both,316,False,0.18040654063224792,0.003,316,0.0,0.06986992806196213,843.0,771.7333333333333,710.0,10463925.0,2.963197946548462,937.7698674201965,3.0823264122009277,549d2_00000,0.29762083292007446,6.02599573135376
explore_cycle_3_both,317,False,0.16059599816799164,0.003,317,0.0,0.006768370047211647,843.0,745.234375,642.5,10497059.0,3.0420920848846436,940.8119595050812,2.4742894172668457,549d2_00000,0.24052268266677856,4.936005115509033
explore_cycle_3_both,318,False,0.18496854603290558,0.003,318,0.0,-0.027640024200081825,853.0,784.34375,714.5,10530201.0,2.9202382564544678,943.7321977615356,2.7341620922088623,549d2_00000,0.1927514672279358,5.524713516235352
explore_cycle_3_both,319,False,0.18312832713127136,0.003,319,0.0,-0.04802388697862625,833.5,783.0833333333334,734.5,10563336.0,2.9539856910705566,946.6861834526062,3.0322999954223633,549d2_00000,0.20781159400939941,6.161746978759766
explore_cycle_3_both,320,False,0.18628424406051636,0.003,320,0.0,-0.03300434350967407,812.5,751.8214285714286,649.5,10596417.0,2.8890674114227295,949.5752508640289,3.206383228302002,549d2_00000,0.20095717906951904,6.479893207550049
explore_cycle_3_both,321,False,0.16190966963768005,0.003,321,0.0,-0.11741313338279724,830.5,753.9046875,675.0,10629536.0,3.055816173553467,952.6310670375824,2.622297525405884,549d2_00000,0.26031923294067383,5.480391979217529
explore_cycle_3_both,322,False,0.18910762667655945,0.003,322,0.0,0.06850936263799667,782.5,755.5769230769231,721.5,10662614.0,2.8990423679351807,955.5301094055176,2.881507158279419,549d2_00000,0.31227385997772217,5.627130508422852
explore_cycle_3_both,323,False,0.16317810118198395,0.003,323,0.0,-0.05757814645767212,831.5,777.7401515151515,718.5,10695622.0,2.928175449371338,958.4582848548889,2.3078901767730713,549d2_00000,0.18582779169082642,4.7319159507751465
explore_cycle_3_both,324,False,0.183071568608284,0.003,324,0.0,0.12551166117191315,834.5,775.3194444444445,688.5,10728730.0,2.954554796218872,961.4128396511078,3.271130323410034,549d2_00000,0.2376929521560669,6.292335510253906
explore_cycle_3_both,325,False,0.18381838500499725,0.003,325,0.0,-0.1935642659664154,828.5,762.5,666.5,10761859.0,2.9282333850860596,964.3410730361938,2.056537628173828,549d2_00000,0.22214317321777344,4.501307487487793
explore_cycle_3_both,326,False,0.15713517367839813,0.003,326,0.0,-0.08939032256603241,820.5,763.2369791666666,685.0,10794993.0,3.0493342876434326,967.3904073238373,1.843998670578003,549d2_00000,0.3135886788368225,3.86772084236145
explore_cycle_3_both,327,False,0.16357773542404175,0.003,327,0.0,0.04997304081916809,828.5,789.0333333333333,709.0,10828114.0,2.919339656829834,970.3097469806671,3.0052266120910645,549d2_00000,0.29078149795532227,5.911489009857178
explore_cycle_3_both,328,False,0.17068876326084137,0.003,328,0.0,-0.08673948794603348,844.5,775.3923076923077,716.0,10861165.0,2.9521331787109375,973.261880159378,2.6357829570770264,549d2_00000,0.3450266718864441,5.446069240570068
explore_cycle_3_both,329,False,0.1938086748123169,0.003,329,0.0,-0.03560011833906174,828.5,788.859375,735.5,10894304.0,2.9271352291107178,976.1890153884888,2.352057933807373,549d2_00000,0.19765359163284302,4.7764787673950195
explore_cycle_3_both,330,False,0.20370112359523773,0.003,330,0.0,0.019163982942700386,824.0,793.4375,753.5,10927449.0,3.05759859085083,979.2466139793396,2.461663246154785,549d2_00000,0.18878775835037231,4.886220455169678
explore_cycle_3_both,331,False,0.19779051840305328,0.003,331,0.0,-0.008290320634841919,850.5,797.4270833333334,739.5,10960583.0,2.908655881881714,982.1552698612213,2.3789172172546387,549d2_00000,0.32340484857559204,4.775601863861084
explore_cycle_3_both,332,False,0.21014685928821564,0.003,332,0.0,0.034558285027742386,848.0,771.53125,731.5,10993729.0,2.9346656799316406,985.089935541153,2.169726848602295,549d2_00000,0.22505271434783936,4.271597862243652
explore_cycle_3_both,333,False,0.21240077912807465,0.003,333,0.0,0.0044819386675953865,846.5,786.2213541666667,716.5,11026853.0,2.943488597869873,988.0334241390228,2.496262788772583,549d2_00000,0.1382008194923401,4.984836101531982
explore_cycle_3_both,334,False,0.20184017717838287,0.003,334,0.0,0.0170770063996315,825.0,773.6538461538462,740.5,11059931.0,3.042341709136963,991.0757658481598,2.6400325298309326,549d2_00000,0.22283309698104858,5.247121334075928
explore_cycle_3_both,335,False,0.21596018970012665,0.003,335,0.0,0.05458550155162811,847.5,764.4947916666666,707.5,11093054.0,2.9406280517578125,994.0163938999176,2.606658458709717,549d2_00000,0.21527105569839478,5.105441570281982
explore_cycle_3_both,336,False,0.21805965900421143,0.003,336,0.0,-0.09047402441501617,832.5,771.4348958333334,699.5,11126187.0,2.8939104080200195,996.9103043079376,2.0862879753112793,549d2_00000,0.1350058913230896,4.354832172393799
explore_cycle_3_both,337,False,0.18462930619716644,0.003,337,0.0,-0.06449262797832489,867.0,787.7630208333333,711.5,11159318.0,2.932347536087036,999.8426518440247,2.0241622924804688,549d2_00000,0.2891683578491211,4.178418159484863
explore_cycle_3_both,338,False,0.20754186809062958,0.003,338,0.0,0.04271160811185837,816.0,777.203125,705.5,11192457.0,2.9126763343811035,1002.7553281784058,2.9363038539886475,549d2_00000,0.11245882511138916,5.788430213928223
explore_cycle_3_both,339,False,0.22815874218940735,0.003,339,0.0,0.06633372604846954,834.5,771.5677083333334,712.0,11225601.0,3.0482370853424072,1005.8035652637482,2.2735047340393066,549d2_00000,0.26718926429748535,4.415711402893066
explore_cycle_3_both,340,False,0.1885206401348114,0.003,340,0.0,-0.009770437143743038,845.0,794.1380208333333,709.5,11258718.0,2.9690911769866943,1008.7726564407349,2.2978367805480957,549d2_00000,0.0341528058052063,4.616345405578613
explore_cycle_3_both,341,False,0.18175700306892395,0.003,341,0.0,-0.06481213122606277,869.5,811.6354166666666,726.0,11291858.0,2.9035396575927734,1011.6761960983276,1.8102766275405884,549d2_00000,0.1993923783302307,3.751268148422241
explore_cycle_3_both,342,False,0.20203092694282532,0.003,342,0.0,-0.007026453502476215,814.5,758.4642857142857,692.0,11324937.0,2.8898797035217285,1014.5660758018494,2.5099799633026123,549d2_00000,0.19462817907333374,5.035224914550781
explore_cycle_3_both,343,False,0.20513425767421722,0.003,343,0.0,0.016945814713835716,832.0,779.6302083333333,723.0,11358067.0,3.040238857269287,1017.6063146591187,2.63350772857666,549d2_00000,0.13259470462799072,5.234354496002197
explore_cycle_3_both,344,False,0.18004485964775085,0.003,344,0.0,0.10658711194992065,854.5,786.234375,721.0,11391209.0,2.9261322021484375,1020.5324468612671,2.541415214538574,549d2_00000,0.31333261728286743,4.870736122131348
explore_cycle_3_both,345,False,0.17713184654712677,0.003,345,0.0,0.08764586597681046,851.0,785.0442708333333,710.5,11424333.0,2.9544949531555176,1023.4869418144226,2.664935827255249,549d2_00000,0.12847590446472168,5.155642986297607
explore_cycle_3_both,346,False,0.20325849950313568,0.003,346,0.0,-0.042867206037044525,801.0,774.9615384615385,749.5,11457416.0,2.876871347427368,1026.36381316185,2.339076280593872,549d2_00000,0.14079433679580688,4.765106678009033
explore_cycle_3_both,347,False,0.17656061053276062,0.003,347,0.0,0.02588167041540146,854.0,787.2213541666667,728.0,11490538.0,2.9706733226776123,1029.3344864845276,2.0135183334350586,549d2_00000,0.2063191533088684,3.976332426071167
explore_cycle_3_both,348,False,0.164678692817688,0.003,348,0.0,0.028999648988246918,841.0,780.15625,698.5,11523672.0,3.0182642936706543,1032.3527507781982,2.5239384174346924,549d2_00000,0.23417997360229492,4.9908647537231445
explore_cycle_3_both,349,False,0.1931133270263672,0.003,349,0.0,-0.00023012666497379541,822.0,764.2682291666667,728.0,11556797.0,2.9543824195861816,1035.3071331977844,2.985149383544922,549d2_00000,0.2124462127685547,5.971917629241943
explore_cycle_3_both,350,False,0.15620486438274384,0.003,350,0.0,0.04042591154575348,813.0,776.2666666666667,740.0,11589921.0,2.924713373184204,1038.2318465709686,2.4587366580963135,549d2_00000,0.22634321451187134,4.837559223175049
explore_cycle_3_both,351,False,0.15987984836101532,0.003,351,0.0,-0.029873913154006004,808.5,757.1666666666666,689.0,11623058.0,2.9517223834991455,1041.1835689544678,2.904672145843506,549d2_00000,0.12959587574005127,5.87005090713501
explore_cycle_3_both,352,False,0.16519075632095337,0.003,352,0.0,-0.0030827480368316174,820.5,758.4760416666666,706.0,11656153.0,3.0674870014190674,1044.2510559558868,2.70350980758667,549d2_00000,0.28452467918395996,5.414175987243652
explore_cycle_3_both,353,False,0.15801192820072174,0.003,353,0.0,0.038720883429050446,832.5,783.296875,725.5,11689292.0,2.9352190494537354,1047.1862750053406,3.2916948795318604,549d2_00000,0.14897394180297852,6.506895542144775
explore_cycle_3_both,354,False,0.15553191304206848,0.003,354,0.0,-0.015087747015058994,829.0,783.640625,700.0,11722443.0,2.9492063522338867,1050.1354813575745,2.9577643871307373,549d2_00000,0.2261396050453186,5.946637153625488
explore_cycle_3_both,355,False,0.15242992341518402,0.003,355,0.0,0.03465942665934563,811.0,760.1796875,712.0,11755577.0,2.931068181991577,1053.066549539566,3.199303388595581,549d2_00000,0.30961984395980835,6.330202579498291
explore_cycle_3_both,356,False,0.19932805001735687,0.003,356,0.0,0.004758633207529783,846.5,783.8697916666667,682.5,11788709.0,3.055476427078247,1056.1220259666443,3.566289186477661,549d2_00000,0.20403635501861572,7.124257564544678
explore_cycle_3_both,357,False,0.19708271324634552,0.003,357,0.0,0.00753159262239933,840.0,789.65625,707.0,11821838.0,2.9587388038635254,1059.0807647705078,2.9807188510894775,549d2_00000,0.22206592559814453,5.947556972503662
explore_cycle_3_both,358,False,0.1636052429676056,0.003,358,0.0,-0.07071968913078308,782.0,751.0555555555555,696.5,11854829.0,2.9189929962158203,1061.9997577667236,2.4850471019744873,549d2_00000,0.2153785228729248,5.112515449523926
explore_cycle_3_both,359,False,0.24004502594470978,0.003,359,0.0,0.05271550267934799,831.0,749.6927083333334,659.5,11887943.0,2.961336374282837,1064.9610941410065,3.7848265171051025,549d2_00000,0.25625091791152954,7.465662479400635
explore_cycle_3_both,360,False,0.21477141976356506,0.003,360,0.0,-0.08498719334602356,841.0,788.6666666666666,719.0,11921084.0,2.9358530044555664,1067.896947145462,2.684894323348999,549d2_00000,0.2786482572555542,5.541052341461182
explore_cycle_3_both,361,False,0.21120698750019073,0.003,361,0.0,-0.042901795357465744,837.5,761.2291666666667,694.0,11954208.0,3.145315408706665,1071.0422625541687,2.467299461364746,549d2_00000,0.08483541011810303,5.021669864654541
explore_cycle_3_both,362,False,0.23300723731517792,0.003,362,0.0,0.028035679832100868,818.5,755.1428571428571,704.5,11987336.0,3.1367125511169434,1074.1789751052856,3.0082080364227295,549d2_00000,0.25963759422302246,5.961742877960205
explore_cycle_3_both,363,False,0.16272838413715363,0.003,363,0.0,-0.07574393600225449,836.0,765.7447916666666,677.5,12020469.0,3.1800386905670166,1077.3590137958527,3.136526584625244,549d2_00000,0.17037439346313477,6.425518035888672
explore_cycle_3_both,364,False,0.23562344908714294,0.003,364,0.0,0.10038633644580841,848.5,778.9,726.0,12053589.0,3.1952311992645264,1080.5542449951172,3.3665966987609863,549d2_00000,0.31594276428222656,6.5338358879089355
explore_cycle_3_both,365,False,0.18968427181243896,0.003,365,0.0,0.009994983673095703,848.0,764.96875,708.0,12086731.0,3.2212653160095215,1083.7755103111267,3.1739206314086914,549d2_00000,0.2524155378341675,6.3289899826049805
explore_cycle_3_both,366,False,0.18609414994716644,0.003,366,0.0,-0.01214505359530449,796.0,736.28125,679.5,12119883.0,2.9673736095428467,1086.7428839206696,2.856813907623291,549d2_00000,0.19312644004821777,5.739034652709961
explore_cycle_3_both,367,False,0.2293691784143448,0.003,367,0.0,-0.05175701901316643,834.0,777.2447916666666,709.5,12153013.0,3.0922396183013916,1089.835123538971,2.8207857608795166,549d2_00000,0.15316003561019897,5.746461391448975
explore_cycle_3_both,368,False,0.21559740602970123,0.003,368,0.0,-0.03304414823651314,818.0,757.4468750000001,679.5,12186135.0,3.027783155441284,1092.8629066944122,3.1100237369537354,549d2_00000,0.13069212436676025,6.287428855895996
explore_cycle_3_both,369,False,0.21980266273021698,0.003,369,0.0,0.09156358987092972,796.0,757.984375,703.0,12219278.0,3.0109291076660156,1095.8738358020782,3.2999520301818848,549d2_00000,0.2732665538787842,6.418095588684082
explore_cycle_3_both,370,False,0.20170223712921143,0.003,370,0.0,0.05639217048883438,740.5,722.3,707.0,12252292.0,3.079798698425293,1098.9536345005035,2.8567442893981934,549d2_00000,0.055403709411621094,5.601914405822754
explore_cycle_3_both,371,False,0.20940792560577393,0.003,371,0.0,-0.013043485581874847,820.5,759.9088541666666,712.0,12285407.0,3.048715829849243,1102.0023503303528,2.193297863006592,549d2_00000,0.09361851215362549,4.413938999176025
explore_cycle_3_both,372,False,0.218584805727005,0.003,372,0.0,-0.12017842382192612,819.5,770.1354166666666,714.0,12318545.0,3.0882468223571777,1105.09059715271,2.0216481685638428,549d2_00000,0.2467111349105835,4.2849650382995605
explore_cycle_3_both,373,False,0.21693168580532074,0.003,373,0.0,0.0031101605854928493,811.5,755.5052083333333,671.5,12351669.0,3.0604140758514404,1108.1510112285614,2.449206829071045,549d2_00000,0.1542264223098755,4.893495082855225
explore_cycle_3_both,374,False,0.2134089171886444,0.003,374,0.0,-0.022470595315098763,825.0,770.6346153846154,723.0,12384742.0,3.182447671890259,1111.3334589004517,2.3774073123931885,549d2_00000,0.16024792194366455,4.8010358810424805
explore_cycle_3_both,375,False,0.1873875856399536,0.003,375,0.0,0.06862551718950272,817.5,756.1145833333334,717.5,12417884.0,2.958240032196045,1114.2916989326477,2.475527763366699,549d2_00000,0.0796319842338562,4.8149285316467285
explore_cycle_3_both,376,False,0.1799228936433792,0.003,376,0.0,0.01609354093670845,829.0,778.8802083333334,718.5,12451005.0,2.9479825496673584,1117.239681482315,2.3401365280151367,549d2_00000,0.1521664261817932,4.649165630340576
explore_cycle_3_both,377,False,0.15226295590400696,0.003,377,0.0,-0.1118067130446434,830.0,785.7447916666667,721.5,12484144.0,2.9510338306427,1120.1907153129578,2.265873432159424,549d2_00000,0.19921845197677612,4.7562737464904785
explore_cycle_3_both,378,False,0.21555624902248383,0.003,378,0.0,0.028914179652929306,832.0,762.0208333333333,716.0,12517284.0,2.9342777729034424,1123.1249930858612,3.1230690479278564,549d2_00000,0.23013150691986084,6.189602851867676
explore_cycle_3_both,379,False,0.19078345596790314,0.003,379,0.0,-0.031003331765532494,830.5,787.0527777777777,739.0,12550375.0,3.044431447982788,1126.169424533844,2.762509346008301,549d2_00000,0.20139837265014648,5.588169574737549
explore_cycle_3_both,380,False,0.1757768988609314,0.003,380,0.0,0.07934927195310593,853.0,783.690625,724.5,12583500.0,2.9560182094573975,1129.1254427433014,3.269749641418457,549d2_00000,0.22409480810165405,6.381855010986328
explore_cycle_3_both,381,False,0.19101864099502563,0.003,381,0.0,-0.1370297521352768,861.0,804.84375,689.0,12616646.0,2.9080429077148438,1132.0334856510162,2.6232423782348633,549d2_00000,0.23790478706359863,5.5216898918151855
explore_cycle_3_both,382,False,0.19509416818618774,0.003,382,0.0,-0.037415940314531326,787.5,755.3214285714286,733.5,12649729.0,2.915397882461548,1134.9488835334778,2.678896188735962,549d2_00000,0.09310036897659302,5.433794975280762
explore_cycle_3_both,383,False,0.20659588277339935,0.003,383,0.0,-0.10969167202711105,844.0,787.4166666666666,727.0,12682847.0,3.075138568878174,1138.024022102356,2.6803488731384277,549d2_00000,0.14980465173721313,5.581320762634277
explore_cycle_3_both,384,False,0.18647998571395874,0.003,384,0.0,0.05366984009742737,863.0,785.2291666666666,724.5,12715972.0,2.9016499519348145,1140.9256720542908,2.7868683338165283,549d2_00000,0.2965168356895447,5.46751594543457
explore_cycle_3_both,385,False,0.18068094551563263,0.003,385,0.0,0.0033609531819820404,854.5,778.96875,719.0,12749101.0,2.923614740371704,1143.8492867946625,2.3481907844543457,549d2_00000,0.2622210383415222,4.690743446350098
explore_cycle_3_both,386,False,0.18196159601211548,0.003,386,0.0,-0.0018142415210604668,839.5,777.0555555555555,718.0,12782151.0,2.953268051147461,1146.80255484581,2.481403350830078,549d2_00000,0.2208365797996521,4.967527389526367
explore_cycle_3_both,387,False,0.17596878111362457,0.003,387,0.0,0.0058230068534612656,816.0,771.0160256410256,723.5,12815225.0,3.038031578063965,1149.840586423874,3.164093255996704,549d2_00000,0.1066245436668396,6.317596435546875
explore_cycle_3_both,388,False,0.18307362496852875,0.003,388,0.0,-0.06467626988887787,856.5,786.4114583333334,695.5,12848349.0,2.9391021728515625,1152.7796885967255,2.5336198806762695,549d2_00000,0.1948121190071106,5.197690486907959
explore_cycle_3_both,389,False,0.19326099753379822,0.003,389,0.0,0.17603985965251923,834.0,785.2916666666667,724.0,12881486.0,2.9234137535095215,1155.703102350235,2.6601033210754395,549d2_00000,0.18427938222885132,4.9692864418029785
explore_cycle_3_both,390,False,0.20834079384803772,0.003,390,0.0,0.0059938495978713036,836.5,780.5677083333334,700.5,12914626.0,2.9495015144348145,1158.6526038646698,2.263514280319214,549d2_00000,0.2509129047393799,4.516290187835693
explore_cycle_3_both,391,False,0.19119374454021454,0.003,391,0.0,-0.12880359590053558,823.5,763.2916666666666,721.0,12947761.0,2.9199025630950928,1161.572506427765,2.2488934993743896,549d2_00000,0.2277318239212036,4.756540775299072
explore_cycle_3_both,392,False,0.18377932906150818,0.003,392,0.0,-0.05133902654051781,835.5,788.59375,718.0,12980891.0,3.0284998416900635,1164.601006269455,1.8657617568969727,549d2_00000,0.20044362545013428,3.8353044986724854
explore_cycle_3_both,393,False,0.19088567793369293,0.003,393,0.0,-0.018459612503647804,815.0,776.5625,711.0,13014038.0,2.9061644077301025,1167.507170677185,2.122924566268921,549d2_00000,0.17542904615402222,4.283913612365723
explore_cycle_3_both,394,False,0.21304138004779816,0.003,394,0.0,-0.026821596547961235,841.0,787.359375,724.0,13047184.0,2.888613224029541,1170.3957839012146,1.9441548585891724,549d2_00000,0.14415401220321655,3.9432313442230225
explore_cycle_3_both,395,False,0.19905833899974823,0.003,395,0.0,0.0018999588210135698,846.0,783.6510416666667,710.0,13080305.0,2.94533109664917,1173.3411149978638,2.4028449058532715,549d2_00000,0.1827998161315918,4.803083896636963
explore_cycle_3_both,396,False,0.19568927586078644,0.003,396,0.0,-0.035773780196905136,844.0,781.3776041666666,697.0,13113431.0,3.0451436042785645,1176.3862586021423,2.2822771072387695,549d2_00000,0.17622101306915283,4.6372761726379395
explore_cycle_3_both,397,False,0.2288990616798401,0.003,397,0.0,0.12735943496227264,821.5,774.921875,723.5,13146561.0,3.176478624343872,1179.5627372264862,2.6144793033599854,549d2_00000,0.12361913919448853,4.975612640380859
explore_cycle_3_both,398,False,0.19609485566616058,0.003,398,0.0,-0.004292886238545179,819.5,778.5833333333333,737.0,13179591.0,2.9116644859313965,1182.4744017124176,2.391533851623535,549d2_00000,0.12516659498214722,4.792830467224121
explore_cycle_3_both,399,False,0.1906622350215912,0.003,399,0.0,-0.05667232349514961,842.5,791.1848958333334,721.0,13212728.0,2.909069061279297,1185.383470773697,2.3360939025878906,549d2_00000,0.06772106885910034,4.786675930023193
explore_cycle_3_both,400,False,0.18667010962963104,0.003,400,0.0,-0.04973629117012024,850.5,775.8359375,737.0,13245856.0,2.9212582111358643,1188.3047289848328,2.3084075450897217,549d2_00000,0.1680569052696228,4.717408180236816
explore_cycle_3_both,401,False,0.18322953581809998,0.003,401,0.0,-0.017872469499707222,831.0,774.7756410256409,684.5,13278900.0,3.0295746326446533,1191.3343036174774,2.4251229763031006,549d2_00000,0.32343894243240356,4.88709020614624
explore_cycle_3_both,402,False,0.18015873432159424,0.003,402,0.0,-0.14826700091362,857.5,799.3177083333334,753.0,13312037.0,2.9187235832214355,1194.2530272006989,2.3614847660064697,549d2_00000,0.25121593475341797,5.020585060119629
explore_cycle_3_both,403,False,0.1990150362253189,0.003,403,0.0,0.09219735115766525,811.5,779.109375,710.5,13345175.0,2.906735420227051,1197.159762620926,2.8678367137908936,549d2_00000,0.10275870561599731,5.5524725914001465
explore_cycle_3_both,404,False,0.19576846063137054,0.003,404,0.0,0.07778673619031906,831.0,782.1223958333334,698.5,13378302.0,2.9434850215911865,1200.103247642517,2.742941379547119,549d2_00000,0.21163058280944824,5.331483364105225
explore_cycle_3_both,405,False,0.19828611612319946,0.003,405,0.0,-0.036590006202459335,810.0,759.1875,725.5,13411454.0,3.016629457473755,1203.1198770999908,2.089843273162842,549d2_00000,0.2094954252243042,4.254056453704834
explore_cycle_3_both,406,False,0.20083966851234436,0.003,406,0.0,-0.007775035686790943,849.5,796.4135416666666,733.0,13444584.0,2.9276320934295654,1206.0475091934204,2.6002304553985596,549d2_00000,0.17179840803146362,5.217215538024902
explore_cycle_3_both,407,False,0.18036016821861267,0.003,407,0.0,-0.02099405787885189,867.5,797.2564102564103,743.5,13477649.0,2.925414800643921,1208.9729239940643,2.300504684448242,549d2_00000,0.20614057779312134,4.644079208374023
explore_cycle_3_both,408,False,0.19330517947673798,0.003,408,0.0,0.08706961572170258,838.0,794.8255208333334,732.0,13510767.0,2.9555070400238037,1211.9284310340881,3.0645155906677246,549d2_00000,0.07760977745056152,5.956051826477051
explore_cycle_3_both,409,False,0.20628036558628082,0.003,409,0.0,0.09617213904857635,833.0,775.3222222222223,723.0,13543881.0,3.037907838821411,1214.9663388729095,2.674325466156006,549d2_00000,0.11877822875976562,5.157544136047363
explore_cycle_3_both,410,False,0.2078077346086502,0.003,410,0.0,0.06872877478599548,823.5,781.621212121212,716.0,13576908.0,2.9047019481658936,1217.8710408210754,2.130838394165039,549d2_00000,0.23564845323562622,4.1254658699035645
explore_cycle_3_both,411,False,0.18606062233448029,0.003,411,0.0,-0.00788626167923212,827.0,783.3098958333334,742.0,13610043.0,2.9264795780181885,1220.7975203990936,2.357957601547241,549d2_00000,0.12182557582855225,4.732803821563721
explore_cycle_3_both,412,False,0.18723225593566895,0.003,412,0.0,-0.06575757265090942,828.0,780.6770833333333,726.0,13643172.0,2.9234771728515625,1223.7209975719452,2.5349998474121094,549d2_00000,0.06657469272613525,5.202639102935791
explore_cycle_3_both,413,False,0.1901177614927292,0.003,413,0.0,-0.01691204309463501,843.0,803.1822916666667,753.0,13676308.0,2.951794385910034,1226.6727919578552,2.596773147583008,549d2_00000,0.223474383354187,5.228511333465576
explore_cycle_3_both,414,False,0.1805552989244461,0.003,414,0.0,0.002622483763843775,810.0,748.53125,679.5,13709449.0,3.039965867996216,1229.7127578258514,2.331294298171997,549d2_00000,0.14712083339691162,4.658426761627197
explore_cycle_3_both,415,False,0.2275654524564743,0.003,415,0.0,0.07889103144407272,811.5,757.8588541666667,703.0,13742580.0,2.944200038909912,1232.6569578647614,2.570810079574585,549d2_00000,0.13405358791351318,4.985202789306641
explore_cycle_3_both,416,False,0.1931999772787094,0.003,416,0.0,0.04472446069121361,837.5,776.015625,727.5,13775712.0,2.935304880142212,1235.5922627449036,2.67406964302063,549d2_00000,0.09981310367584229,5.259849548339844
explore_cycle_3_both,417,False,0.2068702131509781,0.003,417,0.0,0.07836619019508362,793.0,775.6,745.0,13808726.0,2.8817789554595947,1238.4740417003632,2.5484201908111572,549d2_00000,0.19242751598358154,4.941349983215332
explore_cycle_3_both,418,False,0.1903982013463974,0.003,418,0.0,0.002157424809411168,830.0,789.059375,706.0,13841842.0,3.1590030193328857,1241.633044719696,2.5137078762054443,549d2_00000,0.16407305002212524,5.024243354797363
explore_cycle_3_both,419,False,0.17439433932304382,0.003,419,0.0,-0.015320966951549053,803.5,778.7803030303029,757.0,13874873.0,2.8973898887634277,1244.5304346084595,2.475194215774536,549d2_00000,0.22824257612228394,4.982077121734619
explore_cycle_3_both,420,False,0.1636841595172882,0.003,420,0.0,-0.010448948480188847,850.5,787.8619791666667,702.0,13907988.0,3.048901081085205,1247.5793356895447,2.577136516571045,549d2_00000,0.25718528032302856,5.17615270614624
explore_cycle_3_both,421,False,0.19198733568191528,0.003,421,0.0,-0.03254495933651924,836.5,791.9479166666666,749.0,13941125.0,3.010089635848999,1250.5894253253937,2.408687114715576,549d2_00000,0.2588529586791992,4.8836164474487305
explore_cycle_3_both,422,False,0.19215430319309235,0.003,422,0.0,0.0651426687836647,820.5,784.8484848484849,752.5,13974156.0,2.907891273498535,1253.4973165988922,2.833258867263794,549d2_00000,0.21380984783172607,5.537384510040283
explore_cycle_3_both,423,False,0.18452982604503632,0.003,423,0.0,-0.04071660712361336,847.5,773.6223958333334,690.0,14007289.0,3.075805425643921,1256.5731220245361,2.6692557334899902,549d2_00000,0.2037600874900818,5.421051979064941
explore_cycle_3_both,424,False,0.2384202927350998,0.003,424,0.0,0.13374583423137665,842.0,793.2604166666666,717.0,14040418.0,2.9379191398620605,1259.5110411643982,3.0696732997894287,549d2_00000,0.17773473262786865,5.87328577041626
explore_cycle_3_both,425,False,0.20838235318660736,0.003,425,0.0,0.06411782652139664,859.0,785.9947916666666,722.5,14073554.0,2.9549691677093506,1262.4660103321075,2.3481459617614746,549d2_00000,0.22578173875808716,4.569306373596191
explore_cycle_3_both,426,False,0.19055356085300446,0.003,426,0.0,0.020211758092045784,855.5,796.25,740.5,14106696.0,2.9978349208831787,1265.4638452529907,2.137545585632324,549d2_00000,0.16903048753738403,4.235811233520508
explore_cycle_3_both,427,False,0.19941721856594086,0.003,427,0.0,0.04098246619105339,832.0,795.69375,739.0,14139821.0,3.141186237335205,1268.605031490326,2.4206032752990723,549d2_00000,0.06245940923690796,4.760437965393066
explore_cycle_3_both,428,False,0.20556645095348358,0.003,428,0.0,-0.029486024752259254,824.0,766.984375,727.0,14172960.0,2.9038846492767334,1271.5089161396027,2.333784341812134,549d2_00000,0.17235708236694336,4.727774143218994
explore_cycle_3_both,429,False,0.19906750321388245,0.003,429,0.0,-0.04552086442708969,860.5,834.35,787.0,14205974.0,2.9655873775482178,1274.4745035171509,2.2677314281463623,549d2_00000,0.2085772156715393,4.6276984214782715
explore_cycle_3_both,430,False,0.18987306952476501,0.003,430,0.0,-0.048195820301771164,829.0,777.26875,731.0,14239086.0,3.0695207118988037,1277.5440242290497,2.4129717350006104,549d2_00000,0.23060470819473267,4.923473834991455
explore_cycle_3_both,431,False,0.20121535658836365,0.003,431,0.0,-0.003849177388474345,836.0,777.9,734.5,14272096.0,3.005784749984741,1280.5498089790344,2.8706893920898438,549d2_00000,0.20935779809951782,5.750284194946289
explore_cycle_3_both,432,False,0.1759520173072815,0.003,432,0.0,-0.15594351291656494,844.5,785.5651041666667,726.0,14305211.0,2.9323954582214355,1283.4822044372559,2.3743555545806885,549d2_00000,0.23111873865127563,5.061654090881348
explore_cycle_3_both,433,False,0.19967366755008698,0.003,433,0.0,0.015553009696304798,846.0,777.4895833333333,711.5,14338343.0,2.9255106449127197,1286.4077150821686,2.680220603942871,549d2_00000,0.2732442617416382,5.330533504486084
explore_cycle_3_both,434,False,0.18244324624538422,0.003,434,0.0,0.0013561876257881522,838.5,789.9444444444445,718.5,14371356.0,2.915086269378662,1289.3228013515472,3.250886917114258,549d2_00000,0.23294174671173096,6.500156402587891
explore_cycle_3_both,435,False,0.19000732898712158,0.003,435,0.0,-0.06595353037118912,821.5,760.3411458333333,670.5,14404488.0,2.919255018234253,1292.2420563697815,2.9832844734191895,549d2_00000,0.11393100023269653,6.099616050720215
explore_cycle_3_both,436,False,0.1745685487985611,0.003,436,0.0,-0.0857359766960144,826.5,768.5677083333334,718.5,14437617.0,3.0244741439819336,1295.2665305137634,2.389216184616089,549d2_00000,0.10064840316772461,4.950952053070068
explore_cycle_3_both,437,False,0.16743195056915283,0.003,437,0.0,0.003515021875500679,826.0,786.4583333333334,741.5,14470745.0,2.9254398345947266,1298.1919703483582,2.2643299102783203,549d2_00000,0.26821380853652954,4.522634029388428
explore_cycle_3_both,438,False,0.17223621904850006,0.003,438,0.0,-0.050536297261714935,867.0,821.7395833333333,727.5,14503889.0,2.9259543418884277,1301.1179246902466,2.5774364471435547,549d2_00000,0.14066290855407715,5.256978511810303
explore_cycle_3_both,439,False,0.18441006541252136,0.003,439,0.0,-0.07577938586473465,842.0,805.640625,743.5,14537021.0,2.939579486846924,1304.0575041770935,2.3982717990875244,549d2_00000,0.14349502325057983,4.949209213256836
explore_cycle_3_both,440,False,0.18951496481895447,0.003,440,0.0,-0.0688641294836998,851.5,795.703125,741.5,14570160.0,3.0074918270111084,1307.0649960041046,2.6259140968322754,549d2_00000,0.05373871326446533,5.390693187713623
explore_cycle_3_both,441,False,0.17233751714229584,0.003,441,0.0,-0.12546196579933167,806.0,760.34375,703.0,14603289.0,2.9157707691192627,1309.9807667732239,2.5635950565338135,549d2_00000,0.15403246879577637,5.379148006439209
explore_cycle_3_both,442,False,0.16159901022911072,0.003,442,0.0,0.009313824586570263,816.0,766.2984375,668.5,14636400.0,2.932483434677124,1312.913250207901,2.4440739154815674,549d2_00000,0.20757675170898438,4.870489597320557
explore_cycle_3_both,443,False,0.17589785158634186,0.003,443,0.0,0.005548917688429356,866.0,812.2708333333333,756.0,14669358.0,2.9118711948394775,1315.8251214027405,2.722362995147705,549d2_00000,0.16447341442108154,5.434683322906494
explore_cycle_3_both,444,False,0.18018712103366852,0.003,444,0.0,0.01777522638440132,861.0,794.9114583333333,733.0,14702479.0,2.973790407180786,1318.7989118099213,3.5891435146331787,549d2_00000,0.13832128047943115,7.14381742477417
explore_cycle_3_both,445,False,0.18507063388824463,0.003,445,0.0,-0.08744500577449799,838.5,780.515625,691.0,14735612.0,3.0390634536743164,1321.8379752635956,2.5570473670959473,549d2_00000,0.2131250500679016,5.290095329284668
explore_cycle_3_both,446,False,0.22154501080513,0.003,446,0.0,0.10024558752775192,820.0,764.95,734.0,14768603.0,2.9133193492889404,1324.7512946128845,3.7560782432556152,549d2_00000,0.18374061584472656,7.312994480133057
explore_cycle_3_both,447,False,0.17682644724845886,0.003,447,0.0,0.012330715544521809,831.0,767.6848958333334,675.5,14801736.0,2.936580181121826,1327.6878747940063,3.157426118850708,549d2_00000,0.15233200788497925,6.291252136230469
explore_cycle_3_both,448,False,0.2018292099237442,0.003,448,0.0,-0.0008691936964169145,861.5,795.1770833333334,702.5,14834862.0,2.9107377529144287,1330.5986125469208,2.5973782539367676,549d2_00000,0.18813496828079224,5.1977057456970215
explore_cycle_3_both,449,False,0.19606360793113708,0.003,449,0.0,0.065415158867836,827.0,769.0885416666667,719.0,14867992.0,3.066664695739746,1333.6652772426605,2.940328598022461,549d2_00000,0.1813952922821045,5.751003742218018
explore_cycle_3_both,450,False,0.17325498163700104,0.003,450,0.0,-0.017509326338768005,835.0,769.3333333333333,717.5,14901130.0,2.923191785812378,1336.588469028473,2.1127381324768066,549d2_00000,0.15203136205673218,4.261534214019775
explore_cycle_3_both,451,False,0.18764959275722504,0.003,451,0.0,0.17788679897785187,839.0,757.4322916666666,721.5,14934268.0,2.9192538261413574,1339.5077228546143,2.885850667953491,549d2_00000,0.23544782400131226,5.417053699493408
explore_cycle_3_both,452,False,0.15753106772899628,0.003,452,0.0,-0.039366405457258224,835.0,790.40625,742.5,14967408.0,2.909846305847168,1342.4175691604614,2.3842382431030273,549d2_00000,0.12108820676803589,4.848154544830322
explore_cycle_3_both,453,False,0.18796508014202118,0.003,453,0.0,-0.04600037261843681,827.0,781.765625,711.0,15000554.0,2.8924834728240967,1345.3100526332855,2.746166706085205,549d2_00000,0.19030094146728516,5.585461139678955
explore_cycle_3_both,454,False,0.17885558307170868,0.003,454,0.0,0.023801472038030624,807.5,763.0578125,701.0,15033665.0,3.076958179473877,1348.3870108127594,2.815481424331665,549d2_00000,0.13656854629516602,5.584433078765869
explore_cycle_3_both,455,False,0.1905485987663269,0.003,455,0.0,-0.010575739666819572,831.0,784.3461538461538,727.5,15066741.0,2.918424129486084,1351.3054349422455,2.4586591720581055,549d2_00000,0.18667852878570557,4.939613342285156
explore_cycle_3_both,456,False,0.18931174278259277,0.003,456,0.0,-0.020653104409575462,838.0,784.4244791666666,707.0,15099871.0,2.9128527641296387,1354.2182877063751,2.4660110473632812,549d2_00000,0.1343953013420105,4.974464416503906
explore_cycle_3_both,457,False,0.16931170225143433,0.003,457,0.0,-0.034630756825208664,823.5,784.1302083333334,728.0,15133004.0,2.9140076637268066,1357.132295370102,2.853888511657715,549d2_00000,0.09672701358795166,5.778054237365723
explore_cycle_3_both,458,False,0.15810087323188782,0.003,458,0.0,-0.02685023657977581,823.0,773.5833333333334,755.5,15166063.0,3.02974534034729,1360.1620407104492,2.502389907836914,549d2_00000,0.1464831829071045,5.059429168701172
explore_cycle_3_both,459,False,0.16943472623825073,0.003,459,0.0,0.0007246713503263891,810.5,769.0859375,691.0,15199188.0,2.9706804752349854,1363.1327211856842,3.0381157398223877,549d2_00000,0.2433410882949829,6.075798511505127
explore_cycle_3_both,460,False,0.14275690913200378,0.003,460,0.0,-0.014812994748353958,828.5,784.9434523809524,728.0,15232273.0,2.9380686283111572,1366.0707898139954,3.0119762420654297,549d2_00000,0.2904406785964966,6.0544352531433105
explore_cycle_3_both,461,False,0.14827702939510345,0.003,461,0.0,0.04492156207561493,856.5,797.8645833333334,731.0,15265408.0,2.936699390411377,1369.0074892044067,3.6597962379455566,549d2_00000,0.21572154760360718,7.2306389808654785
explore_cycle_3_both,462,False,0.17004336416721344,0.003,462,0.0,0.04330121725797653,855.5,788.7083333333333,724.0,15298545.0,3.02057147026062,1372.0280606746674,3.5736985206604004,549d2_00000,0.27265745401382446,7.06181526184082
explore_cycle_3_both,463,False,0.16442351043224335,0.003,463,0.0,-0.044508274644613266,822.0,764.8046875,695.0,15331679.0,2.94138503074646,1374.9694457054138,2.8490028381347656,549d2_00000,0.3063321113586426,5.788008689880371
explore_cycle_3_both,464,False,0.165078267455101,0.003,464,0.0,0.017367998138070107,825.5,793.85,757.0,15364800.0,2.9104857444763184,1377.8799314498901,3.093857765197754,549d2_00000,0.13845711946487427,6.153970718383789
explore_cycle_3_both,465,False,0.15574878454208374,0.003,465,0.0,0.008900584653019905,827.5,756.703125,711.5,15397940.0,2.9235360622406006,1380.8034675121307,2.8035848140716553,549d2_00000,0.3194211721420288,5.59030294418335
explore_cycle_3_both,466,False,0.16867320239543915,0.003,466,0.0,0.013837804086506367,844.0,768.9401041666667,684.5,15431057.0,2.944915533065796,1383.7483830451965,2.615480422973633,549d2_00000,0.08483070135116577,5.2042975425720215
explore_cycle_3_both,467,False,0.17775633931159973,0.003,467,0.0,0.007652627304196358,814.5,781.6,696.5,15464175.0,3.0354115962982178,1386.7837946414948,2.8063905239105225,549d2_00000,0.16604089736938477,5.598541259765625
explore_cycle_3_both,468,False,0.18505237996578217,0.003,468,0.0,0.16678613424301147,831.0,769.4166666666666,668.5,15497287.0,2.9304113388061523,1389.714205980301,3.2108957767486572,549d2_00000,0.0371209979057312,6.089329242706299
explore_cycle_3_both,469,False,0.13970862329006195,0.003,469,0.0,-0.06842026114463806,828.5,765.421875,708.0,15530417.0,2.940681219100952,1392.6548871994019,3.2131497859954834,549d2_00000,0.3311002850532532,6.56397819519043
explore_cycle_3_both,470,False,0.1649971902370453,0.003,470,0.0,0.08892527222633362,842.0,752.5833333333334,687.0,15563472.0,2.9289209842681885,1395.58380818367,3.626786231994629,549d2_00000,0.2562447786331177,7.076711654663086
explore_cycle_3_both,471,False,0.1600193977355957,0.003,471,0.0,-0.06317837536334991,856.5,790.4541666666667,702.0,15596597.0,3.069932460784912,1398.653740644455,2.432722568511963,549d2_00000,0.2567352056503296,4.992761611938477
explore_cycle_3_both,472,False,0.15458111464977264,0.003,472,0.0,-0.0513998419046402,823.0,791.4739583333334,722.0,15629735.0,2.9067158699035645,1401.5604565143585,2.2508533000946045,549d2_00000,0.20860707759857178,4.605434417724609
explore_cycle_3_both,473,False,0.1725025475025177,0.003,473,0.0,-0.1090218648314476,868.0,786.546875,718.5,15662872.0,2.910914897918701,1404.4713714122772,3.14084529876709,549d2_00000,0.1865311861038208,6.500769138336182
explore_cycle_3_both,474,False,0.16172589361667633,0.003,474,0.0,0.11849084496498108,827.0,764.9447916666667,697.0,15695996.0,2.9543490409851074,1407.4257204532623,2.9572317600250244,549d2_00000,0.1976083517074585,5.678452014923096
explore_cycle_3_both,475,False,0.1895817518234253,0.003,475,0.0,0.2140011340379715,837.0,746.6875,702.0,15729138.0,2.8927717208862305,1410.3184921741486,3.6827478408813477,549d2_00000,0.1797993779182434,6.938631057739258
explore_cycle_3_both,476,False,0.16465027630329132,0.003,476,0.0,0.03746481239795685,836.0,762.9,689.5,15762141.0,3.026968479156494,1413.345460653305,2.842318534851074,549d2_00000,0.21016114950180054,5.6106953620910645
explore_cycle_3_both,477,False,0.16877081990242004,0.003,477,0.0,-0.00457803113386035,838.0,792.75,711.0,15795206.0,2.895678997039795,1416.2411396503448,2.729597330093384,549d2_00000,0.1669747233390808,5.469363689422607
explore_cycle_3_both,478,False,0.17193761467933655,0.003,478,0.0,0.008147495798766613,828.5,773.9260416666666,672.5,15828329.0,2.934110403060913,1419.1752500534058,2.9234628677368164,549d2_00000,0.258533775806427,5.831662654876709
explore_cycle_3_both,479,False,0.18931013345718384,0.003,479,0.0,0.11311112344264984,801.5,756.6222222222223,719.5,15861445.0,3.0173211097717285,1422.1925711631775,3.717421293258667,549d2_00000,0.21132498979568481,7.209756374359131
explore_cycle_3_both,480,False,0.18158946931362152,0.003,480,0.0,-0.06243449077010155,842.0,793.3385416666667,695.0,15894575.0,3.0808498859405518,1425.273421049118,2.892307758331299,549d2_00000,0.21670663356781006,5.910573959350586
explore_cycle_3_both,481,False,0.1917339712381363,0.003,481,0.0,0.012469819746911526,813.0,749.6875,708.5,15927713.0,2.9446582794189453,1428.218079328537,2.8953726291656494,549d2_00000,0.13077789545059204,5.766955852508545
explore_cycle_3_both,482,False,0.16752348840236664,0.003,482,0.0,0.00031787678017280996,811.0,771.7083333333334,728.5,15960767.0,2.9045557975769043,1431.122635126114,2.9924862384796143,549d2_00000,0.16754275560379028,5.985342502593994
explore_cycle_3_both,483,False,0.15223193168640137,0.003,483,0.0,-0.07995683699846268,854.5,773.6822916666667,707.5,15993890.0,2.9713990688323975,1434.0940341949463,2.605626344680786,549d2_00000,0.3218873143196106,5.372079849243164
explore_cycle_3_both,484,False,0.15892434120178223,0.003,484,0.0,-0.06297756731510162,842.0,770.4088541666666,723.5,16027023.0,3.1480932235717773,1437.242127418518,2.0855157375335693,549d2_00000,0.2559259533882141,4.297940731048584
explore_cycle_3_both,485,False,0.1577455997467041,0.003,485,0.0,0.039523959159851074,827.0,777.984375,698.5,16060144.0,2.8889758586883545,1440.1311032772064,3.04282808303833,549d2_00000,0.1825924515724182,6.00755500793457
explore_cycle_3_both,486,False,0.15751805901527405,0.003,486,0.0,-0.05369298532605171,851.0,782.7104166666667,711.5,16093264.0,2.9234354496002197,1443.0545387268066,2.9758522510528564,549d2_00000,0.17778754234313965,6.0600361824035645
explore_cycle_3_both,487,False,0.1520240306854248,0.003,487,0.0,-0.003954828251153231,803.0,768.1302083333334,684.0,16126407.0,2.9217443466186523,1445.9762830734253,2.9986886978149414,549d2_00000,0.2626029849052429,6.006199836730957
explore_cycle_3_both,488,False,0.15726631879806519,0.003,488,0.0,0.041225679218769073,799.5,770.3666666666666,714.5,16159411.0,2.9062342643737793,1448.882517337799,3.212810754776001,549d2_00000,0.23483431339263916,6.344113349914551
explore_cycle_3_both,489,False,0.13862450420856476,0.003,489,0.0,-0.03356194868683815,851.0,786.8214285714286,744.0,16192499.0,3.039910316467285,1451.9224276542664,2.661379098892212,549d2_00000,0.26310962438583374,5.390713691711426
explore_cycle_3_both,490,False,0.15769384801387787,0.003,490,0.0,-0.04564376175403595,846.0,754.6953125,677.0,16225621.0,3.0005409717559814,1454.9229686260223,2.572006940841675,549d2_00000,0.2745455503463745,5.236247539520264
explore_cycle_3_both,491,False,0.12567774951457977,0.003,491,0.0,-0.05087720602750778,837.0,784.275,704.0,16258735.0,2.9041497707366943,1457.827118396759,2.67620849609375,549d2_00000,0.281515896320343,5.454926013946533
explore_cycle_3_both,492,False,0.1378079205751419,0.003,492,0.0,-0.14049066603183746,850.5,775.2630208333334,695.5,16291862.0,3.0376179218292236,1460.8647363185883,3.1002535820007324,549d2_00000,0.2057686448097229,6.4823150634765625
explore_cycle_3_both,493,False,0.15732723474502563,0.003,493,0.0,0.03221547231078148,832.5,776.2692307692307,748.0,16324937.0,3.1040055751800537,1463.9687418937683,3.68861722946167,549d2_00000,0.2297009825706482,7.313747406005859
explore_cycle_3_both,494,False,0.13636323809623718,0.003,494,0.0,0.0316413938999176,836.5,780.6,677.0,16358060.0,2.9817652702331543,1466.9505071640015,2.945159435272217,549d2_00000,0.25065791606903076,5.827854156494141
explore_cycle_3_both,495,False,0.1589154601097107,0.003,495,0.0,0.14169356226921082,847.0,778.1203125000001,704.5,16391180.0,2.938405752182007,1469.8889129161835,4.393926620483398,549d2_00000,0.282429039478302,8.50541877746582
explore_cycle_3_both,496,False,0.13762320578098297,0.003,496,0.0,0.09544316679239273,827.5,754.1145833333334,680.5,16424312.0,2.932811975479126,1472.8217248916626,3.400010585784912,549d2_00000,0.21695399284362793,6.609960556030273
explore_cycle_3_both,497,False,0.13025206327438354,0.003,497,0.0,0.1690274178981781,817.5,781.078125,735.0,16457458.0,2.8951241970062256,1475.7168490886688,3.602015495300293,549d2_00000,0.3431471586227417,6.866757869720459
explore_cycle_3_both,498,False,0.14371012151241302,0.003,498,0.0,-0.025374790653586388,833.0,769.9973958333334,719.0,16490581.0,3.035219669342041,1478.7520687580109,3.8050427436828613,549d2_00000,0.08125132322311401,7.661696910858154
explore_cycle_3_both,499,False,0.15522408485412598,0.003,499,0.0,0.11799223721027374,807.0,746.46875,684.5,16523725.0,2.917930841445923,1481.6699995994568,4.194739818572998,549d2_00000,0.13063836097717285,8.154427528381348
explore_cycle_3_both,500,False,0.17474299669265747,0.003,500,0.0,0.08178906887769699,817.0,772.640625,730.0,16556867.0,2.9232540130615234,1484.5932536125183,3.5836589336395264,549d2_00000,0.26847976446151733,7.004788398742676
explore_cycle_3_both,501,False,0.1595563292503357,0.003,501,0.0,-0.01953127235174179,813.5,777.9055555555555,736.5,16589983.0,2.905031681060791,1487.498285293579,2.6044557094573975,549d2_00000,0.25783491134643555,5.248930931091309
explore_cycle_3_both,502,False,0.16096796095371246,0.003,502,0.0,0.04014604911208153,825.5,764.0911458333333,669.5,16623103.0,3.0795347690582275,1490.5778200626373,2.9130523204803467,549d2_00000,0.29546302556991577,5.74677848815918
explore_cycle_3_both,503,False,0.142216756939888,0.003,503,0.0,0.020195020362734795,822.0,776.5520833333334,716.5,16656218.0,2.895702362060547,1493.4735224246979,2.903249740600586,549d2_00000,0.25388890504837036,5.76696252822876
explore_cycle_3_both,504,False,0.1608523279428482,0.003,504,0.0,-0.001624605618417263,845.5,756.3307291666666,671.5,16689348.0,2.9431984424591064,1496.416720867157,3.209372043609619,549d2_00000,0.2009381651878357,6.422958850860596
explore_cycle_3_both,505,False,0.17345760762691498,0.003,505,0.0,-0.05130212754011154,842.5,770.40625,729.5,16722494.0,2.9153311252593994,1499.3320519924164,2.718327283859253,549d2_00000,0.1923389434814453,5.540299415588379
explore_cycle_3_both,506,False,0.1718253642320633,0.003,506,0.0,-0.034882061183452606,802.0,755.0222222222222,713.0,16755614.0,3.0342257022857666,1502.3662776947021,3.0919461250305176,549d2_00000,0.23012900352478027,6.254687786102295
explore_cycle_3_both,507,False,0.15942145884037018,0.003,507,0.0,0.057329077273607254,823.5,764.0699999999999,724.0,16788714.0,2.949324131011963,1505.315601825714,3.8098480701446533,549d2_00000,0.19470584392547607,7.5059943199157715
explore_cycle_3_both,508,False,0.15607959032058716,0.003,508,0.0,-0.08148933202028275,806.0,768.7708333333334,704.0,16821846.0,2.9426136016845703,1508.2582154273987,2.476238489151001,549d2_00000,0.16144496202468872,5.116391658782959
explore_cycle_3_both,509,False,0.1450686752796173,0.003,509,0.0,-0.025462504476308823,794.5,743.6875,691.0,16854988.0,2.8929567337036133,1511.1511721611023,3.486377239227295,549d2_00000,0.21348035335540771,7.024550437927246
explore_cycle_3_both,510,False,0.16459254920482635,0.003,510,0.0,0.15403532981872559,832.0,764.875,674.5,16888113.0,2.9523091316223145,1514.1034812927246,4.018070220947266,549d2_00000,0.31084245443344116,7.729058265686035
explore_cycle_3_both,511,False,0.15822938084602356,0.003,511,0.0,-0.0017758088652044535,826.5,758.4375,701.0,16921259.0,3.0543644428253174,1517.15784573555,3.369499444961548,549d2_00000,0.14738571643829346,6.743499755859375
explore_cycle_3_both,512,False,0.15157334506511688,0.003,512,0.0,-0.020123053342103958,809.0,769.6614583333333,711.5,16954395.0,2.9497551918029785,1520.107600927353,2.8208248615264893,549d2_00000,0.14149999618530273,5.68280553817749
explore_cycle_3_both,513,False,0.14971210062503815,0.003,513,0.0,-0.06173095479607582,814.0,759.5384615384615,692.5,16987466.0,2.9348044395446777,1523.0424053668976,3.0025594234466553,549d2_00000,0.20016837120056152,6.12947940826416
explore_cycle_3_both,514,False,0.17990252375602722,0.003,514,0.0,0.049873366951942444,837.5,772.6536458333333,697.0,17020587.0,2.9452335834503174,1525.987638950348,3.790588855743408,549d2_00000,0.3639327883720398,7.482510089874268
explore_cycle_3_both,515,False,0.17874117195606232,0.003,515,0.0,0.06094253063201904,826.0,769.5729166666666,712.0,17053725.0,3.0394723415374756,1529.0271112918854,3.4257028102874756,549d2_00000,0.32215702533721924,6.730593204498291
explore_cycle_3_both,516,False,0.17415843904018402,0.003,516,0.0,-0.0002878309169318527,810.0,766.0885416666667,663.0,17086854.0,2.9552817344665527,1531.982393026352,2.983400344848633,549d2_00000,0.09697210788726807,5.968421936035156
explore_cycle_3_both,517,False,0.13998280465602875,0.003,517,0.0,-0.10290539264678955,864.0,797.7666666666667,708.5,17120003.0,2.90889310836792,1534.8912861347198,2.4513676166534424,549d2_00000,0.29555392265319824,5.109385967254639
explore_cycle_3_both,518,False,0.14823436737060547,0.003,518,0.0,0.056094300001859665,827.0,773.359375,705.0,17153143.0,2.951228141784668,1537.8425142765045,2.846837282180786,549d2_00000,0.2070603370666504,5.5823750495910645
explore_cycle_3_both,519,False,0.16722653806209564,0.003,519,0.0,-0.050926271826028824,859.5,803.5515625,732.0,17186266.0,2.9504549503326416,1540.7929692268372,2.4975762367248535,549d2_00000,0.342340350151062,5.09800910949707
explore_cycle_3_both,520,False,0.1847584843635559,0.003,520,0.0,-0.002847611904144287,845.5,758.34375,683.0,17219403.0,3.0369226932525635,1543.8298919200897,3.472255229949951,549d2_00000,0.17123717069625854,6.951314926147461
explore_cycle_3_both,521,False,0.1965259164571762,0.003,521,0.0,0.036815401166677475,834.5,764.1223958333333,686.0,17252545.0,2.9007809162139893,1546.7306728363037,3.4382758140563965,549d2_00000,0.15808099508285522,6.8040995597839355
explore_cycle_3_both,522,False,0.18229344487190247,0.003,522,0.0,0.01276188064366579,843.5,769.9453125,712.0,17285666.0,2.925870180130005,1549.6565430164337,2.6496195793151855,549d2_00000,0.18642640113830566,5.274808406829834
explore_cycle_3_both,523,False,0.18243470788002014,0.003,523,0.0,0.08744645118713379,854.0,774.5961538461538,675.5,17318742.0,2.8991942405700684,1552.5557372570038,3.5386645793914795,549d2_00000,0.22140532732009888,6.903531074523926
explore_cycle_3_both,524,False,0.1622401624917984,0.003,524,0.0,0.08210957795381546,850.0,789.2526041666666,745.0,17351873.0,3.0806167125701904,1555.636353969574,2.837425470352173,549d2_00000,0.2870417833328247,5.511605262756348
explore_cycle_3_both,525,False,0.1512039303779602,0.003,525,0.0,-0.04087834432721138,848.0,797.03125,718.5,17385023.0,2.8890626430511475,1558.5254166126251,2.463144063949585,549d2_00000,0.2709828019142151,5.008951663970947
explore_cycle_3_both,526,False,0.17716313898563385,0.003,526,0.0,-0.04655849561095238,845.0,758.328125,686.5,17418143.0,2.928436517715454,1561.4538531303406,3.1684319972991943,549d2_00000,0.18851280212402344,6.431044101715088
explore_cycle_3_both,527,False,0.14971452951431274,0.003,527,0.0,-0.11529548466205597,822.5,766.2055555555556,653.5,17451259.0,2.9043571949005127,1564.358210325241,2.9693212509155273,549d2_00000,0.030830681324005127,6.170132160186768
explore_cycle_3_both,528,False,0.17551212012767792,0.003,528,0.0,-0.08612168580293655,848.5,791.7630208333333,730.5,17484386.0,3.0476138591766357,1567.4058241844177,2.221700429916382,549d2_00000,0.19458407163619995,4.616697311401367
explore_cycle_3_both,529,False,0.1459009349346161,0.003,529,0.0,-0.029159339144825935,836.5,805.5192307692307,757.5,17517483.0,2.9172921180725098,1570.3231163024902,3.2904305458068848,549d2_00000,0.2117801308631897,6.640055179595947
explore_cycle_3_both,530,False,0.17253518104553223,0.003,530,0.0,0.1359391063451767,821.0,780.7421875,729.0,17550627.0,2.904552698135376,1573.2276690006256,3.6522159576416016,549d2_00000,0.0002827644348144531,7.0335893630981445
explore_cycle_3_both,531,False,0.16156260669231415,0.003,531,0.0,0.005591616965830326,844.0,762.2104166666667,709.0,17583753.0,2.9337971210479736,1576.1614661216736,2.637399196624756,549d2_00000,0.20565295219421387,5.264584541320801
explore_cycle_3_both,532,False,0.17461265623569489,0.003,532,0.0,0.014619290828704834,821.0,784.9583333333334,752.0,17616887.0,2.9006080627441406,1579.0620741844177,2.824080228805542,549d2_00000,0.2228594422340393,5.619969844818115
explore_cycle_3_both,533,False,0.17798443138599396,0.003,533,0.0,-0.08341103792190552,835.5,768.7078125,715.0,17650017.0,3.0567877292633057,1582.118861913681,2.4628803730010986,549d2_00000,0.34198951721191406,5.0936503410339355
explore_cycle_3_both,534,False,0.19878768920898438,0.003,534,0.0,-0.03151489049196243,840.0,757.5078125,694.5,17683147.0,2.9323267936706543,1585.0511887073517,2.6125171184539795,549d2_00000,0.19512289762496948,5.289256572723389
explore_cycle_3_both,535,False,0.17148281633853912,0.003,535,0.0,0.05215305835008621,826.5,801.175,758.5,17716157.0,2.887906312942505,1587.9390950202942,3.11137318611145,549d2_00000,0.20058155059814453,6.119468688964844
explore_cycle_3_both,536,False,0.164179727435112,0.003,536,0.0,-0.057660628110170364,831.5,759.421875,706.0,17749286.0,2.957341432571411,1590.8964364528656,2.8662657737731934,549d2_00000,0.18849974870681763,5.848837852478027
explore_cycle_3_both,537,False,0.1920311152935028,0.003,537,0.0,0.020275773480534554,773.5,745.9333333333333,715.5,17782415.0,3.0108351707458496,1593.9072716236115,3.2604258060455322,549d2_00000,0.19643783569335938,6.481452941894531
explore_cycle_3_both,538,False,0.16910819709300995,0.003,538,0.0,-0.052627015858888626,834.5,775.8567708333334,692.0,17815535.0,2.942638874053955,1596.8499104976654,2.801621913909912,549d2_00000,0.12503641843795776,5.709512710571289
explore_cycle_3_both,539,False,0.19108882546424866,0.003,539,0.0,0.07056407630443573,824.5,762.3333333333333,688.5,17848667.0,2.929612398147583,1599.779522895813,2.972729206085205,549d2_00000,0.23955565690994263,5.805477142333984
explore_cycle_3_both,540,False,0.1643596589565277,0.003,540,0.0,-0.038700539618730545,830.0,780.7447916666666,724.5,17881800.0,2.942086935043335,1602.7216098308563,1.8085744380950928,549d2_00000,0.14336055517196655,3.6955363750457764
explore_cycle_3_both,541,False,0.17438530921936035,0.003,541,0.0,0.08694715797901154,833.5,786.3958333333334,712.5,17914875.0,2.904428005218506,1605.6260378360748,3.030921220779419,549d2_00000,0.1600322127342224,5.888994216918945
explore_cycle_3_both,542,False,0.17273813486099243,0.003,542,0.0,-0.04026951640844345,828.5,781.1510416666667,732.5,17948017.0,3.136674642562866,1608.7627124786377,2.2090160846710205,549d2_00000,0.19790804386138916,4.499607563018799
explore_cycle_3_both,543,False,0.19610951840877533,0.003,543,0.0,0.09382601082324982,846.0,766.2776041666666,709.0,17981137.0,2.9448487758636475,1611.7075612545013,3.0075318813323975,549d2_00000,0.26802611351013184,5.828588008880615
explore_cycle_3_both,544,False,0.18200884759426117,0.003,544,0.0,0.06351102888584137,836.5,782.0952380952382,721.0,18014230.0,2.9964590072631836,1614.7040202617645,2.4406025409698486,549d2_00000,0.09013313055038452,4.755275249481201
explore_cycle_3_both,545,False,0.17468677461147308,0.003,545,0.0,0.03663386031985283,853.5,794.9734375,735.5,18047356.0,2.9189343452453613,1617.62295460701,3.149747848510742,549d2_00000,0.16306501626968384,6.227275848388672
explore_cycle_3_both,546,False,0.17671896517276764,0.003,546,0.0,0.09526442736387253,841.5,772.7005208333334,690.0,18080491.0,3.040055751800537,1620.6630103588104,3.233332872390747,549d2_00000,0.06037014722824097,6.277196884155273
explore_cycle_3_both,547,False,0.20087113976478577,0.003,547,0.0,0.08970054984092712,834.0,764.4772727272727,696.5,18113520.0,3.011052370071411,1623.6740627288818,3.062479257583618,549d2_00000,0.1930963397026062,5.946762561798096
explore_cycle_3_both,548,False,0.17747047543525696,0.003,548,0.0,0.040966395288705826,829.5,783.8828125,708.5,18146654.0,3.0000662803649902,1626.6741290092468,3.1419413089752197,549d2_00000,0.0511164665222168,6.203014850616455
explore_cycle_3_both,549,False,0.17213661968708038,0.003,549,0.0,0.11067121475934982,822.0,762.9791666666666,709.0,18179799.0,2.8818085193634033,1629.5559375286102,2.98541522026062,549d2_00000,0.1969727873802185,5.7505202293396
explore_cycle_3_both,550,False,0.19378377497196198,0.003,550,0.0,0.055484164506196976,855.0,763.296875,702.0,18212923.0,2.9296250343322754,1632.4855625629425,2.854027032852173,549d2_00000,0.14689558744430542,5.59824800491333
explore_cycle_3_both,551,False,0.18437954783439636,0.003,551,0.0,-0.019986070692539215,843.0,779.0208333333333,735.0,18246048.0,3.03178334236145,1635.517345905304,3.175060272216797,549d2_00000,0.19227176904678345,6.391198635101318
explore_cycle_3_both,552,False,0.16177034378051758,0.003,552,0.0,0.08353414386510849,836.5,779.1794871794872,652.5,18279114.0,2.921610116958618,1638.4389560222626,3.4859535694122314,549d2_00000,0.18858909606933594,6.805809497833252
explore_cycle_3_both,553,False,0.15994763374328613,0.003,553,0.0,-0.03223799541592598,860.0,794.6666666666666,711.0,18312169.0,2.9163475036621094,1641.3553035259247,2.577324628829956,549d2_00000,0.1852971315383911,5.220085620880127
explore_cycle_3_both,554,False,0.15807503461837769,0.003,554,0.0,-0.006017931271344423,819.5,769.3072916666666,724.0,18345309.0,2.9051730632781982,1644.2604765892029,2.7814183235168457,549d2_00000,0.23366349935531616,5.575820446014404
explore_cycle_3_both,555,False,0.17299680411815643,0.003,555,0.0,0.004927647300064564,837.0,767.7552083333334,701.5,18378431.0,3.0463664531707764,1647.3068430423737,2.9612483978271484,549d2_00000,0.23087096214294434,5.913679599761963
explore_cycle_3_both,556,False,0.16977328062057495,0.003,556,0.0,0.066088005900383,853.0,766.171875,692.0,18411565.0,3.0007781982421875,1650.3076212406158,2.7853057384490967,549d2_00000,0.27743440866470337,5.439454078674316
explore_cycle_3_both,557,False,0.15363454818725586,0.003,557,0.0,0.028133708983659744,841.0,775.7890625,694.0,18444696.0,2.994232416152954,1653.3018536567688,2.791865587234497,549d2_00000,0.24901068210601807,5.528385639190674
explore_cycle_3_both,558,False,0.16621731221675873,0.003,558,0.0,0.04138367250561714,855.0,800.46875,748.0,18477834.0,2.9076883792877197,1656.2095420360565,3.3354787826538086,549d2_00000,0.1668146252632141,6.589187145233154
explore_cycle_3_both,559,False,0.171905055642128,0.003,559,0.0,-0.10481531172990799,789.5,751.859375,710.5,18510975.0,3.122420310974121,1659.3319623470306,2.842195749282837,549d2_00000,0.20106518268585205,5.895053386688232
explore_cycle_3_both,560,False,0.17284654080867767,0.003,560,0.0,0.02881726250052452,804.0,771.6328125,703.0,18544114.0,2.896692991256714,1662.2286553382874,3.071715831756592,549d2_00000,0.2882933020591736,6.086833953857422
explore_cycle_3_both,561,False,0.16518647968769073,0.003,561,0.0,0.07326185703277588,833.5,750.01875,653.0,18577249.0,2.924680709838867,1665.1533360481262,3.438408136367798,549d2_00000,0.1909722089767456,6.731283664703369
explore_cycle_3_both,562,False,0.18120001256465912,0.003,562,0.0,-0.007286087144166231,813.0,760.6730769230769,698.5,18610314.0,2.93192982673645,1668.0852658748627,3.101567506790161,549d2_00000,0.26090312004089355,6.218794822692871
explore_cycle_3_both,563,False,0.1798577755689621,0.003,563,0.0,-0.02273222990334034,818.0,755.3411458333334,684.0,18643438.0,2.911532163619995,1670.9967980384827,2.7836198806762695,549d2_00000,0.25223416090011597,5.61378288269043
explore_cycle_3_both,564,False,0.17524516582489014,0.003,564,0.0,-0.09442499279975891,857.0,793.4739583333334,723.0,18676574.0,3.061997652053833,1674.0587956905365,3.0342023372650146,549d2_00000,0.1507817506790161,6.25830602645874
explore_cycle_3_both,565,False,0.16547130048274994,0.003,565,0.0,0.14910613000392914,792.5,757.4318181818181,717.5,18709607.0,2.9039242267608643,1676.9627199172974,2.9815752506256104,549d2_00000,0.2140938639640808,5.665931224822998
explore_cycle_3_both,566,False,0.14591510593891144,0.003,566,0.0,0.01673075184226036,813.5,771.6904761904761,736.0,18742722.0,2.933213472366333,1679.8959333896637,3.268043041229248,549d2_00000,0.3338549733161926,6.503499507904053
explore_cycle_3_both,567,False,0.12505726516246796,0.003,567,0.0,0.0307632889598608,862.5,768.6901041666666,669.5,18775843.0,2.9131665229797363,1682.8090999126434,3.4237632751464844,549d2_00000,0.028087258338928223,6.786750316619873
explore_cycle_3_both,568,False,0.13460935652256012,0.003,568,0.0,-0.09797739237546921,854.5,779.8020833333333,722.0,18808973.0,3.046093702316284,1685.8551936149597,2.7865090370178223,549d2_00000,0.14001309871673584,5.76978063583374
explore_cycle_3_both,569,False,0.13404807448387146,0.003,569,0.0,-0.04236110672354698,832.0,774.0572916666667,711.0,18842108.0,2.9191300868988037,1688.7743237018585,2.836883306503296,549d2_00000,0.3405807614326477,5.759293079376221
explore_cycle_3_both,570,False,0.14666420221328735,0.003,570,0.0,-0.08576548844575882,812.5,771.2604166666666,716.0,18875250.0,2.9416329860687256,1691.7159566879272,2.9207723140716553,549d2_00000,0.09830951690673828,6.013955593109131
explore_cycle_3_both,571,False,0.11448688060045242,0.003,571,0.0,-0.04467349871993065,807.5,760.3177083333334,711.5,18908387.0,2.8988866806030273,1694.6148433685303,3.162482500076294,549d2_00000,0.11834883689880371,6.414998531341553
explore_cycle_3_both,572,False,0.13113202154636383,0.003,572,0.0,-0.07453826814889908,818.0,776.7916666666666,740.0,18941528.0,2.9105920791625977,1697.5254354476929,2.6674997806549072,549d2_00000,0.26558834314346313,5.48486328125
explore_cycle_3_both,573,False,0.1204739660024643,0.003,573,0.0,-0.021763412281870842,841.5,765.21875,697.0,18974657.0,3.0479962825775146,1700.5734317302704,2.5701634883880615,549d2_00000,0.24509912729263306,5.184576511383057
explore_cycle_3_both,574,False,0.16043046116828918,0.003,574,0.0,-0.06342269480228424,808.0,771.7,739.0,19007706.0,2.90079402923584,1703.4742257595062,2.6456661224365234,549d2_00000,0.2065812349319458,5.419140338897705
explore_cycle_3_both,575,False,0.14508122205734253,0.003,575,0.0,-0.024700576439499855,887.5,796.3541666666666,698.0,19040825.0,2.934248447418213,1706.4084742069244,3.680699586868286,549d2_00000,0.1541706919670105,7.411670684814453
explore_cycle_3_both,576,False,0.16316723823547363,0.003,576,0.0,-0.0035485767293721437,811.5,772.25,715.5,19073939.0,2.9172165393829346,1709.3256907463074,3.3444247245788574,549d2_00000,0.23775118589401245,6.696925640106201
explore_cycle_3_both,577,False,0.14107930660247803,0.003,577,0.0,-0.003251454094424844,822.5,783.3181818181819,763.5,19106971.0,3.016554594039917,1712.3422453403473,2.5445334911346436,549d2_00000,0.24709826707839966,5.096416473388672
explore_cycle_3_both,578,False,0.17580687999725342,0.003,578,0.0,0.04012022539973259,841.0,775.578125,726.5,19140109.0,2.9066576957702637,1715.2489030361176,3.5352396965026855,549d2_00000,0.1838567852973938,6.9912943840026855
explore_cycle_3_both,579,False,0.17944104969501495,0.003,579,0.0,-0.04032132774591446,864.0,791.4166666666666,717.5,19173233.0,2.932175874710083,1718.1810789108276,3.411325693130493,549d2_00000,0.26237523555755615,6.90437126159668
explore_cycle_3_both,580,False,0.15127287805080414,0.003,580,0.0,-0.03385280445218086,827.0,765.3489583333334,704.5,19206360.0,2.9508697986602783,1721.131948709488,3.16923451423645,549d2_00000,0.2698870301246643,6.407083034515381
explore_cycle_3_both,581,False,0.1419345587491989,0.003,581,0.0,-0.006207726430147886,843.0,768.5807291666666,677.5,19239490.0,3.0566675662994385,1724.1886162757874,2.74178147315979,549d2_00000,0.2733985185623169,5.496829986572266
explore_cycle_3_both,582,False,0.1572730839252472,0.003,582,0.0,0.056451570242643356,830.0,755.25,690.0,19272546.0,2.9535629749298096,1727.1421792507172,3.2569596767425537,549d2_00000,0.31828534603118896,6.401960372924805
explore_cycle_3_both,583,False,0.12933287024497986,0.003,583,0.0,-0.17279374599456787,822.5,752.2109375,683.5,19305672.0,2.9421775341033936,1730.0843567848206,1.9537789821624756,549d2_00000,0.15493404865264893,4.253921031951904
explore_cycle_3_both,584,False,0.15378807485103607,0.003,584,0.0,-0.0732717514038086,821.0,786.625,745.5,19338824.0,2.91560697555542,1732.999963760376,2.201477289199829,549d2_00000,0.29057687520980835,4.550421237945557
explore_cycle_3_both,585,False,0.15218301117420197,0.003,585,0.0,-0.08298251777887344,838.0,758.9114583333334,693.0,19371946.0,2.9336440563201904,1735.9336078166962,2.48284649848938,549d2_00000,0.27138322591781616,5.132571220397949
explore_cycle_3_both,586,False,0.15765950083732605,0.003,586,0.0,0.057808421552181244,826.0,791.3083333333334,743.5,19404953.0,3.0251123905181885,1738.9587202072144,3.024470090866089,549d2_00000,0.19028985500335693,5.934269428253174
explore_cycle_3_both,587,False,0.14506429433822632,0.003,587,0.0,-0.012136095203459263,842.0,778.0677083333333,712.5,19438072.0,2.958571434020996,1741.9172916412354,2.719265937805176,549d2_00000,0.1564447283744812,5.463674545288086
explore_cycle_3_both,588,False,0.16054679453372955,0.003,588,0.0,-0.02411351352930069,820.5,770.5416666666666,698.0,19471206.0,2.902855634689331,1744.8201472759247,2.4059488773345947,549d2_00000,0.32440197467803955,4.861087799072266
explore_cycle_3_both,589,False,0.14939305186271667,0.003,589,0.0,0.04527834430336952,813.0,769.4090909090909,728.0,19504243.0,2.8859925270080566,1747.7061398029327,2.871232032775879,549d2_00000,0.18528181314468384,5.652803897857666
explore_cycle_3_both,590,False,0.1377175748348236,0.003,590,0.0,-0.029909996315836906,794.0,762.0859375,709.0,19537380.0,3.042168140411377,1750.7483079433441,2.332324266433716,549d2_00000,0.10722339153289795,4.725295066833496
explore_cycle_3_both,591,False,0.13764558732509613,0.003,591,0.0,-0.09634535759687424,841.0,773.2057291666666,725.5,19570505.0,2.9370691776275635,1753.6853771209717,2.4730257987976074,549d2_00000,0.1384897232055664,5.139568328857422
explore_cycle_3_both,592,False,0.1607629656791687,0.003,592,0.0,-0.023232104256749153,840.0,773.325,712.0,19603618.0,2.9527926445007324,1756.6381697654724,2.9758708477020264,549d2_00000,0.26476627588272095,5.999170303344727
explore_cycle_3_both,593,False,0.18239949643611908,0.003,593,0.0,0.11994213610887527,841.0,790.7291666666666,728.5,19636759.0,2.909106731414795,1759.5472764968872,3.916708469390869,549d2_00000,0.16071546077728271,7.594627380371094
explore_cycle_3_both,594,False,0.1783924251794815,0.003,594,0.0,-0.08255240321159363,818.5,790.5,754.0,19669770.0,2.8998055458068848,1762.447082042694,2.518922805786133,549d2_00000,0.13159310817718506,5.204020977020264
explore_cycle_3_both,595,False,0.1540473997592926,0.003,595,0.0,-0.12081370502710342,817.0,767.7109375,707.5,19702896.0,3.049999475479126,1765.4970815181732,2.1047027111053467,549d2_00000,0.21146786212921143,4.4519572257995605
explore_cycle_3_both,596,False,0.14306116104125977,0.003,596,0.0,0.07550092041492462,816.0,786.625,740.0,19736047.0,2.9065909385681152,1768.4036724567413,2.9905998706817627,549d2_00000,0.14293217658996582,5.831056118011475
explore_cycle_3_both,597,False,0.144292414188385,0.003,597,0.0,-0.14396485686302185,844.0,773.5854166666668,709.0,19769166.0,2.9325876235961914,1771.3362600803375,2.53048038482666,549d2_00000,0.28920823335647583,5.349755764007568
explore_cycle_3_both,598,False,0.17282122373580933,0.003,598,0.0,0.12153492122888565,858.0,777.7651515151515,713.0,19802170.0,2.9049248695373535,1774.2411849498749,3.8737592697143555,549d2_00000,0.23456406593322754,7.505485534667969
explore_cycle_3_both,599,False,0.14234444499015808,0.003,599,0.0,0.06959114968776703,822.5,767.1901041666666,705.0,19835295.0,3.083146810531616,1777.3243317604065,2.9082014560699463,549d2_00000,0.269697368144989,5.678073883056641
explore_cycle_3_both,600,False,0.13572674989700317,0.003,600,0.0,-0.025929534807801247,861.0,787.6875,718.0,19868430.0,2.909937620162964,1780.2342693805695,3.288630723953247,549d2_00000,0.23503601551055908,6.629934787750244
explore_cycle_3_both,601,False,0.1454017609357834,0.003,601,0.0,0.013735813088715076,815.0,794.5,752.5,19901467.0,2.889256477355957,1783.1235258579254,3.041595935821533,549d2_00000,0.31857872009277344,6.0565924644470215
explore_cycle_3_both,602,False,0.13843631744384766,0.003,602,0.0,0.01228355709463358,863.5,778.5572916666666,676.0,19934596.0,2.9108760356903076,1786.0344018936157,3.1213948726654053,549d2_00000,0.20105165243148804,6.219053268432617
explore_cycle_3_both,603,False,0.1379586011171341,0.003,603,0.0,0.003258688608184457,848.0,787.8277777777778,728.5,19967677.0,3.050787925720215,1789.085189819336,2.434816360473633,549d2_00000,0.3083043098449707,4.863942623138428
explore_cycle_3_both,604,False,0.14656133949756622,0.003,604,0.0,-0.09226193279027939,854.5,773.7651041666667,685.0,20000794.0,2.9280219078063965,1792.0132117271423,2.9604508876800537,549d2_00000,0.18641716241836548,6.106305122375488
explore_cycle_3_both,605,False,0.1464889645576477,0.003,605,0.0,0.07991460710763931,830.0,750.7083333333333,640.5,20033933.0,2.932904005050659,1794.946115732193,3.6707990169525146,549d2_00000,0.27338242530822754,7.182647705078125
explore_cycle_3_both,606,False,0.14134567975997925,0.003,606,0.0,0.04602392762899399,812.0,763.0192307692307,732.0,20067015.0,2.913548707962036,1797.859664440155,3.2212986946105957,549d2_00000,0.13865524530410767,6.35139799118042
explore_cycle_3_both,607,False,0.1545681655406952,0.003,607,0.0,-0.01468523871153593,841.0,762.625,711.5,20100144.0,3.0548040866851807,1800.9144685268402,2.5309603214263916,549d2_00000,0.22613877058029175,5.09221887588501
explore_cycle_3_both,608,False,0.13917885720729828,0.003,608,0.0,0.12961484491825104,800.5,767.40625,660.0,20133287.0,3.0350301265716553,1803.9494986534119,3.1146202087402344,549d2_00000,0.3068961501121521,5.970845699310303
explore_cycle_3_both,609,False,0.16020570695400238,0.003,609,0.0,0.03862011805176735,884.5,785.5109375,711.5,20166405.0,2.915325403213501,1806.8648240566254,2.5914578437805176,549d2_00000,0.16756665706634521,5.106637001037598
explore_cycle_3_both,610,False,0.15476931631565094,0.003,610,0.0,0.034562740474939346,810.5,770.2023809523808,720.0,20199433.0,2.8957109451293945,1809.7605350017548,2.7565200328826904,549d2_00000,0.12077784538269043,5.444843292236328
explore_cycle_3_both,611,False,0.12809787690639496,0.003,611,0.0,-0.027855804190039635,856.5,795.0929487179486,713.5,20232495.0,2.9383339881896973,1812.6988689899445,2.388615608215332,549d2_00000,0.2675930857658386,4.83371114730835
explore_cycle_3_both,612,False,0.15270131826400757,0.003,612,0.0,0.04713486135005951,831.5,768.9114583333333,718.5,20265630.0,3.089383125305176,1815.7882521152496,3.2285239696502686,549d2_00000,0.31049466133117676,6.363694667816162
explore_cycle_3_both,613,False,0.12596188485622406,0.003,613,0.0,0.030251914635300636,806.0,777.375,755.5,20298690.0,2.88995099067688,1818.6782031059265,2.4777166843414307,549d2_00000,0.1780272126197815,4.89568567276001
explore_cycle_3_both,614,False,0.13239605724811554,0.003,614,0.0,-0.03089362569153309,866.0,802.4010416666667,709.0,20331811.0,3.014086961746216,1821.6922900676727,2.3171775341033936,549d2_00000,0.21368414163589478,4.69693660736084
explore_cycle_3_both,615,False,0.13267934322357178,0.003,615,0.0,0.011410857550799847,838.5,787.5911458333334,731.0,20364940.0,2.9207799434661865,1824.613070011139,2.4626877307891846,549d2_00000,0.17112237215042114,4.903349876403809
explore_cycle_3_both,616,False,0.13094666600227356,0.003,616,0.0,0.010815158486366272,903.0,804.2526041666667,704.0,20398066.0,2.9221205711364746,1827.5351905822754,2.7624669075012207,549d2_00000,0.16674786806106567,5.504089832305908
explore_cycle_3_both,617,False,0.1617213785648346,0.003,617,0.0,0.09249899536371231,854.0,794.6354166666667,733.0,20431205.0,3.0506608486175537,1830.585851430893,3.577164649963379,549d2_00000,0.2401595115661621,6.970301151275635
explore_cycle_3_both,618,False,0.14430522918701172,0.003,618,0.0,0.0016093893209472299,830.0,803.21875,736.0,20464352.0,2.9091060161590576,1833.494957447052,2.149587631225586,549d2_00000,0.31978267431259155,4.296822547912598
explore_cycle_3_both,619,False,0.16109944880008698,0.003,619,0.0,-0.07121718674898148,810.5,756.6875,706.5,20497482.0,2.924095869064331,1836.4190533161163,2.5013253688812256,549d2_00000,0.24746716022491455,5.146051406860352
explore_cycle_3_both,620,False,0.1674700528383255,0.003,620,0.0,0.10434631258249283,814.5,772.046875,704.5,20530629.0,2.934325695037842,1839.3533790111542,2.5588417053222656,549d2_00000,0.28245681524276733,4.909995079040527
explore_cycle_3_both,621,False,0.16626328229904175,0.003,621,0.0,-0.07908201962709427,866.5,803.571875,745.5,20563748.0,3.170348882675171,1842.5237278938293,2.4363510608673096,549d2_00000,0.3162449598312378,5.031864166259766
explore_cycle_3_both,622,False,0.16570429503917694,0.003,622,0.0,-0.1570214182138443,845.0,797.4010416666666,724.5,20596892.0,3.016218423843384,1845.5399463176727,2.597219944000244,549d2_00000,0.3088604211807251,5.509476661682129
explore_cycle_3_both,623,False,0.16655810177326202,0.003,623,0.0,0.03497720882296562,867.0,792.515625,752.0,20630027.0,2.9106240272521973,1848.450570344925,2.8149585723876953,549d2_00000,0.1891789436340332,5.560961723327637
explore_cycle_3_both,624,False,0.1725418120622635,0.003,624,0.0,-0.07544687390327454,849.0,792.8958333333333,727.0,20663162.0,2.992819309234619,1851.4433896541595,2.6303482055664062,549d2_00000,0.15507584810256958,5.412625312805176
explore_cycle_3_both,625,False,0.14021798968315125,0.003,625,0.0,-0.0013358008582144976,853.5,780.3,715.5,20696153.0,3.0380842685699463,1854.4814739227295,2.6653971672058105,549d2_00000,0.23993021249771118,5.3343071937561035
explore_cycle_3_both,626,False,0.15210729837417603,0.003,626,0.0,0.04757760092616081,859.0,772.45625,700.5,20729268.0,2.9460272789001465,1857.4275012016296,2.8687527179718018,549d2_00000,0.2955601215362549,5.643263816833496
explore_cycle_3_both,627,False,0.14559702575206757,0.003,627,0.0,0.019264044240117073,815.0,740.0598958333334,689.5,20762401.0,2.9309678077697754,1860.3584690093994,3.1039950847625732,549d2_00000,0.2596268653869629,6.17033576965332
explore_cycle_3_both,628,False,0.1515447497367859,0.003,628,0.0,-0.13374093174934387,834.5,781.328125,710.0,20795525.0,2.933504581451416,1863.2919735908508,3.3936872482299805,549d2_00000,0.2712433934211731,7.055765628814697
explore_cycle_3_both,629,False,0.15676462650299072,0.003,629,0.0,-0.05672617256641388,849.0,762.7395833333334,707.0,20828669.0,2.944628953933716,1866.2366025447845,3.017491579055786,549d2_00000,0.15659773349761963,6.149375915527344
explore_cycle_3_both,630,False,0.17810750007629395,0.003,630,0.0,0.09836645424365997,855.0,805.6484375,692.0,20861810.0,3.027137517929077,1869.2637400627136,3.040552854537964,549d2_00000,0.24252617359161377,5.885441303253174
explore_cycle_3_both,631,False,0.15094850957393646,0.003,631,0.0,0.06378602981567383,811.0,767.625,727.5,20894943.0,2.9132158756256104,1872.1769559383392,3.167708158493042,549d2_00000,0.17479759454727173,6.208749294281006
explore_cycle_3_both,632,False,0.15625295042991638,0.003,632,0.0,0.08040422946214676,806.5,766.4358974358973,725.5,20928016.0,2.920057535171509,1875.0970134735107,2.4696028232574463,549d2_00000,0.18179839849472046,4.779334545135498
explore_cycle_3_both,633,False,0.14465008676052094,0.003,633,0.0,0.02743462473154068,851.5,773.4955555555556,707.5,20961114.0,2.937052011489868,1878.0340654850006,2.924185276031494,549d2_00000,0.2610780596733093,5.794368267059326
explore_cycle_3_both,634,False,0.1777075082063675,0.003,634,0.0,-0.00562925124540925,802.5,751.8944444444444,716.0,20994233.0,3.047156572341919,1881.0812220573425,3.7671148777008057,549d2_00000,0.33788418769836426,7.5465545654296875
explore_cycle_3_both,635,False,0.17016611993312836,0.003,635,0.0,0.06625239551067352,834.0,777.453125,688.5,21027364.0,2.9275784492492676,1884.0088005065918,3.065985918045044,549d2_00000,0.41857844591140747,6.000487804412842
explore_cycle_3_both,636,False,0.16682907938957214,0.003,636,0.0,-0.005080708768218756,841.5,792.8125,716.0,21060504.0,2.90978741645813,1886.91858792305,3.336029052734375,549d2_00000,0.2396586537361145,6.683220386505127
explore_cycle_3_both,637,False,0.14845089614391327,0.003,637,0.0,0.031519126147031784,798.0,732.2291666666666,697.0,21093563.0,2.9100165367126465,1889.8286044597626,3.2553489208221436,549d2_00000,0.25164586305618286,6.448550224304199
explore_cycle_3_both,638,False,0.16058363020420074,0.003,638,0.0,0.035203538835048676,839.5,755.3010416666667,716.5,21126681.0,2.9419400691986084,1892.7705445289612,2.744560956954956,549d2_00000,0.15994447469711304,5.419678688049316
explore_cycle_3_both,639,False,0.15575829148292542,0.003,639,0.0,0.03866492956876755,864.0,775.0546875,733.5,21159803.0,3.052548408508301,1895.8230929374695,3.052797555923462,549d2_00000,0.24664199352264404,6.029199600219727
explore_cycle_3_both,640,False,0.14890572428703308,0.003,640,0.0,-0.01934400387108326,849.0,780.2682291666666,713.5,21192935.0,2.9323017597198486,1898.7553946971893,2.6422712802886963,549d2_00000,0.1469377875328064,5.324123859405518
explore_cycle_3_both,641,False,0.16718754172325134,0.003,641,0.0,0.00400413665920496,798.5,776.575,709.5,21225941.0,2.903442859649658,1901.658837556839,2.7250492572784424,549d2_00000,0.23621749877929688,5.443093299865723
explore_cycle_3_both,642,False,0.15723921358585358,0.003,642,0.0,0.0042409347370266914,837.5,762.546875,725.5,21259071.0,2.9281044006347656,1904.5869419574738,2.7192437648773193,549d2_00000,0.15219640731811523,5.430948734283447
explore_cycle_3_both,643,False,0.14367350935935974,0.003,643,0.0,-0.045947231352329254,843.5,775.2395833333334,729.5,21292213.0,3.054633617401123,1907.6415755748749,3.595501184463501,549d2_00000,0.17631930112838745,7.283758163452148
explore_cycle_3_both,644,False,0.15894652903079987,0.003,644,0.0,0.06083487719297409,830.5,779.0803571428571,699.0,21325307.0,2.8940789699554443,1910.5356545448303,3.6096208095550537,549d2_00000,0.15323734283447266,7.0985260009765625
explore_cycle_3_both,645,False,0.1578255593776703,0.003,645,0.0,0.039578426629304886,837.0,755.1302083333334,671.5,21358408.0,2.9539554119110107,1913.4896099567413,3.0871896743774414,549d2_00000,0.2695733904838562,6.096169471740723
explore_cycle_3_both,646,False,0.1383543759584427,0.003,646,0.0,-0.015994690358638763,867.0,788.2555555555556,685.5,21391528.0,2.888892412185669,1916.378502368927,2.5482535362243652,549d2_00000,0.23626255989074707,5.129326343536377
explore_cycle_3_both,647,False,0.16588115692138672,0.003,647,0.0,0.03708209842443466,846.5,775.8255208333334,705.5,21424655.0,2.931609630584717,1919.3101119995117,2.990645408630371,549d2_00000,0.2581976056098938,5.908121585845947
explore_cycle_3_both,648,False,0.17771834135055542,0.003,648,0.0,0.05939502269029617,831.0,792.5,753.0,21457800.0,3.071798324584961,1922.3819103240967,2.581263303756714,549d2_00000,0.21974420547485352,5.044802665710449
explore_cycle_3_both,649,False,0.18552932143211365,0.003,649,0.0,0.08692605793476105,857.5,795.3472222222222,728.5,21490857.0,2.9708540439605713,1925.3527643680573,2.632766008377075,549d2_00000,0.10540264844894409,5.0927934646606445
explore_cycle_3_both,650,False,0.14126692712306976,0.003,650,0.0,-0.03914240002632141,839.5,767.4827777777776,710.0,21523953.0,3.0074594020843506,1928.3602237701416,2.0535318851470947,549d2_00000,0.12193280458450317,4.186196327209473
explore_cycle_3_both,651,False,0.16362787783145905,0.003,651,0.0,-0.007140384521335363,836.0,766.73125,695.5,21557065.0,3.0193960666656494,1931.3796198368073,2.526041269302368,549d2_00000,0.15339714288711548,5.067345142364502
explore_cycle_3_both,652,False,0.16702674329280853,0.003,652,0.0,-0.031016511842608452,834.5,779.125,715.5,21590207.0,3.1135904788970947,1934.4932103157043,2.497480630874634,549d2_00000,0.14859533309936523,5.0579962730407715
explore_cycle_3_both,653,False,0.16756905615329742,0.003,653,0.0,0.05304193124175072,867.5,805.6166666666667,698.0,21623210.0,2.971907377243042,1937.4651176929474,2.3270084857940674,549d2_00000,0.19982677698135376,4.548938751220703
explore_cycle_3_both,654,False,0.16343118250370026,0.003,654,0.0,-0.11332078278064728,845.5,793.3515625,738.5,21656341.0,2.9997434616088867,1940.4648611545563,2.3400423526763916,549d2_00000,0.23217743635177612,4.907707214355469
explore_cycle_3_both,655,False,0.16589385271072388,0.003,655,0.0,-0.018989238888025284,821.0,781.390625,735.0,21689483.0,3.032477378845215,1943.4973385334015,2.573167085647583,549d2_00000,0.20967966318130493,5.185308456420898
explore_cycle_3_both,656,False,0.16626769304275513,0.003,656,0.0,-0.08139097690582275,837.5,784.6444444444444,702.5,21722600.0,3.1241376399993896,1946.6214761734009,2.2224912643432617,549d2_00000,0.12570637464523315,4.608761787414551
explore_cycle_3_both,657,False,0.1646619588136673,0.003,657,0.0,0.017834922298789024,834.0,772.5598958333334,689.0,21755720.0,3.052114725112915,1949.6735908985138,2.2807531356811523,549d2_00000,0.20835357904434204,4.526824951171875
explore_cycle_3_both,658,False,0.1445154994726181,0.003,658,0.0,-0.12960702180862427,815.5,769.8035714285714,694.0,21788818.0,2.9652411937713623,1952.6388320922852,2.0049619674682617,549d2_00000,0.11247694492340088,4.270005226135254
explore_cycle_3_both,659,False,0.13664798438549042,0.003,659,0.0,-0.007196399848908186,817.0,780.4739583333334,713.5,21821950.0,2.994434356689453,1955.6332664489746,2.470647096633911,549d2_00000,0.05293703079223633,4.956506729125977
explore_cycle_3_both,660,False,0.1441696435213089,0.003,660,0.0,-0.07371289283037186,815.5,779.0,735.0,21855096.0,2.9930975437164307,1958.626363992691,2.114753007888794,549d2_00000,0.18366307020187378,4.377796649932861
explore_cycle_3_both,661,False,0.15720318257808685,0.003,661,0.0,-0.023672981187701225,818.0,766.2166666666667,705.0,21888211.0,3.1347193717956543,1961.7610833644867,2.697977066040039,549d2_00000,0.23179662227630615,5.44424295425415
explore_cycle_3_both,662,False,0.16785626113414764,0.003,662,0.0,-0.06105361506342888,829.5,790.1805555555554,737.0,21921287.0,3.028944253921509,1964.7900276184082,2.376587390899658,549d2_00000,0.2454390525817871,4.876289367675781
explore_cycle_3_both,663,False,0.15336062014102936,0.003,663,0.0,-0.048736996948719025,827.5,775.4,732.5,21954408.0,3.016909122467041,1967.8069367408752,2.693047285079956,549d2_00000,0.21182036399841309,5.484488487243652
explore_cycle_3_both,664,False,0.13208577036857605,0.003,664,0.0,-0.0033822490368038416,810.0,779.15625,734.0,21987551.0,3.0105559825897217,1970.817492723465,2.095832109451294,549d2_00000,0.14975184202194214,4.199221611022949
explore_cycle_3_both,665,False,0.16080088913440704,0.003,665,0.0,0.09475521743297577,848.0,784.0714285714286,722.5,22020644.0,3.1088550090789795,1973.926347732544,2.424577236175537,549d2_00000,0.23028355836868286,4.660608768463135
explore_cycle_3_both,666,False,0.15335924923419952,0.003,666,0.0,-0.022108469158411026,809.5,774.75,733.0,22053778.0,3.0132949352264404,1976.9396426677704,2.6059036254882812,549d2_00000,0.17376971244812012,5.256944179534912
explore_cycle_3_both,667,False,0.13973750174045563,0.003,667,0.0,-0.06372272968292236,838.5,773.0885416666666,723.0,22086914.0,3.022829294204712,1979.962471961975,2.828002691268921,549d2_00000,0.26711034774780273,5.784289360046387
explore_cycle_3_both,668,False,0.1621701866388321,0.003,668,0.0,0.08002761751413345,851.0,770.2291666666666,695.0,22120059.0,3.0822794437408447,1983.044751405716,3.150196075439453,549d2_00000,0.22564077377319336,6.141310214996338
explore_cycle_3_both,669,False,0.17871437966823578,0.003,669,0.0,-0.014909245073795319,842.0,777.1953125,693.5,22153181.0,3.0208866596221924,1986.0656380653381,2.8761250972747803,549d2_00000,0.24715834856033325,5.783141613006592
explore_cycle_3_both,670,False,0.16488683223724365,0.003,670,0.0,-0.009599169716238976,814.5,785.1858974358973,739.0,22186253.0,3.116422176361084,1989.1820602416992,3.06925368309021,549d2_00000,0.17404955625534058,6.158695697784424
explore_cycle_3_both,671,False,0.16957814991474152,0.003,671,0.0,-0.0528864823281765,808.0,774.84375,728.0,22219388.0,3.0449774265289307,1992.2270376682281,2.659235954284668,549d2_00000,0.15462428331375122,5.425262451171875
explore_cycle_3_both,672,False,0.1402984857559204,0.003,672,0.0,0.00847069825977087,806.0,779.953125,741.0,22252536.0,3.0324888229370117,1995.2595264911652,2.904534101486206,549d2_00000,0.15503454208374023,5.79296875
explore_cycle_3_both,673,False,0.1709185540676117,0.003,673,0.0,-0.005578104872256517,837.5,773.9611111111112,704.0,22285648.0,3.0195326805114746,1998.2790591716766,2.189143419265747,549d2_00000,0.11194002628326416,4.390469074249268
explore_cycle_3_both,674,False,0.15245532989501953,0.003,674,0.0,-0.08086048811674118,851.5,780.496875,708.5,22318767.0,3.1308929920196533,2001.4099521636963,2.1184401512145996,549d2_00000,0.2581542134284973,4.3995161056518555
explore_cycle_3_both,675,False,0.14280901849269867,0.003,675,0.0,0.009674932807683945,849.0,783.5182291666666,709.5,22351892.0,3.020880699157715,2004.430832862854,2.7313897609710693,549d2_00000,0.1647883653640747,5.444287300109863
explore_cycle_3_both,676,False,0.17171522974967957,0.003,676,0.0,-0.05519109591841698,826.5,774.265625,708.0,22385039.0,3.008744478225708,2007.4395773410797,3.1764438152313232,549d2_00000,0.22611993551254272,6.46429967880249
explore_cycle_3_both,677,False,0.17208757996559143,0.003,677,0.0,0.16904236376285553,843.5,756.7109375,680.0,22418172.0,3.069800853729248,2010.509378194809,3.113816738128662,549d2_00000,0.24220502376556396,5.8905816078186035
explore_cycle_3_both,678,False,0.17325443029403687,0.003,678,0.0,0.05212780833244324,826.5,761.6979166666666,715.0,22451307.0,3.1499006748199463,2013.659278869629,2.8805418014526367,549d2_00000,0.2835906147956848,5.657867908477783
explore_cycle_3_both,679,False,0.16684484481811523,0.003,679,0.0,-0.014353634789586067,799.0,762.5052083333334,717.0,22484445.0,2.9955859184265137,2016.6548647880554,2.4934918880462646,549d2_00000,0.2525305151939392,5.016692161560059
explore_cycle_3_both,680,False,0.17563655972480774,0.003,680,0.0,-0.04179636761546135,790.5,750.6858974358973,714.0,22517523.0,3.004542827606201,2019.6594076156616,2.2456142902374268,549d2_00000,0.20516186952590942,4.575875282287598
explore_cycle_3_both,681,False,0.16996346414089203,0.003,681,0.0,-0.0724356472492218,854.0,779.0598958333334,695.0,22550644.0,3.009587526321411,2022.668995141983,1.8531080484390259,549d2_00000,0.19315826892852783,3.852107048034668
explore_cycle_3_both,682,False,0.17980417609214783,0.003,682,0.0,0.12432818859815598,827.5,781.2708333333334,720.0,22583783.0,3.0241918563842773,2025.6931869983673,2.7076504230499268,549d2_00000,0.14325517416000366,5.167723655700684
explore_cycle_3_both,683,False,0.1999828964471817,0.003,683,0.0,0.04600349813699722,845.0,788.59375,711.0,22616914.0,3.2175426483154297,2028.9107296466827,2.408956289291382,549d2_00000,0.12028336524963379,4.727105617523193
explore_cycle_3_both,684,False,0.17482182383537292,0.003,684,0.0,-0.11871837824583054,837.0,803.7954545454545,764.0,22649970.0,2.99601411819458,2031.9067437648773,2.1714186668395996,549d2_00000,0.07964956760406494,4.581323146820068
explore_cycle_3_both,685,False,0.16663986444473267,0.003,685,0.0,-0.09925401955842972,846.0,789.53125,717.5,22683110.0,3.111050605773926,2035.0177943706512,2.127713918685913,549d2_00000,0.03535914421081543,4.4549360275268555
explore_cycle_3_both,686,False,0.17163847386837006,0.003,686,0.0,-0.005799959879368544,830.0,782.0723958333333,741.0,22716226.0,3.063264846801758,2038.081059217453,2.6084814071655273,549d2_00000,0.21238815784454346,5.229592800140381
explore_cycle_3_both,687,False,0.18293830752372742,0.003,687,0.0,0.058047402650117874,854.5,781.1171875,693.0,22749348.0,3.12546706199646,2041.2065262794495,2.7419753074645996,549d2_00000,0.2880818247795105,5.368953704833984
explore_cycle_3_both,688,False,0.17294807732105255,0.003,688,0.0,0.195411816239357,814.5,775.35,745.5,22782476.0,3.0880861282348633,2044.2946124076843,2.7655789852142334,549d2_00000,0.20075368881225586,5.141371726989746
explore_cycle_3_both,689,False,0.17867214977741241,0.003,689,0.0,-0.10808028280735016,823.0,779.8203125,694.0,22815605.0,3.035794973373413,2047.3304073810577,2.128446340560913,549d2_00000,0.1810200810432434,4.474125385284424
explore_cycle_3_both,690,False,0.16899362206459045,0.003,690,0.0,-0.021359819918870926,855.0,801.0104166666666,731.0,22848743.0,2.994220018386841,2050.3246273994446,2.5598950386047363,549d2_00000,0.1229448914527893,5.163523197174072
explore_cycle_3_both,691,False,0.173708975315094,0.003,691,0.0,-0.03566492348909378,852.0,808.1119791666667,728.0,22881880.0,3.0342636108398438,2053.3588910102844,2.064392566680908,549d2_00000,0.06524622440338135,4.201157093048096
explore_cycle_3_both,692,False,0.16350483894348145,0.003,692,0.0,-0.02717079594731331,819.5,787.75,739.0,22915008.0,3.128042697906494,2056.486933708191,2.2385830879211426,549d2_00000,0.18592333793640137,4.53248929977417
explore_cycle_3_both,693,False,0.18318165838718414,0.003,693,0.0,0.03135357052087784,844.0,770.7291666666667,715.5,22948130.0,3.013955593109131,2059.5008893013,2.5703063011169434,549d2_00000,0.24350041151046753,5.079003810882568
explore_cycle_3_both,694,False,0.14743508398532867,0.003,694,0.0,0.0664169117808342,825.0,776.4947916666666,723.5,22981265.0,3.009243965148926,2062.510133266449,2.290578842163086,549d2_00000,0.25022315979003906,4.4492082595825195
explore_cycle_3_both,695,False,0.22135303914546967,0.003,695,0.0,0.07825694978237152,829.0,788.5260416666667,719.0,23014400.0,3.0101938247680664,2065.520327091217,3.0494883060455322,549d2_00000,0.11801385879516602,5.943790435791016
explore_cycle_3_both,696,False,0.1740613430738449,0.003,696,0.0,0.004189957398921251,818.5,774.9807692307693,710.0,23047479.0,3.1088290214538574,2068.629156112671,2.953742265701294,549d2_00000,0.21068185567855835,5.900148868560791
explore_cycle_3_both,697,False,0.15229226648807526,0.003,697,0.0,0.048350438475608826,849.5,769.6171875,700.0,23080618.0,3.0219740867614746,2071.6511301994324,2.208192825317383,549d2_00000,0.24172931909561157,4.320598602294922
explore_cycle_3_both,698,False,0.16429629921913147,0.003,698,0.0,0.06480138748884201,855.0,786.9671875,726.5,23113726.0,3.043010950088501,2074.694141149521,2.806446075439453,549d2_00000,0.34495532512664795,5.484275817871094
explore_cycle_3_both,699,False,0.1738833487033844,0.003,699,0.0,0.002275243168696761,863.5,794.2708333333334,718.0,23146855.0,2.9946987628936768,2077.6888399124146,2.1238646507263184,549d2_00000,0.3479418158531189,4.244222164154053
explore_cycle_3_both,700,False,0.19132757186889648,0.003,700,0.0,0.04802969470620155,841.5,796.5,739.0,23179866.0,3.129164218902588,2080.818004131317,2.912571907043457,549d2_00000,0.15618765354156494,5.730232238769531
explore_cycle_3_both,701,False,0.18767336010932922,0.003,701,0.0,0.09758148342370987,871.0,797.296875,736.5,23212987.0,3.0267388820648193,2083.844743013382,2.798882007598877,549d2_00000,0.16133958101272583,5.403727054595947
explore_cycle_3_both,702,False,0.17424839735031128,0.003,702,0.0,0.0074045658111572266,819.5,792.125,731.0,23246132.0,2.9830431938171387,2086.827786207199,2.6281676292419434,549d2_00000,0.2848254442214966,5.242571830749512
explore_cycle_3_both,703,False,0.19297157227993011,0.003,703,0.0,-0.05567643418908119,830.5,802.7213541666666,728.0,23279270.0,3.003142833709717,2089.830929040909,2.7857329845428467,549d2_00000,0.04723834991455078,5.683976650238037
explore_cycle_3_both,704,False,0.1996023803949356,0.003,704,0.0,-0.10726908594369888,821.0,779.5,729.5,23312396.0,2.9690709114074707,2092.7999999523163,2.0096797943115234,549d2_00000,0.22444212436676025,4.235095024108887
explore_cycle_3_both,705,False,0.1882169544696808,0.003,705,0.0,-0.06825049221515656,841.0,775.8932291666666,708.0,23345522.0,3.1374049186706543,2095.937404870987,2.0971500873565674,549d2_00000,0.10960298776626587,4.331929683685303
explore_cycle_3_both,706,False,0.1887037754058838,0.003,706,0.0,-0.01838218793272972,883.5,800.4973958333334,756.0,23378650.0,2.97757625579834,2098.9149811267853,1.9734785556793213,549d2_00000,0.026236355304718018,3.984853506088257
explore_cycle_3_both,707,False,0.18805885314941406,0.003,707,0.0,0.05910082906484604,850.0,783.578125,732.5,23411785.0,3.0018672943115234,2101.916848421097,2.76357364654541,549d2_00000,0.3054516911506653,5.410073757171631
explore_cycle_3_both,708,False,0.2083384245634079,0.003,708,0.0,-0.01581363007426262,847.5,807.4097222222222,751.5,23444841.0,2.9977447986602783,2104.914593219757,2.465054750442505,549d2_00000,0.15531784296035767,4.962986946105957
explore_cycle_3_both,709,False,0.17478644847869873,0.003,709,0.0,-0.03744381666183472,837.5,790.3333333333333,746.5,23477980.0,3.1432666778564453,2108.0578598976135,2.2945356369018555,549d2_00000,0.10097551345825195,4.665007591247559
explore_cycle_3_both,710,False,0.17598460614681244,0.003,710,0.0,0.020935852080583572,825.5,787.3083333333334,731.0,23511088.0,3.0104594230651855,2111.0683193206787,2.312755823135376,549d2_00000,0.19006061553955078,4.584695339202881
explore_cycle_3_both,711,False,0.18728472292423248,0.003,711,0.0,-0.027534497901797295,865.5,793.3385416666666,732.5,23544220.0,3.035135269165039,2114.1034545898438,2.3052010536193848,549d2_00000,0.24165862798690796,4.666594505310059
explore_cycle_3_both,712,False,0.15641257166862488,0.003,712,0.0,-0.09176985174417496,831.5,800.4318181818181,750.5,23577232.0,3.001649856567383,2117.105104446411,2.3112008571624756,549d2_00000,0.02763998508453369,4.806879997253418
explore_cycle_3_both,713,False,0.16695766150951385,0.003,713,0.0,0.07939270883798599,849.5,797.4166666666667,723.5,23610355.0,3.039175271987915,2120.144279718399,2.7292404174804688,549d2_00000,0.13928866386413574,5.300696849822998
explore_cycle_3_both,714,False,0.1722828596830368,0.003,714,0.0,-0.14420339465141296,861.0,807.765625,758.5,23643496.0,3.1066226959228516,2123.250902414322,2.4016666412353516,549d2_00000,0.195898175239563,5.092774391174316
explore_cycle_3_both,715,False,0.17409321665763855,0.003,715,0.0,0.017476366832852364,817.5,761.3020833333333,705.0,23676636.0,3.0277695655822754,2126.278671979904,2.7211360931396484,549d2_00000,0.17331814765930176,5.408364295959473
explore_cycle_3_both,716,False,0.18511725962162018,0.003,716,0.0,-0.04622473940253258,845.5,792.3588541666666,733.0,23709769.0,2.9936559200286865,2129.272327899933,2.436399221420288,549d2_00000,0.013458430767059326,4.966358184814453
explore_cycle_3_both,717,False,0.1941499263048172,0.003,717,0.0,-0.011486434377729893,866.5,793.4166666666667,719.0,23742794.0,2.9997150897979736,2132.272042989731,3.028564691543579,549d2_00000,0.0856286883354187,6.081267356872559
explore_cycle_3_both,718,False,0.2000894546508789,0.003,718,0.0,0.0677708089351654,831.0,789.3255208333333,738.5,23775921.0,3.1294212341308594,2135.4014642238617,2.8514344692230225,549d2_00000,0.10362154245376587,5.568527698516846
explore_cycle_3_both,719,False,0.19175705313682556,0.003,719,0.0,0.0228415559977293,849.5,797.9375,756.5,23809057.0,3.005385637283325,2138.406849861145,2.190338373184204,549d2_00000,0.1716454029083252,4.33614444732666
explore_cycle_3_both,720,False,0.22265619039535522,0.003,720,0.0,0.11867862939834595,834.0,787.2430555555555,765.5,23842107.0,2.9972386360168457,2141.404088497162,2.464986562728882,549d2_00000,0.17440003156661987,4.6939520835876465
explore_cycle_3_both,721,False,0.19351807236671448,0.003,721,0.0,0.1280752271413803,853.5,801.90625,732.5,23875244.0,3.019132614135742,2144.4232211112976,2.009542465209961,549d2_00000,0.22352242469787598,3.7640960216522217
explore_cycle_3_both,722,False,0.18542809784412384,0.003,722,0.0,0.023958420380949974,845.5,793.734375,734.0,23908357.0,3.1389124393463135,2147.562133550644,2.1986613273620605,549d2_00000,0.11762535572052002,4.350518226623535
explore_cycle_3_both,723,False,0.14762741327285767,0.003,723,0.0,-0.059682901948690414,838.5,783.4166666666666,738.0,23941491.0,3.012896776199341,2150.5750303268433,2.0276925563812256,549d2_00000,0.15512615442276,4.1756367683410645
explore_cycle_3_both,724,False,0.15477031469345093,0.003,724,0.0,0.0479714535176754,822.5,777.8125,723.0,23974614.0,2.9750428199768066,2153.55007314682,2.3085896968841553,549d2_00000,0.2555522918701172,4.522165298461914
explore_cycle_3_both,725,False,0.1637515276670456,0.003,725,0.0,-0.10980178415775299,843.0,806.5572916666667,732.0,24007744.0,3.048675775527954,2156.598748922348,1.8815680742263794,549d2_00000,0.18445169925689697,3.983722448348999
explore_cycle_3_both,726,False,0.19025886058807373,0.003,726,0.0,-0.03366238996386528,840.0,790.8020833333333,722.5,24040881.0,3.0142369270324707,2159.6129858493805,2.479128837585449,549d2_00000,0.15361332893371582,5.026724338531494
explore_cycle_3_both,727,False,0.19453217089176178,0.003,727,0.0,0.12904620170593262,819.5,779.8645833333333,695.5,24074025.0,3.1074531078338623,2162.7204389572144,2.147543430328369,549d2_00000,0.05639374256134033,4.038161277770996
explore_cycle_3_both,728,False,0.18006083369255066,0.003,728,0.0,0.015969395637512207,826.5,786.7046875,707.5,24107157.0,3.0549285411834717,2165.775367498398,2.494173526763916,549d2_00000,0.14186149835586548,4.957489013671875
explore_cycle_3_both,729,False,0.1786710023880005,0.003,729,0.0,-0.014707130379974842,836.5,783.9027777777777,731.0,24140208.0,3.0026912689208984,2168.7780587673187,2.2773964405059814,549d2_00000,0.07161396741867065,4.58527946472168
explore_cycle_3_both,730,False,0.16815252602100372,0.003,730,0.0,-0.05344783142209053,886.0,796.2942708333334,733.5,24173336.0,3.0214569568634033,2171.799515724182,1.6063168048858643,549d2_00000,0.10799533128738403,3.32053804397583
explore_cycle_3_both,731,False,0.196690171957016,0.003,731,0.0,-0.00814766250550747,839.5,785.0944444444444,739.0,24206449.0,3.1084656715393066,2174.9079813957214,1.8893758058547974,549d2_00000,0.23088091611862183,3.796226739883423
explore_cycle_3_both,732,False,0.19878700375556946,0.003,732,0.0,0.05627847835421562,841.0,795.7847222222223,754.5,24239498.0,3.018321990966797,2177.9263033866882,2.125714063644409,549d2_00000,0.11083561182022095,4.140064716339111
explore_cycle_3_both,733,False,0.202137753367424,0.003,733,0.0,-0.07425259798765182,847.5,807.4140625,762.5,24272630.0,3.1250689029693604,2181.0513722896576,1.8254321813583374,549d2_00000,0.22895729541778564,3.8005824089050293
explore_cycle_3_both,734,False,0.20482368767261505,0.003,734,0.0,-0.09687724709510803,854.0,797.6302083333334,709.0,24305747.0,3.0924718379974365,2184.143844127655,2.2012228965759277,549d2_00000,0.0857778787612915,4.597428798675537
explore_cycle_3_both,735,False,0.1711416244506836,0.003,735,0.0,-0.0025468547828495502,872.5,798.3541666666667,704.5,24338880.0,2.9814212322235107,2187.1252653598785,2.3085031509399414,549d2_00000,0.12583541870117188,4.623127460479736
explore_cycle_3_both,736,False,0.17675170302391052,0.003,736,0.0,-0.15137194097042084,831.0,775.875,719.0,24372024.0,3.104480743408203,2190.2297461032867,1.7226605415344238,549d2_00000,0.30112284421920776,3.7491252422332764
explore_cycle_3_both,737,False,0.15842676162719727,0.003,737,0.0,-0.08062123507261276,837.5,797.4791666666666,746.0,24405156.0,3.03043794631958,2193.2601840496063,1.4761651754379272,549d2_00000,0.29443275928497314,3.114523410797119
explore_cycle_3_both,738,False,0.16207586228847504,0.003,738,0.0,0.007583547383546829,812.0,780.4010416666666,727.5,24438293.0,3.111143112182617,2196.371327161789,1.872786521911621,549d2_00000,0.1589542031288147,3.7313783168792725
explore_cycle_3_both,739,False,0.15344718098640442,0.003,739,0.0,0.07148554921150208,824.0,780.4427083333334,741.5,24471441.0,2.994415521621704,2199.3657426834106,2.2230398654937744,549d2_00000,0.17530280351638794,4.30402946472168
explore_cycle_3_both,740,False,0.148692324757576,0.003,740,0.0,0.07760249078273773,849.5,785.6666666666667,740.0,24504567.0,3.1329538822174072,2202.498696565628,2.1884286403656006,549d2_00000,0.2302309274673462,4.2225446701049805
explore_cycle_3_both,741,False,0.16568991541862488,0.003,741,0.0,-0.06512819975614548,875.0,799.75,736.0,24537597.0,3.040117025375366,2205.5388135910034,2.1834962368011475,549d2_00000,0.11703813076019287,4.4982428550720215
explore_cycle_3_both,742,False,0.16807901859283447,0.003,742,0.0,0.05380879342556,898.5,811.125,755.0,24570719.0,3.0476667881011963,2208.5864803791046,2.67307710647583,549d2_00000,0.2852991223335266,5.2395453453063965
explore_cycle_3_both,743,False,0.14698681235313416,0.003,743,0.0,-0.011139562353491783,861.5,797.5595238095237,724.5,24603812.0,3.006394624710083,2211.5928750038147,2.3560872077941895,549d2_00000,0.18911492824554443,4.735335826873779
explore_cycle_3_both,744,False,0.1391916275024414,0.003,744,0.0,-0.036101486533880234,861.5,817.0681818181819,762.5,24636842.0,3.1262011528015137,2214.719076156616,2.211718797683716,549d2_00000,0.19688910245895386,4.496475696563721
explore_cycle_3_both,745,False,0.1452406495809555,0.003,745,0.0,-0.029683077707886696,869.0,809.1901041666666,723.5,24669971.0,3.0185329914093018,2217.7376091480255,2.723409414291382,549d2_00000,0.1849622130393982,5.507056713104248
explore_cycle_3_both,746,False,0.1599595844745636,0.003,746,0.0,-0.06632079929113388,843.5,795.6328125,739.5,24703084.0,3.0225753784179688,2220.7601845264435,2.470505475997925,549d2_00000,0.05633193254470825,5.074612140655518
explore_cycle_3_both,747,False,0.1675209254026413,0.003,747,0.0,0.04634896665811539,852.5,801.2564102564102,742.5,24736176.0,3.0089569091796875,2223.769141435623,2.7159740924835205,549d2_00000,0.2546129822731018,5.340255260467529
explore_cycle_3_both,748,False,0.15056633949279785,0.003,748,0.0,-0.019476396963000298,854.5,778.671875,704.5,24769309.0,3.049034595489502,2226.8181760311127,2.7661590576171875,549d2_00000,0.060352444648742676,5.572175025939941
explore_cycle_3_both,749,False,0.1886272430419922,0.003,749,0.0,0.02494673617184162,855.0,785.7864583333334,717.0,24802452.0,3.1491804122924805,2229.967356443405,2.843879222869873,549d2_00000,0.18480539321899414,5.638996124267578
explore_cycle_3_both,750,False,0.17526386678218842,0.003,750,0.0,0.019410796463489532,895.0,830.7864583333333,746.5,24835585.0,3.1273598670959473,2233.094716310501,2.967972993850708,549d2_00000,0.20165324211120605,5.898176193237305
explore_cycle_3_both,751,False,0.1823725402355194,0.003,751,0.0,-0.08223984390497208,838.0,801.25,760.5,24868713.0,3.0628440380096436,2236.1575603485107,2.4909775257110596,549d2_00000,0.21356475353240967,5.147529125213623
explore_cycle_3_both,752,False,0.19525323808193207,0.003,752,0.0,-0.10964854061603546,854.0,799.7661458333333,734.0,24901836.0,3.040658473968506,2239.1982188224792,2.1673080921173096,549d2_00000,0.28321754932403564,4.555084705352783
explore_cycle_3_both,753,False,0.19600960612297058,0.003,753,0.0,0.03030058555305004,836.0,774.3916666666667,716.0,24934839.0,3.201856851577759,2242.400075674057,2.11873197555542,549d2_00000,0.23642849922180176,4.17803955078125
explore_cycle_3_both,754,False,0.17255324125289917,0.003,754,0.0,0.07260213792324066,867.5,798.5078125,757.5,24967967.0,3.0649445056915283,2245.4650201797485,2.3179867267608643,549d2_00000,0.16499358415603638,4.491804122924805
explore_cycle_3_both,755,False,0.1636107712984085,0.003,755,0.0,-0.03779825195670128,823.5,785.8125,719.5,25001106.0,2.9958999156951904,2248.4609200954437,2.0603384971618652,549d2_00000,0.14516347646713257,4.1972551345825195
explore_cycle_3_both,756,False,0.18044880032539368,0.003,756,0.0,-0.05212632194161415,829.0,782.8636363636364,744.0,25034138.0,2.99558424949646,2251.45650434494,2.02054500579834,549d2_00000,0.2046995759010315,4.146425247192383
explore_cycle_3_both,757,False,0.17185713350772858,0.003,757,0.0,-0.051905110478401184,853.0,789.35,709.0,25067255.0,3.0239508152008057,2254.480455160141,1.7676044702529907,549d2_00000,0.2421678900718689,3.640050172805786
explore_cycle_3_both,758,False,0.17373093962669373,0.003,758,0.0,-0.07354886084794998,825.5,781.3411458333334,716.0,25100375.0,3.1688950061798096,2257.649350166321,2.1223952770233154,549d2_00000,0.1839417815208435,4.392930507659912
explore_cycle_3_both,759,False,0.14555607736110687,0.003,759,0.0,-0.02494998089969158,804.0,769.3333333333333,738.0,25133376.0,3.0083141326904297,2260.6576642990112,1.926923394203186,549d2_00000,0.20168882608413696,3.9046201705932617
explore_cycle_3_both,760,False,0.17528536915779114,0.003,760,0.0,-0.0027372478507459164,826.0,795.1640625,741.5,25166503.0,3.0244669914245605,2263.682131290436,2.2301034927368164,549d2_00000,0.23835891485214233,4.466733455657959
explore_cycle_3_both,761,False,0.158366397023201,0.003,761,0.0,-0.09879135340452194,838.5,801.390625,766.5,25199652.0,3.003220319747925,2266.6853516101837,1.8296951055526733,549d2_00000,0.15838199853897095,3.8579230308532715
explore_cycle_3_both,762,False,0.15191490948200226,0.003,762,0.0,-0.05181727558374405,834.5,781.8385416666666,728.0,25232784.0,3.149822950363159,2269.835174560547,1.8597484827041626,549d2_00000,0.1484239101409912,3.824042797088623
explore_cycle_3_both,763,False,0.16488374769687653,0.003,763,0.0,0.00205937959253788,827.5,794.2135416666666,734.5,25265931.0,3.0288798809051514,2272.864054441452,2.226147413253784,549d2_00000,0.14446091651916504,4.449164867401123
explore_cycle_3_both,764,False,0.15261396765708923,0.003,764,0.0,-0.11881919950246811,849.0,803.3994791666667,764.0,25299057.0,2.997062921524048,2275.861117362976,1.7715694904327393,549d2_00000,0.21241772174835205,3.78169322013855
explore_cycle_3_both,765,False,0.16466079652309418,0.003,765,0.0,0.03229699656367302,829.5,795.702380952381,748.5,25332155.0,2.992776870727539,2278.8538942337036,1.927196979522705,549d2_00000,0.2712603807449341,3.790788173675537
explore_cycle_3_both,766,False,0.16306321322917938,0.003,766,0.0,0.03234944865107536,824.5,793.7473958333334,737.5,25365286.0,3.022763252258301,2281.876657485962,2.4638874530792236,549d2_00000,0.1996248960494995,4.864053726196289
explore_cycle_3_both,767,False,0.1445842683315277,0.003,767,0.0,-0.045811839401721954,849.0,791.4895833333334,731.5,25398420.0,3.1600794792175293,2285.0367369651794,2.527048110961914,549d2_00000,0.13538014888763428,5.14658784866333
explore_cycle_3_both,768,False,0.16109095513820648,0.003,768,0.0,0.03303686901926994,815.5,786.1590909090909,737.0,25431433.0,3.0115966796875,2288.048333644867,2.2662179470062256,549d2_00000,0.19978320598602295,4.4673285484313965
explore_cycle_3_both,769,False,0.1346897929906845,0.003,769,0.0,-0.08586489409208298,835.0,792.7369791666666,754.0,25464542.0,3.0488908290863037,2291.0972244739532,1.9875568151474,549d2_00000,0.1822482943534851,4.147651672363281
explore_cycle_3_both,770,False,0.15584015846252441,0.003,770,0.0,0.06582740694284439,876.5,817.6510416666667,763.5,25497671.0,3.011273145675659,2294.108497619629,3.687887191772461,549d2_00000,0.2139560580253601,7.245054244995117
explore_cycle_3_both,771,False,0.159790500998497,0.003,771,0.0,-0.022193241864442825,830.0,795.6212121212121,772.5,25530694.0,3.1380369663238525,2297.2465345859528,2.76200008392334,549d2_00000,0.14828741550445557,5.569345474243164
explore_cycle_3_both,772,False,0.17862831056118011,0.003,772,0.0,-0.004526317585259676,847.5,800.7734375,739.5,25563821.0,3.028320550918579,2300.2748551368713,2.38529896736145,549d2_00000,0.252514123916626,4.780722141265869
explore_cycle_3_both,773,False,0.14743539690971375,0.003,773,0.0,-0.058725129812955856,848.0,788.34375,685.0,25596967.0,3.038398027420044,2303.3132531642914,2.7018113136291504,549d2_00000,0.21659696102142334,5.5219573974609375
explore_cycle_3_both,774,False,0.15142378211021423,0.003,774,0.0,0.05772700160741806,844.0,775.4192708333334,733.5,25630101.0,3.035430669784546,2306.348683834076,2.3737196922302246,549d2_00000,0.21376287937164307,4.6328935623168945
explore_cycle_3_both,775,False,0.1341446489095688,0.003,775,0.0,0.03180314600467682,844.0,798.921875,741.5,25663245.0,3.1175317764282227,2309.466215610504,3.103717088699341,549d2_00000,0.1311764121055603,6.144632339477539
explore_cycle_3_both,776,False,0.14136171340942383,0.003,776,0.0,0.07740463316440582,860.0,788.2525641025641,722.0,25696301.0,3.0316174030303955,2312.4978330135345,3.187560558319092,549d2_00000,0.24737459421157837,6.221160888671875
explore_cycle_3_both,777,False,0.15980315208435059,0.003,777,0.0,-0.05106683447957039,818.0,785.3020833333334,735.0,25729377.0,2.9926276206970215,2315.4904606342316,3.940124034881592,549d2_00000,0.11500346660614014,7.983340263366699
explore_cycle_3_both,778,False,0.13571271300315857,0.003,778,0.0,-0.05382709577679634,831.0,763.3385416666667,717.0,25762510.0,3.027508497238159,2318.5179691314697,2.217108964920044,549d2_00000,0.1946149468421936,4.542686939239502
explore_cycle_3_both,779,False,0.13091924786567688,0.003,779,0.0,-0.02021397277712822,877.5,812.9270833333333,741.0,25795640.0,3.0341379642486572,2321.5521070957184,2.26676869392395,549d2_00000,0.26471638679504395,4.574750900268555
explore_cycle_3_both,780,False,0.13385263085365295,0.003,780,0.0,-0.016954736784100533,857.5,786.2708333333334,715.0,25828698.0,3.0887084007263184,2324.6408154964447,2.6087822914123535,549d2_00000,0.19313204288482666,5.252277851104736
explore_cycle_3_both,781,False,0.15903419256210327,0.003,781,0.0,0.06303475797176361,847.0,773.3765625000001,696.0,25861808.0,3.057216167449951,2327.6980316638947,2.990079164505005,549d2_00000,0.1660817265510559,5.855043888092041
explore_cycle_3_both,782,False,0.1648622453212738,0.003,782,0.0,-0.00809409562498331,850.0,766.421875,671.0,25894940.0,2.9323248863220215,2330.6303565502167,3.050208330154419,549d2_00000,0.15249121189117432,6.117593765258789
explore_cycle_3_both,783,False,0.1228652149438858,0.003,783,0.0,-0.021543284878134727,820.5,771.171875,685.5,25928078.0,2.9337379932403564,2333.564094543457,2.5526840686798096,549d2_00000,0.14277464151382446,5.149191856384277
explore_cycle_3_both,784,False,0.15243196487426758,0.003,784,0.0,-0.018698791041970253,856.0,793.1979166666667,741.0,25961210.0,3.047231912612915,2336.61132645607,2.6756672859191895,549d2_00000,0.21483010053634644,5.389647006988525
explore_cycle_3_both,785,False,0.16838739812374115,0.003,785,0.0,0.045767657458782196,842.5,801.84375,740.0,25994354.0,2.921205997467041,2339.532532453537,3.06166934967041,549d2_00000,0.2117789387702942,6.0328145027160645
explore_cycle_3_both,786,False,0.1420048326253891,0.003,786,0.0,-0.07330337166786194,851.0,770.71875,696.5,26027488.0,2.9483320713043213,2342.4808645248413,2.885728597640991,549d2_00000,0.054609477519989014,5.918915748596191
explore_cycle_3_both,787,False,0.14810337126255035,0.003,787,0.0,0.011765733361244202,834.0,764.4230769230769,722.5,26060564.0,2.906736135482788,2345.387600660324,2.9460370540618896,549d2_00000,0.10091453790664673,5.869431495666504
explore_cycle_3_both,788,False,0.147633895277977,0.003,788,0.0,-0.023762745782732964,858.0,798.0791666666667,759.0,26093688.0,2.978156328201294,2348.3657569885254,2.502359390258789,549d2_00000,0.15852177143096924,5.05312967300415
explore_cycle_3_both,789,False,0.1386413276195526,0.003,789,0.0,-0.0054521639831364155,852.5,793.796875,715.5,26126836.0,3.0498199462890625,2351.4155769348145,3.5527095794677734,549d2_00000,0.11280417442321777,7.1171555519104
explore_cycle_3_both,790,False,0.11999598890542984,0.003,790,0.0,-0.023842817172408104,834.5,775.7559523809523,723.5,26159946.0,2.9146268367767334,2354.330203771591,2.525836229324341,549d2_00000,0.2642945647239685,5.100078105926514
explore_cycle_3_both,791,False,0.12382416427135468,0.003,791,0.0,0.0783553496003151,823.0,768.2916666666667,709.5,26193079.0,2.941742181777954,2357.271945953369,3.98325252532959,549d2_00000,0.15381920337677002,7.810537338256836
explore_cycle_3_both,792,False,0.11814894527196884,0.003,792,0.0,0.12635435163974762,838.5,787.4791666666666,715.5,26226133.0,2.9016222953796387,2360.173568248749,3.536813974380493,549d2_00000,0.16406035423278809,6.821628093719482
explore_cycle_3_both,793,False,0.12915901839733124,0.003,793,0.0,-0.08454902470111847,855.0,784.2989583333333,693.5,26259242.0,3.076777935028076,2363.250346183777,3.414445638656616,549d2_00000,0.09245926141738892,6.998764991760254
explore_cycle_3_both,794,False,0.1351383775472641,0.003,794,0.0,0.040212202817201614,821.0,767.1614583333333,704.0,26292377.0,2.9353384971618652,2366.1856846809387,3.144998788833618,549d2_00000,0.14755100011825562,6.210384368896484
explore_cycle_3_both,795,False,0.13429728150367737,0.003,795,0.0,0.054250843822956085,842.0,788.6145833333333,709.5,26325514.0,2.8990297317504883,2369.084714412689,2.865278720855713,549d2_00000,0.2716965079307556,5.622861385345459
explore_cycle_3_both,796,False,0.14896619319915771,0.003,796,0.0,-0.007134548854082823,876.5,784.3072916666667,732.0,26358647.0,2.904266357421875,2371.988980770111,3.510648250579834,549d2_00000,0.25084221363067627,7.036459445953369
explore_cycle_3_both,797,False,0.13575959205627441,0.003,797,0.0,0.020401587709784508,866.5,792.6510416666667,701.0,26391787.0,3.11773419380188,2375.106714963913,2.740115165710449,549d2_00000,0.1524815559387207,5.440241813659668
explore_cycle_3_both,798,False,0.143203005194664,0.003,798,0.0,0.1349119395017624,845.5,795.9635416666667,740.0,26424926.0,2.9981067180633545,2378.1048216819763,4.025323867797852,549d2_00000,0.19739311933517456,7.781683921813965
explore_cycle_3_both,799,False,0.13512076437473297,0.003,799,0.0,0.024537423625588417,822.0,795.6369047619047,736.0,26458023.0,2.9314074516296387,2381.036229133606,2.801624298095703,549d2_00000,0.17691904306411743,5.554984092712402
explore_cycle_3_both,800,False,0.1379447728395462,0.003,800,0.0,0.06267087161540985,823.5,782.3854166666666,697.5,26491124.0,2.937685966491699,2383.9739151000977,3.080674648284912,549d2_00000,0.1976960301399231,6.036835193634033
explore_cycle_3_both,801,False,0.1301545649766922,0.003,801,0.0,0.007125636097043753,857.5,793.45,750.5,26524247.0,2.983361005783081,2386.9572761058807,3.021775722503662,549d2_00000,0.15167444944381714,6.030080795288086
explore_cycle_3_both,802,False,0.12867650389671326,0.003,802,0.0,0.017207348719239235,841.5,768.5859375,690.0,26557379.0,3.1484787464141846,2390.105754852295,2.6108837127685547,549d2_00000,0.19079530239105225,5.188125133514404
explore_cycle_3_both,803,False,0.14943602681159973,0.003,803,0.0,0.014598982408642769,833.0,776.15625,708.5,26590519.0,2.9430506229400635,2393.048805475235,3.435242176055908,549d2_00000,0.16535979509353638,6.842182159423828
explore_cycle_3_both,804,False,0.13463284075260162,0.003,804,0.0,-0.09924835711717606,836.0,800.0833333333334,733.0,26623568.0,2.9211132526397705,2395.9699187278748,2.8461573123931885,549d2_00000,0.14663970470428467,5.8916192054748535
explore_cycle_3_both,805,False,0.14314742386341095,0.003,805,0.0,0.03544848412275314,869.5,789.2734375,708.0,26656675.0,2.968118906021118,2398.938037633896,3.391983985900879,549d2_00000,0.1920565962791443,6.713929176330566
explore_cycle_3_both,806,False,0.12455635517835617,0.003,806,0.0,-0.09064904600381851,852.5,799.5069444444445,712.0,26689742.0,3.0643272399902344,2402.002364873886,2.0415806770324707,549d2_00000,0.17993038892745972,4.265206813812256
explore_cycle_3_both,807,False,0.12877827882766724,0.003,807,0.0,0.012260633520781994,832.5,769.4635416666666,734.5,26722873.0,2.9441144466400146,2404.946479320526,2.8662803173065186,549d2_00000,0.18615847826004028,5.7088117599487305
explore_cycle_3_both,808,False,0.12924721837043762,0.003,808,0.0,-0.07238605618476868,824.5,778.046875,710.5,26756012.0,2.9237143993377686,2407.870193719864,2.440175771713257,549d2_00000,0.2506227493286133,5.025898456573486
explore_cycle_3_both,809,False,0.143205925822258,0.003,809,0.0,-0.01709793135523796,831.0,788.7890625,743.0,26789149.0,2.9160916805267334,2410.7862854003906,2.2518234252929688,549d2_00000,0.2988530397415161,4.538702011108398
explore_cycle_3_both,810,False,0.13699007034301758,0.003,810,0.0,-0.06570194661617279,834.5,791.7833333333333,714.5,26822269.0,2.9414706230163574,2413.727756023407,2.802006721496582,549d2_00000,0.14171385765075684,5.736239910125732
explore_cycle_3_both,811,False,0.14336316287517548,0.003,811,0.0,0.029919885098934174,806.0,768.5911458333334,727.0,26855412.0,3.0180113315582275,2416.745767354965,2.2602930068969727,549d2_00000,0.20634549856185913,4.461606502532959
explore_cycle_3_both,812,False,0.12877994775772095,0.003,812,0.0,0.02299417369067669,852.0,759.375,689.0,26888535.0,3.014519214630127,2419.7602865695953,2.7399420738220215,549d2_00000,0.2779077887535095,5.43466854095459
explore_cycle_3_both,813,False,0.13911962509155273,0.003,813,0.0,-0.10482476651668549,839.5,781.05,727.0,26921660.0,2.924779176712036,2422.6850657463074,2.5499396324157715,549d2_00000,0.15093201398849487,5.310364246368408
explore_cycle_3_both,814,False,0.1359357088804245,0.003,814,0.0,-0.12317909300327301,851.0,800.9713541666666,736.5,26954794.0,2.9795355796813965,2425.6646013259888,2.6641600131988525,549d2_00000,0.2875789403915405,5.575493812561035
explore_cycle_3_both,815,False,0.13509225845336914,0.003,815,0.0,0.11940483748912811,868.0,808.796875,721.5,26987935.0,3.1321849822998047,2428.7967863082886,2.6555681228637695,549d2_00000,0.21416962146759033,5.073137283325195
explore_cycle_3_both,816,False,0.14993926882743835,0.003,816,0.0,-0.011371179483830929,849.5,778.8958333333334,729.0,27020969.0,2.9326202869415283,2431.72940659523,2.800621509552002,549d2_00000,0.20835548639297485,5.624885082244873
explore_cycle_3_both,817,False,0.14499972760677338,0.003,817,0.0,-0.09020660072565079,842.0,794.4395833333334,721.0,27054088.0,2.910159111022949,2434.639565706253,2.3738722801208496,549d2_00000,0.1464439034461975,4.929027557373047
explore_cycle_3_both,818,False,0.14435414969921112,0.003,818,0.0,-0.00922795757651329,833.0,789.5125,734.5,27087086.0,2.970640182495117,2437.610205888748,2.5125954151153564,549d2_00000,0.09449219703674316,5.044512748718262
explore_cycle_3_both,819,False,0.1434868574142456,0.003,819,0.0,-0.07970896363258362,829.5,786.875,737.0,27120215.0,3.0281612873077393,2440.638367176056,2.2476634979248047,549d2_00000,0.089061439037323,4.655605792999268
explore_cycle_3_both,820,False,0.13738703727722168,0.003,820,0.0,-0.012423757463693619,861.0,816.0729166666667,743.5,27153355.0,2.919604539871216,2443.557971715927,2.3310930728912354,549d2_00000,0.21002298593521118,4.6878581047058105
explore_cycle_3_both,821,False,0.12545229494571686,0.003,821,0.0,0.013347623869776726,829.0,795.6927083333333,747.0,27186492.0,2.9276845455169678,2446.485656261444,2.9071319103240967,549d2_00000,0.21762901544570923,5.788321495056152
explore_cycle_3_both,822,False,0.1456909030675888,0.003,822,0.0,0.02763357013463974,842.0,776.5052083333334,727.0,27219629.0,2.937497138977051,2449.423153400421,2.69907808303833,549d2_00000,0.2508848309516907,5.3437628746032715
explore_cycle_3_both,823,False,0.12697596848011017,0.003,823,0.0,-0.10333987325429916,848.5,796.5166666666667,735.5,27252756.0,2.920222520828247,2452.3433759212494,2.4237465858459473,549d2_00000,0.3122480511665344,5.054934501647949
explore_cycle_3_both,824,False,0.13821640610694885,0.003,824,0.0,-0.059648968279361725,882.0,802.9479166666666,718.0,27285879.0,3.0424604415893555,2455.3858363628387,2.3513247966766357,549d2_00000,0.19521623849868774,4.822776794433594
explore_cycle_3_both,825,False,0.13536149263381958,0.003,825,0.0,-0.005013154819607735,836.5,786.8277777777778,752.0,27318997.0,2.926058053970337,2458.311894416809,2.8137567043304443,549d2_00000,0.1451677680015564,5.638352394104004
explore_cycle_3_both,826,False,0.1717568337917328,0.003,826,0.0,-0.12247303873300552,846.0,793.03125,741.0,27352127.0,2.9774177074432373,2461.2893121242523,2.4207727909088135,549d2_00000,0.2941775918006897,5.087522029876709
explore_cycle_3_both,827,False,0.17071016132831573,0.003,827,0.0,0.018026484176516533,847.0,797.5535714285714,758.0,27385228.0,2.906765937805176,2464.1960780620575,2.475895643234253,549d2_00000,0.22249579429626465,4.916762351989746
explore_cycle_3_both,828,False,0.17459620535373688,0.003,828,0.0,0.02961725741624832,844.5,803.235,682.5,27418330.0,3.052133321762085,2467.2482113838196,2.545065402984619,549d2_00000,0.12207084894180298,5.031943321228027
explore_cycle_3_both,829,False,0.14931154251098633,0.003,829,0.0,0.01235602144151926,868.0,787.6453124999999,727.0,27451450.0,2.949883460998535,2470.198094844818,2.363692045211792,549d2_00000,0.27026480436325073,4.703567981719971
explore_cycle_3_both,830,False,0.15843535959720612,0.003,830,0.0,-0.06918361037969589,839.5,773.4711538461538,708.0,27484522.0,2.8972623348236084,2473.0953571796417,2.5767178535461426,549d2_00000,0.15899330377578735,5.292753219604492
explore_cycle_3_both,831,False,0.11956051737070084,0.003,831,0.0,0.07336263358592987,843.0,792.828125,701.5,27517655.0,2.944920301437378,2476.040277481079,2.835819959640503,549d2_00000,0.2393164038658142,5.525631904602051
explore_cycle_3_both,832,False,0.1269669383764267,0.003,832,0.0,0.05739346891641617,846.0,784.6614583333333,740.0,27550786.0,2.9194154739379883,2478.959692955017,2.6694118976593018,549d2_00000,0.28054916858673096,5.224798679351807
explore_cycle_3_both,833,False,0.11958187818527222,0.003,833,0.0,0.04369170218706131,859.0,805.0260416666667,759.0,27583925.0,3.0162770748138428,2481.975970029831,3.0670504570007324,549d2_00000,0.20297092199325562,6.0474348068237305
explore_cycle_3_both,834,False,0.14915159344673157,0.003,834,0.0,0.17314207553863525,872.0,800.203125,711.5,27617064.0,2.9131767749786377,2484.8891468048096,3.5290448665618896,549d2_00000,0.20243918895721436,6.712700366973877
explore_cycle_3_both,835,False,0.11795397102832794,0.003,835,0.0,-0.01246802881360054,841.0,772.3076923076923,712.0,27650147.0,2.9137332439422607,2487.802880048752,2.7034568786621094,549d2_00000,0.24563956260681152,5.432558059692383
explore_cycle_3_both,836,False,0.11268340796232224,0.003,836,0.0,-0.06842561811208725,870.5,788.296875,732.5,27683271.0,2.9482262134552,2490.751106262207,2.4317073822021484,549d2_00000,0.2210109829902649,5.000942230224609
explore_cycle_3_both,837,False,0.12456463277339935,0.003,837,0.0,0.04228051006793976,841.5,790.1277777777777,759.0,27716387.0,3.0586822032928467,2493.8097884655,3.079282760620117,549d2_00000,0.2584828734397888,6.074751853942871
explore_cycle_3_both,838,False,0.12016846239566803,0.003,838,0.0,0.009155464358627796,843.5,787.015625,718.5,27749515.0,2.9260573387145996,2496.7358458042145,2.665482997894287,549d2_00000,0.24687731266021729,5.313375949859619
explore_cycle_3_both,839,False,0.12217068672180176,0.003,839,0.0,0.033621881157159805,841.5,768.25,728.5,27782611.0,2.934746742248535,2499.670592546463,2.664483070373535,549d2_00000,0.29097527265548706,5.262455463409424
explore_cycle_3_both,840,False,0.14007309079170227,0.003,840,0.0,0.06992470473051071,830.5,763.4305555555555,725.0,27815721.0,2.9522523880004883,2502.6228449344635,3.129650592803955,549d2_00000,0.17091268301010132,6.1202921867370605
explore_cycle_3_both,841,False,0.1459430307149887,0.003,841,0.0,-0.08028127998113632,836.0,785.740625,716.5,27848840.0,2.944002151489258,2505.5668470859528,2.7181396484375,549d2_00000,0.21780765056610107,5.597718238830566
explore_cycle_3_both,842,False,0.14898836612701416,0.003,842,0.0,0.06984436511993408,837.0,785.4557291666666,694.5,27881974.0,3.058422327041626,2508.6252694129944,3.0376532077789307,549d2_00000,0.2368309497833252,5.936511516571045
explore_cycle_3_both,843,False,0.1346907764673233,0.003,843,0.0,-0.02359224669635296,837.0,767.25,672.0,27915112.0,2.922264814376831,2511.547534227371,2.4028520584106445,549d2_00000,0.1391502022743225,4.853696346282959
explore_cycle_3_both,844,False,0.10890202969312668,0.003,844,0.0,-0.034728337079286575,852.5,765.4505208333333,695.5,27948245.0,2.9511468410491943,2514.4986810684204,2.6282992362976074,549d2_00000,0.2353421449661255,5.3267083168029785
explore_cycle_3_both,845,False,0.1267910599708557,0.003,845,0.0,0.058673422783613205,821.5,772.5989583333334,730.0,27981388.0,2.918931722640991,2517.4176127910614,3.2228000164031982,549d2_00000,0.19542169570922852,6.329014301300049
explore_cycle_3_both,846,False,0.14748258888721466,0.003,846,0.0,0.03162819892168045,819.0,785.296875,753.5,28014525.0,3.0654475688934326,2520.483060359955,3.342275857925415,549d2_00000,0.16751402616500854,6.622179985046387
explore_cycle_3_both,847,False,0.1494777947664261,0.003,847,0.0,-0.016960781067609787,812.0,759.4423076923077,718.0,28047607.0,2.901000499725342,2523.38406085968,2.9159982204437256,549d2_00000,0.20060324668884277,5.866815090179443
explore_cycle_3_both,848,False,0.13282832503318787,0.003,848,0.0,0.05618975684046745,823.5,777.5989583333333,719.0,28080732.0,2.9650537967681885,2526.3491146564484,2.881351947784424,549d2_00000,0.21776336431503296,5.651121616363525
explore_cycle_3_both,849,False,0.12639883160591125,0.003,849,0.0,-0.023193644359707832,803.0,759.4888888888889,706.0,28113802.0,2.9247498512268066,2529.273864507675,3.0007011890411377,549d2_00000,0.25871241092681885,6.048547744750977
explore_cycle_3_both,850,False,0.13822400569915771,0.003,850,0.0,-0.06541743874549866,838.0,785.859375,703.0,28146928.0,3.043609619140625,2532.317474126816,3.240726947784424,549d2_00000,0.1774415373802185,6.6131181716918945
explore_cycle_3_both,851,False,0.14855684340000153,0.003,851,0.0,-0.013505833223462105,837.5,785.1474358974358,745.5,28180024.0,2.9040842056274414,2535.2215583324432,2.5837514400482178,549d2_00000,0.19756555557250977,5.195406436920166
explore_cycle_3_both,852,False,0.12896688282489777,0.003,852,0.0,-0.15971526503562927,824.0,767.7416666666667,708.0,28213132.0,2.913048267364502,2538.1346065998077,3.010796070098877,549d2_00000,0.14271217584609985,6.341796398162842
explore_cycle_3_both,853,False,0.13201040029525757,0.003,853,0.0,-0.11879490315914154,820.5,765.5905555555556,667.5,28246232.0,2.967693567276001,2541.1023001670837,2.4988253116607666,549d2_00000,0.3138706088066101,5.236032009124756
explore_cycle_3_both,854,False,0.14734593033790588,0.003,854,0.0,0.050478383898735046,835.0,782.6588541666666,704.0,28279359.0,2.9192566871643066,2544.021556854248,2.961932897567749,549d2_00000,0.30526167154312134,5.823792457580566
explore_cycle_3_both,855,False,0.13941076397895813,0.003,855,0.0,0.015323186293244362,819.5,765.2135416666666,730.0,28312500.0,3.062044858932495,2547.0836017131805,2.7186317443847656,549d2_00000,0.21925228834152222,5.407453536987305
explore_cycle_3_both,856,False,0.17414186894893646,0.003,856,0.0,0.0056212586350739,845.0,759.6875,704.5,28345632.0,2.9270777702331543,2550.0106794834137,2.878255605697632,549d2_00000,0.17238390445709229,5.746313571929932
explore_cycle_3_both,857,False,0.13797757029533386,0.003,857,0.0,0.08603202551603317,821.0,773.5333333333333,707.5,28378752.0,2.9808297157287598,2552.9915091991425,2.8875925540924072,549d2_00000,0.25477057695388794,5.603949069976807
explore_cycle_3_both,858,False,0.14334692060947418,0.003,858,0.0,-0.05474170669913292,834.5,774.046875,696.5,28411891.0,2.9396238327026367,2555.931133031845,2.3703038692474365,549d2_00000,0.17188197374343872,4.850951194763184
explore_cycle_3_both,859,False,0.16800306737422943,0.003,859,0.0,0.02911185473203659,833.5,767.328125,728.0,28445040.0,3.050930976867676,2558.9820640087128,2.9206278324127197,549d2_00000,0.15264278650283813,5.784040451049805
explore_cycle_3_both,860,False,0.16122061014175415,0.003,860,0.0,0.03683106601238251,862.0,783.3671875,706.0,28478169.0,2.9487204551696777,2561.9307844638824,2.8911795616149902,549d2_00000,0.27608275413513184,5.7096638679504395
explore_cycle_3_both,861,False,0.14535096287727356,0.003,861,0.0,-0.029339907690882683,847.5,761.671875,686.0,28511305.0,2.975728988647461,2564.90651345253,2.462200403213501,549d2_00000,0.1530861258506775,4.98395299911499
explore_cycle_3_both,862,False,0.15317153930664062,0.003,862,0.0,-0.0033649790566414595,845.0,786.2291666666667,688.5,28544436.0,2.9062376022338867,2567.812751054764,2.242924213409424,549d2_00000,0.2202843427658081,4.493497371673584
explore_cycle_3_both,863,False,0.1443808376789093,0.003,863,0.0,0.1589478999376297,817.5,755.575,658.5,28577550.0,2.9105165004730225,2570.723267555237,3.2240281105041504,549d2_00000,0.13735359907150269,6.131026744842529
explore_cycle_3_both,864,False,0.16858196258544922,0.003,864,0.0,-0.023432081565260887,838.0,787.4453125,742.5,28610680.0,3.0361266136169434,2573.7593941688538,2.4347479343414307,549d2_00000,0.21781766414642334,4.9173712730407715
explore_cycle_3_both,865,False,0.15856939554214478,0.003,865,0.0,-0.023108407855033875,840.0,760.5319444444444,712.0,28643718.0,2.9916348457336426,2576.7510290145874,2.613968849182129,549d2_00000,0.21518707275390625,5.275105953216553
explore_cycle_3_both,866,False,0.1427457332611084,0.003,866,0.0,0.03748522326350212,819.0,774.703125,678.5,28676837.0,2.943429470062256,2579.6944584846497,2.891127586364746,549d2_00000,0.04933387041091919,5.708141326904297
explore_cycle_3_both,867,False,0.140901580452919,0.003,867,0.0,0.06833998113870621,840.0,779.03125,701.5,28709986.0,2.9057281017303467,2582.60018658638,3.2366950511932373,549d2_00000,0.2725434899330139,6.337555408477783
explore_cycle_3_both,868,False,0.1675773561000824,0.003,868,0.0,0.06486869603395462,841.5,799.9505208333334,696.0,28743115.0,3.133937358856201,2585.734123945236,3.1620421409606934,549d2_00000,0.16083699464797974,6.195352077484131
explore_cycle_3_both,869,False,0.15380479395389557,0.003,869,0.0,0.012080813758075237,844.5,793.7666666666667,746.0,28776235.0,2.9156739711761475,2588.6497979164124,2.9876132011413574,549d2_00000,0.1254095435142517,5.951987266540527
explore_cycle_3_both,870,False,0.15224699676036835,0.003,870,0.0,-0.011782767251133919,847.0,779.2421875,730.0,28809378.0,2.941531181335449,2591.591329097748,2.6914992332458496,549d2_00000,0.3167697787284851,5.407477378845215
explore_cycle_3_both,871,False,0.14492225646972656,0.003,871,0.0,-0.05477580055594444,860.5,766.4359375,670.0,28842514.0,2.9392502307891846,2594.530579328537,2.912296772003174,549d2_00000,0.2151675820350647,5.935014724731445
explore_cycle_3_both,872,False,0.14005722105503082,0.003,872,0.0,0.11523684859275818,843.5,771.4455128205128,694.5,28875585.0,3.0477356910705566,2597.5783150196075,3.129141330718994,549d2_00000,0.12660568952560425,6.02864933013916
explore_cycle_3_both,873,False,0.1732134222984314,0.003,873,0.0,-0.08331838250160217,846.0,791.4765625,670.0,28908716.0,2.9073846340179443,2600.4856996536255,2.599524736404419,549d2_00000,0.17957866191864014,5.366725921630859
explore_cycle_3_both,874,False,0.15901577472686768,0.003,874,0.0,-0.08512149751186371,841.5,789.7333333333333,721.0,28941825.0,2.9169769287109375,2603.4026765823364,2.606767416000366,549d2_00000,0.1289299726486206,5.384732246398926
explore_cycle_3_both,875,False,0.15039335191249847,0.003,875,0.0,0.023017555475234985,830.5,765.6,678.5,28974860.0,2.9365673065185547,2606.339243888855,2.181079626083374,549d2_00000,0.1440964937210083,4.3170270919799805
explore_cycle_3_both,876,False,0.16210530698299408,0.003,876,0.0,-0.026415251195430756,852.5,770.4479166666666,708.0,29007994.0,2.957498550415039,2609.29674243927,2.5472335815429688,549d2_00000,0.12041199207305908,5.148270606994629
explore_cycle_3_both,877,False,0.1435452401638031,0.003,877,0.0,-0.026619357988238335,851.0,801.7383333333332,747.0,29040986.0,3.0342414379119873,2612.330983877182,2.468749523162842,549d2_00000,0.08088445663452148,4.991598606109619
explore_cycle_3_both,878,False,0.1580020785331726,0.003,878,0.0,0.040202245116233826,880.5,786.1640625,711.5,29074107.0,3.066403388977051,2615.397387266159,2.9982314109802246,549d2_00000,0.14361077547073364,5.917006492614746
explore_cycle_3_both,879,False,0.1676803082227707,0.003,879,0.0,-0.02411753125488758,799.0,770.4375,718.0,29107257.0,2.921931505203247,2618.3193187713623,2.4261910915374756,549d2_00000,0.25541192293167114,4.901623249053955
explore_cycle_3_both,880,False,0.15535485744476318,0.003,880,0.0,0.008775311522185802,841.5,778.8515625,725.0,29140386.0,2.9934029579162598,2621.3127217292786,2.6277899742126465,549d2_00000,0.15503686666488647,5.238961219787598
explore_cycle_3_both,881,False,0.14028753340244293,0.003,881,0.0,-0.057228099554777145,850.5,785.046875,731.0,29173523.0,3.0610179901123047,2624.373739719391,2.5505032539367676,549d2_00000,0.2381291389465332,5.216304779052734
explore_cycle_3_both,882,False,0.13977032899856567,0.003,882,0.0,0.03236614912748337,843.0,774.4333333333333,743.0,29206649.0,2.9059014320373535,2627.279641151428,2.5658464431762695,549d2_00000,0.26996439695358276,5.067799091339111
explore_cycle_3_both,883,False,0.15401989221572876,0.003,883,0.0,0.02331848256289959,861.0,801.5516666666666,744.0,29239760.0,3.0125441551208496,2630.292185306549,2.4459314346313477,549d2_00000,0.24255269765853882,4.846149444580078
explore_cycle_3_both,884,False,0.1696622222661972,0.003,884,0.0,-0.016211220994591713,876.0,829.9711538461538,748.5,29272833.0,2.895556926727295,2633.1877422332764,2.5662810802459717,549d2_00000,0.2562863826751709,5.166003227233887
explore_cycle_3_both,885,False,0.15991805493831635,0.003,885,0.0,-0.011790989898145199,849.5,786.1223958333334,704.0,29305956.0,2.9316654205322266,2636.1194076538086,2.0572316646575928,549d2_00000,0.3164995312690735,4.139004707336426
explore_cycle_3_both,886,False,0.16728676855564117,0.003,886,0.0,-0.1124238595366478,867.0,778.0666666666667,706.0,29339068.0,3.044248104095459,2639.163655757904,2.383272647857666,549d2_00000,0.10314828157424927,4.992396354675293
explore_cycle_3_both,887,False,0.16075780987739563,0.003,887,0.0,0.04068494215607643,831.0,786.5604166666667,706.0,29372108.0,2.9325828552246094,2642.0962386131287,2.3160560131073,549d2_00000,0.1913508176803589,4.551706790924072
explore_cycle_3_both,888,False,0.14025171101093292,0.003,888,0.0,0.013947105035185814,849.5,795.6223958333334,751.5,29405242.0,2.9363412857055664,2645.0325798988342,2.2570228576660156,549d2_00000,0.18589192628860474,4.486993312835693
explore_cycle_3_both,889,False,0.14907747507095337,0.003,889,0.0,-0.013204135000705719,846.0,776.0315476190475,720.5,29438302.0,2.9317896366119385,2647.964369535446,2.336763381958008,549d2_00000,0.25749439001083374,4.70082950592041
explore_cycle_3_both,890,False,0.13586930930614471,0.003,890,0.0,0.0061293854378163815,851.0,786.953125,686.0,29471426.0,3.0635523796081543,2651.0279219150543,2.590306282043457,549d2_00000,0.13663631677627563,5.169168949127197
explore_cycle_3_both,891,False,0.13993880152702332,0.003,891,0.0,-0.015845714136958122,843.5,777.6770833333333,736.5,29504565.0,2.9279887676239014,2653.955910682678,2.6459927558898926,549d2_00000,0.2014554738998413,5.324516296386719
explore_cycle_3_both,892,False,0.1469569057226181,0.003,892,0.0,0.028182312846183777,836.0,763.953125,697.0,29537702.0,2.9202306270599365,2656.876141309738,2.970134973526001,549d2_00000,0.23437070846557617,5.884787082672119
explore_cycle_3_both,893,False,0.15008583664894104,0.003,893,0.0,0.09643629193305969,846.5,785.8854166666666,736.5,29570839.0,2.9347400665283203,2659.8108813762665,3.1573171615600586,549d2_00000,0.18264639377593994,6.12266206741333
explore_cycle_3_both,894,False,0.1619587242603302,0.003,894,0.0,0.013883162289857864,862.0,816.25,767.0,29603944.0,3.0119547843933105,2662.82283616066,2.762140989303589,549d2_00000,0.3699609637260437,5.497486591339111
explore_cycle_3_both,895,False,0.13563670217990875,0.003,895,0.0,0.0858183279633522,856.5,775.6375,716.0,29637075.0,2.9454762935638428,2665.7683124542236,3.34135365486145,549d2_00000,0.17513489723205566,6.511884689331055
explore_cycle_3_both,896,False,0.1542922556400299,0.003,896,0.0,0.1373494267463684,874.5,837.0916666666666,782.5,29670105.0,2.9275918006896973,2668.6959042549133,4.009999752044678,549d2_00000,0.1439734697341919,7.746226787567139
explore_cycle_3_both,897,False,0.1429556906223297,0.003,897,0.0,0.03066612221300602,843.5,780.5104166666666,700.0,29703226.0,2.9301247596740723,2671.6260290145874,2.682652473449707,549d2_00000,0.12197768688201904,5.304830074310303
explore_cycle_3_both,898,False,0.14587345719337463,0.003,898,0.0,-0.048796046525239944,831.0,779.0208333333334,738.5,29736358.0,2.9264166355133057,2674.5524456501007,2.321483612060547,549d2_00000,0.24683600664138794,4.741434574127197
explore_cycle_3_both,899,False,0.15415816009044647,0.003,899,0.0,-0.08718288689851761,838.0,777.7083333333334,709.5,29769403.0,3.0392541885375977,2677.5916998386383,2.484741687774658,549d2_00000,0.26023733615875244,5.144774436950684
explore_cycle_3_both,900,False,0.15727919340133667,0.003,900,0.0,-0.10862076282501221,833.0,761.9453125,681.0,29802537.0,2.934061050415039,2680.5257608890533,2.4622573852539062,549d2_00000,0.2564260959625244,5.1427001953125
explore_cycle_3_both,901,False,0.14872747659683228,0.003,901,0.0,0.013545693829655647,868.5,793.03125,731.5,29835662.0,2.9349162578582764,2683.4606771469116,2.6405389308929443,549d2_00000,0.17683285474777222,5.254878520965576
explore_cycle_3_both,902,False,0.1396753489971161,0.003,902,0.0,-0.06541301310062408,864.0,789.9583333333333,741.5,29868786.0,2.916031837463379,2686.376708984375,1.94515860080719,549d2_00000,0.24643957614898682,4.021981239318848
explore_cycle_3_both,903,False,0.15599296987056732,0.003,903,0.0,-0.013869665563106537,837.5,774.34375,713.5,29901930.0,3.0284433364868164,2689.405152320862,2.24565052986145,549d2_00000,0.23199737071990967,4.519976615905762
explore_cycle_3_both,904,False,0.14004461467266083,0.003,904,0.0,0.020443622022867203,832.0,795.4583333333334,730.5,29935069.0,2.9495463371276855,2692.3546986579895,2.544677495956421,549d2_00000,0.1532989740371704,5.0493083000183105
explore_cycle_3_both,905,False,0.14236240088939667,0.003,905,0.0,-0.034842751920223236,841.5,771.3854166666666,713.0,29968205.0,2.9430527687072754,2695.297751426697,2.6464362144470215,549d2_00000,0.18295079469680786,5.363412380218506
explore_cycle_3_both,906,False,0.1552766114473343,0.003,906,0.0,0.014935837127268314,894.0,842.796875,762.5,30001357.0,2.91098690032959,2698.2087383270264,3.116443157196045,549d2_00000,0.19447273015975952,6.203946590423584
explore_cycle_3_both,907,False,0.13073702156543732,0.003,907,0.0,-0.0018397979438304901,846.0,776.3828125,733.5,30034486.0,2.9123036861419678,2701.1210420131683,2.564589262008667,549d2_00000,0.2055332064628601,5.133642196655273
explore_cycle_3_both,908,False,0.15337435901165009,0.003,908,0.0,-0.03698703646659851,833.5,787.5666666666666,747.0,30067494.0,3.022531032562256,2704.1435730457306,3.3197572231292725,549d2_00000,0.17404025793075562,6.714408874511719
explore_cycle_3_both,909,False,0.14555498957633972,0.003,909,0.0,0.008173221722245216,837.0,784.078125,721.0,30100614.0,2.928511142730713,2707.0720841884613,3.458662748336792,549d2_00000,0.24444806575775146,6.901852130889893
explore_cycle_3_both,910,False,0.1473006159067154,0.003,910,0.0,-0.04809412360191345,847.5,773.6145833333334,692.0,30133746.0,2.9053475856781006,2709.9774317741394,3.372760772705078,549d2_00000,0.05889749526977539,6.842593193054199
explore_cycle_3_both,911,False,0.12087083607912064,0.003,911,0.0,0.07719351351261139,809.0,769.1553030303031,721.0,30166766.0,2.9194936752319336,2712.8969254493713,3.4751884937286377,549d2_00000,0.12042272090911865,6.79671573638916
explore_cycle_3_both,912,False,0.12305191904306412,0.003,912,0.0,-0.06971985846757889,874.5,789.3083333333333,736.0,30199881.0,3.0118186473846436,2715.908744096756,2.4187111854553223,549d2_00000,0.1704908013343811,4.977600574493408
explore_cycle_3_both,913,False,0.1317840963602066,0.003,913,0.0,-0.1158694475889206,847.5,792.2578125,695.5,30233000.0,2.9283931255340576,2718.83713722229,2.2976248264312744,549d2_00000,0.16529607772827148,4.827779293060303
explore_cycle_3_both,914,False,0.1380733847618103,0.003,914,0.0,0.031910933554172516,850.0,798.109375,762.5,30266130.0,2.940863609313965,2721.778000831604,2.4710450172424316,549d2_00000,0.324704110622406,4.879096508026123
explore_cycle_3_both,915,False,0.14664193987846375,0.003,915,0.0,0.0011362711666151881,821.0,781.328125,722.5,30299265.0,2.94917368888855,2724.7271745204926,3.044652223587036,549d2_00000,0.17285341024398804,6.087912082672119
explore_cycle_3_both,916,False,0.13641352951526642,0.003,916,0.0,-0.020997878164052963,849.0,811.15,746.5,30332389.0,2.92919659614563,2727.656371116638,3.1129403114318848,549d2_00000,0.07987380027770996,6.26869535446167
explore_cycle_3_both,917,False,0.1465393453836441,0.003,917,0.0,0.013610552065074444,840.0,788.546875,755.0,30365524.0,3.0402820110321045,2730.6966531276703,2.4938271045684814,549d2_00000,0.2246415615081787,4.961312294006348
explore_cycle_3_both,918,False,0.1742076724767685,0.003,918,0.0,-0.05805124714970589,832.0,797.0625,774.0,30398672.0,2.9327392578125,2733.629392385483,2.555046319961548,549d2_00000,0.2620147466659546,5.227240085601807
explore_cycle_3_both,919,False,0.14805257320404053,0.003,919,0.0,0.036686744540929794,853.5,785.49375,735.5,30431803.0,2.925290107727051,2736.55468249321,2.4654295444488525,549d2_00000,0.25048118829727173,4.858373165130615
explore_cycle_3_both,920,False,0.1472121775150299,0.003,920,0.0,-0.056994881480932236,823.5,775.9702380952382,729.0,30464880.0,2.8869645595550537,2739.441647052765,2.4747273921966553,549d2_00000,0.18556416034698486,5.064328193664551
explore_cycle_3_both,921,False,0.15743209421634674,0.003,921,0.0,-0.012019596993923187,851.0,791.296875,736.0,30498006.0,3.0240249633789062,2742.465672016144,2.8520071506500244,549d2_00000,0.23236215114593506,5.728998184204102
explore_cycle_3_both,922,False,0.1324625164270401,0.003,922,0.0,-0.08352991193532944,837.5,781.4208333333333,712.5,30531127.0,2.9477808475494385,2745.4134528636932,1.9759055376052856,549d2_00000,0.19603586196899414,4.119665622711182
explore_cycle_3_both,923,False,0.15581971406936646,0.003,923,0.0,-0.021874286234378815,813.5,795.5492424242424,759.0,30564153.0,2.9962217807769775,2748.40967464447,1.8593026399612427,549d2_00000,0.10386085510253906,3.763288736343384
explore_cycle_3_both,924,False,0.13886424899101257,0.003,924,0.0,-0.009032657369971275,846.0,776.7916666666666,695.5,30597147.0,2.9905993938446045,2751.400274038315,2.0555930137634277,549d2_00000,0.18178021907806396,4.13008451461792
explore_cycle_3_both,925,False,0.16117320954799652,0.003,925,0.0,-0.11667830497026443,828.5,780.78125,726.5,30630263.0,3.086731433868408,2754.4870054721832,2.2069332599639893,549d2_00000,0.186811625957489,4.648190498352051
explore_cycle_3_both,926,False,0.1883520632982254,0.003,926,0.0,-0.032619524747133255,845.5,801.890625,764.5,30663402.0,2.9085748195648193,2757.395580291748,2.497842788696289,549d2_00000,0.25109195709228516,5.0620551109313965
explore_cycle_3_both,927,False,0.14543768763542175,0.003,927,0.0,0.04582799971103668,863.5,798.5833333333333,711.0,30696535.0,2.938586711883545,2760.3341670036316,2.175222396850586,549d2_00000,0.2618119716644287,4.2596611976623535
explore_cycle_3_both,928,False,0.1762254536151886,0.003,928,0.0,0.0375153087079525,829.0,805.578125,762.5,30729658.0,2.959482431411743,2763.2936494350433,2.473119020462036,549d2_00000,0.19342708587646484,4.872264862060547
explore_cycle_3_both,929,False,0.15700028836727142,0.003,929,0.0,-0.02422133833169937,837.0,780.1822916666666,741.5,30762795.0,2.9226722717285156,2766.216321706772,2.3734323978424072,549d2_00000,0.19130533933639526,4.7962493896484375
explore_cycle_3_both,930,False,0.1687527298927307,0.003,930,0.0,0.0664513036608696,824.0,787.609375,729.5,30795942.0,3.029839515686035,2769.246161222458,3.58042311668396,549d2_00000,0.1381482481956482,7.028956890106201
explore_cycle_3_both,931,False,0.1603878289461136,0.003,931,0.0,0.10806842148303986,840.0,790.23125,696.5,30829072.0,2.9463510513305664,2772.1925122737885,3.7995450496673584,549d2_00000,0.1430240273475647,7.383915424346924
explore_cycle_3_both,932,False,0.1567438840866089,0.003,932,0.0,-0.0006667265552096069,837.5,783.8333333333334,695.0,30862171.0,2.933931589126587,2775.126443862915,2.4296956062316895,549d2_00000,0.1939924955368042,4.861664772033691
explore_cycle_3_both,933,False,0.13669364154338837,0.003,933,0.0,0.024633681401610374,836.0,784.2369791666666,715.5,30895301.0,2.940722942352295,2778.0671668052673,2.398719310760498,549d2_00000,0.2300584316253662,4.7489914894104
explore_cycle_3_both,934,False,0.1489841639995575,0.003,934,0.0,0.139648899435997,836.0,777.96875,669.5,30928417.0,3.052711009979248,2781.1198778152466,3.509021759033203,549d2_00000,0.1520087718963623,6.739639759063721
explore_cycle_3_both,935,False,0.16434602439403534,0.003,935,0.0,0.1349726766347885,822.0,799.375,781.0,30961472.0,2.910066604614258,2784.029944419861,3.586897134780884,549d2_00000,0.1901172399520874,6.904835224151611
explore_cycle_3_both,936,False,0.15773464739322662,0.003,936,0.0,-0.022476589307188988,837.0,777.8909090909091,721.0,30994485.0,2.930133581161499,2786.9600780010223,2.7463159561157227,549d2_00000,0.21898764371871948,5.53853178024292
explore_cycle_3_both,937,False,0.14906252920627594,0.003,937,0.0,-0.16036193072795868,839.0,769.4973958333334,704.5,31027607.0,2.9154205322265625,2789.875498533249,2.5443356037139893,549d2_00000,0.36439383029937744,5.410289287567139
explore_cycle_3_both,938,False,0.16133806109428406,0.003,938,0.0,0.13901053369045258,846.5,783.9166666666666,708.0,31060742.0,2.93729829788208,2792.812796831131,4.403986930847168,549d2_00000,0.282598078250885,8.530920028686523
explore_cycle_3_both,939,False,0.15543772280216217,0.003,939,0.0,0.041560929268598557,832.5,795.6666666666666,740.5,31093876.0,3.045426368713379,2795.8582231998444,2.802935838699341,549d2_00000,0.24742358922958374,5.523682594299316
explore_cycle_3_both,940,False,0.130070760846138,0.003,940,0.0,0.04736916720867157,829.5,779.7239583333334,730.0,31127019.0,2.9498257637023926,2798.8080489635468,2.429595470428467,549d2_00000,0.2467159628868103,4.765233993530273
explore_cycle_3_both,941,False,0.14592501521110535,0.003,941,0.0,-0.06238418444991112,848.0,792.4047619047618,751.0,31160136.0,3.0156919956207275,2801.8237409591675,2.834609031677246,549d2_00000,0.1258072853088379,5.794862270355225
explore_cycle_3_both,942,False,0.1401086300611496,0.003,942,0.0,-0.07296426594257355,821.0,795.7692307692307,740.5,31193214.0,2.9834752082824707,2804.80721616745,2.590064525604248,549d2_00000,0.22385960817337036,5.326898574829102
explore_cycle_3_both,943,False,0.11168263107538223,0.003,943,0.0,0.0006530768587253988,837.5,794.171875,708.5,31226340.0,3.143528461456299,2807.9507446289062,3.0217485427856445,549d2_00000,0.3037838935852051,6.042860984802246
explore_cycle_3_both,944,False,0.1358395218849182,0.003,944,0.0,0.022450927644968033,846.0,800.4375,718.0,31259411.0,3.009342670440674,2810.960087299347,3.0373589992523193,549d2_00000,0.13122516870498657,6.030631065368652
explore_cycle_3_both,945,False,0.12661099433898926,0.003,945,0.0,0.04008106142282486,849.5,785.3055555555554,680.5,31292493.0,2.937615394592285,2813.897702693939,2.8496487140655518,549d2_00000,0.29152315855026245,5.6198954582214355
explore_cycle_3_both,946,False,0.12690627574920654,0.003,946,0.0,-0.072822704911232,840.5,788.7807291666667,712.5,31325617.0,2.952014923095703,2816.849717617035,2.653884172439575,549d2_00000,0.11917918920516968,5.454174995422363
explore_cycle_3_both,947,False,0.13226079940795898,0.003,947,0.0,0.023430457338690758,831.0,789.75,691.5,31358672.0,3.1689324378967285,2820.0186500549316,3.2814064025878906,549d2_00000,0.09993034601211548,6.516745567321777
explore_cycle_3_both,948,False,0.11912679672241211,0.003,948,0.0,-0.11618306487798691,803.0,745.5821428571429,680.5,31391749.0,2.9495935440063477,2822.968243598938,2.9035584926605225,549d2_00000,0.2809286117553711,6.040197372436523
explore_cycle_3_both,949,False,0.11301495879888535,0.003,949,0.0,-0.017941001802682877,817.0,766.6848958333333,686.5,31424871.0,2.9599201679229736,2825.928163766861,3.0930097103118896,549d2_00000,0.286502480506897,6.2225799560546875
explore_cycle_3_both,950,False,0.1308663934469223,0.003,950,0.0,-0.10797648131847382,815.5,755.8385416666667,717.0,31458007.0,2.909057378768921,2828.83722114563,3.318368434906006,549d2_00000,0.38918405771255493,6.853475093841553
explore_cycle_3_both,951,False,0.13852140307426453,0.003,951,0.0,0.10046561062335968,826.5,779.90625,702.5,31491144.0,2.909808874130249,2831.74703001976,3.4638376235961914,549d2_00000,0.3066403269767761,6.727575302124023
explore_cycle_3_both,952,False,0.12916654348373413,0.003,952,0.0,0.025467760860919952,839.5,799.484375,722.0,31524285.0,3.051248788833618,2834.7982788085938,2.7275047302246094,549d2_00000,0.164290189743042,5.404849529266357
explore_cycle_3_both,953,False,0.15882694721221924,0.003,953,0.0,-0.027637947350740433,854.5,802.1111111111111,755.5,31557383.0,2.9104793071746826,2837.7087581157684,3.1504805088043213,549d2_00000,0.2546326518058777,6.357189655303955
explore_cycle_3_both,954,False,0.12760329246520996,0.003,954,0.0,0.024588242173194885,843.5,795.6666666666667,694.5,31590530.0,2.9235305786132812,2840.6322886943817,3.149367094039917,549d2_00000,0.29674798250198364,6.2503228187561035
explore_cycle_3_both,955,False,0.1437918096780777,0.003,955,0.0,-0.009143391624093056,870.5,779.3932291666666,704.5,31623636.0,2.943181276321411,2843.575469970703,2.8536970615386963,549d2_00000,0.22912520170211792,5.72654390335083
explore_cycle_3_both,956,False,0.15120477974414825,0.003,956,0.0,0.16611462831497192,850.5,790.828125,662.0,31656774.0,3.0168352127075195,2846.5923051834106,3.933220148086548,549d2_00000,0.26039761304855347,7.535118103027344
explore_cycle_3_both,957,False,0.1253175139427185,0.003,957,0.0,0.01467472780495882,831.5,778.875,698.0,31689904.0,2.9311671257019043,2849.5234723091125,3.6945254802703857,549d2_00000,0.19336670637130737,7.3604536056518555
explore_cycle_3_both,958,False,0.12918448448181152,0.003,958,0.0,-0.016647640615701675,810.0,756.1901041666666,702.0,31723031.0,2.9214608669281006,2852.4449331760406,3.022721767425537,549d2_00000,0.22581392526626587,6.0795135498046875
explore_cycle_3_both,959,False,0.12941940128803253,0.003,959,0.0,0.036264583468437195,872.5,779.2291666666666,697.5,31756087.0,2.8797388076782227,2855.324671983719,2.8562817573547363,549d2_00000,0.30026423931121826,5.640811443328857
explore_cycle_3_both,960,False,0.15135805308818817,0.003,960,0.0,-0.08106352388858795,804.5,760.8473958333333,681.5,31789203.0,2.9443018436431885,2858.268973827362,2.6957645416259766,549d2_00000,0.3169495463371277,5.554563999176025
explore_cycle_3_both,961,False,0.13999255001544952,0.003,961,0.0,-0.0064612203277647495,813.0,763.9635416666667,708.0,31822329.0,3.1004154682159424,2861.369389295578,3.6954708099365234,549d2_00000,0.2548254728317261,7.404703617095947
explore_cycle_3_both,962,False,0.11677472293376923,0.003,962,0.0,0.04307771474123001,808.0,750.9479166666666,717.0,31855468.0,2.9035980701446533,2864.2729873657227,3.2102468013763428,549d2_00000,0.19037771224975586,6.335038661956787
explore_cycle_3_both,963,False,0.1254180371761322,0.003,963,0.0,-0.07365784794092178,855.5,765.5104166666667,697.0,31888605.0,2.9054465293884277,2867.178433895111,2.4150819778442383,549d2_00000,0.17116767168045044,4.978231430053711
explore_cycle_3_both,964,False,0.13934583961963654,0.003,964,0.0,0.09013129025697708,844.0,771.640625,680.5,31921746.0,2.902583360671997,2870.081017255783,3.0255837440490723,549d2_00000,0.29305118322372437,5.87174129486084
explore_cycle_3_both,965,False,0.1604047268629074,0.003,965,0.0,0.09016042202711105,877.0,788.0833333333334,710.0,31954889.0,3.0405118465423584,2873.1215291023254,3.32273268699646,549d2_00000,0.24165743589401245,6.46610689163208
explore_cycle_3_both,966,False,0.12654024362564087,0.003,966,0.0,-0.08936839550733566,803.5,763.4010416666666,724.0,31987990.0,2.889460325241089,2876.0109894275665,2.1812360286712646,549d2_00000,0.3003910779953003,4.54196834564209
explore_cycle_3_both,967,False,0.12579232454299927,0.003,967,0.0,-0.06344619393348694,858.5,784.7648809523808,674.0,32021095.0,2.933215856552124,2878.9442052841187,2.4762611389160156,549d2_00000,0.20756381750106812,5.080169677734375
explore_cycle_3_both,968,False,0.13662861287593842,0.003,968,0.0,-0.007508768234401941,832.5,783.6145833333334,731.5,32054235.0,2.892200469970703,2881.8364057540894,2.4478745460510254,549d2_00000,0.33745336532592773,4.911586284637451
explore_cycle_3_both,969,False,0.15293924510478973,0.003,969,0.0,0.0455223023891449,837.0,772.6640625,711.0,32087361.0,3.045741558074951,2884.8821473121643,3.4854469299316406,549d2_00000,0.16866695880889893,6.880766868591309
explore_cycle_3_both,970,False,0.15726521611213684,0.003,970,0.0,0.04987936466932297,880.5,811.4375,715.0,32120490.0,2.924819231033325,2887.8069665431976,2.8955905437469482,549d2_00000,0.20282894372940063,5.692366123199463
explore_cycle_3_both,971,False,0.10179250687360764,0.003,971,0.0,-0.04862141236662865,820.5,792.0555555555555,759.0,32153500.0,2.897686004638672,2890.7046525478363,3.7445502281188965,549d2_00000,0.20358431339263916,7.586954116821289
explore_cycle_3_both,972,False,0.14701960980892181,0.003,972,0.0,-0.12056180834770203,858.5,781.2041666666667,689.0,32186613.0,2.938464403152466,2893.6431169509888,3.0665881633758545,549d2_00000,0.22764986753463745,6.375182151794434
explore_cycle_3_both,973,False,0.1549948900938034,0.003,973,0.0,0.004894122015684843,829.0,770.1979166666667,729.0,32219745.0,2.9171226024627686,2896.5602395534515,3.513488531112671,549d2_00000,0.2941245436668396,7.018118381500244
explore_cycle_3_both,974,False,0.132151260972023,0.003,974,0.0,0.03957618772983551,820.0,772.3333333333333,700.0,32252880.0,3.054495334625244,2899.614734888077,3.5538783073425293,549d2_00000,0.2316126823425293,7.0293965339660645
explore_cycle_3_both,975,False,0.1424604207277298,0.003,975,0.0,0.07909175008535385,875.0,783.0611111111112,692.5,32285996.0,2.914689779281616,2902.5294246673584,4.353927135467529,549d2_00000,0.25874680280685425,8.550524711608887
explore_cycle_3_both,976,False,0.14619845151901245,0.003,976,0.0,-0.10469020903110504,820.5,766.4947916666666,652.0,32319135.0,2.9189834594726562,2905.448408126831,2.3438711166381836,549d2_00000,0.1931091547012329,4.898000240325928
explore_cycle_3_both,977,False,0.1398003250360489,0.003,977,0.0,-0.03391775116324425,809.5,772.921875,734.0,32352276.0,2.931811809539795,2908.380219936371,2.8817052841186523,549d2_00000,0.16230416297912598,5.832085132598877
explore_cycle_3_both,978,False,0.12302175909280777,0.003,978,0.0,-0.09785597771406174,825.5,772.4,712.5,32385403.0,3.058438301086426,2911.4386582374573,2.8869693279266357,549d2_00000,0.1353188157081604,5.970388412475586
explore_cycle_3_both,979,False,0.12959185242652893,0.003,979,0.0,0.02619326487183571,854.5,779.75,703.0,32418531.0,2.9190642833709717,2914.3577225208282,3.030968189239502,549d2_00000,0.1136465072631836,6.010327339172363
explore_cycle_3_both,980,False,0.12323768436908722,0.003,980,0.0,0.0036177323199808598,851.0,788.1333333333333,720.0,32451647.0,2.9193480014801025,2917.2770705223083,3.5740625858306885,549d2_00000,0.1481705904006958,7.141628742218018
explore_cycle_3_both,981,False,0.13421300053596497,0.003,981,0.0,-0.07228367775678635,827.5,762.2140625000001,647.5,32484764.0,2.927302122116089,2920.2043726444244,2.5476670265197754,549d2_00000,0.16339868307113647,5.240706443786621
explore_cycle_3_both,982,False,0.14848819375038147,0.003,982,0.0,0.08060412108898163,836.5,757.2838541666666,689.0,32517902.0,2.921302318572998,2923.1256749629974,2.9298300743103027,549d2_00000,0.19641423225402832,5.699342727661133
explore_cycle_3_both,983,False,0.11812499165534973,0.003,983,0.0,-0.11409656703472137,810.0,773.4583333333334,751.5,32550818.0,2.9922749996185303,2926.117949962616,2.5288732051849365,549d2_00000,0.2523646950721741,5.286648750305176
explore_cycle_3_both,984,False,0.1385616809129715,0.003,984,0.0,0.18814915418624878,847.0,783.3177083333334,683.0,32583928.0,2.9694771766662598,2929.087427139282,3.456648349761963,549d2_00000,0.16080570220947266,6.537829399108887
explore_cycle_3_both,985,False,0.1474396139383316,0.003,985,0.0,0.15782660245895386,851.0,788.3307291666666,700.0,32617063.0,2.8989155292510986,2931.9863426685333,2.86179780960083,549d2_00000,0.18853020668029785,5.40882682800293
explore_cycle_3_both,986,False,0.11634271591901779,0.003,986,0.0,-0.06082460656762123,819.5,773.53125,733.5,32650199.0,2.9524917602539062,2934.9388344287872,2.4623301029205322,549d2_00000,0.09893876314163208,5.0470075607299805
explore_cycle_3_both,987,False,0.1384185552597046,0.003,987,0.0,0.14398372173309326,830.5,786.4270833333334,688.0,32683333.0,3.044524908065796,2937.983359336853,2.752094030380249,549d2_00000,0.09811729192733765,5.2170515060424805
explore_cycle_3_both,988,False,0.14227323234081268,0.003,988,0.0,-0.012288822792470455,827.0,791.59375,757.5,32716476.0,2.915006637573242,2940.8983659744263,2.661515474319458,549d2_00000,0.20690065622329712,5.3484625816345215
explore_cycle_3_both,989,False,0.14599795639514923,0.003,989,0.0,0.01239058468490839,827.5,784.1875,730.0,32749618.0,2.9025886058807373,2943.800954580307,2.6720163822174072,549d2_00000,0.17894518375396729,5.320127964019775
explore_cycle_3_both,990,False,0.12264607101678848,0.003,990,0.0,0.02080427296459675,807.5,782.5625,752.0,32782770.0,2.9277431964874268,2946.7286977767944,2.29494571685791,549d2_00000,0.13720059394836426,4.5490193367004395
explore_cycle_3_both,991,False,0.14889627695083618,0.003,991,0.0,-0.05822043493390083,837.5,798.15625,745.5,32815893.0,3.1113197803497314,2949.840017557144,2.540567398071289,549d2_00000,0.11311513185501099,5.1984686851501465
explore_cycle_3_both,992,False,0.14594803750514984,0.003,992,0.0,0.1246349960565567,822.5,761.0944444444445,686.0,32848985.0,2.95029878616333,2952.7903163433075,2.5150210857391357,549d2_00000,0.1262223720550537,4.7816481590271
explore_cycle_3_both,993,False,0.14466388523578644,0.003,993,0.0,0.10342368483543396,863.5,774.1947916666667,688.0,32882101.0,2.9593584537506104,2955.749674797058,3.0089378356933594,549d2_00000,0.2243683934211731,5.811896324157715
explore_cycle_3_both,994,False,0.1281844824552536,0.003,994,0.0,0.030039416626095772,844.5,784.5714285714286,716.0,32915195.0,2.9240176677703857,2958.6736924648285,2.8920705318450928,549d2_00000,0.20784133672714233,5.7248311042785645
explore_cycle_3_both,995,False,0.14540188014507294,0.003,995,0.0,0.09809380024671555,848.5,797.675,730.0,32948206.0,2.9907429218292236,2961.6644353866577,2.8283309936523438,549d2_00000,0.14938390254974365,5.4613471031188965
explore_cycle_3_both,996,False,0.11495471745729446,0.003,996,0.0,-0.055273979902267456,849.5,796.3177083333333,711.5,32981314.0,3.068023681640625,2964.7324590682983,2.1652615070343018,549d2_00000,0.15902280807495117,4.441761016845703
explore_cycle_3_both,997,False,0.12727022171020508,0.003,997,0.0,0.0024833776988089085,836.5,782.2369791666666,727.0,33014447.0,2.902717113494873,2967.635176181793,2.1378233432769775,549d2_00000,0.1952810287475586,4.2714433670043945
explore_cycle_3_both,998,False,0.14151792228221893,0.003,998,0.0,0.04355444759130478,841.5,787.4869791666666,733.5,33047585.0,2.9384913444519043,2970.573667526245,3.062638998031616,549d2_00000,0.09958982467651367,6.039017677307129
explore_cycle_3_both,999,False,0.15131503343582153,0.003,999,0.0,0.08492651581764221,848.0,796.7682291666667,732.0,33080719.0,2.9551758766174316,2973.5288434028625,2.4937596321105957,549d2_00000,0.25145500898361206,4.818573951721191
explore_cycle_3_both,1000,False,0.17242224514484406,0.003,1000,0.0,-0.04000135511159897,855.0,804.3392857142857,762.5,33113820.0,3.0340983867645264,2976.562941789627,2.3683719635009766,549d2_00000,0.2453552484512329,4.8177809715271
explore_cycle_3_both,1001,False,0.12165094166994095,0.003,1001,0.0,-0.12886732816696167,844.0,788.5,724.5,33146962.0,2.9329147338867188,2979.495856523514,2.095050811767578,549d2_00000,0.13502132892608643,4.448566436767578
explore_cycle_3_both,1002,False,0.1416742205619812,0.003,1002,0.0,-0.08087897300720215,835.0,796.90625,739.0,33180114.0,2.8992459774017334,2982.3951025009155,2.1738219261169434,549d2_00000,0.32062041759490967,4.510251998901367
explore_cycle_3_both,1003,False,0.1538335531949997,0.003,1003,0.0,0.014175225980579853,853.5,798.7291666666667,736.5,33213233.0,2.936784029006958,2985.3318865299225,2.3568055629730225,549d2_00000,0.2413339614868164,4.686183452606201
explore_cycle_3_both,1004,False,0.1542760729789734,0.003,1004,0.0,-0.05263651907444,833.5,793.0722222222223,745.5,33246347.0,3.0210373401641846,2988.3529238700867,2.344717025756836,549d2_00000,0.17530882358551025,4.795632839202881
explore_cycle_3_both,1005,False,0.16056081652641296,0.003,1005,0.0,-0.025462143123149872,832.0,788.5729166666666,731.5,33279469.0,3.0750503540039062,2991.4279742240906,2.244337320327759,549d2_00000,0.2148514986038208,4.540562629699707
explore_cycle_3_both,1006,False,0.14840497076511383,0.003,1006,0.0,0.0480927899479866,859.5,805.5178571428571,741.5,33312563.0,2.9222054481506348,2994.350179672241,2.609971046447754,549d2_00000,0.12677544355392456,5.12464714050293
explore_cycle_3_both,1007,False,0.14229749143123627,0.003,1007,0.0,0.03558735549449921,860.0,806.2722222222222,760.5,33345662.0,3.0182602405548096,2997.368439912796,2.9462296962738037,549d2_00000,0.17245078086853027,5.82213830947876
explore_cycle_3_both,1008,False,0.1389075368642807,0.003,1008,0.0,0.07380224019289017,856.0,800.3140625,743.0,33378773.0,3.0286831855773926,3000.3971230983734,2.72849178314209,549d2_00000,0.13673317432403564,5.310212135314941
explore_cycle_3_both,1009,False,0.14886987209320068,0.003,1009,0.0,0.15125972032546997,845.0,788.6875,735.0,33411902.0,3.0916619300842285,3003.4887850284576,3.188619375228882,549d2_00000,0.15304547548294067,6.0756120681762695
explore_cycle_3_both,1010,False,0.1435336321592331,0.003,1010,0.0,-0.03566478192806244,848.0,804.6770833333333,734.5,33445045.0,2.9481232166290283,3006.4369082450867,2.7536678314208984,549d2_00000,0.16210365295410156,5.579525947570801
explore_cycle_3_both,1011,False,0.16760843992233276,0.003,1011,0.0,0.06724876910448074,880.0,814.15625,745.5,33478180.0,2.9681036472320557,3009.4050118923187,3.4099533557891846,549d2_00000,0.26175928115844727,6.686415195465088
explore_cycle_3_both,1012,False,0.14327597618103027,0.003,1012,0.0,-0.0044466713443398476,843.0,774.25,692.5,33511304.0,3.032716751098633,3012.4377286434174,2.6541919708251953,549d2_00000,0.14562922716140747,5.318136692047119
explore_cycle_3_both,1013,False,0.15095779299736023,0.003,1013,0.0,-0.008706186898052692,810.0,766.265625,736.5,33544445.0,2.9220473766326904,3015.35977602005,2.968168258666992,549d2_00000,0.22401225566864014,5.954654693603516
explore_cycle_3_both,1014,False,0.15411925315856934,0.003,1014,0.0,-0.07519722729921341,793.0,775.7045454545455,746.5,33577505.0,3.0078139305114746,3018.3675899505615,2.734964370727539,549d2_00000,0.05661439895629883,5.621248245239258
explore_cycle_3_both,1015,False,0.13741974532604218,0.003,1015,0.0,-0.17002110183238983,848.0,793.3098958333334,749.5,33610624.0,2.9450340270996094,3021.312623977661,2.1365134716033936,549d2_00000,0.17032665014266968,4.613893508911133
explore_cycle_3_both,1016,False,0.11444686353206635,0.003,1016,0.0,0.0790092721581459,860.5,797.0388888888889,726.0,33643733.0,2.8910858631134033,3024.2037098407745,2.5846962928771973,549d2_00000,0.16701263189315796,5.012061595916748
explore_cycle_3_both,1017,False,0.13261659443378448,0.003,1017,0.0,0.04780711233615875,859.5,800.171875,746.5,33676852.0,2.9400618076324463,3027.143771648407,2.7772135734558105,549d2_00000,0.10313522815704346,5.459609031677246
explore_cycle_3_both,1018,False,0.13649697601795197,0.003,1018,0.0,0.058453310281038284,846.0,783.7333333333333,721.0,33709977.0,3.027858257293701,3030.1716299057007,2.92431902885437,549d2_00000,0.21695339679718018,5.732550621032715
explore_cycle_3_both,1019,False,0.11538691818714142,0.003,1019,0.0,0.01283295825123787,844.0,797.825,767.5,33743093.0,2.955352544784546,3033.1269824504852,2.9059054851531982,549d2_00000,0.20208919048309326,5.786837100982666
explore_cycle_3_both,1020,False,0.12149140238761902,0.003,1020,0.0,0.02758215181529522,829.0,787.2869791666666,718.0,33776210.0,2.939631462097168,3036.0666139125824,2.3937244415283203,549d2_00000,0.22849833965301514,4.73301362991333
explore_cycle_3_both,1021,False,0.1258339285850525,0.003,1021,0.0,-0.06389353424310684,840.0,792.9479166666667,750.5,33809337.0,2.956897497177124,3039.0235114097595,2.327432155609131,549d2_00000,0.20643717050552368,4.783405780792236
explore_cycle_3_both,1022,False,0.14266161620616913,0.003,1022,0.0,0.019175341352820396,840.5,793.2864583333334,756.0,33842484.0,3.0358493328094482,3042.059360742569,2.4776253700256348,549d2_00000,0.16572415828704834,4.917755603790283
explore_cycle_3_both,1023,False,0.1450677514076233,0.003,1023,0.0,0.05348655581474304,879.0,793.0625,737.0,33875618.0,2.9287664890289307,3044.988127231598,3.5176801681518555,549d2_00000,0.19917726516723633,6.929257869720459
explore_cycle_3_both,1024,False,0.12851925194263458,0.003,1024,0.0,0.06609460711479187,830.5,777.640625,726.5,33908739.0,2.9534382820129395,3047.941565513611,2.5539944171905518,549d2_00000,0.18946552276611328,4.9765706062316895
explore_cycle_3_both,1025,False,0.1357022523880005,0.003,1025,0.0,0.08596394956111908,805.5,768.2083333333334,699.5,33941881.0,2.9132161140441895,3050.854781627655,2.974468231201172,549d2_00000,0.14383083581924438,5.777822971343994
explore_cycle_3_both,1026,False,0.1381901055574417,0.003,1026,0.0,-0.018827492371201515,831.0,797.8160714285714,757.5,33974976.0,2.9038326740264893,3053.7586143016815,2.8527097702026367,549d2_00000,0.1662922501564026,5.743903160095215
explore_cycle_3_both,1027,False,0.16179826855659485,0.003,1027,0.0,0.11822909116744995,822.5,795.8653846153846,755.0,34008040.0,3.0200343132019043,3056.7786486148834,2.8917436599731445,549d2_00000,0.15375709533691406,5.548000335693359
explore_cycle_3_both,1028,False,0.1409386694431305,0.003,1028,0.0,-0.09384866803884506,852.0,789.946875,731.0,34041165.0,2.9436964988708496,3059.7223451137543,1.9535388946533203,549d2_00000,0.14559930562973022,4.095620632171631
explore_cycle_3_both,1029,False,0.13887466490268707,0.003,1029,0.0,-0.1297387182712555,845.5,784.0104166666667,726.0,34074286.0,2.951143503189087,3062.6734886169434,2.044924259185791,549d2_00000,0.2403789758682251,4.350159645080566
explore_cycle_3_both,1030,False,0.13459016382694244,0.003,1030,0.0,0.002895025536417961,816.5,778.3541666666666,742.0,34107345.0,2.9106643199920654,3065.5841529369354,2.3226070404052734,549d2_00000,0.18023180961608887,4.640231609344482
explore_cycle_3_both,1031,False,0.14659184217453003,0.003,1031,0.0,0.05274553969502449,832.0,788.4661458333334,710.5,34140471.0,3.076082706451416,3068.660235643387,2.3485212326049805,549d2_00000,0.1392742395401001,4.59243106842041
explore_cycle_3_both,1032,False,0.14719292521476746,0.003,1032,0.0,-0.04324985668063164,832.5,776.0052083333334,741.5,34173597.0,2.9286444187164307,3071.5888800621033,2.216623306274414,549d2_00000,0.09551256895065308,4.520629405975342
explore_cycle_3_both,1033,False,0.15375687181949615,0.003,1033,0.0,0.012316538952291012,838.5,796.8619791666667,728.0,34206726.0,2.964585542678833,3074.553465604782,2.564607620239258,549d2_00000,0.07222497463226318,5.105504989624023
explore_cycle_3_both,1034,False,0.12224205583333969,0.003,1034,0.0,0.07367151230573654,829.0,793.6,763.5,34239850.0,2.9062883853912354,3077.4597539901733,2.056203842163086,549d2_00000,0.18474137783050537,3.9657981395721436
explore_cycle_3_both,1035,False,0.12685538828372955,0.003,1035,0.0,0.06818122416734695,842.5,795.0729166666666,708.0,34272982.0,2.9191079139709473,3080.3788619041443,2.968700408935547,549d2_00000,0.17536401748657227,5.801799297332764
explore_cycle_3_both,1036,False,0.13652513921260834,0.003,1036,0.0,-0.014998340979218483,848.0,785.234375,742.0,34306122.0,3.050539493560791,3083.429401397705,2.0865895748138428,549d2_00000,0.1987701654434204,4.203995227813721
explore_cycle_3_both,1037,False,0.1302240788936615,0.003,1037,0.0,-0.05614699423313141,802.0,753.34375,712.5,34339273.0,2.911229133605957,3086.340630531311,2.624727249145508,549d2_00000,0.27589142322540283,5.362530708312988
explore_cycle_3_both,1038,False,0.1332540661096573,0.003,1038,0.0,-0.15246327221393585,823.0,788.8703125,751.0,34372411.0,2.91865611076355,3089.2592866420746,2.087578296661377,549d2_00000,0.16952407360076904,4.48088264465332
explore_cycle_3_both,1039,False,0.12532927095890045,0.003,1039,0.0,0.0027982229366898537,851.0,807.8942307692307,771.0,34405480.0,2.9005510807037354,3092.1598377227783,3.1174845695495605,549d2_00000,0.19874286651611328,6.2301249504089355
explore_cycle_3_both,1040,False,0.14179611206054688,0.003,1040,0.0,-0.021888865157961845,850.5,779.9671875,729.5,34438590.0,3.0739662647247314,3095.233803987503,2.72977614402771,549d2_00000,0.24014413356781006,5.504180908203125
explore_cycle_3_both,1041,False,0.13215908408164978,0.003,1041,0.0,0.0731029212474823,822.5,793.3697916666666,746.0,34471720.0,2.9463601112365723,3098.1801640987396,2.7214834690093994,549d2_00000,0.19770467281341553,5.297553539276123
explore_cycle_3_both,1042,False,0.11289630085229874,0.003,1042,0.0,-0.1010022833943367,820.0,804.5,783.5,34504641.0,2.8940255641937256,3101.0741896629333,2.0293383598327637,549d2_00000,0.225902259349823,4.26135778427124
explore_cycle_3_both,1043,False,0.13666032254695892,0.003,1043,0.0,-0.0013978786300867796,834.5,803.5625,740.0,34537762.0,2.939302444458008,3104.0134921073914,2.3600142002105713,549d2_00000,0.08864879608154297,4.723643779754639
explore_cycle_3_both,1044,False,0.12053710222244263,0.003,1044,0.0,-0.0026123656425625086,848.0,799.0223958333333,735.0,34570891.0,3.044896364212036,3107.0583884716034,2.548332691192627,549d2_00000,0.13032734394073486,5.1026129722595215
explore_cycle_3_both,1045,False,0.13519828021526337,0.003,1045,0.0,0.043641626834869385,864.5,798.3385416666666,708.5,34604019.0,2.9689433574676514,3110.027331829071,2.3014397621154785,549d2_00000,0.14612740278244019,4.516407489776611
explore_cycle_3_both,1046,False,0.1475508213043213,0.003,1046,0.0,-0.05511951446533203,840.0,785.953125,698.5,34637164.0,2.915980100631714,3112.9433119297028,2.4192771911621094,549d2_00000,0.08923685550689697,4.949678421020508
explore_cycle_3_both,1047,False,0.1716979444026947,0.003,1047,0.0,-0.0722825676202774,842.5,784.5651041666667,738.0,34670302.0,2.9404995441436768,3115.8838114738464,2.962730646133423,549d2_00000,0.12255746126174927,6.071055889129639
explore_cycle_3_both,1048,False,0.15194101631641388,0.003,1048,0.0,0.013483189977705479,821.0,764.765625,710.5,34703442.0,2.9406626224517822,3118.824474096298,2.49706768989563,549d2_00000,0.20306259393692017,4.968080520629883
explore_cycle_3_both,1049,False,0.15072986483573914,0.003,1049,0.0,-0.0813184380531311,821.0,780.4583333333334,737.5,34736592.0,3.10351300239563,3121.927987098694,2.412524938583374,549d2_00000,0.11733019351959229,4.988591194152832
explore_cycle_3_both,1050,False,0.1605270653963089,0.003,1050,0.0,0.019295068457722664,835.0,783.1216666666667,737.5,34769698.0,3.0390172004699707,3124.967004299164,2.1788368225097656,549d2_00000,0.15085291862487793,4.320047378540039
explore_cycle_3_both,1051,False,0.14415040612220764,0.003,1051,0.0,0.00504902470856905,834.5,797.2375,766.0,34802725.0,2.895702838897705,3127.8627071380615,2.484548807144165,549d2_00000,0.11149579286575317,4.959864139556885
explore_cycle_3_both,1052,False,0.14552582800388336,0.003,1052,0.0,-0.0034219217486679554,841.0,780.1901041666666,721.5,34835836.0,2.955040454864502,3130.817747592926,2.194945812225342,549d2_00000,0.28796082735061646,4.397608280181885
explore_cycle_3_both,1053,False,0.14749544858932495,0.003,1053,0.0,0.0602530837059021,841.5,805.015625,730.5,34868967.0,3.040168046951294,3133.8579156398773,2.567979574203491,549d2_00000,0.1371901035308838,5.016337871551514
explore_cycle_3_both,1054,False,0.14036868512630463,0.003,1054,0.0,-0.04302582889795303,839.0,765.6111111111111,722.0,34901958.0,2.859248638153076,3136.7171642780304,2.6480884552001953,549d2_00000,0.03360992670059204,5.383070945739746
explore_cycle_3_both,1055,False,0.14507243037223816,0.003,1055,0.0,0.053689323365688324,816.5,776.578125,715.5,34935081.0,3.0171120166778564,3139.7342762947083,3.097268581390381,549d2_00000,0.17847490310668945,6.088028907775879
explore_cycle_3_both,1056,False,0.1356600522994995,0.003,1056,0.0,-0.03603413701057434,865.0,792.6479166666667,727.5,34968204.0,2.930210828781128,3142.6644871234894,2.3624072074890137,549d2_00000,0.16707909107208252,4.797697067260742
explore_cycle_3_both,1057,False,0.12236301600933075,0.003,1057,0.0,0.04876614734530449,834.0,768.0442708333334,699.5,35001335.0,2.9241127967834473,3145.588599920273,2.4127767086029053,549d2_00000,0.2552773356437683,4.728755950927734
explore_cycle_3_both,1058,False,0.14564578235149384,0.003,1058,0.0,-0.07395397871732712,831.0,796.3802083333334,753.5,35034475.0,3.03320574760437,3148.621805667877,2.373965263366699,549d2_00000,0.290242075920105,4.896712303161621
explore_cycle_3_both,1059,False,0.13909654319286346,0.003,1059,0.0,-0.008284885436296463,839.5,809.551282051282,763.5,35067550.0,2.927576780319214,3151.5493824481964,2.2770402431488037,549d2_00000,0.2772161364555359,4.5714850425720215
explore_cycle_3_both,1060,False,0.13120131194591522,0.003,1060,0.0,0.0312701016664505,819.5,794.703125,751.5,35100689.0,2.9319286346435547,3154.48131108284,2.3323259353637695,549d2_00000,0.15639197826385498,4.602899074554443
explore_cycle_3_both,1061,False,0.1324545443058014,0.003,1061,0.0,0.025696195662021637,838.5,786.28125,734.5,35133840.0,2.88883900642395,3157.370150089264,2.6641647815704346,549d2_00000,0.1907651424407959,5.277731895446777
explore_cycle_3_both,1062,False,0.1472032517194748,0.003,1062,0.0,0.0320717878639698,852.0,785.5833333333334,728.0,35166963.0,3.1055490970611572,3160.475699186325,2.785717725753784,549d2_00000,0.2272084355354309,5.508174419403076
explore_cycle_3_both,1063,False,0.15431827306747437,0.003,1063,0.0,-0.10751894861459732,836.0,805.0984848484849,769.5,35199991.0,2.914351463317871,3163.390050649643,2.3272414207458496,549d2_00000,0.22282689809799194,4.87044620513916
explore_cycle_3_both,1064,False,0.13616856932640076,0.003,1064,0.0,-0.03535158559679985,854.0,797.4713541666666,717.5,35233107.0,2.941667079925537,3166.3317177295685,2.809330940246582,549d2_00000,0.15253591537475586,5.690182685852051
explore_cycle_3_both,1065,False,0.13823066651821136,0.003,1065,0.0,0.01372448354959488,850.0,799.796875,755.0,35266239.0,2.9056830406188965,3169.2374007701874,3.0560808181762695,549d2_00000,0.1300269365310669,6.085541725158691
explore_cycle_3_both,1066,False,0.14058315753936768,0.003,1066,0.0,-0.043741375207901,832.0,808.75,770.0,35299296.0,2.9233241081237793,3172.160724878311,2.200199604034424,549d2_00000,0.18242967128753662,4.488725185394287
explore_cycle_3_both,1067,False,0.13851171731948853,0.003,1067,0.0,0.06141911447048187,851.5,784.0052083333334,728.5,35332422.0,3.074897289276123,3175.2356221675873,3.066828489303589,549d2_00000,0.19388669729232788,6.011650085449219
explore_cycle_3_both,1068,False,0.1467602699995041,0.003,1068,0.0,-0.019831949844956398,836.0,789.4140625,740.0,35365543.0,3.056687593460083,3178.2923097610474,2.603966236114502,549d2_00000,0.26220548152923584,5.248476982116699
explore_cycle_3_both,1069,False,0.1445048749446869,0.003,1069,0.0,0.13552580773830414,833.5,791.6614583333334,741.0,35398675.0,2.9420485496520996,3181.2343583106995,3.1738102436065674,549d2_00000,0.11067622900009155,6.0774359703063965
explore_cycle_3_both,1070,False,0.1659812033176422,0.003,1070,0.0,0.11716827750205994,865.0,808.671875,754.5,35431818.0,2.9112892150878906,3184.1456475257874,3.4922077655792236,549d2_00000,0.1680828332901001,6.751075267791748
explore_cycle_3_both,1071,False,0.14609484374523163,0.003,1071,0.0,-0.03296371176838875,881.0,788.7708333333334,754.0,35464961.0,3.0317907333374023,3187.1774382591248,2.32804012298584,549d2_00000,0.254177987575531,4.722884178161621
explore_cycle_3_both,1072,False,0.16597780585289001,0.003,1072,0.0,0.08488333225250244,830.5,787.078125,749.5,35498102.0,2.9221293926239014,3190.0995676517487,3.2587740421295166,549d2_00000,0.1413043737411499,6.348777770996094
explore_cycle_3_both,1073,False,0.146184504032135,0.003,1073,0.0,-0.05183114483952522,856.0,812.0,737.0,35531207.0,2.989993095397949,3193.0895607471466,2.0781586170196533,549d2_00000,0.13219094276428223,4.260857105255127
explore_cycle_3_both,1074,False,0.1552056074142456,0.003,1074,0.0,-0.015370048582553864,829.0,782.5354166666666,724.0,35564330.0,2.9066288471221924,3195.996189594269,2.418165445327759,549d2_00000,0.14564096927642822,4.868002414703369
explore_cycle_3_both,1075,False,0.17558185756206512,0.003,1075,0.0,0.05425400286912918,830.5,787.4166666666666,725.5,35597400.0,3.0056514739990234,3199.001841068268,2.955477476119995,549d2_00000,0.12661147117614746,5.803500175476074
explore_cycle_3_both,1076,False,0.15770260989665985,0.003,1076,0.0,0.04702094942331314,848.5,770.4375,691.5,35630517.0,2.99646258354187,3201.9983036518097,3.109103202819824,549d2_00000,0.17216533422470093,6.1251115798950195
explore_cycle_3_both,1077,False,0.16005513072013855,0.003,1077,0.0,0.01402570866048336,846.0,785.5055555555555,720.0,35663631.0,2.9432854652404785,3204.94158911705,3.0189902782440186,549d2_00000,0.21086812019348145,6.010889053344727
explore_cycle_3_both,1078,False,0.13071206212043762,0.003,1078,0.0,0.06480884552001953,854.0,812.3958333333334,769.0,35696681.0,2.921952247619629,3207.86354136467,2.9483394622802734,549d2_00000,0.152238667011261,5.767845630645752
explore_cycle_3_both,1079,False,0.13124854862689972,0.003,1079,0.0,0.16937702894210815,847.5,787.8880208333333,728.0,35729805.0,2.9393227100372314,3210.802864074707,3.3737974166870117,549d2_00000,0.12638461589813232,6.409627914428711
explore_cycle_3_both,1080,False,0.1255636215209961,0.003,1080,0.0,-0.10598406940698624,835.0,788.8229166666666,736.5,35762931.0,3.0482497215270996,3213.851113796234,2.439539909362793,549d2_00000,0.230255126953125,5.091801166534424
explore_cycle_3_both,1081,False,0.17646469175815582,0.003,1081,0.0,0.02306404896080494,827.0,781.9895833333334,703.5,35796067.0,2.944068431854248,3216.7951822280884,3.3085215091705322,549d2_00000,0.07368046045303345,6.571974277496338
explore_cycle_3_both,1082,False,0.13484735786914825,0.003,1082,0.0,0.09936779737472534,857.0,788.28125,732.5,35829204.0,2.9427216053009033,3219.7379038333893,3.352216958999634,549d2_00000,0.037407636642456055,6.506507873535156
explore_cycle_3_both,1083,False,0.16196349263191223,0.003,1083,0.0,0.16801010072231293,822.0,774.5677083333334,712.0,35862349.0,2.909092903137207,3222.6469967365265,3.92348313331604,549d2_00000,0.19210684299468994,7.5119171142578125
explore_cycle_3_both,1084,False,0.14368152618408203,0.003,1084,0.0,-0.00632048724219203,842.5,799.46875,747.0,35895490.0,3.0411126613616943,3225.688109397888,3.345496892929077,549d2_00000,0.1590401530265808,6.70449686050415
explore_cycle_3_both,1085,False,0.1302262544631958,0.003,1085,0.0,0.011782357469201088,833.5,791.375,728.5,35928642.0,2.9027175903320312,3228.59082698822,2.8773891925811768,549d2_00000,0.11393189430236816,5.731995105743408
explore_cycle_3_both,1086,False,0.15311181545257568,0.003,1086,0.0,-0.004192905966192484,821.5,765.1895833333333,715.5,35961770.0,2.9411840438842773,3231.5320110321045,3.3397533893585205,549d2_00000,0.0055980682373046875,6.688811302185059
explore_cycle_3_both,1087,False,0.13004210591316223,0.003,1087,0.0,-0.06782026588916779,806.5,778.4625,729.5,35994856.0,2.929117441177368,3234.461128473282,2.907317876815796,549d2_00000,0.14359229803085327,5.951056003570557
explore_cycle_3_both,1088,False,0.15395021438598633,0.003,1088,0.0,-0.11252789199352264,836.0,760.7760416666667,720.5,36027975.0,2.9230620861053467,3237.384190559387,2.6532745361328125,549d2_00000,0.20663982629776,5.532528400421143
explore_cycle_3_both,1089,False,0.12061742693185806,0.003,1089,0.0,-0.030899064615368843,842.0,794.1111111111112,762.5,36061022.0,3.0337836742401123,3240.4179742336273,2.5277464389801025,549d2_00000,0.31440919637680054,5.118015289306641
explore_cycle_3_both,1090,False,0.15024372935295105,0.003,1090,0.0,0.013259654864668846,836.5,786.0984848484849,719.0,36094043.0,2.925792932510376,3243.3437671661377,2.888826608657837,549d2_00000,0.2354908585548401,5.752036094665527
explore_cycle_3_both,1091,False,0.13009290397167206,0.003,1091,0.0,-0.09262694418430328,835.5,785.9119791666667,717.5,36127170.0,2.9397664070129395,3246.2835335731506,2.4327449798583984,549d2_00000,0.20006108283996582,5.051524639129639
explore_cycle_3_both,1092,False,0.15797993540763855,0.003,1092,0.0,0.09669777005910873,826.5,773.1536458333333,727.5,36160295.0,2.9414782524108887,3249.2250118255615,3.6617724895477295,549d2_00000,0.14005964994430542,7.131096839904785
explore_cycle_3_both,1093,False,0.15361285209655762,0.003,1093,0.0,0.07510378211736679,826.5,784.7388888888889,721.5,36193409.0,3.05033278465271,3252.2753446102142,3.3362770080566406,549d2_00000,0.2301132082939148,6.52326774597168
explore_cycle_3_both,1094,False,0.13220007717609406,0.003,1094,0.0,-0.02305750921368599,824.0,781.0338541666666,723.5,36226547.0,2.934293031692505,3255.2096376419067,2.3519363403320312,549d2_00000,0.1681939959526062,4.750782012939453
explore_cycle_3_both,1095,False,0.13442955911159515,0.003,1095,0.0,-0.04475383087992668,838.5,771.125,728.0,36259690.0,2.950620174407959,3258.1602578163147,2.8131847381591797,549d2_00000,0.18413501977920532,5.716684341430664
explore_cycle_3_both,1096,False,0.13661256432533264,0.003,1096,0.0,-0.12200748920440674,809.5,769.8020833333334,713.0,36292831.0,2.941693067550659,3261.1019508838654,2.353177070617676,549d2_00000,0.20251691341400146,4.951189041137695
explore_cycle_3_both,1097,False,0.13616512715816498,0.003,1097,0.0,0.03396429494023323,823.5,780.2564102564103,742.5,36325912.0,3.032808303833008,3264.1347591876984,2.6787431240081787,549d2_00000,0.10236465930938721,5.290375232696533
explore_cycle_3_both,1098,False,0.13906151056289673,0.003,1098,0.0,-0.014459103345870972,826.5,775.9984375,683.0,36359015.0,2.9406850337982178,3267.0754442214966,2.679762601852417,549d2_00000,-0.0005323886871337891,5.389278411865234
explore_cycle_3_both,1099,False,0.15271441638469696,0.003,1099,0.0,-0.07927923649549484,832.5,774.1234375,712.0,36392142.0,2.9390392303466797,3270.0144834518433,2.8781790733337402,549d2_00000,0.1725478172302246,5.91583251953125
explore_cycle_3_both,1100,False,0.14519424736499786,0.003,1100,0.0,-0.1449858844280243,817.0,765.9296875,702.0,36425266.0,2.9365549087524414,3272.9510383605957,2.538283109664917,549d2_00000,0.17470431327819824,5.3674092292785645
explore_cycle_3_both,1101,False,0.15271702408790588,0.003,1101,0.0,-0.0748094692826271,808.5,770.3666666666666,728.5,36458270.0,2.904543876647949,3275.8555822372437,2.370549201965332,549d2_00000,0.3024224042892456,4.891633987426758
explore_cycle_3_both,1102,False,0.16163820028305054,0.003,1102,0.0,0.029758557677268982,827.0,776.2916666666666,726.0,36491312.0,3.03806734085083,3278.8936495780945,2.1056594848632812,549d2_00000,0.2949913740158081,4.152771472930908
explore_cycle_3_both,1103,False,0.14496923983097076,0.003,1103,0.0,0.07532818615436554,832.0,784.0369791666667,735.5,36524437.0,2.9407529830932617,3281.8344025611877,2.329505681991577,549d2_00000,0.12351685762405396,4.509224891662598
explore_cycle_3_both,1104,False,0.17740686237812042,0.003,1104,0.0,-0.009829453192651272,848.0,785.8046875,728.0,36557563.0,2.9540038108825684,3284.7884063720703,2.823476552963257,549d2_00000,0.20913314819335938,5.6676764488220215
explore_cycle_3_both,1105,False,0.16283808648586273,0.003,1105,0.0,0.06656646728515625,828.5,780.8020833333334,735.0,36590697.0,2.9175219535827637,3287.705928325653,2.2060294151306152,549d2_00000,0.06229829788208008,4.279902458190918
explore_cycle_3_both,1106,False,0.181166410446167,0.003,1106,0.0,0.11012504249811172,826.0,787.5,737.5,36623817.0,3.051288604736328,3290.7572169303894,2.404788017272949,549d2_00000,0.2245522141456604,4.5904130935668945
explore_cycle_3_both,1107,False,0.1520797461271286,0.003,1107,0.0,-0.05825316533446312,834.5,798.328125,765.5,36656959.0,2.9204437732696533,3293.677660703659,2.411301851272583,549d2_00000,0.2019864320755005,4.9400224685668945
explore_cycle_3_both,1108,False,0.165159672498703,0.003,1108,0.0,-0.008288105018436909,834.0,795.015625,743.5,36690103.0,2.928741931915283,3296.6064026355743,2.4280505180358887,549d2_00000,0.19358301162719727,4.873668193817139
explore_cycle_3_both,1109,False,0.15611723065376282,0.003,1109,0.0,0.07579509913921356,817.0,762.7708333333333,677.5,36723246.0,2.9079957008361816,3299.5143983364105,2.798860549926758,549d2_00000,0.2159966230392456,5.447067737579346
explore_cycle_3_both,1110,False,0.15636956691741943,0.003,1110,0.0,0.004194386303424835,844.0,782.2444444444445,738.5,36756328.0,2.9179985523223877,3302.432396888733,2.358232021331787,549d2_00000,0.30825144052505493,4.709012985229492
explore_cycle_3_both,1111,False,0.16707855463027954,0.003,1111,0.0,0.07763049006462097,821.5,784.2270833333333,741.5,36789388.0,3.022744655609131,3305.455141544342,2.384810209274292,549d2_00000,0.19284188747406006,4.61536169052124
explore_cycle_3_both,1112,False,0.13378477096557617,0.003,1112,0.0,0.06996487081050873,828.0,780.8489583333333,721.5,36822513.0,2.98453426361084,3308.439675807953,2.6327710151672363,549d2_00000,0.16642379760742188,5.126414775848389
explore_cycle_3_both,1113,False,0.135598823428154,0.003,1113,0.0,-0.07369966059923172,852.0,793.0384615384615,756.5,36855586.0,2.9517884254455566,3311.3914642333984,2.235867977142334,549d2_00000,0.19934707880020142,4.6199493408203125
explore_cycle_3_both,1114,False,0.1465558111667633,0.003,1114,0.0,-0.0835428535938263,845.5,796.4409722222223,739.0,36888631.0,2.912231683731079,3314.3036959171295,2.9181573390960693,549d2_00000,0.18970102071762085,6.0042805671691895
explore_cycle_3_both,1115,False,0.15083587169647217,0.003,1115,0.0,0.07099691033363342,828.5,780.2484375,733.0,36921747.0,3.0388875007629395,3317.3425834178925,2.3196158409118652,549d2_00000,0.14161169528961182,4.498142719268799
explore_cycle_3_both,1116,False,0.1633065789937973,0.003,1116,0.0,0.020966334268450737,840.5,785.421875,749.5,36954877.0,2.9484028816223145,3320.2909862995148,2.3842830657958984,549d2_00000,0.19773274660110474,4.72761344909668
explore_cycle_3_both,1117,False,0.1590392291545868,0.003,1117,0.0,-0.09034880250692368,822.5,794.9947916666667,730.5,36988013.0,2.9745240211486816,3323.2655103206635,2.423253297805786,549d2_00000,0.043115973472595215,5.028158664703369
explore_cycle_3_both,1118,False,0.14947135746479034,0.003,1118,0.0,-0.017037350684404373,850.0,790.3928571428571,727.5,37021108.0,2.9462196826934814,3326.211730003357,2.539642572402954,549d2_00000,0.11944204568862915,5.114256858825684
explore_cycle_3_both,1119,False,0.14349886775016785,0.003,1119,0.0,0.0638531744480133,843.0,805.046875,758.5,37054254.0,3.0498180389404297,3329.2615480422974,3.1454012393951416,549d2_00000,0.144581139087677,6.163957118988037
explore_cycle_3_both,1120,False,0.13742870092391968,0.003,1120,0.0,0.06572502106428146,862.0,800.0222222222221,752.0,37087373.0,2.890976905822754,3332.15252494812,3.221736431121826,549d2_00000,0.21744215488433838,6.312847137451172
explore_cycle_3_both,1121,False,0.15477867424488068,0.003,1121,0.0,-0.030480563640594482,841.5,795.5178571428571,755.5,37120468.0,2.899409055709839,3335.05193400383,2.824181318283081,549d2_00000,0.15714794397354126,5.71025276184082
explore_cycle_3_both,1122,False,0.13869547843933105,0.003,1122,0.0,0.0376862958073616,835.5,786.1119791666667,724.5,37153594.0,2.9571423530578613,3338.009076356888,2.996387481689453,549d2_00000,0.18688201904296875,5.918233871459961
explore_cycle_3_both,1123,False,0.1372024118900299,0.003,1123,0.0,-0.07985322922468185,839.5,786.3567708333334,728.5,37186724.0,2.9256064891815186,3340.9346828460693,2.464844226837158,549d2_00000,0.14225679636001587,5.0902180671691895
explore_cycle_3_both,1124,False,0.1407914012670517,0.003,1124,0.0,0.009361551143229008,827.0,764.0703125,718.0,37219855.0,3.0551674365997314,3343.989850282669,2.0261991024017334,549d2_00000,0.1903378963470459,4.034519672393799
explore_cycle_3_both,1125,False,0.1272895783185959,0.003,1125,0.0,0.07435717433691025,885.0,774.0,719.5,37252996.0,2.9137823581695557,3346.9036326408386,2.7145633697509766,549d2_00000,0.21826469898223877,5.281176567077637
explore_cycle_3_both,1126,False,0.13797730207443237,0.003,1126,0.0,0.15478414297103882,854.5,793.7777777777778,743.5,37286040.0,2.898206949234009,3349.8018395900726,3.5161211490631104,549d2_00000,0.28399211168289185,6.723502159118652
explore_cycle_3_both,1127,False,0.131426602602005,0.003,1127,0.0,0.008157110773026943,828.0,781.2244791666667,704.0,37319158.0,2.975494384765625,3352.7773339748383,2.7235708236694336,549d2_00000,0.1751149296760559,5.431615829467773
explore_cycle_3_both,1128,False,0.1292693316936493,0.003,1128,0.0,-0.08852050453424454,873.0,791.6510416666666,737.5,37352290.0,3.1023387908935547,3355.879672765732,2.310161828994751,549d2_00000,0.08227390050888062,4.798140525817871
explore_cycle_3_both,1129,False,0.1372356414794922,0.003,1129,0.0,0.0871749222278595,818.0,770.4166666666667,721.5,37385428.0,2.9282567501068115,3358.8079295158386,2.676527500152588,549d2_00000,0.2653079628944397,5.179528713226318
explore_cycle_3_both,1130,False,0.1505858153104782,0.003,1130,0.0,0.048310261219739914,826.5,783.2447916666666,739.0,37418568.0,2.92033052444458,3361.728260040283,2.6746973991394043,549d2_00000,0.29453760385513306,5.253677845001221
explore_cycle_3_both,1131,False,0.13615944981575012,0.003,1131,0.0,0.04476374760270119,846.5,788.328125,748.0,37451712.0,2.954349994659424,3364.6826100349426,2.9092252254486084,549d2_00000,0.3016320466995239,5.729740142822266
explore_cycle_3_both,1132,False,0.15748253464698792,0.003,1132,0.0,0.03609014302492142,844.0,800.0666666666667,753.5,37484834.0,2.9283151626586914,3367.6109251976013,3.5073492527008057,549d2_00000,0.2005501389503479,6.9434638023376465
explore_cycle_3_both,1133,False,0.16648529469966888,0.003,1133,0.0,0.034477557986974716,829.0,779.40625,743.5,37517978.0,3.1347768306732178,3370.7457020282745,3.2726099491119385,549d2_00000,0.18043828010559082,6.477264404296875
explore_cycle_3_both,1134,False,0.14818096160888672,0.003,1134,0.0,-0.04833431541919708,883.0,794.2916666666667,749.0,37551100.0,2.9281070232391357,3373.6738090515137,2.134887456893921,549d2_00000,0.12258744239807129,4.3673319816589355
explore_cycle_3_both,1135,False,0.14723451435565948,0.003,1135,0.0,-0.14531442523002625,829.0,783.4739583333334,733.5,37584230.0,2.914064884185791,3376.5878739356995,2.3062055110931396,549d2_00000,0.16628479957580566,4.903923511505127
explore_cycle_3_both,1136,False,0.13183701038360596,0.003,1136,0.0,0.19399875402450562,818.0,786.3333333333334,745.0,37617341.0,3.00732684135437,3379.595200777054,3.0131373405456543,549d2_00000,0.3143202066421509,5.639068126678467
explore_cycle_3_both,1137,False,0.12200349569320679,0.003,1137,0.0,0.002331496449187398,841.5,776.8020833333334,734.5,37650478.0,3.1156888008117676,3382.7108895778656,2.646557092666626,549d2_00000,0.1856222152709961,5.289183616638184
explore_cycle_3_both,1138,False,0.13841979205608368,0.003,1138,0.0,-0.04605843499302864,853.5,786.5902777777778,721.0,37683524.0,3.013317108154297,3385.72420668602,2.7966160774230957,549d2_00000,0.23016202449798584,5.6861796379089355
explore_cycle_3_both,1139,False,0.14644436538219452,0.003,1139,0.0,-0.027582377195358276,874.5,802.4895833333333,740.0,37716641.0,2.9273321628570557,3388.651538848877,2.073016405105591,549d2_00000,0.1742956042289734,4.202075958251953
explore_cycle_3_both,1140,False,0.13961666822433472,0.003,1140,0.0,0.08779574930667877,835.5,790.4027777777778,754.5,37749754.0,2.918952226638794,3391.5704910755157,2.68210768699646,549d2_00000,0.2443314790725708,5.1894612312316895
explore_cycle_3_both,1141,False,0.1463659703731537,0.003,1141,0.0,-0.09021871536970139,835.5,778.09375,723.5,37782891.0,3.147385597229004,3394.7178766727448,2.1927759647369385,549d2_00000,0.18692326545715332,4.566866874694824
explore_cycle_3_both,1142,False,0.13893309235572815,0.003,1142,0.0,-0.09195946156978607,825.0,773.234375,720.0,37816027.0,2.9285964965820312,3397.646473169327,2.0643701553344727,549d2_00000,0.07477080821990967,4.313492774963379
explore_cycle_3_both,1143,False,0.13391783833503723,0.003,1143,0.0,0.049214188009500504,829.0,776.515625,712.0,37849174.0,2.924161195755005,3400.570634365082,2.6544852256774902,549d2_00000,0.101523756980896,5.211345195770264
explore_cycle_3_both,1144,False,0.12789367139339447,0.003,1144,0.0,-0.09411755949258804,849.0,810.5208333333334,761.5,37882318.0,2.885117292404175,3403.455751657486,2.2387490272521973,549d2_00000,0.1710544228553772,4.666499614715576
explore_cycle_3_both,1145,False,0.14734406769275665,0.003,1145,0.0,0.022385181859135628,843.5,805.7666666666667,734.5,37915442.0,2.901381731033325,3406.3571333885193,2.5045056343078613,549d2_00000,0.2148154377937317,4.96512508392334
explore_cycle_3_both,1146,False,0.1486060619354248,0.003,1146,0.0,0.04281427711248398,844.0,799.1802083333334,727.0,37948555.0,3.058901786804199,3409.4160351753235,2.8252134323120117,549d2_00000,0.22080105543136597,5.565690517425537
explore_cycle_3_both,1147,False,0.13822388648986816,0.003,1147,0.0,-0.1305246204137802,840.0,787.8694444444445,742.5,37981664.0,2.945380449295044,3412.3614156246185,2.3243408203125,549d2_00000,0.20958095788955688,4.910560131072998
explore_cycle_3_both,1148,False,0.11371560394763947,0.003,1148,0.0,-0.07588016986846924,826.0,782.5972222222223,748.0,38014708.0,2.903272867202759,3415.2646884918213,2.7875537872314453,549d2_00000,0.12122172117233276,5.727550506591797
explore_cycle_3_both,1149,False,0.1400429904460907,0.003,1149,0.0,-0.044828835874795914,856.5,792.5357142857143,730.5,38047835.0,2.9767086505889893,3418.2413971424103,3.1238999366760254,549d2_00000,0.06884831190109253,6.338297367095947
explore_cycle_3_both,1150,False,0.1659696400165558,0.003,1150,0.0,-0.027924109250307083,869.0,769.1875,718.0,38080892.0,3.0164456367492676,3421.2578427791595,3.3360414505004883,549d2_00000,0.1617310643196106,6.728926658630371
explore_cycle_3_both,1151,False,0.13084736466407776,0.003,1151,0.0,0.02614707313477993,863.0,787.9453125,723.0,38114008.0,2.9350333213806152,3424.19287610054,2.4871773719787598,549d2_00000,0.17864751815795898,4.922845363616943
explore_cycle_3_both,1152,False,0.1449965387582779,0.003,1152,0.0,-0.054495349526405334,853.0,804.5722222222222,765.0,38147114.0,2.9313290119171143,3427.1242051124573,2.3975021839141846,549d2_00000,0.15867489576339722,4.904865264892578
explore_cycle_3_both,1153,False,0.1396702080965042,0.003,1153,0.0,-0.021900711581110954,869.0,780.6796875,696.0,38180255.0,2.9306859970092773,3430.0548911094666,2.642706871032715,549d2_00000,0.1800990104675293,5.330052852630615
explore_cycle_3_both,1154,False,0.1360110193490982,0.003,1154,0.0,0.09411314874887466,865.5,790.8125,740.0,38213391.0,2.923771858215332,3432.978662967682,2.6892356872558594,549d2_00000,0.13508564233779907,5.191061973571777
explore_cycle_3_both,1155,False,0.1409665048122406,0.003,1155,0.0,0.08020678907632828,830.5,790.6875,750.0,38246539.0,3.0082764625549316,3435.986939430237,2.8108558654785156,549d2_00000,0.1631445288658142,5.462143898010254
explore_cycle_3_both,1156,False,0.14971530437469482,0.003,1156,0.0,-0.06288507580757141,824.5,772.7135416666666,725.5,38279682.0,2.907322645187378,3438.894262075424,2.6377668380737305,549d2_00000,0.15571212768554688,5.402202129364014
explore_cycle_3_both,1157,False,0.14082381129264832,0.003,1157,0.0,0.1511632800102234,874.0,799.859375,738.5,38312832.0,2.9179935455322266,3441.8122556209564,3.1091575622558594,549d2_00000,0.17729943990707397,5.916833400726318
explore_cycle_3_both,1158,False,0.13459737598896027,0.003,1158,0.0,0.07837239652872086,857.0,796.2463541666667,738.5,38345938.0,2.9124321937561035,3444.7246878147125,2.793046236038208,549d2_00000,0.14413565397262573,5.430155277252197
explore_cycle_3_both,1159,False,0.15527456998825073,0.003,1159,0.0,0.07369943708181381,863.0,810.5222222222221,752.5,38379049.0,3.0063698291778564,3447.7310576438904,3.1207823753356934,549d2_00000,0.15019077062606812,6.095097541809082
explore_cycle_3_both,1160,False,0.15563170611858368,0.003,1160,0.0,-0.05301978811621666,847.5,784.1363636363636,721.0,38412073.0,2.9225962162017822,3450.653653860092,2.2533631324768066,549d2_00000,0.13085663318634033,4.613699913024902
explore_cycle_3_both,1161,False,0.12225938588380814,0.003,1161,0.0,-0.05888321250677109,847.0,792.1964285714286,708.0,38445155.0,2.9411094188690186,3453.594763278961,2.5369341373443604,549d2_00000,0.1490229368209839,5.192368507385254
explore_cycle_3_both,1162,False,0.14974990487098694,0.003,1162,0.0,-0.02706260047852993,859.0,809.4722222222223,729.5,38478277.0,2.907926082611084,3456.5026893615723,3.0084288120269775,549d2_00000,0.18686461448669434,6.071881294250488
explore_cycle_3_both,1163,False,0.12576264142990112,0.003,1163,0.0,0.0270722433924675,851.0,786.3135416666667,706.5,38511392.0,3.08488130569458,3459.587570667267,2.580928325653076,549d2_00000,0.23207563161849976,5.1084675788879395
explore_cycle_3_both,1164,False,0.16063830256462097,0.003,1164,0.0,0.009159964509308338,854.5,799.5651041666666,750.5,38544523.0,2.9049675464630127,3462.49253821373,2.7878336906433105,549d2_00000,0.12496805191040039,5.558311462402344
explore_cycle_3_both,1165,False,0.11424431204795837,0.003,1165,0.0,-0.10576307773590088,823.0,784.3666666666667,735.5,38577645.0,2.9045825004577637,3465.3971207141876,2.328930377960205,549d2_00000,0.06435030698776245,4.870072364807129
explore_cycle_3_both,1166,False,0.11815456300973892,0.003,1166,0.0,-0.022063300013542175,866.5,803.8125,729.5,38610782.0,2.8882951736450195,3468.2854158878326,2.7796149253845215,549d2_00000,0.11616826057434082,5.604065895080566
explore_cycle_3_both,1167,False,0.1418699324131012,0.003,1167,0.0,0.06265191733837128,840.0,800.3125,751.0,38643931.0,2.8935165405273438,3471.17893242836,3.203810214996338,549d2_00000,0.2416921854019165,6.283168315887451
explore_cycle_3_both,1168,False,0.14099308848381042,0.003,1168,0.0,0.0147349638864398,858.0,786.296875,728.5,38677069.0,3.0595545768737793,3474.2384870052338,3.3914871215820312,549d2_00000,0.12812882661819458,6.754350662231445
explore_cycle_3_both,1169,False,0.12156322598457336,0.003,1169,0.0,-0.02504882961511612,822.5,778.9333333333333,718.0,38710196.0,2.906892776489258,3477.145379781723,2.478485584259033,549d2_00000,0.09631210565567017,5.007798671722412
explore_cycle_3_both,1170,False,0.11934081465005875,0.003,1170,0.0,0.029764564707875252,852.0,793.875,735.5,38743306.0,2.9376819133758545,3480.083061695099,2.4863011837005615,549d2_00000,0.2165311574935913,4.913788795471191
explore_cycle_3_both,1171,False,0.13146653771400452,0.003,1171,0.0,0.10301881283521652,861.0,778.2166666666667,704.5,38776417.0,2.973325490951538,3483.0563871860504,3.5816142559051514,549d2_00000,0.06736332178115845,6.957980155944824
explore_cycle_3_both,1172,False,0.13099153339862823,0.003,1172,0.0,0.027514558285474777,834.0,783.6190476190476,745.5,38809506.0,3.045377254486084,3486.1017644405365,2.482943534851074,549d2_00000,0.2198447585105896,4.911643981933594
explore_cycle_3_both,1173,False,0.12925294041633606,0.003,1173,0.0,0.041464678943157196,829.0,781.3416666666667,709.5,38842639.0,2.946733236312866,3489.0484976768494,3.1163926124572754,549d2_00000,0.09337913990020752,6.150631427764893
explore_cycle_3_both,1174,False,0.15287424623966217,0.003,1174,0.0,0.005070282146334648,850.5,796.6166666666667,714.5,38875755.0,2.9551596641540527,3492.0036573410034,2.196897506713867,549d2_00000,0.2937208414077759,4.384571552276611
explore_cycle_3_both,1175,False,0.15381167829036713,0.003,1175,0.0,-0.0005447299918159842,864.5,797.7953124999999,717.0,38908875.0,3.0332672595977783,3495.036924600601,2.832214117050171,549d2_00000,0.1020432710647583,5.666440963745117
explore_cycle_3_both,1176,False,0.1343126744031906,0.003,1176,0.0,-0.017290223389863968,838.5,789.6770833333333,705.0,38942003.0,2.940490245819092,3497.9774148464203,2.951421022415161,549d2_00000,0.236710786819458,5.938228130340576
explore_cycle_3_both,1177,False,0.1330631673336029,0.003,1177,0.0,-0.008008250035345554,848.5,803.6071428571429,764.5,38975108.0,3.0149641036987305,3500.992378950119,2.3260233402252197,549d2_00000,0.21086305379867554,4.6688618659973145
explore_cycle_3_both,1178,False,0.13308344781398773,0.003,1178,0.0,-0.027899228036403656,860.0,786.5729166666666,726.0,39008245.0,2.91776180267334,3503.9101407527924,2.259333848953247,549d2_00000,0.2522892355918884,4.575264930725098
explore_cycle_3_both,1179,False,0.15371495485305786,0.003,1179,0.0,0.03490115702152252,821.5,784.859375,749.0,39041393.0,2.920236825942993,3506.8303775787354,2.969644546508789,549d2_00000,0.11747568845748901,5.87040901184082
explore_cycle_3_both,1180,False,0.1378169059753418,0.003,1180,0.0,0.02164728194475174,860.5,808.078125,746.5,39074528.0,2.994555950164795,3509.8249335289,2.4878652095794678,549d2_00000,0.08545476198196411,4.933262348175049
explore_cycle_3_both,1181,False,0.1286924034357071,0.003,1181,0.0,-0.001252948772162199,833.5,795.4653846153846,741.5,39107596.0,3.0099430084228516,3512.834876537323,2.610264539718628,549d2_00000,0.18469524383544922,5.223807334899902
explore_cycle_3_both,1182,False,0.12083075940608978,0.003,1182,0.0,0.03134460374712944,839.5,781.5,686.5,39140648.0,2.925203800201416,3515.7600803375244,2.9008936882019043,549d2_00000,0.2041056752204895,5.739823341369629
explore_cycle_3_both,1183,False,0.13650786876678467,0.003,1183,0.0,-0.09044588357210159,845.0,786.0583333333333,708.5,39173758.0,2.9936330318450928,3518.7537133693695,2.261599063873291,549d2_00000,0.19976985454559326,4.704908847808838
explore_cycle_3_both,1184,False,0.14824330806732178,0.003,1184,0.0,0.0791068896651268,871.5,797.90625,704.0,39206888.0,2.9161536693573,3521.669867038727,2.3439173698425293,549d2_00000,0.21906286478042603,4.530510425567627
explore_cycle_3_both,1185,False,0.1361216902732849,0.003,1185,0.0,0.12751562893390656,875.0,766.125,690.0,39240003.0,2.929319381713867,3524.5991864204407,2.6157240867614746,549d2_00000,0.11244183778762817,4.977232933044434
explore_cycle_3_both,1186,False,0.128028005361557,0.003,1186,0.0,0.05725693702697754,833.5,783.838888888889,744.0,39273117.0,3.1157407760620117,3527.7149271965027,2.382240056991577,549d2_00000,0.1377825140953064,4.6507344245910645
explore_cycle_3_both,1187,False,0.13993875682353973,0.003,1187,0.0,-0.016827000305056572,831.5,783.2510416666667,724.5,39306240.0,2.9418563842773438,3530.65678358078,2.7867379188537598,549d2_00000,0.12275803089141846,5.607969760894775
explore_cycle_3_both,1188,False,0.11816299706697464,0.003,1188,0.0,0.04180895537137985,845.5,782.84375,739.5,39339370.0,2.9466936588287354,3533.6034772396088,2.62107515335083,549d2_00000,0.1171727180480957,5.159241199493408
explore_cycle_3_both,1189,False,0.12677490711212158,0.003,1189,0.0,0.01459286268800497,847.0,800.65,737.5,39372518.0,2.8879263401031494,3536.491403579712,2.776799440383911,549d2_00000,0.23094570636749268,5.525173664093018
explore_cycle_3_both,1190,False,0.11685966700315475,0.003,1190,0.0,0.020719964057207108,883.0,813.4322916666666,746.0,39405658.0,3.061006546020508,3539.5524101257324,2.7547662258148193,549d2_00000,0.11016547679901123,5.468793869018555
explore_cycle_3_both,1191,False,0.1272512972354889,0.003,1191,0.0,0.09666387736797333,837.5,798.65,743.0,39438780.0,2.9299583435058594,3542.4823684692383,2.9764935970306396,549d2_00000,0.32040125131607056,5.760423183441162
explore_cycle_3_both,1192,False,0.12272264808416367,0.003,1192,0.0,0.037953976541757584,825.5,787.9947916666666,743.5,39471920.0,2.9258763790130615,3545.4082448482513,2.467125654220581,549d2_00000,0.27649837732315063,4.859079360961914
explore_cycle_3_both,1193,False,0.13120593130588531,0.003,1193,0.0,-0.10816800594329834,859.0,780.9901041666667,702.5,39505050.0,2.922715425491333,3548.3309602737427,2.543062210083008,549d2_00000,0.24130243062973022,5.303247451782227
explore_cycle_3_both,1194,False,0.12890703976154327,0.003,1194,0.0,0.06840590387582779,872.0,791.7403846153846,704.0,39538107.0,3.058755874633789,3551.3897161483765,2.928091526031494,549d2_00000,0.2400243878364563,5.720145225524902
explore_cycle_3_both,1195,False,0.12226181477308273,0.003,1195,0.0,0.01841680519282818,848.5,782.3237179487179,718.5,39571174.0,2.9195523262023926,3554.309268474579,3.2667412757873535,549d2_00000,0.18006157875061035,6.497382164001465
explore_cycle_3_both,1196,False,0.13056667149066925,0.003,1196,0.0,-0.007537493947893381,845.0,777.0703125,691.0,39604296.0,3.0450260639190674,3557.354294538498,2.9933063983917236,549d2_00000,0.14611142873764038,6.002471446990967
explore_cycle_3_both,1197,False,0.12511233985424042,0.003,1197,0.0,-0.011733210645616055,833.0,793.2333333333333,758.0,39637419.0,2.9364354610443115,3560.2907299995422,2.6814911365509033,549d2_00000,0.26831477880477905,5.387199878692627
explore_cycle_3_both,1198,False,0.11365888267755508,0.003,1198,0.0,-0.18292345106601715,854.5,775.2194444444444,702.5,39670526.0,2.944533586502075,3563.2352635860443,1.9893163442611694,549d2_00000,0.3665638566017151,4.3451619148254395
explore_cycle_3_both,1199,False,0.11283322423696518,0.003,1199,0.0,-0.007129200268536806,890.5,805.5277777777777,736.5,39703631.0,3.0284910202026367,3566.263754606247,2.1770882606506348,549d2_00000,0.13102179765701294,4.369112014770508
explore_cycle_3_both,1200,False,0.1198173314332962,0.003,1200,0.0,0.05805209279060364,817.0,767.5885416666666,709.5,39736760.0,2.910980224609375,3569.1747348308563,2.8417978286743164,549d2_00000,0.25678980350494385,5.568210601806641
explore_cycle_3_both,1201,False,0.132783904671669,0.003,1201,0.0,0.03654532879590988,833.5,775.765625,707.5,39769906.0,3.0217442512512207,3572.1964790821075,3.060025453567505,549d2_00000,0.2109673023223877,6.047757148742676
explore_cycle_3_both,1202,False,0.11528521776199341,0.003,1202,0.0,-0.0998629555106163,853.5,793.9114583333334,747.5,39803045.0,3.0565710067749023,3575.2530500888824,2.296034812927246,549d2_00000,0.2955518960952759,4.792487144470215
explore_cycle_3_both,1203,False,0.12333248555660248,0.003,1203,0.0,0.05748605728149414,870.0,794.671875,712.5,39836189.0,3.039853572845459,3578.292903661728,2.802032470703125,549d2_00000,0.1593790054321289,5.489832878112793
explore_cycle_3_both,1204,False,0.13937710225582123,0.003,1204,0.0,-0.03940734267234802,850.5,797.828125,739.5,39869336.0,2.885772705078125,3581.178676366806,2.388561964035034,549d2_00000,0.13097959756851196,4.85677433013916
explore_cycle_3_both,1205,False,0.1291286051273346,0.003,1205,0.0,-0.04019737243652344,832.0,783.9364583333333,717.5,39902452.0,3.045832872390747,3584.224509239197,2.3943300247192383,549d2_00000,0.0693134069442749,4.8698296546936035
explore_cycle_3_both,1206,False,0.13065733015537262,0.003,1206,0.0,0.10188198834657669,810.0,780.3825757575756,732.5,39935471.0,2.927194356918335,3587.151703596115,2.6285109519958496,549d2_00000,0.2300756573677063,5.054042339324951
explore_cycle_3_both,1207,False,0.12085521966218948,0.003,1207,0.0,-0.08755934983491898,851.5,786.7041666666667,675.0,39968465.0,2.9487838745117188,3590.100487470627,2.2924249172210693,549d2_00000,0.16813397407531738,4.760693550109863
explore_cycle_3_both,1208,False,0.13024574518203735,0.003,1208,0.0,-0.05420949310064316,869.0,791.046875,711.0,40001584.0,3.0450756549835205,3593.1455631256104,2.699213981628418,549d2_00000,0.08026200532913208,5.507628440856934
explore_cycle_3_both,1209,False,0.1271524727344513,0.003,1209,0.0,0.05929001793265343,873.0,781.3958333333334,734.5,40034642.0,2.87310791015625,3596.0186710357666,2.484281063079834,549d2_00000,0.04914456605911255,4.85074520111084
explore_cycle_3_both,1210,False,0.1455053985118866,0.003,1210,0.0,0.02263990230858326,872.0,797.8255208333334,727.0,40067770.0,2.949733257293701,3598.9684042930603,2.815101146697998,549d2_00000,0.17675447463989258,5.585795879364014
explore_cycle_3_both,1211,False,0.13552360236644745,0.003,1211,0.0,0.07509931176900864,842.5,801.9791666666667,766.5,40100872.0,2.9476733207702637,3601.9160776138306,2.975813388824463,549d2_00000,0.2201540470123291,5.802241802215576
explore_cycle_3_both,1212,False,0.15016837418079376,0.003,1212,0.0,-0.008005867712199688,846.5,783.3020833333334,738.0,40134007.0,3.047698974609375,3604.96377658844,2.5160269737243652,549d2_00000,0.22344142198562622,5.048966884613037
explore_cycle_3_both,1213,False,0.14339476823806763,0.003,1213,0.0,0.01574670895934105,849.5,799.4375,736.5,40167151.0,2.903489589691162,3607.867266178131,2.929114580154419,549d2_00000,0.20817136764526367,5.827596187591553
explore_cycle_3_both,1214,False,0.12273474782705307,0.003,1214,0.0,-0.035031989216804504,829.5,792.0625,738.5,40200293.0,2.9098520278930664,3610.777118206024,2.7598681449890137,549d2_00000,0.19739806652069092,5.590537071228027
explore_cycle_3_both,1215,False,0.12345418334007263,0.003,1215,0.0,-0.023304853588342667,823.0,771.0625,725.5,40233433.0,2.925743818283081,3613.7028620243073,2.590578556060791,549d2_00000,0.3065539002418518,5.228507995605469
explore_cycle_3_both,1216,False,0.13056525588035583,0.003,1216,0.0,0.06409930437803268,835.5,803.703125,745.5,40266559.0,3.035597085952759,3616.73845911026,2.8307857513427734,549d2_00000,0.2092965841293335,5.534156799316406
explore_cycle_3_both,1217,False,0.10693414509296417,0.003,1217,0.0,-0.07412563264369965,860.5,771.659375,687.0,40299671.0,2.924428701400757,3619.6628878116608,2.5643396377563477,549d2_00000,0.2652614712715149,5.277573108673096
explore_cycle_3_both,1218,False,0.14447346329689026,0.003,1218,0.0,-0.06940139085054398,827.5,768.3030303030304,701.0,40332695.0,2.921032428741455,3622.583920240402,2.717029094696045,549d2_00000,0.17583608627319336,5.573728084564209
explore_cycle_3_both,1219,False,0.11923076212406158,0.003,1219,0.0,0.026438817381858826,829.0,767.7121212121211,720.0,40365712.0,2.9075520038604736,3625.4914722442627,3.0414321422576904,549d2_00000,0.13789361715316772,6.030702114105225
explore_cycle_3_both,1220,False,0.12815694510936737,0.003,1220,0.0,0.15753336250782013,830.5,787.7291666666667,741.0,40398832.0,2.9356932640075684,3628.4271655082703,3.201319456100464,549d2_00000,0.23473691940307617,6.08834171295166
explore_cycle_3_both,1221,False,0.10092274844646454,0.003,1221,0.0,-0.0968414694070816,837.5,791.111111111111,737.5,40431887.0,3.004333019256592,3631.431498527527,2.3300318717956543,549d2_00000,0.18438881635665894,4.854351997375488
explore_cycle_3_both,1222,False,0.09128311276435852,0.003,1222,0.0,-0.13339541852474213,857.5,779.8567708333333,738.5,40465015.0,2.9339094161987305,3634.3654079437256,2.116711378097534,549d2_00000,0.17011481523513794,4.50076150894165
explore_cycle_3_both,1223,False,0.13019400835037231,0.003,1223,0.0,0.04671859368681908,876.0,772.8239583333334,711.5,40498136.0,2.946983575820923,3637.3123915195465,2.9372000694274902,549d2_00000,0.06233930587768555,5.78174352645874
explore_cycle_3_both,1224,False,0.1440264880657196,0.003,1224,0.0,0.027225373312830925,891.5,811.1488095238095,770.0,40531230.0,2.902876853942871,3640.2152683734894,3.5195014476776123,549d2_00000,0.23190712928771973,6.985416412353516
explore_cycle_3_both,1225,False,0.10346617549657822,0.003,1225,0.0,-0.05390171706676483,821.5,795.671875,757.5,40564372.0,3.041339874267578,3643.256608247757,2.4468865394592285,549d2_00000,0.31189465522766113,5.002197742462158
explore_cycle_3_both,1226,False,0.11445023119449615,0.003,1226,0.0,0.021480154246091843,815.5,782.75,739.5,40597517.0,2.915818214416504,3646.1724264621735,3.1579854488372803,549d2_00000,0.2849891185760498,6.2736968994140625
explore_cycle_3_both,1227,False,0.12500759959220886,0.003,1227,0.0,0.0016202210681512952,829.0,770.2760416666667,701.0,40630652.0,2.918255567550659,3649.090682029724,3.581821918487549,549d2_00000,0.15791600942611694,7.1611528396606445
explore_cycle_3_both,1228,False,0.1297113299369812,0.003,1228,0.0,-0.014258389361202717,845.5,783.2666666666667,690.5,40663754.0,2.9026999473571777,3651.9933819770813,3.1077587604522705,549d2_00000,0.23894935846328735,6.244812488555908
explore_cycle_3_both,1229,False,0.16941362619400024,0.003,1229,0.0,0.027048515155911446,838.5,764.1144444444445,685.5,40696846.0,2.901038408279419,3654.8944203853607,3.116013526916504,549d2_00000,0.1669887900352478,6.178946018218994
explore_cycle_3_both,1230,False,0.11626271158456802,0.003,1230,0.0,-0.13876764476299286,863.5,812.1011904761905,732.5,40729940.0,3.0552637577056885,3657.9496841430664,2.310420036315918,549d2_00000,0.17462235689163208,4.899073123931885
explore_cycle_3_both,1231,False,0.10931062698364258,0.003,1231,0.0,-0.03050035424530506,855.0,791.4910714285714,710.0,40763026.0,2.953742742538452,3660.903426885605,2.876983880996704,549d2_00000,0.153664231300354,5.8156232833862305
explore_cycle_3_both,1232,False,0.13639847934246063,0.003,1232,0.0,-0.0025616146158427,836.0,771.8359375,705.0,40796148.0,2.9604196548461914,3663.863846540451,2.711939573287964,549d2_00000,0.27258986234664917,5.429820537567139
explore_cycle_3_both,1233,False,0.11778144538402557,0.003,1233,0.0,0.01027633249759674,864.0,809.1388888888888,725.0,40829200.0,2.9322855472564697,3666.7961320877075,2.5666956901550293,549d2_00000,0.12433677911758423,5.113545894622803
explore_cycle_3_both,1234,False,0.12214289605617523,0.003,1234,0.0,-0.06871063262224197,824.5,784.3098958333334,719.0,40862327.0,3.1300339698791504,3669.9261660575867,2.446230411529541,549d2_00000,0.21937066316604614,5.030614376068115
explore_cycle_3_both,1235,False,0.11640121787786484,0.003,1235,0.0,-0.09030036628246307,826.0,784.9395833333333,702.0,40895454.0,2.9469220638275146,3672.873088121414,2.320958375930786,549d2_00000,0.192987859249115,4.823216915130615
explore_cycle_3_both,1236,False,0.11940354108810425,0.003,1236,0.0,0.0693560540676117,855.0,771.2611111111111,672.0,40928568.0,2.9399430751800537,3675.8130311965942,2.906773567199707,549d2_00000,0.16403967142105103,5.675551414489746
explore_cycle_3_both,1237,False,0.13923102617263794,0.003,1237,0.0,0.01904408633708954,811.5,761.9791666666666,731.0,40961713.0,3.0026025772094727,3678.8156337738037,2.800739049911499,549d2_00000,0.08055990934371948,5.564226150512695
explore_cycle_3_both,1238,False,0.12787924706935883,0.003,1238,0.0,-0.0529787577688694,817.0,785.422619047619,732.0,40994836.0,3.0301008224487305,3681.8457345962524,2.116971254348755,549d2_00000,0.41712522506713867,4.340666770935059
explore_cycle_3_both,1239,False,0.1298249512910843,0.003,1239,0.0,0.047603823244571686,829.0,771.296875,726.0,41027970.0,2.93684720993042,3684.782581806183,3.0032365322113037,549d2_00000,0.2890242338180542,5.912043571472168
explore_cycle_3_both,1240,False,0.12693509459495544,0.003,1240,0.0,0.01753649115562439,812.0,763.609375,730.0,41061117.0,2.913717031478882,3687.6962988376617,2.958193302154541,549d2_00000,0.1137428879737854,5.88207483291626
explore_cycle_3_both,1241,False,0.12457604706287384,0.003,1241,0.0,-0.012512339279055595,836.5,789.1651041666667,730.5,41094234.0,2.9275121688842773,3690.623811006546,2.531949043273926,549d2_00000,0.1457492709159851,5.089670658111572
explore_cycle_3_both,1242,False,0.12372336536645889,0.003,1242,0.0,0.011865537613630295,834.0,781.9702380952382,682.0,41127308.0,2.905113458633423,3693.5289244651794,2.753908157348633,549d2_00000,0.11620175838470459,5.484827518463135
explore_cycle_3_both,1243,False,0.1321643739938736,0.003,1243,0.0,-0.026919400319457054,836.0,773.2552083333333,669.5,41160432.0,3.05623459815979,3696.5851590633392,2.3848772048950195,549d2_00000,0.28216123580932617,4.824386119842529
explore_cycle_3_both,1244,False,0.12293428927659988,0.003,1244,0.0,0.0294346883893013,856.5,785.9791666666667,717.0,41193561.0,2.9731853008270264,3699.5583443641663,2.537327527999878,549d2_00000,0.15511953830718994,5.016523838043213
explore_cycle_3_both,1245,False,0.11261725425720215,0.003,1245,0.0,-0.04815692454576492,848.5,771.4166666666666,707.5,41226614.0,2.9032974243164062,3702.4616417884827,2.2665793895721436,549d2_00000,0.23846906423568726,4.630147933959961
explore_cycle_3_both,1246,False,0.11806531250476837,0.003,1246,0.0,-0.017879216000437737,868.0,779.1677083333334,684.0,41259739.0,2.9574975967407227,3705.4191393852234,2.79327392578125,549d2_00000,0.3552101254463196,5.623014450073242
explore_cycle_3_both,1247,False,0.1152658462524414,0.003,1247,0.0,-0.016360057517886162,852.5,807.8359375,744.0,41292867.0,3.0446431636810303,3708.4637825489044,2.737820625305176,549d2_00000,0.2481808066368103,5.509052753448486
explore_cycle_3_both,1248,False,0.10835812240839005,0.003,1248,0.0,0.10250014066696167,860.0,782.6354166666667,715.5,41325982.0,2.9240665435791016,3711.3878490924835,3.1303822994232178,549d2_00000,0.149136483669281,6.05641508102417
explore_cycle_3_both,1249,False,0.12138845771551132,0.003,1249,0.0,0.12174370139837265,828.0,781.7708333333333,705.5,41359123.0,2.89829421043396,3714.2861433029175,3.5090091228485107,549d2_00000,0.17255324125289917,6.775259494781494
explore_cycle_3_both,1250,False,0.13978707790374756,0.003,1250,0.0,-0.08957090973854065,801.5,769.9642857142857,734.0,41392248.0,2.9989709854125977,3717.28511428833,2.6691668033599854,549d2_00000,0.2059497833251953,5.518314838409424
explore_cycle_3_both,1251,False,0.11432669311761856,0.003,1251,0.0,-0.14613810181617737,816.5,759.1822916666666,720.0,41425382.0,2.9300835132598877,3720.21519780159,2.67379093170166,549d2_00000,0.04806298017501831,5.6405439376831055
explore_cycle_3_both,1252,False,0.12298573553562164,0.003,1252,0.0,-0.027944928035140038,816.5,784.2673076923077,702.0,41458454.0,3.0344717502593994,3723.2496695518494,2.6517109870910645,549d2_00000,0.21157175302505493,5.360049724578857
explore_cycle_3_both,1253,False,0.13206367194652557,0.003,1253,0.0,0.013748062774538994,837.5,784.0927083333333,702.5,41491572.0,2.9476265907287598,3726.197296142578,2.622161626815796,549d2_00000,0.2863963842391968,5.2176194190979
explore_cycle_3_both,1254,False,0.12308259308338165,0.003,1254,0.0,0.0063577676191926,825.0,760.6282051282051,671.5,41524649.0,2.9010589122772217,3729.0983550548553,2.7792305946350098,549d2_00000,0.17063438892364502,5.546483516693115
explore_cycle_3_both,1255,False,0.123746857047081,0.003,1255,0.0,0.0500481016933918,837.5,788.734375,710.5,41557767.0,2.9235682487487793,3732.021923303604,2.549055576324463,549d2_00000,0.26456743478775024,4.998757362365723
explore_cycle_3_both,1256,False,0.11210417002439499,0.003,1256,0.0,-0.012862618081271648,843.5,800.9479166666666,733.5,41590904.0,3.0282692909240723,3735.050192594528,2.5523855686187744,549d2_00000,0.2408308982849121,5.131168842315674
explore_cycle_3_both,1257,False,0.13083703815937042,0.003,1257,0.0,0.083223357796669,834.5,786.125,750.0,41623953.0,2.9050748348236084,3737.955267429352,3.00398850440979,549d2_00000,0.17045384645462036,5.842315196990967
explore_cycle_3_both,1258,False,0.1318533569574356,0.003,1258,0.0,-0.005684546194970608,835.5,783.4877777777779,696.0,41657054.0,2.9470438957214355,3740.9023113250732,2.526599168777466,549d2_00000,0.14820873737335205,5.0653581619262695
explore_cycle_3_both,1259,False,0.11708886921405792,0.003,1259,0.0,0.004526555072516203,822.0,765.4661458333334,715.5,41690183.0,2.9504289627075195,3743.8527402877808,2.3801355361938477,549d2_00000,0.12544232606887817,4.751921653747559
explore_cycle_3_both,1260,False,0.10662048310041428,0.003,1260,0.0,-0.025710616260766983,833.5,783.4947916666667,745.0,41723322.0,3.041938304901123,3746.894678592682,2.6456234455108643,549d2_00000,0.22963005304336548,5.343307971954346
explore_cycle_3_both,1261,False,0.1195153295993805,0.003,1261,0.0,0.02751833200454712,812.0,762.7604166666666,733.0,41756466.0,2.9750583171844482,3749.8697369098663,3.2831168174743652,549d2_00000,0.20101332664489746,6.511914253234863
explore_cycle_3_both,1262,False,0.10798107087612152,0.003,1262,0.0,-0.034092601388692856,831.0,800.03125,723.0,41789609.0,2.907900094985962,3752.7776370048523,2.744006633758545,549d2_00000,0.22668993473052979,5.556845664978027
explore_cycle_3_both,1263,False,0.12970206141471863,0.003,1263,0.0,0.020724935457110405,826.0,775.8333333333334,730.0,41822726.0,2.9160315990448,3755.693668603897,3.1136651039123535,549d2_00000,0.24836522340774536,6.1866583824157715
explore_cycle_3_both,1264,False,0.14068689942359924,0.003,1264,0.0,0.07054178416728973,827.0,777.4,708.5,41855859.0,2.9604341983795166,3758.6541028022766,2.7855522632598877,549d2_00000,0.2632272243499756,5.4308648109436035
explore_cycle_3_both,1265,False,0.12354464083909988,0.003,1265,0.0,-0.09375529736280441,854.0,786.546875,684.0,41888982.0,3.1517839431762695,3761.805886745453,3.092839241027832,549d2_00000,0.09865832328796387,6.37393045425415
explore_cycle_3_both,1266,False,0.1224777102470398,0.003,1266,0.0,0.062307216227054596,797.0,743.075,710.0,41921993.0,2.976008415222168,3764.781895160675,2.882364273071289,549d2_00000,0.20708024501800537,5.6408491134643555
explore_cycle_3_both,1267,False,0.1269771158695221,0.003,1267,0.0,-0.01685410365462303,856.5,788.578125,721.0,41955106.0,3.024087905883789,3767.805983066559,2.6218671798706055,549d2_00000,0.29925817251205444,5.278204441070557
explore_cycle_3_both,1268,False,0.12052758038043976,0.003,1268,0.0,-0.05152273550629616,859.0,806.4635416666666,746.5,41988247.0,2.9310200214385986,3770.7370030879974,2.3343374729156494,549d2_00000,0.20691460371017456,4.7724432945251465
explore_cycle_3_both,1269,False,0.12834268808364868,0.003,1269,0.0,0.09575258940458298,813.0,773.2256944444443,731.5,42021295.0,3.1406171321868896,3773.8776202201843,3.2708945274353027,549d2_00000,0.16753190755844116,6.351054668426514
explore_cycle_3_both,1270,False,0.1306159347295761,0.003,1270,0.0,-0.03185398504137993,854.0,797.6958333333333,702.5,42054415.0,3.012681722640991,3776.8903019428253,2.5396368503570557,549d2_00000,0.23366063833236694,5.143764972686768
explore_cycle_3_both,1271,False,0.12266091257333755,0.003,1271,0.0,-0.011225687339901924,859.0,794.78125,748.0,42087551.0,2.930161476135254,3779.8204634189606,2.451265573501587,549d2_00000,0.12058067321777344,4.925718307495117
explore_cycle_3_both,1272,False,0.13305985927581787,0.003,1272,0.0,-0.07238483428955078,839.5,790.4947916666666,719.5,42120688.0,2.9467356204986572,3782.7671990394592,2.7482008934020996,549d2_00000,0.10849273204803467,5.641970157623291
explore_cycle_3_both,1273,False,0.11997973173856735,0.003,1273,0.0,-0.024974683299660683,855.5,801.0833333333333,727.0,42153829.0,2.91420841217041,3785.6814074516296,2.632338285446167,549d2_00000,0.2558532953262329,5.315345764160156
explore_cycle_3_both,1274,False,0.10903528332710266,0.003,1274,0.0,-0.028023192659020424,838.5,767.6875,690.0,42186973.0,3.0384602546691895,3788.719867706299,2.53649640083313,549d2_00000,0.21421575546264648,5.129692554473877
explore_cycle_3_both,1275,False,0.1059165894985199,0.003,1275,0.0,-0.002845875220373273,838.0,792.5416666666666,747.0,42220113.0,2.908759117126465,3791.6286268234253,2.512989044189453,549d2_00000,0.34250450134277344,5.0323052406311035
explore_cycle_3_both,1276,False,0.11518272012472153,0.003,1276,0.0,0.03568375110626221,831.0,774.5124999999999,717.5,42253198.0,2.9285929203033447,3794.5572197437286,2.703627347946167,549d2_00000,0.23948520421981812,5.336577415466309
explore_cycle_3_both,1277,False,0.12097585946321487,0.003,1277,0.0,0.06601502001285553,842.5,790.21875,722.5,42286322.0,2.937788248062134,3797.4950079917908,3.2446930408477783,549d2_00000,0.23824024200439453,6.358081817626953
explore_cycle_3_both,1278,False,0.10725271701812744,0.003,1278,0.0,0.04534449055790901,837.5,770.2756410256411,709.0,42319330.0,3.0225069522857666,3800.5175149440765,2.878054618835449,549d2_00000,0.2841228246688843,5.666064262390137
explore_cycle_3_both,1279,False,0.10084734112024307,0.003,1279,0.0,-0.07027895003557205,855.5,808.2395833333333,719.0,42352447.0,2.9582581520080566,3803.4757730960846,3.0314557552337646,549d2_00000,0.24888592958450317,6.204074859619141
explore_cycle_3_both,1280,False,0.10698562860488892,0.003,1280,0.0,0.01858154498040676,848.5,805.25,757.0,42385586.0,2.9096858501434326,3806.385458946228,2.795530319213867,549d2_00000,0.24519199132919312,5.554539680480957
explore_cycle_3_both,1281,False,0.11987736076116562,0.003,1281,0.0,0.050097718834877014,811.5,777.0138888888888,723.0,42418633.0,2.921090602874756,3809.306549549103,3.4246766567230225,549d2_00000,0.23897594213485718,6.749876976013184
explore_cycle_3_both,1282,False,0.10177673399448395,0.003,1282,0.0,0.008302032947540283,838.5,780.6786458333333,716.5,42451753.0,3.0840346813201904,3812.390584230423,2.687892198562622,549d2_00000,0.2314489483833313,5.359790802001953
explore_cycle_3_both,1283,False,0.12591701745986938,0.003,1283,0.0,0.06174987927079201,845.5,770.264880952381,702.0,42484842.0,2.9485607147216797,3815.3391449451447,3.0197811126708984,549d2_00000,0.16534358263015747,5.916818618774414
explore_cycle_3_both,1284,False,0.0950489416718483,0.003,1284,0.0,-0.02396169863641262,854.5,801.5364583333334,743.0,42517983.0,2.9166126251220703,3818.2557575702667,3.0838820934295654,549d2_00000,0.1879921555519104,6.216257572174072
explore_cycle_3_both,1285,False,0.12236300110816956,0.003,1285,0.0,0.1569536328315735,842.5,778.5833333333334,702.0,42551125.0,2.922909736633301,3821.1786673069,3.1801018714904785,549d2_00000,0.2150055170059204,6.047030448913574
explore_cycle_3_both,1286,False,0.12730614840984344,0.003,1286,0.0,0.003938586451113224,840.5,788.3385416666667,715.5,42584261.0,2.9309117794036865,3824.1095790863037,3.1191771030426025,549d2_00000,0.15475666522979736,6.231240749359131
explore_cycle_3_both,1287,False,0.12050770223140717,0.003,1287,0.0,0.0340169258415699,828.5,800.875,765.0,42617403.0,3.0603525638580322,3827.1699316501617,2.9806458950042725,549d2_00000,0.26516860723495483,5.893981456756592
explore_cycle_3_both,1288,False,0.11399026960134506,0.003,1288,0.0,-0.09774276614189148,828.0,755.7395833333334,670.0,42650539.0,2.909079074859619,3830.0790107250214,2.322244167327881,549d2_00000,0.14076471328735352,4.840657711029053
explore_cycle_3_both,1289,False,0.1168159544467926,0.003,1289,0.0,-0.032920438796281815,874.0,791.0364583333334,698.0,42683666.0,2.914250373840332,3832.9932610988617,2.4553213119506836,549d2_00000,0.1998322606086731,4.977183818817139
explore_cycle_3_both,1290,False,0.1156395971775055,0.003,1290,0.0,0.05422794818878174,849.5,781.984375,714.5,42716783.0,2.898012399673462,3835.891273498535,2.812602996826172,549d2_00000,0.15652704238891602,5.517443656921387
explore_cycle_3_both,1291,False,0.12630555033683777,0.003,1291,0.0,-0.0010029292898252606,887.5,780.6197916666666,673.0,42749906.0,3.0390408039093018,3838.9303143024445,2.0733513832092285,549d2_00000,0.06905090808868408,4.149466514587402
explore_cycle_3_both,1292,False,0.13413920998573303,0.003,1292,0.0,-0.034843798726797104,835.5,778.71875,711.5,42783045.0,2.9183080196380615,3841.8486223220825,2.241779327392578,549d2_00000,0.11503195762634277,4.554050922393799
explore_cycle_3_both,1293,False,0.12480950355529785,0.003,1293,0.0,0.07158936560153961,870.0,798.3958333333334,727.0,42816093.0,2.946547269821167,3844.7951695919037,2.5697245597839355,549d2_00000,0.16021627187728882,4.9970197677612305
explore_cycle_3_both,1294,False,0.12829025089740753,0.003,1294,0.0,-0.01845814473927021,863.5,811.2161458333333,724.0,42849214.0,2.9348645210266113,3847.7300341129303,2.432100534439087,549d2_00000,0.24358731508255005,4.901886940002441
explore_cycle_3_both,1295,False,0.12423616647720337,0.003,1295,0.0,-0.012193112634122372,846.5,789.8194444444445,740.0,42882327.0,2.9217746257781982,3850.6518087387085,2.1992945671081543,549d2_00000,0.19473350048065186,4.4237213134765625
explore_cycle_3_both,1296,False,0.13370604813098907,0.003,1296,0.0,0.0808275118470192,813.5,776.6354166666666,737.5,42915468.0,3.036808729171753,3853.6886174678802,2.8281102180480957,549d2_00000,0.20912176370620728,5.495367050170898
explore_cycle_3_both,1297,False,0.1281893253326416,0.003,1297,0.0,0.026636606082320213,834.0,772.2388888888888,717.5,42948561.0,2.9778597354888916,3856.666477203369,2.371105194091797,549d2_00000,0.17342793941497803,4.689706325531006
explore_cycle_3_both,1298,False,0.12368834018707275,0.003,1298,0.0,0.09484981745481491,841.5,800.5677083333333,742.5,42981701.0,2.8931655883789062,3859.559642791748,3.0006673336029053,549d2_00000,0.17050421237945557,5.812377452850342
explore_cycle_3_both,1299,False,0.12139514088630676,0.003,1299,0.0,0.08335167914628983,843.5,807.9270833333333,767.0,43014838.0,2.9080429077148438,3862.467685699463,2.9677867889404297,549d2_00000,0.232452392578125,5.769598484039307
explore_cycle_3_both,1300,False,0.1227317675948143,0.003,1300,0.0,-0.029581066220998764,822.5,786.4166666666666,741.5,43047953.0,3.04970383644104,3865.517389535904,2.36635160446167,549d2_00000,0.14791500568389893,4.792602062225342
explore_cycle_3_both,1301,False,0.1327138990163803,0.003,1301,0.0,0.055975817143917084,855.0,791.2888888888888,721.0,43081058.0,2.916290521621704,3868.4336800575256,2.8455662727355957,549d2_00000,0.21552342176437378,5.579977512359619
explore_cycle_3_both,1302,False,0.121034175157547,0.003,1302,0.0,-0.020161030814051628,839.0,794.3489583333333,725.5,43114190.0,3.0148496627807617,3871.4485297203064,2.3396146297454834,549d2_00000,0.17360174655914307,4.720276832580566
explore_cycle_3_both,1303,False,0.14194396138191223,0.003,1303,0.0,-0.014230528846383095,880.5,799.5989583333333,720.0,43147318.0,2.954819917678833,3874.4033496379852,2.1070353984832764,549d2_00000,0.12580686807632446,4.243383884429932
explore_cycle_3_both,1304,False,0.15266285836696625,0.003,1304,0.0,-0.04361952468752861,872.5,810.8489583333333,760.5,43180455.0,2.906909704208374,3877.3102593421936,2.2143747806549072,549d2_00000,0.20394855737686157,4.516904830932617
explore_cycle_3_both,1305,False,0.15088029205799103,0.003,1305,0.0,0.05801531672477722,817.5,760.2222222222222,697.5,43213509.0,2.998274326324463,3880.308533668518,2.174546957015991,549d2_00000,0.17730659246444702,4.233969211578369
explore_cycle_3_both,1306,False,0.14278095960617065,0.003,1306,0.0,0.022364826872944832,845.0,777.453125,723.5,43246628.0,2.945542335510254,3883.2540760040283,2.3833014965057373,549d2_00000,0.13755911588668823,4.72273063659668
explore_cycle_3_both,1307,False,0.13032500445842743,0.003,1307,0.0,-0.0857500359416008,845.0,800.2317708333334,764.0,43279759.0,2.9390382766723633,3886.1931142807007,2.262275457382202,549d2_00000,0.057034432888031006,4.696833610534668
explore_cycle_3_both,1308,False,0.14855407178401947,0.003,1308,0.0,0.0656920075416565,863.0,803.0260416666666,762.5,43312902.0,2.9219284057617188,3889.1150426864624,2.7734010219573975,549d2_00000,0.10309469699859619,5.416309356689453
explore_cycle_3_both,1309,False,0.13637565076351166,0.003,1309,0.0,-0.027492398396134377,847.0,808.2916666666667,779.0,43345997.0,3.0401902198791504,3892.1552329063416,2.1446969509124756,549d2_00000,0.12156468629837036,4.345197677612305
explore_cycle_3_both,1310,False,0.15177445113658905,0.003,1310,0.0,-0.005865122657269239,833.5,797.9114583333334,731.5,43379138.0,2.9173219203948975,3895.0725548267365,2.8529293537139893,549d2_00000,0.20176172256469727,5.718499660491943
explore_cycle_3_both,1311,False,0.12720359861850739,0.003,1311,0.0,0.009400627575814724,844.5,772.321875,737.5,43412272.0,2.9467790126800537,3898.0193338394165,2.5774972438812256,549d2_00000,0.19110089540481567,5.136957168579102
explore_cycle_3_both,1312,False,0.12366311997175217,0.003,1312,0.0,0.025073708966374397,817.5,770.1541666666667,739.0,43445411.0,2.9002299308776855,3900.919563770294,2.2834606170654297,549d2_00000,0.15272289514541626,4.517515659332275
explore_cycle_3_both,1313,False,0.12592072784900665,0.003,1313,0.0,0.021808279678225517,822.5,781.2291666666666,735.0,43478473.0,3.081871747970581,3904.0014355182648,2.301358461380005,549d2_00000,0.19344598054885864,4.5598554611206055
explore_cycle_3_both,1314,False,0.11442117393016815,0.003,1314,0.0,-0.041395194828510284,858.5,797.6302083333334,732.5,43511599.0,3.051753044128418,3907.053188562393,2.39194393157959,549d2_00000,0.1294649839401245,4.867364406585693
explore_cycle_3_both,1315,False,0.1292772889137268,0.003,1315,0.0,0.008138851262629032,837.5,790.9635416666667,752.0,43544732.0,2.899853467941284,3909.9530420303345,2.2563087940216064,549d2_00000,0.3293803930282593,4.497115612030029
explore_cycle_3_both,1316,False,0.14493924379348755,0.003,1316,0.0,-0.09223905950784683,833.0,797.1458333333333,746.0,43577820.0,2.894575834274292,3912.8476178646088,2.299846649169922,549d2_00000,0.16782939434051514,4.785041332244873
explore_cycle_3_both,1317,False,0.13808150589466095,0.003,1317,0.0,0.005906892940402031,850.0,795.6590909090909,738.5,43610851.0,2.912595272064209,3915.760213136673,2.3231022357940674,549d2_00000,0.18618720769882202,4.635218620300293
explore_cycle_3_both,1318,False,0.14363162219524384,0.003,1318,0.0,0.05261106789112091,868.5,800.9583333333333,744.0,43643971.0,3.080798387527466,3918.8410115242004,2.776177406311035,549d2_00000,0.19733315706253052,5.447994709014893
explore_cycle_3_both,1319,False,0.1461782306432724,0.003,1319,0.0,-0.04583718627691269,850.5,786.0885416666667,737.0,43677099.0,2.95184588432312,3921.7928574085236,2.3670389652252197,549d2_00000,0.15992480516433716,4.826629638671875
explore_cycle_3_both,1320,False,0.17232434451580048,0.003,1320,0.0,-0.05865294113755226,846.0,789.7760416666666,731.5,43710246.0,2.9512810707092285,3924.744138479233,2.0952887535095215,549d2_00000,0.1948186755180359,4.308917045593262
explore_cycle_3_both,1321,False,0.18100754916667938,0.003,1321,0.0,-0.08748233318328857,827.5,783.1927083333334,741.0,43743385.0,2.917494535446167,3927.661633014679,2.206368923187256,549d2_00000,0.34107261896133423,4.588788986206055
explore_cycle_3_both,1322,False,0.16839835047721863,0.003,1322,0.0,0.07191755622625351,838.5,806.75,756.0,43776529.0,3.042275905609131,3930.703908920288,2.4595930576324463,549d2_00000,0.20371687412261963,4.776361465454102
explore_cycle_3_both,1323,False,0.17083600163459778,0.003,1323,0.0,-0.017839929088950157,844.5,801.7640625,753.5,43809655.0,2.9351155757904053,3933.6390244960785,2.453538179397583,549d2_00000,0.1624685525894165,4.943780899047852
explore_cycle_3_both,1324,False,0.13829810917377472,0.003,1324,0.0,0.040499765425920486,833.5,795.3333333333334,740.5,43842800.0,2.9035212993621826,3936.5425457954407,2.323460102081299,549d2_00000,0.1698373556137085,4.566750526428223
explore_cycle_3_both,1325,False,0.14208300411701202,0.003,1325,0.0,0.0548773854970932,848.5,799.8371212121212,739.0,43875791.0,3.0272305011749268,3939.5697762966156,2.5070953369140625,549d2_00000,0.10092556476593018,4.905288219451904
explore_cycle_3_both,1326,False,0.13300105929374695,0.003,1326,0.0,-0.03468700125813484,862.5,791.4888888888888,742.0,43908889.0,2.919663190841675,3942.4894394874573,2.5084002017974854,549d2_00000,0.2109687328338623,5.086972713470459
explore_cycle_3_both,1327,False,0.14472927153110504,0.003,1327,0.0,0.11107884347438812,845.5,799.1510416666667,738.0,43942024.0,3.0265426635742188,3945.5159821510315,2.7144296169281006,549d2_00000,0.23975443840026855,5.207569122314453
explore_cycle_3_both,1328,False,0.1260538548231125,0.003,1328,0.0,-0.07919825613498688,847.0,790.9895833333334,726.5,43975114.0,2.899202585220337,3948.415184736252,2.711808681488037,549d2_00000,0.25119632482528687,5.582769393920898
explore_cycle_3_both,1329,False,0.12201966345310211,0.003,1329,0.0,-0.03142546862363815,864.5,809.7666666666667,760.0,44008230.0,2.972127914428711,3951.3873126506805,2.262101650238037,549d2_00000,0.19080865383148193,4.5877861976623535
explore_cycle_3_both,1330,False,0.11340425163507462,0.003,1330,0.0,-0.029860280454158783,856.0,796.4044444444444,736.0,44041333.0,3.0128681659698486,3954.4001808166504,2.6844515800476074,549d2_00000,0.19700640439987183,5.429304122924805
explore_cycle_3_both,1331,False,0.156968355178833,0.003,1331,0.0,0.026689933612942696,828.5,785.1067708333333,726.5,44074466.0,3.0931003093719482,3957.4932811260223,3.1635069847106934,549d2_00000,0.18338799476623535,6.274576663970947
explore_cycle_3_both,1332,False,0.14626719057559967,0.003,1332,0.0,0.009478638879954815,805.5,785.03125,719.0,44107612.0,2.9184584617614746,3960.411739587784,2.8877665996551514,549d2_00000,0.08852720260620117,5.757453918457031
explore_cycle_3_both,1333,False,0.13838687539100647,0.003,1333,0.0,0.022679679095745087,838.5,787.7083333333334,744.5,44140747.0,2.9314310550689697,3963.343170642853,2.3798277378082275,549d2_00000,0.12533116340637207,4.715126037597656
explore_cycle_3_both,1334,False,0.14770863950252533,0.003,1334,0.0,0.10956548899412155,842.0,793.4666666666667,718.0,44173869.0,2.923184394836426,3966.266355037689,3.2124171257019043,549d2_00000,0.19190311431884766,6.206589221954346
explore_cycle_3_both,1335,False,0.13800686597824097,0.003,1335,0.0,0.04542311280965805,847.5,795.0953125,726.0,44206997.0,3.1017227172851562,3969.3680777549744,2.8038089275360107,549d2_00000,0.1618438959121704,5.517599582672119
explore_cycle_3_both,1336,False,0.12423866987228394,0.003,1336,0.0,-0.008415240794420242,847.0,794.83125,740.0,44240133.0,2.914700508117676,3972.282778263092,2.284726142883301,549d2_00000,0.1541900634765625,4.5870280265808105
explore_cycle_3_both,1337,False,0.1208958625793457,0.003,1337,0.0,-0.20633351802825928,857.5,783.825,718.5,44273131.0,2.910742998123169,3975.193521261215,2.081923246383667,549d2_00000,0.09814786911010742,4.5772385597229
explore_cycle_3_both,1338,False,0.11353594064712524,0.003,1338,0.0,-0.015218885615468025,869.5,792.55,679.0,44306229.0,2.9402003288269043,3978.133721590042,2.177088975906372,549d2_00000,0.13212770223617554,4.3852972984313965
explore_cycle_3_both,1339,False,0.1220681220293045,0.003,1339,0.0,-0.01325951423496008,844.0,804.7291666666666,752.5,44339362.0,2.9500577449798584,3981.083779335022,2.913001298904419,549d2_00000,0.13968592882156372,5.853254795074463
explore_cycle_3_both,1340,False,0.14151492714881897,0.003,1340,0.0,0.03861077502369881,832.5,780.5944444444444,743.0,44372477.0,3.023468494415283,3984.1072478294373,2.5725622177124023,549d2_00000,0.24821454286575317,5.068752288818359
explore_cycle_3_both,1341,False,0.1562916487455368,0.003,1341,0.0,-0.011168206110596657,839.5,794.8694444444445,763.0,44405593.0,2.927525043487549,3987.034772872925,2.425854444503784,549d2_00000,0.1273057460784912,4.874982833862305
explore_cycle_3_both,1342,False,0.15190254151821136,0.003,1342,0.0,0.07700924575328827,852.5,799.4250000000001,718.0,44438671.0,2.9516284465789795,3989.986401319504,3.237301826477051,549d2_00000,0.23253464698791504,6.321496486663818
explore_cycle_3_both,1343,False,0.17242169380187988,0.003,1343,0.0,0.0797734409570694,834.5,764.3333333333334,707.0,44471804.0,2.969397783279419,3992.955799102783,2.842628240585327,549d2_00000,0.32399624586105347,5.526744365692139
explore_cycle_3_both,1344,False,0.13972266018390656,0.003,1344,0.0,0.0391978956758976,815.0,789.4166666666666,750.0,44504931.0,3.018686532974243,3995.9744856357574,2.75071382522583,549d2_00000,0.1450321078300476,5.42387056350708
explore_cycle_3_both,1345,False,0.14649280905723572,0.003,1345,0.0,-0.0021350961178541183,848.0,788.9453125,697.0,44538063.0,2.9174182415008545,3998.8919038772583,2.4442873001098633,549d2_00000,0.246198832988739,4.893723964691162
explore_cycle_3_both,1346,False,0.14421044290065765,0.003,1346,0.0,-0.06745225936174393,814.0,772.359375,719.5,44571208.0,2.90535306930542,4001.7972569465637,2.4756414890289307,549d2_00000,0.12262171506881714,5.087052345275879
explore_cycle_3_both,1347,False,0.13522571325302124,0.003,1347,0.0,0.029057586565613747,815.5,777.0078125,701.5,44604337.0,2.9325175285339355,4004.7297744750977,2.373262882232666,549d2_00000,0.09207606315612793,4.68922233581543
explore_cycle_3_both,1348,False,0.13666318356990814,0.003,1348,0.0,-0.033409252762794495,843.5,773.4346153846153,701.0,44637405.0,2.907519578933716,4007.6372940540314,2.0365216732025146,549d2_00000,0.29940110445022583,4.140682220458984
explore_cycle_3_both,1349,False,0.15611886978149414,0.003,1349,0.0,-0.03813754767179489,832.0,792.0673076923077,756.0,44670470.0,3.0433313846588135,4010.68062543869,2.3497653007507324,549d2_00000,0.16095983982086182,4.776741981506348
explore_cycle_3_both,1350,False,0.11689750105142593,0.003,1350,0.0,-0.07448124885559082,810.5,763.2777777777778,705.0,44703570.0,2.9437642097473145,4013.6243896484375,1.7543832063674927,549d2_00000,0.14431405067443848,3.6584300994873047
explore_cycle_3_both,1351,False,0.144627645611763,0.003,1351,0.0,0.04853618144989014,828.5,780.5,723.0,44736697.0,2.928635597229004,4016.5530252456665,3.0547542572021484,549d2_00000,0.2650490999221802,6.013303756713867
explore_cycle_3_both,1352,False,0.14704307913780212,0.003,1352,0.0,0.035600561648607254,828.0,794.5111111111111,735.0,44769820.0,2.9157986640930176,4019.4688239097595,2.7250118255615234,549d2_00000,0.21933740377426147,5.379704475402832
explore_cycle_3_both,1353,False,0.1567317694425583,0.003,1353,0.0,0.002160340780392289,840.5,786.1083333333333,717.0,44802933.0,3.056898832321167,4022.5257227420807,2.975285291671753,549d2_00000,0.038928091526031494,5.947190761566162
explore_cycle_3_both,1354,False,0.13856995105743408,0.003,1354,0.0,0.05966273695230484,853.5,799.0854166666667,745.5,44836059.0,2.93422269821167,4025.4599454402924,2.848891496658325,549d2_00000,0.25634533166885376,5.579288482666016
explore_cycle_3_both,1355,False,0.14994674921035767,0.003,1355,0.0,-0.14785641431808472,837.5,786.7734375,730.0,44869194.0,2.929499626159668,4028.389445066452,2.2747535705566406,549d2_00000,0.1509944200515747,4.8461198806762695
explore_cycle_3_both,1356,False,0.12369490414857864,0.003,1356,0.0,0.026119541376829147,859.5,798.5625,752.0,44902343.0,2.8980722427368164,4031.287517309189,2.6212666034698486,549d2_00000,0.22830039262771606,5.191036224365234
explore_cycle_3_both,1357,False,0.14109177887439728,0.003,1357,0.0,-0.13520598411560059,852.5,811.9895833333333,749.5,44935479.0,3.040951728820801,4034.3284690380096,2.0783629417419434,549d2_00000,0.14434486627578735,4.427984714508057
explore_cycle_3_both,1358,False,0.12901592254638672,0.003,1358,0.0,0.15902410447597504,853.0,780.703125,723.0,44968616.0,2.9130945205688477,4037.2415635585785,3.205834150314331,549d2_00000,0.11369633674621582,6.094394207000732
explore_cycle_3_both,1359,False,0.14548559486865997,0.003,1359,0.0,0.06347604095935822,837.5,777.0598958333333,720.5,45001750.0,2.9177908897399902,4040.1593544483185,3.1913750171661377,549d2_00000,0.2133457064628601,6.2566704750061035
explore_cycle_3_both,1360,False,0.1351175308227539,0.003,1360,0.0,-0.06994451582431793,851.0,799.8616666666666,702.5,45034864.0,3.010618209838867,4043.1699726581573,2.4232754707336426,549d2_00000,0.19018959999084473,4.987249851226807
explore_cycle_3_both,1361,False,0.14910656213760376,0.003,1361,0.0,-0.10943280160427094,835.0,774.7348484848484,710.5,45067927.0,2.9323086738586426,4046.102281332016,2.2787110805511475,549d2_00000,0.26858729124069214,4.777182579040527
explore_cycle_3_both,1362,False,0.17190228402614594,0.003,1362,0.0,0.12698011100292206,842.0,784.0972222222223,721.5,45101031.0,3.0396909713745117,4049.1419723033905,3.215552568435669,549d2_00000,0.16189098358154297,6.178176403045654
explore_cycle_3_both,1363,False,0.14426913857460022,0.003,1363,0.0,-0.047060526907444,831.5,766.5494791666666,694.5,45134158.0,2.9633843898773193,4052.105356693268,2.174288749694824,549d2_00000,0.19841867685317993,4.443564414978027
explore_cycle_3_both,1364,False,0.15574504435062408,0.003,1364,0.0,0.03408249095082283,812.5,768.1166666666667,722.0,45167284.0,2.969555377960205,4055.074912071228,2.5359885692596436,549d2_00000,0.13083410263061523,5.00474739074707
explore_cycle_3_both,1365,False,0.17152711749076843,0.003,1365,0.0,-0.06401614844799042,837.5,783.7611111111111,743.5,45200393.0,3.037836790084839,4058.112748861313,2.0280838012695312,549d2_00000,0.30144113302230835,4.185229301452637
explore_cycle_3_both,1366,False,0.16263265907764435,0.003,1366,0.0,0.12111352384090424,824.5,784.8046875,741.0,45233518.0,3.0494637489318848,4061.1622126102448,2.5136940479278564,549d2_00000,0.1231222152709961,4.786136627197266
explore_cycle_3_both,1367,False,0.13621562719345093,0.003,1367,0.0,0.019286008551716805,840.0,783.7552083333334,725.5,45266654.0,2.930333137512207,4064.092545747757,2.7553300857543945,549d2_00000,0.14277619123458862,5.47290563583374
explore_cycle_3_both,1368,False,0.15631341934204102,0.003,1368,0.0,-0.004460001364350319,841.0,775.9375,727.5,45299803.0,2.9016072750091553,4066.994153022766,2.1040000915527344,549d2_00000,0.1798076629638672,4.21785831451416
explore_cycle_3_both,1369,False,0.15579965710639954,0.003,1369,0.0,-0.06906607747077942,849.0,796.4765625,765.0,45332940.0,2.920347213745117,4069.9145002365112,2.0360074043273926,549d2_00000,0.14379018545150757,4.211081504821777
explore_cycle_3_both,1370,False,0.1360454261302948,0.003,1370,0.0,0.004305706359446049,845.0,791.9708333333333,715.0,45366070.0,2.9383461475372314,4072.8528463840485,2.243283987045288,549d2_00000,0.1508197784423828,4.47877311706543
explore_cycle_3_both,1371,False,0.1594422459602356,0.003,1371,0.0,-0.0546921044588089,829.0,778.796875,716.0,45399209.0,3.0243380069732666,4075.8771843910217,2.418574810028076,549d2_00000,0.27880001068115234,4.947490692138672
explore_cycle_3_both,1372,False,0.14170725643634796,0.003,1372,0.0,0.10610271245241165,856.0,810.0104166666666,753.0,45432252.0,2.9022486209869385,4078.7794330120087,3.501244068145752,549d2_00000,0.11668527126312256,6.791133403778076
explore_cycle_3_both,1373,False,0.15071412920951843,0.003,1373,0.0,0.0775880366563797,848.5,792.5454545454545,746.5,45465265.0,3.026350736618042,4081.8057837486267,2.99196195602417,549d2_00000,0.13485711812973022,5.829651832580566
explore_cycle_3_both,1374,False,0.17882336676120758,0.003,1374,0.0,0.04977283999323845,836.5,785.6979166666667,731.0,45498395.0,2.9356741905212402,4084.741457939148,2.5847556591033936,549d2_00000,0.1569647192955017,5.071038722991943
explore_cycle_3_both,1375,False,0.160352423787117,0.003,1375,0.0,-0.03501050919294357,836.5,776.4036458333334,711.0,45531520.0,3.039809465408325,4087.7812674045563,2.389375686645508,549d2_00000,0.3139273524284363,4.849735260009766
explore_cycle_3_both,1376,False,0.16719254851341248,0.003,1376,0.0,-0.044954922050237656,827.0,771.7954545454545,729.0,45564552.0,2.9107329845428467,4090.692000389099,2.4587554931640625,549d2_00000,0.1607978343963623,5.008424282073975
explore_cycle_3_both,1377,False,0.15958991646766663,0.003,1377,0.0,-0.0027458947151899338,851.5,778.4895833333333,729.0,45597685.0,2.9308464527130127,4093.622846841812,2.7307534217834473,549d2_00000,0.1810135841369629,5.467956066131592
explore_cycle_3_both,1378,False,0.1347772777080536,0.003,1378,0.0,-0.03059481829404831,854.0,786.2239583333334,721.0,45630809.0,2.958986759185791,4096.581833600998,2.5273218154907227,549d2_00000,0.18208783864974976,5.116641044616699
explore_cycle_3_both,1379,False,0.1524459272623062,0.003,1379,0.0,0.08625878393650055,835.5,785.4895833333334,738.0,45663950.0,2.912057399749756,4099.493891000748,2.774000883102417,549d2_00000,0.17779135704040527,5.376399040222168
explore_cycle_3_both,1380,False,0.16237139701843262,0.003,1380,0.0,-0.028613951057195663,847.0,795.875,744.0,45697095.0,3.0169711112976074,4102.510862112045,2.4817099571228027,549d2_00000,0.1886439323425293,5.0216217041015625
explore_cycle_3_both,1381,False,0.16049695014953613,0.003,1381,0.0,0.2132033109664917,854.0,794.9296875,753.0,45730235.0,2.936480760574341,4105.44734287262,3.2450809478759766,549d2_00000,0.1310797929763794,6.064718723297119
explore_cycle_3_both,1382,False,0.13799792528152466,0.003,1382,0.0,0.04374311491847038,846.5,799.215625,735.5,45763359.0,2.9311678409576416,4108.378510713577,1.9625556468963623,549d2_00000,0.1454903483390808,3.838453531265259
explore_cycle_3_both,1383,False,0.14661119878292084,0.003,1383,0.0,-0.03255237638950348,819.0,765.9479166666667,722.5,45796503.0,2.915789842605591,4111.294300556183,2.56526517868042,549d2_00000,0.10791432857513428,5.19651460647583
explore_cycle_3_both,1384,False,0.15395203232765198,0.003,1384,0.0,-0.02415391616523266,846.0,769.1,708.0,45829522.0,3.006622076034546,4114.300922632217,2.315001964569092,549d2_00000,0.2798139452934265,4.679235458374023
explore_cycle_3_both,1385,False,0.13729499280452728,0.003,1385,0.0,-0.08286744356155396,874.0,773.0803571428571,711.0,45862604.0,2.9187393188476562,4117.219661951065,2.1006920337677,549d2_00000,0.20672094821929932,4.367942810058594
explore_cycle_3_both,1386,False,0.1444476842880249,0.003,1386,0.0,-0.023603888228535652,870.0,793.1536458333333,689.5,45895736.0,2.9056825637817383,4120.125344514847,2.091017484664917,549d2_00000,0.15361857414245605,4.230109691619873
explore_cycle_3_both,1387,False,0.15815286338329315,0.003,1387,0.0,-0.005418846849352121,853.0,792.7291666666667,744.0,45928862.0,2.9469618797302246,4123.072306394577,1.8884024620056152,549d2_00000,0.2315269112586975,3.7885913848876953
explore_cycle_3_both,1388,False,0.14097483456134796,0.003,1388,0.0,0.1286255419254303,828.0,790.8958333333334,726.0,45961914.0,3.0513949394226074,4126.123701334,2.4051198959350586,549d2_00000,0.2103126049041748,4.553834915161133
explore_cycle_3_both,1389,False,0.1275300532579422,0.003,1389,0.0,-0.14691346883773804,844.5,772.6694444444444,729.5,45995023.0,2.9335665702819824,4129.057267904282,1.9465252161026,549d2_00000,0.1214364767074585,4.1876420974731445
explore_cycle_3_both,1390,False,0.1260293573141098,0.003,1390,0.0,-0.015082829631865025,858.5,792.9989583333333,744.5,46028152.0,2.9777135848999023,4132.0349814891815,2.6906096935272217,549d2_00000,0.2207024097442627,5.4121413230896
explore_cycle_3_both,1391,False,0.14444482326507568,0.003,1391,0.0,-0.04098710045218468,836.0,797.4895833333334,751.0,46061294.0,2.8994836807250977,4134.934465169907,2.5844013690948486,549d2_00000,0.20201396942138672,5.251644134521484
explore_cycle_3_both,1392,False,0.12861955165863037,0.003,1392,0.0,0.03799830377101898,830.0,774.4166666666667,733.5,46094431.0,2.915102958679199,4137.849568128586,2.561234951019287,549d2_00000,0.21938759088516235,5.047244548797607
explore_cycle_3_both,1393,False,0.12942789494991302,0.003,1393,0.0,0.06762948632240295,835.0,797.5944444444444,735.5,46127551.0,3.0526483058929443,4140.902216434479,2.517803192138672,549d2_00000,0.1872379183769226,4.901124000549316
explore_cycle_3_both,1394,False,0.1521264612674713,0.003,1394,0.0,0.017457081004977226,848.5,799.2489583333333,724.0,46160677.0,3.050581693649292,4143.952798128128,2.572035312652588,549d2_00000,0.20537066459655762,5.110069274902344
explore_cycle_3_both,1395,False,0.13794159889221191,0.003,1395,0.0,-0.04368695616722107,833.0,793.8697916666666,740.0,46193822.0,2.978727340698242,4146.931525468826,2.3759729862213135,549d2_00000,0.12101989984512329,4.840147018432617
explore_cycle_3_both,1396,False,0.15290261805057526,0.003,1396,0.0,0.006314354483038187,849.5,792.1384615384615,732.0,46226862.0,2.9754374027252197,4149.9069628715515,2.6341230869293213,549d2_00000,0.1569843888282776,5.256535053253174
explore_cycle_3_both,1397,False,0.14594991505146027,0.003,1397,0.0,0.05546578764915466,847.5,789.1762820512821,746.0,46259922.0,3.051654100418091,4152.95861697197,2.5140583515167236,549d2_00000,0.1542404294013977,4.918060779571533
explore_cycle_3_both,1398,False,0.12858596444129944,0.003,1398,0.0,-0.0674775168299675,873.0,812.390625,724.5,46293050.0,2.891350030899048,4155.849967002869,2.5561087131500244,549d2_00000,0.23283153772354126,5.247943878173828
explore_cycle_3_both,1399,False,0.11169370263814926,0.003,1399,0.0,0.016594193875789642,863.0,772.0520833333333,697.0,46326179.0,2.9913718700408936,4158.84133887291,3.1139652729034424,549d2_00000,0.14330506324768066,6.1954121589660645
explore_cycle_3_both,1400,False,0.13587579131126404,0.003,1400,0.0,0.020002318546175957,829.0,790.1527777777777,704.0,46359231.0,3.0018248558044434,4161.843163728714,2.9993538856506348,549d2_00000,0.23804497718811035,5.959517955780029
explore_cycle_3_both,1401,False,0.13801857829093933,0.003,1401,0.0,0.008881429210305214,863.5,781.042261904762,694.0,46392314.0,2.9414453506469727,4164.784609079361,2.2080395221710205,549d2_00000,0.17732185125350952,4.399144172668457
explore_cycle_3_both,1402,False,0.12161358445882797,0.003,1402,0.0,-0.07053989171981812,860.5,790.9260416666667,704.5,46425446.0,3.0494937896728516,4167.834102869034,1.7946046590805054,549d2_00000,0.2759047746658325,3.7310190200805664
explore_cycle_3_both,1403,False,0.14925646781921387,0.003,1403,0.0,-6.220273644430563e-05,860.0,807.1145833333333,754.5,46458585.0,2.9041428565979004,4170.738245725632,2.5888633728027344,549d2_00000,0.13640433549880981,5.178746700286865
explore_cycle_3_both,1404,False,0.13977786898612976,0.003,1404,0.0,-0.03274848312139511,829.5,775.4947916666666,699.5,46491724.0,2.923616886138916,4173.661862611771,2.518603563308716,549d2_00000,0.09942626953125,5.103542804718018
explore_cycle_3_both,1405,False,0.13854150474071503,0.003,1405,0.0,0.037913452833890915,831.5,771.8385416666666,712.0,46524866.0,2.8736672401428223,4176.535529851913,2.6880946159362793,549d2_00000,0.13547062873840332,5.301192760467529
explore_cycle_3_both,1406,False,0.13685214519500732,0.003,1406,0.0,0.06751856207847595,843.5,779.2005208333334,714.5,46557991.0,3.062394857406616,4179.59792470932,2.405607223510742,549d2_00000,0.23300844430923462,4.676998615264893
explore_cycle_3_both,1407,False,0.14345672726631165,0.003,1407,0.0,0.14745329320430756,843.0,815.5576923076923,775.0,46591070.0,2.8923025131225586,4182.490227222443,2.6983394622802734,549d2_00000,0.32543236017227173,5.102632522583008
explore_cycle_3_both,1408,False,0.11027521640062332,0.003,1408,0.0,-0.16252605617046356,816.5,777.115625,742.0,46624198.0,2.918684244155884,4185.4089114665985,1.7218965291976929,549d2_00000,0.19999182224273682,3.7695069313049316
explore_cycle_3_both,1409,False,0.11717761307954788,0.003,1409,0.0,0.06366317719221115,827.0,778.9791666666666,716.0,46657333.0,2.9422109127044678,4188.351122379303,3.007777214050293,549d2_00000,0.1616482138633728,5.8889312744140625
explore_cycle_3_both,1410,False,0.11832984536886215,0.003,1410,0.0,-0.11057008802890778,849.0,786.84375,698.0,46690456.0,3.068512201309204,4191.419634580612,2.7604010105133057,549d2_00000,0.1865953803062439,5.742652416229248
explore_cycle_3_both,1411,False,0.14035631716251373,0.003,1411,0.0,-0.08230625838041306,859.0,801.3177083333334,741.0,46723594.0,2.9006755352020264,4194.320310115814,2.3904974460601807,549d2_00000,0.17708873748779297,4.9464497566223145
explore_cycle_3_both,1412,False,0.15151894092559814,0.003,1412,0.0,0.0363810732960701,832.0,792.576388888889,759.0,46756646.0,2.944713830947876,4197.265023946762,2.9148097038269043,549d2_00000,0.2092929482460022,5.7577667236328125
explore_cycle_3_both,1413,False,0.14301671087741852,0.003,1413,0.0,0.04752838611602783,841.0,791.816111111111,720.0,46789771.0,2.925030469894409,4200.1900544166565,3.272155523300171,549d2_00000,0.14128875732421875,6.450112819671631
explore_cycle_3_both,1414,False,0.12936273217201233,0.003,1414,0.0,0.04384917393326759,855.0,800.71875,742.5,46822904.0,2.9162235260009766,4203.1062779426575,2.704381227493286,549d2_00000,0.22764116525650024,5.321840286254883
explore_cycle_3_both,1415,False,0.12436316907405853,0.003,1415,0.0,0.05560687184333801,837.5,783.3444444444445,735.5,46856023.0,3.037269115447998,4206.1435470581055,3.41864275932312,549d2_00000,0.1613750457763672,6.726817607879639
explore_cycle_3_both,1416,False,0.14012698829174042,0.003,1416,0.0,-0.03622862324118614,832.0,792.1197916666667,732.0,46889161.0,2.8952972888946533,4209.038844347,2.7996885776519775,549d2_00000,0.2261052131652832,5.672674655914307
explore_cycle_3_both,1417,False,0.12972019612789154,0.003,1417,0.0,-0.014312115497887135,832.5,782.4817708333334,695.0,46922297.0,2.9301517009735107,4211.968996047974,1.949459433555603,549d2_00000,0.2585822343826294,3.928321599960327
explore_cycle_3_both,1418,False,0.12813328206539154,0.003,1418,0.0,-0.10452431440353394,841.5,786.6614583333334,698.0,46955428.0,2.9285635948181152,4214.897559642792,1.906986117362976,549d2_00000,0.2058870792388916,4.023789405822754
explore_cycle_3_both,1419,False,0.12536148726940155,0.003,1419,0.0,-0.0372234582901001,861.5,803.6346153846154,721.0,46988531.0,3.0169999599456787,4217.914559602737,2.316941261291504,549d2_00000,0.07826930284500122,4.709081649780273
explore_cycle_3_both,1420,False,0.13686905801296234,0.003,1420,0.0,-0.011963821947574615,857.0,808.1614583333334,727.0,47021655.0,3.0080580711364746,4220.922617673874,2.3300633430480957,549d2_00000,0.16762679815292358,4.684875965118408
explore_cycle_3_both,1421,False,0.1332259327173233,0.003,1421,0.0,-0.026521114632487297,828.5,788.9635416666667,727.5,47054795.0,3.02314829826355,4223.945765972137,2.200382709503174,549d2_00000,0.18268418312072754,4.4546074867248535
explore_cycle_3_both,1422,False,0.12536738812923431,0.003,1422,0.0,-0.02829199843108654,835.5,786.5494791666667,732.5,47087916.0,3.0103838443756104,4226.956149816513,2.5035746097564697,549d2_00000,0.1925157904624939,5.064485549926758
explore_cycle_3_both,1423,False,0.10566262155771255,0.003,1423,0.0,-0.0872006043791771,848.5,794.1222222222223,736.5,47121033.0,3.0665485858917236,4230.022698402405,2.243942975997925,549d2_00000,0.3070625066757202,4.662920951843262
explore_cycle_3_both,1424,False,0.13621249794960022,0.003,1424,0.0,-0.018430504947900772,831.0,780.0769230769231,707.5,47154108.0,3.1090657711029053,4233.131764173508,3.0604629516601562,549d2_00000,0.1969738006591797,6.158604621887207
explore_cycle_3_both,1425,False,0.14939945936203003,0.003,1425,0.0,0.0024991368409246206,863.0,787.5890625,712.5,47187228.0,3.0340394973754883,4236.165803670883,2.636760711669922,549d2_00000,0.19545191526412964,5.269420146942139
explore_cycle_3_both,1426,False,0.11591912806034088,0.003,1426,0.0,0.03727882355451584,850.5,792.6875,732.0,47220366.0,2.9809141159057617,4239.146717786789,2.428745985031128,549d2_00000,0.24472153186798096,4.783629894256592
explore_cycle_3_both,1427,False,0.1511497050523758,0.003,1427,0.0,-0.006288278382271528,832.5,763.6458333333333,704.0,47253507.0,3.0155956745147705,4242.162313461304,2.398163080215454,549d2_00000,0.20629411935806274,4.809809684753418
explore_cycle_3_both,1428,False,0.1396111398935318,0.003,1428,0.0,-0.0007384162745438516,854.0,787.828125,728.0,47286646.0,3.125730276107788,4245.2880437374115,2.591909170150757,549d2_00000,0.20171785354614258,5.186132431030273
explore_cycle_3_both,1429,False,0.12657196819782257,0.003,1429,0.0,0.021280154585838318,850.5,790.5885416666667,725.5,47319777.0,2.9881749153137207,4248.276218652725,2.14534330368042,549d2_00000,0.28853994607925415,4.2488861083984375
explore_cycle_3_both,1430,False,0.1396104246377945,0.003,1430,0.0,0.013222764246165752,829.0,790.8880208333333,741.5,47352909.0,2.9977922439575195,4251.274010896683,2.3297460079193115,549d2_00000,0.2770814299583435,4.633883476257324
explore_cycle_3_both,1431,False,0.13245554268360138,0.003,1431,0.0,0.014787162654101849,831.5,782.7,736.5,47385923.0,2.980738639831543,4254.254749536514,2.29679274559021,549d2_00000,0.28694069385528564,4.564805507659912
explore_cycle_3_both,1432,False,0.14420431852340698,0.003,1432,0.0,-0.0654400885105133,834.0,780.25,737.0,47419038.0,3.168848991394043,4257.423598527908,2.819053888320923,549d2_00000,0.24901771545410156,5.769853115081787
explore_cycle_3_both,1433,False,0.13606619834899902,0.003,1433,0.0,0.0055802930146455765,830.0,793.4010416666666,755.0,47452183.0,3.0376291275024414,4260.461227655411,2.357060670852661,549d2_00000,0.22577118873596191,4.703777313232422
explore_cycle_3_both,1434,False,0.13993394374847412,0.003,1434,0.0,0.09389758855104446,846.5,790.46875,728.5,47485304.0,3.0221595764160156,4263.483387231827,2.673523187637329,549d2_00000,0.2198842167854309,5.160090923309326
explore_cycle_3_both,1435,False,0.13146770000457764,0.003,1435,0.0,0.11912746727466583,847.0,769.0388888888889,728.0,47518421.0,2.9900100231170654,4266.473397254944,3.1944174766540527,549d2_00000,0.36195898056030273,6.151368618011475
explore_cycle_3_both,1436,False,0.08308164775371552,0.003,1436,0.0,-0.08078178763389587,828.0,775.3229166666666,740.0,47551472.0,3.0190768241882324,4269.492474079132,2.2527036666870117,549d2_00000,0.22617381811141968,4.6674699783325195
explore_cycle_3_both,1437,False,0.13838276267051697,0.003,1437,0.0,0.08571736514568329,869.5,796.1197916666667,721.5,47584594.0,3.138871669769287,4272.631345748901,3.4996864795684814,549d2_00000,0.2160748839378357,6.828767776489258
explore_cycle_3_both,1438,False,0.1472470611333847,0.003,1438,0.0,0.016176588833332062,836.5,787.6927083333334,739.5,47617732.0,2.995424270629883,4275.626770019531,2.6911237239837646,549d2_00000,0.22309303283691406,5.350778102874756
explore_cycle_3_both,1439,False,0.12353162467479706,0.003,1439,0.0,-0.05980271100997925,827.0,777.09375,734.5,47650871.0,2.9987714290618896,4278.625541448593,2.3659610748291016,549d2_00000,0.41587668657302856,4.852268218994141
explore_cycle_3_both,1440,False,0.11914660781621933,0.003,1440,0.0,0.03596046566963196,833.0,777.5625,742.0,47683988.0,3.0108675956726074,4281.636409044266,2.9552624225616455,549d2_00000,0.11668896675109863,5.839319229125977
explore_cycle_3_both,1441,False,0.12289862334728241,0.003,1441,0.0,0.051484063267707825,846.5,768.6223958333333,720.5,47717111.0,3.1400437355041504,4284.77645277977,3.1089534759521484,549d2_00000,0.20817196369171143,6.115676403045654
explore_cycle_3_both,1442,False,0.11747697740793228,0.003,1442,0.0,-0.08394283056259155,798.5,773.109375,726.0,47750251.0,2.97436261177063,4287.7508153915405,2.6689815521240234,549d2_00000,0.3453372120857239,5.5065531730651855
explore_cycle_3_both,1443,False,0.12360615283250809,0.003,1443,0.0,-0.11646819859743118,814.0,772.1818181818181,722.5,47783288.0,2.964059591293335,4290.714874982834,2.9119601249694824,549d2_00000,0.290092408657074,6.057598114013672
explore_cycle_3_both,1444,False,0.12719781696796417,0.003,1444,0.0,0.07570429146289825,837.0,761.5755208333334,686.0,47816402.0,3.050314426422119,4293.765189409256,3.54671311378479,549d2_00000,0.3638898730278015,6.942780494689941
explore_cycle_3_both,1445,False,0.10222015529870987,0.003,1445,0.0,-0.09093423932790756,828.5,782.8333333333333,729.0,47849472.0,3.002441883087158,4296.767631292343,2.61357045173645,549d2_00000,0.24828553199768066,5.409623622894287
explore_cycle_3_both,1446,False,0.13952912390232086,0.003,1446,0.0,0.032832514494657516,831.0,765.8854166666666,701.0,47882595.0,3.1429357528686523,4299.910567045212,3.4621145725250244,549d2_00000,0.2285672426223755,6.859401226043701
explore_cycle_3_both,1447,False,0.10127975046634674,0.003,1447,0.0,-0.049978457391262054,817.5,751.234375,688.0,47915735.0,2.9952852725982666,4302.90585231781,2.8280928134918213,549d2_00000,0.2414238452911377,5.756750583648682
explore_cycle_3_both,1448,False,0.12273980677127838,0.003,1448,0.0,0.028350334614515305,783.5,753.05,712.5,47948767.0,3.0108327865600586,4305.91668510437,3.009028911590576,549d2_00000,0.25259721279144287,5.962093830108643
explore_cycle_3_both,1449,False,0.12140069156885147,0.003,1449,0.0,0.013342468068003654,854.0,774.5026041666666,708.5,47981889.0,3.0472240447998047,4308.96390914917,3.4363181591033936,549d2_00000,0.20011746883392334,6.8466796875
explore_cycle_3_both,1450,False,0.12799209356307983,0.003,1450,0.0,-0.004762246273458004,841.5,792.9661458333334,710.5,48015025.0,3.146364212036133,4312.110273361206,3.1382639408111572,549d2_00000,0.27237772941589355,6.286820411682129
explore_cycle_3_both,1451,False,0.14753414690494537,0.003,1451,0.0,-0.04481981694698334,838.0,788.1979166666666,700.0,48048163.0,2.960674285888672,4315.070947647095,2.6904208660125732,549d2_00000,0.26142269372940063,5.471365928649902
explore_cycle_3_both,1452,False,0.12732307612895966,0.003,1452,0.0,-0.06607479602098465,819.0,769.0222222222221,722.0,48081277.0,2.9117791652679443,4317.982726812363,2.897165536880493,549d2_00000,0.11104142665863037,5.927244186401367
explore_cycle_3_both,1453,False,0.12039940804243088,0.003,1453,0.0,-0.0935283750295639,850.5,777.653125,672.5,48114407.0,2.9604122638702393,4320.943139076233,2.5110104084014893,549d2_00000,0.352814257144928,5.209799766540527
explore_cycle_3_both,1454,False,0.10969547182321548,0.003,1454,0.0,0.04738633707165718,842.5,793.4375,742.0,48147547.0,3.033508539199829,4323.976647615433,3.1192080974578857,549d2_00000,0.1734168529510498,6.144300937652588
explore_cycle_3_both,1455,False,0.1105300635099411,0.003,1455,0.0,0.0019798504654318094,822.5,783.2142857142857,728.0,48180650.0,2.9057085514068604,4326.88235616684,2.524231195449829,549d2_00000,0.2834874987602234,5.045166015625
explore_cycle_3_both,1456,False,0.12932336330413818,0.003,1456,0.0,0.06576450169086456,824.5,777.5859375,671.5,48213767.0,2.958906412124634,4329.841262578964,3.315770387649536,549d2_00000,0.24878942966461182,6.500787734985352
explore_cycle_3_both,1457,False,0.117718406021595,0.003,1457,0.0,0.020148515701293945,840.5,755.4375,705.0,48246902.0,2.9768855571746826,4332.818148136139,2.71305251121521,549d2_00000,0.2188064455986023,5.386514186859131
explore_cycle_3_both,1458,False,0.11369910836219788,0.003,1458,0.0,-0.10593415796756744,814.0,764.2213541666667,711.0,48280032.0,2.965346097946167,4335.783494234085,2.829615592956543,549d2_00000,0.21319544315338135,5.871782302856445
explore_cycle_3_both,1459,False,0.10910507291555405,0.003,1459,0.0,-0.021040193736553192,837.0,780.6510416666666,739.0,48313169.0,3.1350393295288086,4338.918533563614,2.595663547515869,549d2_00000,0.28772425651550293,5.2340617179870605
explore_cycle_3_both,1460,False,0.13662441074848175,0.003,1460,0.0,-0.043831922113895416,817.0,774.8181818181819,734.0,48346179.0,2.9875314235687256,4341.906064987183,2.3912570476531982,549d2_00000,0.29719990491867065,4.870996952056885
explore_cycle_3_both,1461,False,0.09683143347501755,0.003,1461,0.0,0.002652942668646574,857.0,787.4609375,735.5,48379303.0,2.9724385738372803,4344.87850356102,3.4681313037872314,549d2_00000,0.20433413982391357,6.931537628173828
explore_cycle_3_both,1462,False,0.1443236917257309,0.003,1462,0.0,0.14610092341899872,828.0,778.9672619047618,727.0,48412413.0,2.939263105392456,4347.817766666412,4.6035990715026855,549d2_00000,0.20856040716171265,8.915862083435059
explore_cycle_3_both,1463,False,0.10418146848678589,0.003,1463,0.0,-0.08745859563350677,810.5,783.90625,751.0,48445549.0,3.05423903465271,4350.872005701065,2.943366289138794,549d2_00000,0.17140978574752808,6.062274932861328
explore_cycle_3_both,1464,False,0.11837762594223022,0.003,1464,0.0,0.054329149425029755,824.5,754.15625,687.5,48478686.0,2.9584288597106934,4353.830434560776,3.2737796306610107,549d2_00000,0.20827513933181763,6.439611434936523
explore_cycle_3_both,1465,False,0.1161334291100502,0.003,1465,0.0,0.018728718161582947,834.0,768.5026041666666,696.5,48511818.0,2.954939365386963,4356.785373926163,3.1214685440063477,549d2_00000,0.24999594688415527,6.206176280975342
explore_cycle_3_both,1466,False,0.11030113697052002,0.003,1466,0.0,-0.009223995730280876,859.0,801.2277777777778,744.0,48544938.0,2.9099783897399902,4359.695352315903,3.2224056720733643,549d2_00000,0.20403718948364258,6.463921070098877
explore_cycle_3_both,1467,False,0.13098005950450897,0.003,1467,0.0,-0.11605603992938995,835.0,791.85,721.0,48578061.0,2.906639337539673,4362.601991653442,3.374183177947998,549d2_00000,0.2077236771583557,6.981264114379883
explore_cycle_3_both,1468,False,0.11713334172964096,0.003,1468,0.0,-0.017915934324264526,838.0,769.65625,697.0,48611180.0,3.0505173206329346,4365.652508974075,2.6650822162628174,549d2_00000,0.24378573894500732,5.366699695587158
explore_cycle_3_both,1469,False,0.11513758450746536,0.003,1469,0.0,-0.167145773768425,819.5,777.9427083333333,704.0,48644313.0,2.9148552417755127,4368.567364215851,2.3181543350219727,549d2_00000,0.3041859269142151,4.971291542053223
explore_cycle_3_both,1470,False,0.12722362577915192,0.003,1470,0.0,0.06533324718475342,824.5,773.0677083333334,723.0,48677445.0,2.9528307914733887,4371.520195007324,2.5725321769714355,549d2_00000,0.20342832803726196,5.015161514282227
explore_cycle_3_both,1471,False,0.14035582542419434,0.003,1471,0.0,0.11407133936882019,829.0,788.1071428571429,685.0,48710535.0,2.932736396789551,4374.452931404114,3.2426507472991943,549d2_00000,0.1688944697380066,6.258001327514648
explore_cycle_3_both,1472,False,0.13361279666423798,0.003,1472,0.0,0.06240084394812584,833.0,769.7708333333334,725.0,48743568.0,3.0150246620178223,4377.467956066132,3.0459320545196533,549d2_00000,0.35414618253707886,5.967864036560059
explore_cycle_3_both,1473,False,0.1276128590106964,0.003,1473,0.0,-0.054352521896362305,828.0,758.7630208333334,698.0,48776692.0,2.920062303543091,4380.388018369675,2.9146411418914795,549d2_00000,0.20918893814086914,5.9387526512146
explore_cycle_3_both,1474,False,0.14231032133102417,0.003,1474,0.0,-0.06930721551179886,839.5,765.1536458333334,724.0,48809825.0,2.933379888534546,4383.321398258209,2.5054712295532227,549d2_00000,0.22241199016571045,5.150409698486328
explore_cycle_3_both,1475,False,0.15826915204524994,0.003,1475,0.0,0.0034774967934936285,834.5,784.0572916666666,734.0,48842965.0,2.8891286849975586,4386.210526943207,2.650585174560547,549d2_00000,0.22637397050857544,5.295164585113525
explore_cycle_3_both,1476,False,0.11841859668493271,0.003,1476,0.0,0.014972738921642303,838.5,773.6723958333334,715.0,48876095.0,2.9536850452423096,4389.164211988449,2.55519437789917,549d2_00000,0.13824433088302612,5.081153869628906
explore_cycle_3_both,1477,False,0.13607662916183472,0.003,1477,0.0,-0.06628422439098358,846.0,786.8385416666666,737.5,48909228.0,3.0496838092803955,4392.2138957977295,3.146918535232544,549d2_00000,0.2359452247619629,6.42722225189209
explore_cycle_3_both,1478,False,0.10342226922512054,0.003,1478,0.0,0.05385340377688408,854.0,813.4615384615385,767.5,48942306.0,2.888406276702881,4395.102302074432,3.0492796897888184,549d2_00000,0.2386683225631714,5.991473197937012
explore_cycle_3_both,1479,False,0.11446505784988403,0.003,1479,0.0,0.01130074542015791,851.0,787.8125,720.5,48975445.0,2.9174211025238037,4398.019723176956,3.0769646167755127,549d2_00000,0.2012203335762024,6.132014751434326
explore_cycle_3_both,1480,False,0.11873725801706314,0.003,1480,0.0,-0.02590818703174591,844.0,792.3411458333334,743.0,49008571.0,2.942549705505371,4400.962272882462,3.3357090950012207,549d2_00000,0.2510383129119873,6.723947048187256
explore_cycle_3_both,1481,False,0.12023662775754929,0.003,1481,0.0,-0.11676226556301117,803.0,755.1432291666666,703.0,49041701.0,3.0408952236175537,4404.003168106079,2.783348321914673,549d2_00000,0.1894952654838562,5.800942420959473
explore_cycle_3_both,1482,False,0.12966226041316986,0.003,1482,0.0,0.1851060688495636,845.0,748.5222222222221,665.5,49074809.0,2.9397549629211426,4406.942923069,3.197758436203003,549d2_00000,0.3022492527961731,6.026082992553711
explore_cycle_3_both,1483,False,0.14578348398208618,0.003,1483,0.0,-0.04912880063056946,845.0,781.1130952380952,699.0,49107903.0,2.9139981269836426,4409.856921195984,2.579584836959839,549d2_00000,0.23610281944274902,5.258302211761475
explore_cycle_3_both,1484,False,0.13605430722236633,0.003,1484,0.0,-0.009313052520155907,841.5,782.8402777777778,698.0,49140952.0,2.917725086212158,4412.774646282196,2.82016921043396,549d2_00000,0.2896900177001953,5.659780979156494
explore_cycle_3_both,1485,False,0.11480947583913803,0.003,1485,0.0,-0.053729768842458725,858.5,766.0104166666666,714.0,49174082.0,3.1348202228546143,4415.909466505051,2.606513738632202,549d2_00000,0.3321537971496582,5.321175575256348
explore_cycle_3_both,1486,False,0.12669439613819122,0.003,1486,0.0,-0.028586668893694878,844.5,789.59375,715.0,49207213.0,2.956303119659424,4418.86576962471,3.2751495838165283,549d2_00000,0.26220905780792236,6.6082329750061035
explore_cycle_3_both,1487,False,0.1506660133600235,0.003,1487,0.0,0.13623614609241486,838.0,757.2055555555556,716.5,49240331.0,2.9194304943084717,4421.785200119019,3.689756393432617,549d2_00000,0.14709919691085815,7.107944488525391
explore_cycle_3_both,1488,False,0.1431056559085846,0.003,1488,0.0,0.016645647585392,811.5,767.5963541666667,718.5,49273454.0,2.933112621307373,4424.718312740326,2.4819254875183105,549d2_00000,0.3455215096473694,4.931418418884277
explore_cycle_3_both,1489,False,0.14959974586963654,0.003,1489,0.0,0.058850497007369995,802.0,751.7864583333334,683.0,49306593.0,2.92433762550354,4427.6426503658295,2.7707974910736084,549d2_00000,0.20705735683441162,5.4247918128967285
explore_cycle_3_both,1490,False,0.1589857041835785,0.003,1490,0.0,0.01042850036174059,800.0,742.6,703.0,49339602.0,3.0813584327697754,4430.724008798599,2.5316967964172363,549d2_00000,0.2159861922264099,5.043490886688232
explore_cycle_3_both,1491,False,0.13755011558532715,0.003,1491,0.0,-0.043763186782598495,817.5,764.0390625,728.0,49372725.0,2.93796706199646,4433.661975860596,2.8640220165252686,549d2_00000,0.3240455985069275,5.816395282745361
explore_cycle_3_both,1492,False,0.13353204727172852,0.003,1492,0.0,0.08694589138031006,832.5,796.4743589743591,756.0,49405792.0,2.926023006439209,4436.587998867035,3.4346673488616943,549d2_00000,0.19796818494796753,6.696243762969971
explore_cycle_3_both,1493,False,0.14981867372989655,0.003,1493,0.0,0.019261499866843224,845.0,773.7055555555555,675.5,49438894.0,2.9277353286743164,4439.515734195709,2.6681363582611084,549d2_00000,0.21158367395401,5.298648834228516
explore_cycle_3_both,1494,False,0.11270183324813843,0.003,1494,0.0,-0.1481606364250183,820.5,766.453125,700.0,49472005.0,3.061122417449951,4442.576856613159,2.4088809490203857,549d2_00000,0.10034209489822388,5.114759922027588
explore_cycle_3_both,1495,False,0.12104078382253647,0.003,1495,0.0,0.01974804885685444,825.0,783.0388888888889,719.5,49505148.0,2.9409186840057373,4445.517775297165,2.9385440349578857,549d2_00000,0.1596740484237671,5.83831787109375
explore_cycle_3_both,1496,False,0.1466311812400818,0.003,1496,0.0,0.053326770663261414,841.5,778.5333333333333,745.5,49538266.0,2.99613618850708,4448.513911485672,3.1794679164886475,549d2_00000,0.18543189764022827,6.253161907196045
explore_cycle_3_both,1497,False,0.15210433304309845,0.003,1497,0.0,0.07465536892414093,818.0,777.2229166666666,731.5,49571393.0,2.9475793838500977,4451.461490869522,2.9762144088745117,549d2_00000,0.08936870098114014,5.804030895233154
explore_cycle_3_both,1498,False,0.15334783494472504,0.003,1498,0.0,-0.07289984077215195,833.5,781.671875,722.5,49604526.0,2.9319353103637695,4454.393426179886,2.754807710647583,549d2_00000,0.222567617893219,5.65633487701416
explore_cycle_3_both,1499,False,0.17545075714588165,0.003,1499,0.0,0.09064101427793503,837.5,774.171875,701.0,49637671.0,3.0205514430999756,4457.413977622986,4.011814594268799,549d2_00000,0.08748745918273926,7.843399524688721
explore_cycle_3_both,1500,False,0.1647598147392273,0.003,1500,0.0,0.004330759402364492,833.0,789.8875,719.0,49670793.0,2.9663920402526855,4460.3803696632385,2.2532713413238525,549d2_00000,0.1687614917755127,4.498869895935059
explore_cycle_3_both,1501,False,0.15250840783119202,0.003,1501,0.0,-0.09664353728294373,823.5,785.96875,716.5,49703936.0,2.928277015686035,4463.308646678925,1.9545398950576782,549d2_00000,0.1648302674293518,4.1032819747924805
explore_cycle_3_both,1502,False,0.15071436762809753,0.003,1502,0.0,-0.025521617382764816,819.0,771.6538461538462,735.5,49737014.0,2.905458450317383,4466.214105129242,2.0992143154144287,549d2_00000,0.1988283395767212,4.250376224517822
explore_cycle_3_both,1503,False,0.15875205397605896,0.003,1503,0.0,-0.20030076801776886,847.5,778.7671875000001,726.5,49770140.0,3.057565927505493,4469.271671056747,2.3745102882385254,549d2_00000,0.17338645458221436,5.150574684143066
explore_cycle_3_both,1504,False,0.1508835107088089,0.003,1504,0.0,0.01251262053847313,825.5,756.9070512820513,677.0,49803203.0,2.9414126873016357,4472.213083744049,2.619929552078247,549d2_00000,0.3164166808128357,5.215738296508789
explore_cycle_3_both,1505,False,0.15830078721046448,0.003,1505,0.0,0.07196952402591705,815.5,768.5888888888888,708.0,49836307.0,2.9404728412628174,4475.153556585312,2.758434295654297,549d2_00000,0.2563711404800415,5.3738789558410645
explore_cycle_3_both,1506,False,0.15320798754692078,0.003,1506,0.0,-0.023256445303559303,813.0,774.96875,723.5,49869438.0,2.941134452819824,4478.094691038132,2.4063336849212646,549d2_00000,0.24261212348937988,4.8600993156433105
explore_cycle_3_both,1507,False,0.14784206449985504,0.003,1507,0.0,-0.0036436833906918764,819.5,765.2692307692307,716.0,49902516.0,3.029477834701538,4481.124168872833,2.239607572555542,549d2_00000,0.24888044595718384,4.487389087677002
explore_cycle_3_both,1508,False,0.15909351408481598,0.003,1508,0.0,0.07958868891000748,832.0,782.1222222222223,734.0,49935632.0,2.9317874908447266,4484.055956363678,2.61262845993042,549d2_00000,0.20810770988464355,5.0670342445373535
explore_cycle_3_both,1509,False,0.12336333096027374,0.003,1509,0.0,-0.12527239322662354,846.0,775.5744444444443,718.5,49968759.0,2.947422742843628,4487.003379106522,2.527451515197754,549d2_00000,0.13528430461883545,5.306188106536865
explore_cycle_3_both,1510,True,0.13931480050086975,0.003,1510,0.0,-0.04210492968559265,825.0,773.4010416666667,713.5,50001886.0,2.9235873222351074,4489.926966428757,2.3627095222473145,549d2_00000,0.14759093523025513,4.810464382171631
explore_cycle_3_factor_1,1,False,2.132591485977173,0.003,1,0.0,-0.11261063814163208,23.0,13.910714285714286,2.0,33074.0,4.138619661331177,4.138619661331177,1.4799917936325073,cfe2d_00000,0.08136600255966187,3.198000431060791
explore_cycle_3_factor_1,2,False,2.1563146114349365,0.003,2,0.0,-0.1391087770462036,81.0,58.07142857142858,39.0,66154.0,3.6069440841674805,7.745563745498657,4.816494464874268,cfe2d_00000,-0.0004780292510986328,9.924144744873047
explore_cycle_3_factor_1,3,False,2.152675151824951,0.003,3,0.0,-0.1433439552783966,106.0,83.79761904761904,56.0,99228.0,3.6005945205688477,11.346158266067505,5.148841857910156,cfe2d_00000,-2.4557113647460938e-05,10.59728717803955
explore_cycle_3_factor_1,4,False,2.150156021118164,0.003,4,0.0,0.03543172404170036,131.0,117.66666666666667,103.0,132080.0,3.63742733001709,14.983585596084595,3.6683995723724365,cfe2d_00000,-3.838539123535156e-05,7.278836250305176
explore_cycle_3_factor_1,5,False,2.1435883045196533,0.003,5,0.0,0.0522199310362339,167.0,146.63690476190476,120.0,165155.0,3.613278865814209,18.596864461898804,2.897609233856201,cfe2d_00000,0.00020128488540649414,5.703639507293701
explore_cycle_3_factor_1,6,False,2.1394155025482178,0.003,6,0.0,-0.0318417102098465,213.0,175.75,140.0,198230.0,3.6022918224334717,22.199156284332275,2.452345132827759,cfe2d_00000,1.5735626220703125e-05,4.981209754943848
explore_cycle_3_factor_1,7,False,2.127575635910034,0.003,7,0.0,0.06302469968795776,230.0,206.7380952380952,181.0,231321.0,3.590963125228882,25.790119409561157,1.8897954225540161,cfe2d_00000,0.0001678466796875,3.666306972503662
explore_cycle_3_factor_1,8,False,2.1177573204040527,0.003,8,0.0,-0.005917733535170555,273.0,244.70833333333331,213.0,264407.0,3.7769758701324463,29.567095279693604,1.8168630599975586,cfe2d_00000,-8.380413055419922e-05,3.6582679748535156
explore_cycle_3_factor_1,9,False,2.113285541534424,0.003,9,0.0,-0.05845484510064125,321.0,286.2023809523809,239.0,297494.0,3.613178253173828,33.18027353286743,1.3751823902130127,cfe2d_00000,-7.355213165283203e-05,2.8799540996551514
explore_cycle_3_factor_1,10,False,2.110196352005005,0.003,10,0.0,0.036299463361501694,348.0,323.85714285714283,296.0,330600.0,3.539088487625122,36.719362020492554,0.9940401911735535,cfe2d_00000,-2.384185791015625e-05,1.9281425476074219
explore_cycle_3_factor_1,11,False,2.1221327781677246,0.003,11,0.0,0.056352950632572174,368.0,346.40476190476187,315.0,363686.0,3.5865511894226074,40.30591320991516,0.9409735798835754,cfe2d_00000,0.0003453493118286133,1.7819740772247314
explore_cycle_3_factor_1,12,False,2.1170549392700195,0.003,12,0.0,-0.050652045756578445,368.0,344.702380952381,316.0,396784.0,3.74440336227417,44.05031657218933,0.9370250105857849,cfe2d_00000,0.0004062056541442871,1.9880565404891968
explore_cycle_3_factor_1,13,False,2.1224241256713867,0.003,13,0.0,-0.05178697407245636,373.0,341.82142857142856,313.0,429855.0,3.635282516479492,47.68559908866882,0.9328293204307556,cfe2d_00000,-0.0038129091262817383,1.9819669723510742
explore_cycle_3_factor_1,14,False,2.1119720935821533,0.003,14,0.0,0.08698388189077377,373.0,344.4761904761905,323.0,462947.0,3.6270194053649902,51.31261849403381,1.002781629562378,cfe2d_00000,0.008715510368347168,1.8442673683166504
explore_cycle_3_factor_1,15,False,2.1161186695098877,0.003,15,0.0,0.09334855526685715,383.0,346.83333333333337,319.0,496027.0,3.61515736579895,54.927775859832764,0.9596593976020813,cfe2d_00000,0.0007572174072265625,1.7453184127807617
explore_cycle_3_factor_1,16,False,2.1021671295166016,0.003,16,0.0,-0.025837449356913567,380.0,351.577380952381,317.0,529112.0,3.8226819038391113,58.750457763671875,0.7790098190307617,cfe2d_00000,-0.009912848472595215,1.622307538986206
explore_cycle_3_factor_1,17,False,2.0670392513275146,0.003,17,0.0,0.0662074163556099,399.0,355.7857142857143,314.0,562190.0,3.6381545066833496,62.388612270355225,0.9064897298812866,cfe2d_00000,-0.04496574401855469,1.6929669380187988
explore_cycle_3_factor_1,18,False,2.012683391571045,0.003,18,0.0,-0.06486344337463379,383.0,357.3095238095238,327.0,595276.0,3.5585529804229736,65.9471652507782,0.9911870956420898,cfe2d_00000,-0.01240241527557373,2.1241772174835205
explore_cycle_3_factor_1,19,False,1.968982219696045,0.003,19,0.0,0.03929014131426811,377.0,363.85714285714283,338.0,628382.0,3.582777500152588,69.52994275093079,1.1091963052749634,cfe2d_00000,-0.0016660690307617188,2.1516261100769043
explore_cycle_3_factor_1,20,False,1.9505250453948975,0.003,20,0.0,0.024554673582315445,411.0,368.26190476190476,340.0,661470.0,3.617462396621704,73.14740514755249,1.2581605911254883,cfe2d_00000,0.018277406692504883,2.478914976119995
explore_cycle_3_factor_1,21,False,1.882743239402771,0.003,21,0.0,0.003777269506826997,408.0,380.42857142857144,351.0,694576.0,3.760143518447876,76.90754866600037,1.3883408308029175,cfe2d_00000,-0.0030879974365234375,2.780423402786255
explore_cycle_3_factor_1,22,False,1.828749418258667,0.003,22,0.0,0.008914116770029068,428.0,383.1190476190476,351.0,727658.0,3.5770974159240723,80.48464608192444,1.7450528144836426,cfe2d_00000,0.0020245909690856934,3.483250141143799
explore_cycle_3_factor_1,23,False,1.834313154220581,0.003,23,0.0,-0.05306355282664299,431.0,401.03690476190474,367.0,760724.0,3.5924291610717773,84.07707524299622,1.332976222038269,cfe2d_00000,-0.003172755241394043,2.783085584640503
explore_cycle_3_factor_1,24,False,1.8209912776947021,0.003,24,0.0,-0.11344139277935028,445.0,411.89285714285705,366.0,793811.0,3.561000108718872,87.63807535171509,1.7447084188461304,cfe2d_00000,-0.00032973289489746094,3.7272255420684814
explore_cycle_3_factor_1,25,False,1.753990888595581,0.003,25,0.0,0.054712481796741486,447.0,428.5,391.0,826841.0,3.8025925159454346,91.44066786766052,1.5795437097549438,cfe2d_00000,-0.013792157173156738,3.0601866245269775
explore_cycle_3_factor_1,26,False,1.737515926361084,0.003,26,0.0,0.056408874690532684,471.0,433.23214285714283,398.0,859922.0,3.6346163749694824,95.07528424263,1.4977401494979858,cfe2d_00000,0.006892800331115723,2.89308762550354
explore_cycle_3_factor_1,27,False,1.6578361988067627,0.003,27,0.0,0.003992109093815088,478.0,435.98809523809524,393.0,892996.0,3.6416163444519043,98.71690058708191,1.650684118270874,cfe2d_00000,0.00878375768661499,3.303330898284912
explore_cycle_3_factor_1,28,False,1.6258777379989624,0.003,28,0.0,0.0211821049451828,482.0,441.57142857142856,393.0,926094.0,3.7516119480133057,102.46851253509521,2.4144585132598877,cfe2d_00000,0.011401176452636719,4.7963080406188965
explore_cycle_3_factor_1,29,False,1.6067765951156616,0.003,29,0.0,0.10913896560668945,498.0,454.83333333333337,405.0,959177.0,3.7197000980377197,106.18821263313293,2.3284575939178467,cfe2d_00000,-0.016010403633117676,4.448277473449707
explore_cycle_3_factor_1,30,False,1.536057710647583,0.003,30,0.0,-0.11856453120708466,510.0,470.2857142857143,429.0,992270.0,3.548839569091797,109.73705220222473,2.3203423023223877,cfe2d_00000,0.009573578834533691,4.887029647827148
explore_cycle_3_factor_1,31,False,1.5080430507659912,0.003,31,0.0,0.10638166964054108,502.0,467.7857142857143,437.0,1025376.0,3.5422515869140625,113.2793037891388,2.865891456604004,cfe2d_00000,-0.00015354156494140625,5.528068542480469
explore_cycle_3_factor_1,32,False,1.514119029045105,0.003,32,0.0,-0.038240883499383926,542.0,485.952380952381,428.0,1058450.0,3.53108549118042,116.81038928031921,2.5425655841827393,cfe2d_00000,0.023594975471496582,5.1706976890563965
explore_cycle_3_factor_1,33,False,1.4703024625778198,0.003,33,0.0,-0.022789064794778824,554.0,490.05,455.0,1091456.0,3.684694766998291,120.4950840473175,2.631564140319824,cfe2d_00000,0.0024532079696655273,5.317528247833252
explore_cycle_3_factor_1,34,False,1.4292240142822266,0.003,34,0.0,0.03522719815373421,568.0,487.6630952380952,424.0,1124520.0,3.5794827938079834,124.07456684112549,2.8077552318573,cfe2d_00000,0.0522422194480896,5.553631782531738
explore_cycle_3_factor_1,35,False,1.3391258716583252,0.003,35,0.0,-0.026656117290258408,549.0,509.4444444444444,469.0,1157435.0,3.52105450630188,127.59562134742737,2.826295852661133,cfe2d_00000,-0.013263940811157227,5.7139387130737305
explore_cycle_3_factor_1,36,False,1.3623493909835815,0.003,36,0.0,-0.050980135798454285,582.0,511.08333333333337,456.0,1190512.0,3.681074857711792,131.27669620513916,3.6185123920440674,cfe2d_00000,-0.010601162910461426,7.347159385681152
explore_cycle_3_factor_1,37,False,1.3436620235443115,0.003,37,0.0,0.04210656136274338,576.0,519.8035714285714,448.0,1223588.0,3.5493578910827637,134.82605409622192,3.400343179702759,cfe2d_00000,0.007253110408782959,6.724534511566162
explore_cycle_3_factor_1,38,False,1.302871584892273,0.003,38,0.0,0.04458855465054512,602.0,544.0238095238095,459.0,1256673.0,3.703587770462036,138.52964186668396,2.946826219558716,cfe2d_00000,-0.019248366355895996,5.812292575836182
explore_cycle_3_factor_1,39,False,1.252037763595581,0.003,39,0.0,-0.013043820858001709,598.0,556.7380952380952,500.0,1289764.0,3.547668695449829,142.0773105621338,3.7656359672546387,cfe2d_00000,0.08182388544082642,7.5648722648620605
explore_cycle_3_factor_1,40,False,1.2726750373840332,0.003,40,0.0,0.028193574398756027,642.0,570.5595238095237,525.0,1322858.0,3.542393207550049,145.61970376968384,4.077047824859619,cfe2d_00000,0.058125317096710205,8.105344772338867
explore_cycle_3_factor_1,41,False,1.227311611175537,0.003,41,0.0,-0.11164027452468872,671.0,592.6428571428571,524.0,1355958.0,3.569035768508911,149.18873953819275,3.9420361518859863,cfe2d_00000,0.011168718338012695,8.114715576171875
explore_cycle_3_factor_1,42,False,1.2544255256652832,0.003,42,0.0,0.02627584896981716,684.0,606.9166666666667,536.0,1389044.0,3.7178406715393066,152.90658020973206,4.472114086151123,cfe2d_00000,0.015029311180114746,8.89920425415039
explore_cycle_3_factor_1,43,False,1.21220064163208,0.003,43,0.0,-0.03864312916994095,677.0,623.1071428571429,547.0,1422138.0,3.542731285095215,156.44931149482727,5.001967906951904,cfe2d_00000,-0.01575446128845215,10.088496208190918
explore_cycle_3_factor_1,44,False,1.2527939081192017,0.003,44,0.0,-0.06897109001874924,692.0,607.7440476190476,515.0,1455208.0,3.6462526321411133,160.09556412696838,5.914141654968262,cfe2d_00000,0.07785117626190186,11.97374153137207
explore_cycle_3_factor_1,45,False,1.2188047170639038,0.003,45,0.0,0.024693813174962997,677.0,615.3690476190476,518.0,1488299.0,3.596823215484619,163.692387342453,5.466288089752197,cfe2d_00000,0.09432131052017212,10.890501022338867
explore_cycle_3_factor_1,46,False,1.1804558038711548,0.003,46,0.0,0.018296968191862106,738.0,638.6439393939395,574.0,1521321.0,3.7927005290985107,167.4850878715515,5.616994857788086,cfe2d_00000,0.07359820604324341,11.204477310180664
explore_cycle_3_factor_1,47,False,1.1706162691116333,0.003,47,0.0,0.03062335215508938,739.0,661.7142857142857,571.0,1554410.0,3.625154495239258,171.11024236679077,6.144584655761719,cfe2d_00000,0.08265620470046997,12.234946250915527
explore_cycle_3_factor_1,48,False,1.1808964014053345,0.003,48,0.0,0.07004939019680023,749.0,633.1904761904761,547.0,1587482.0,3.62186336517334,174.7321057319641,5.897643566131592,cfe2d_00000,0.11841106414794922,11.662272453308105
explore_cycle_3_factor_1,49,False,1.168843388557434,0.003,49,0.0,-0.08992432057857513,742.0,647.4166666666666,538.0,1620566.0,3.6088054180145264,178.34091114997864,6.47873592376709,cfe2d_00000,0.09501433372497559,13.144333839416504
explore_cycle_3_factor_1,50,False,1.1563829183578491,0.003,50,0.0,-0.0172394048422575,737.0,667.6904761904761,581.0,1653662.0,3.830613851547241,182.17152500152588,6.1952996253967285,cfe2d_00000,0.13313108682632446,12.43201732635498
explore_cycle_3_factor_1,51,False,1.1625767946243286,0.003,51,0.0,-0.05175658315420151,722.0,651.6547619047618,557.0,1686750.0,3.6628754138946533,185.83440041542053,6.1180925369262695,cfe2d_00000,0.15699714422225952,12.346673965454102
explore_cycle_3_factor_1,52,False,1.1403250694274902,0.003,52,0.0,0.05381103232502937,733.0,683.9285714285714,615.0,1719856.0,3.6497180461883545,189.4841184616089,6.042149066925049,cfe2d_00000,0.06827688217163086,11.98351764678955
explore_cycle_3_factor_1,53,False,1.1442638635635376,0.003,53,0.0,-0.14615464210510254,750.0,698.970238095238,622.0,1752938.0,3.6367058753967285,193.12082433700562,6.125383377075195,cfe2d_00000,0.15111476182937622,12.549942016601562
explore_cycle_3_factor_1,54,False,1.1512137651443481,0.003,54,0.0,0.07161988317966461,820.0,729.2807692307692,604.0,1785989.0,3.6044399738311768,196.7252643108368,7.312957763671875,cfe2d_00000,0.16217201948165894,14.489583969116211
explore_cycle_3_factor_1,55,False,1.144968867301941,0.003,55,0.0,0.015830950811505318,789.0,690.7380952380953,619.0,1819077.0,3.739112138748169,200.46437644958496,6.0722503662109375,cfe2d_00000,0.13555866479873657,12.119708061218262
explore_cycle_3_factor_1,56,False,1.1619495153427124,0.003,56,0.0,0.024597037583589554,750.0,696.6153846153846,609.0,1852156.0,3.666605234146118,204.13098168373108,7.086432456970215,cfe2d_00000,-0.03213071823120117,14.130642890930176
explore_cycle_3_factor_1,57,False,1.1350654363632202,0.003,57,0.0,0.12898968160152435,805.0,733.7892857142857,672.0,1885230.0,3.7021892070770264,207.8331708908081,8.08608627319336,cfe2d_00000,0.12215960025787354,15.921004295349121
explore_cycle_3_factor_1,58,False,1.1194370985031128,0.003,58,0.0,-0.0957309752702713,786.0,722.0119047619048,623.0,1918308.0,3.5285420417785645,211.36171293258667,6.592525005340576,cfe2d_00000,0.17033696174621582,13.38322925567627
explore_cycle_3_factor_1,59,False,1.126308560371399,0.003,59,0.0,-0.0622929185628891,808.0,738.9743589743589,669.0,1951377.0,3.796257972717285,215.15797090530396,7.072549819946289,cfe2d_00000,0.10643720626831055,14.276444435119629
explore_cycle_3_factor_1,60,False,1.1276960372924805,0.003,60,0.0,-0.006895468104630709,817.0,720.9583333333333,647.0,1984463.0,3.6383633613586426,218.7963342666626,7.086511135101318,cfe2d_00000,0.052527010440826416,14.193578720092773
explore_cycle_3_factor_1,61,False,1.135118842124939,0.003,61,0.0,-0.05182943865656853,816.0,732.9285714285714,622.0,2017562.0,3.6513185501098633,222.44765281677246,8.241131782531738,cfe2d_00000,0.04247403144836426,16.592731475830078
explore_cycle_3_factor_1,62,False,1.1367608308792114,0.003,62,0.0,-0.00352857937105,833.0,715.047619047619,622.0,2050656.0,3.63926362991333,226.0869164466858,8.641764640808105,cfe2d_00000,0.13324284553527832,17.297407150268555
explore_cycle_3_factor_1,63,False,1.140677571296692,0.003,63,0.0,0.033601488918066025,779.0,698.5595238095237,559.0,2083747.0,3.8153815269470215,229.9022979736328,7.347042083740234,cfe2d_00000,0.1567358374595642,14.633724212646484
explore_cycle_3_factor_1,64,False,1.1322435140609741,0.003,64,0.0,-0.013170940801501274,813.0,730.3928571428571,620.0,2116834.0,3.599862813949585,233.5021607875824,6.548874378204346,cfe2d_00000,0.1589643359184265,13.130884170532227
explore_cycle_3_factor_1,65,False,1.1115295886993408,0.003,65,0.0,0.03424566611647606,815.0,732.5178571428571,638.0,2149896.0,3.5330424308776855,237.03520321846008,6.719112396240234,cfe2d_00000,0.18540626764297485,13.376401901245117
explore_cycle_3_factor_1,66,False,1.1313071250915527,0.003,66,0.0,0.0977540984749794,830.0,758.9722222222222,668.0,2182811.0,3.498798370361328,240.5340015888214,9.109512329101562,cfe2d_00000,0.09995543956756592,18.030302047729492
explore_cycle_3_factor_1,67,False,1.1290748119354248,0.003,67,0.0,-0.14196623861789703,877.0,735.0530303030304,602.0,2215825.0,3.6983609199523926,244.2323625087738,7.071274757385254,cfe2d_00000,0.02899068593978882,14.433256149291992
explore_cycle_3_factor_1,68,False,1.1635279655456543,0.003,68,0.0,0.06382174044847488,856.0,742.3380952380954,666.0,2248899.0,3.540109157562256,247.77247166633606,7.088542938232422,cfe2d_00000,0.12280917167663574,14.05642318725586
explore_cycle_3_factor_1,69,False,1.135401725769043,0.003,69,0.0,0.09754873067140579,856.0,770.8214285714286,694.0,2281983.0,3.573312282562256,251.34578394889832,6.397143840789795,cfe2d_00000,0.18200451135635376,12.606003761291504
explore_cycle_3_factor_1,70,False,1.1392472982406616,0.003,70,0.0,0.17547734081745148,831.0,767.0119047619047,691.0,2315078.0,3.543576240539551,254.88936018943787,7.139190673828125,cfe2d_00000,0.0948755145072937,13.934263229370117
explore_cycle_3_factor_1,71,False,1.125248670578003,0.003,71,0.0,0.039859142154455185,836.0,735.6190476190476,610.0,2348170.0,3.541353940963745,258.4307141304016,6.5678205490112305,cfe2d_00000,0.15505462884902954,13.062674522399902
explore_cycle_3_factor_1,72,False,1.1313421726226807,0.003,72,0.0,-0.014151163399219513,851.0,772.4285714285714,679.0,2381262.0,3.883126974105835,262.31384110450745,5.8733367919921875,cfe2d_00000,0.08200418949127197,11.78176498413086
explore_cycle_3_factor_1,73,False,1.1322919130325317,0.003,73,0.0,-0.01759668067097664,869.0,772.0714285714286,713.0,2414368.0,3.650710105895996,265.96455121040344,5.264984130859375,cfe2d_00000,0.0671454668045044,10.571954727172852
explore_cycle_3_factor_1,74,False,1.1450634002685547,0.003,74,0.0,0.019557468593120575,886.0,798.9285714285714,693.0,2447442.0,3.553227424621582,269.517778635025,5.6232147216796875,cfe2d_00000,0.12401330471038818,11.21418571472168
explore_cycle_3_factor_1,75,False,1.1457799673080444,0.003,75,0.0,-0.060578495264053345,831.0,757.4285714285714,665.0,2480524.0,3.544365406036377,273.0621440410614,5.574939727783203,cfe2d_00000,0.07364338636398315,11.277910232543945
explore_cycle_3_factor_1,76,False,1.1692581176757812,0.003,76,0.0,-0.050193268805742264,847.0,761.2797619047617,692.0,2513610.0,3.687972068786621,276.750116109848,5.591504096984863,cfe2d_00000,0.06414783000946045,11.290410041809082
explore_cycle_3_factor_1,77,False,1.156882882118225,0.003,77,0.0,0.035213205963373184,891.0,781.0833333333333,686.0,2546702.0,3.546872615814209,280.29698872566223,6.551070213317871,cfe2d_00000,-0.009499907493591309,13.038655281066895
explore_cycle_3_factor_1,78,False,1.1642287969589233,0.003,78,0.0,-0.0314810574054718,843.0,765.8333333333334,706.0,2579790.0,3.616489887237549,283.9134786128998,5.57783317565918,cfe2d_00000,0.08490341901779175,11.225614547729492
explore_cycle_3_factor_1,79,False,1.1585241556167603,0.003,79,0.0,0.050130318850278854,834.0,746.7916666666666,657.0,2612864.0,3.646980047225952,287.56045866012573,5.595160961151123,cfe2d_00000,0.056165099143981934,11.097012519836426
explore_cycle_3_factor_1,80,False,1.1637073755264282,0.003,80,0.0,0.040430981665849686,833.0,737.6904761904761,597.0,2645942.0,3.769345760345459,291.3298044204712,6.001097679138184,cfe2d_00000,0.05455261468887329,11.928316116333008
explore_cycle_3_factor_1,81,False,1.1682689189910889,0.003,81,0.0,-0.061359357088804245,813.0,740.3636363636364,702.0,2678975.0,3.5639593601226807,294.8937637805939,4.462087631225586,cfe2d_00000,0.10834401845932007,9.053903579711914
explore_cycle_3_factor_1,82,False,1.159492015838623,0.003,82,0.0,-0.013353877700865269,845.0,766.6428571428571,706.0,2712074.0,3.5296432971954346,298.4234070777893,4.833744049072266,cfe2d_00000,0.07549923658370972,9.701152801513672
explore_cycle_3_factor_1,83,False,1.1514055728912354,0.003,83,0.0,0.045499831438064575,852.0,769.2976190476192,674.0,2745160.0,3.545778512954712,301.969185590744,5.2843918800354,cfe2d_00000,0.09183776378631592,10.48469352722168
explore_cycle_3_factor_1,84,False,1.1458611488342285,0.003,84,0.0,0.010051143355667591,837.0,767.8571428571429,690.0,2778259.0,3.6935954093933105,305.66278100013733,4.9988484382629395,cfe2d_00000,0.04412585496902466,9.984469413757324
explore_cycle_3_factor_1,85,False,1.1521657705307007,0.003,85,0.0,-0.03633976727724075,849.0,754.8738095238095,662.0,2811324.0,3.5613389015197754,309.2241199016571,4.8635334968566895,cfe2d_00000,0.08189898729324341,9.806659698486328
explore_cycle_3_factor_1,86,False,1.114101767539978,0.003,86,0.0,0.022868068888783455,861.0,751.857142857143,670.0,2844408.0,3.601980447769165,312.82610034942627,4.422652721405029,cfe2d_00000,0.09209519624710083,8.806253433227539
explore_cycle_3_factor_1,87,False,1.1130285263061523,0.003,87,0.0,-0.01239110343158245,814.0,748.7179487179487,692.0,2877484.0,3.6006131172180176,316.4267134666443,4.531364440917969,cfe2d_00000,0.020375967025756836,9.094189643859863
explore_cycle_3_factor_1,88,False,1.0969067811965942,0.003,88,0.0,0.038580965250730515,846.0,768.3636363636364,702.0,2910497.0,3.5012006759643555,319.92791414260864,4.413129806518555,cfe2d_00000,0.042084455490112305,8.7556791305542
explore_cycle_3_factor_1,89,False,1.1065748929977417,0.003,89,0.0,0.004751161206513643,825.0,765.302380952381,701.0,2943564.0,3.75455641746521,323.68247056007385,4.498497009277344,cfe2d_00000,0.06462645530700684,8.994132041931152
explore_cycle_3_factor_1,90,False,1.1058037281036377,0.003,90,0.0,-0.00014319505135063082,843.0,778.2692307692307,701.0,2976639.0,3.5702505111694336,327.2527210712433,4.1945061683654785,cfe2d_00000,0.13756191730499268,8.395934104919434
explore_cycle_3_factor_1,91,False,1.1014537811279297,0.003,91,0.0,-0.034570060670375824,852.0,758.4702380952382,659.0,3009726.0,3.5845725536346436,330.83729362487793,4.230180740356445,cfe2d_00000,0.05332130193710327,8.53610897064209
explore_cycle_3_factor_1,92,False,1.0658550262451172,0.003,92,0.0,-0.10222382098436356,839.0,777.75,673.0,3042818.0,3.6029036045074463,334.4401972293854,4.092999458312988,cfe2d_00000,0.029322803020477295,8.396841049194336
explore_cycle_3_factor_1,93,False,1.0427039861679077,0.003,93,0.0,-0.028699908405542374,838.0,796.3571428571429,735.0,3075918.0,3.711700201034546,338.1518974304199,4.018398284912109,cfe2d_00000,0.051513850688934326,8.10045337677002
explore_cycle_3_factor_1,94,False,1.0179424285888672,0.003,94,0.0,0.05109933391213417,864.0,783.404761904762,714.0,3109010.0,3.554511070251465,341.7064085006714,5.12400484085083,cfe2d_00000,0.09428679943084717,10.151918411254883
explore_cycle_3_factor_1,95,False,1.0107849836349487,0.003,95,0.0,0.06345421820878983,830.0,777.1964285714286,646.0,3142090.0,3.5384654998779297,345.2448740005493,5.1874680519104,cfe2d_00000,0.03162229061126709,10.254091262817383
explore_cycle_3_factor_1,96,False,1.0237042903900146,0.003,96,0.0,-0.09462744742631912,857.0,780.3571428571429,714.0,3175173.0,3.557343006134033,348.80221700668335,4.474771976470947,cfe2d_00000,0.14762938022613525,9.144941329956055
explore_cycle_3_factor_1,97,False,1.050246238708496,0.003,97,0.0,0.04013531282544136,849.0,775.9940476190477,661.0,3208266.0,3.737633466720581,352.53985047340393,5.529234409332275,cfe2d_00000,0.06332576274871826,10.98449993133545
explore_cycle_3_factor_1,98,False,1.0703083276748657,0.003,98,0.0,-0.10782154649496078,810.0,770.1488095238095,678.0,3241348.0,3.5525755882263184,356.09242606163025,5.897122383117676,cfe2d_00000,0.02027672529220581,12.016308784484863
explore_cycle_3_factor_1,99,False,1.046654224395752,0.003,99,0.0,-0.10264931619167328,855.0,786.7619047619048,742.0,3274435.0,3.573988676071167,359.6664147377014,4.498768329620361,cfe2d_00000,0.17041945457458496,9.209115982055664
explore_cycle_3_factor_1,100,False,1.0380247831344604,0.003,100,0.0,0.008109228685498238,908.0,800.125,745.0,3307512.0,3.6130220890045166,363.27943682670593,5.639500617980957,cfe2d_00000,0.048760950565338135,11.269010543823242
explore_cycle_3_factor_1,101,False,1.041391134262085,0.003,101,0.0,-0.1070321723818779,845.0,768.0119047619047,668.0,3340598.0,3.74014949798584,367.0195863246918,5.454703330993652,cfe2d_00000,0.11134594678878784,11.129719734191895
explore_cycle_3_factor_1,102,False,1.0591773986816406,0.003,102,0.0,-0.01669631153345108,860.0,769.75,692.0,3373696.0,3.548767566680908,370.5683538913727,5.1409807205200195,cfe2d_00000,0.19360321760177612,10.321710586547852
explore_cycle_3_factor_1,103,False,1.046576976776123,0.003,103,0.0,-0.010917124338448048,853.0,779.3928571428571,713.0,3406791.0,3.6069304943084717,374.17528438568115,5.474013805389404,cfe2d_00000,0.12178689241409302,10.976141929626465
explore_cycle_3_factor_1,104,False,1.027060627937317,0.003,104,0.0,-0.02646525949239731,828.0,776.6428571428571,730.0,3439888.0,3.6089248657226562,377.7842092514038,5.178449630737305,cfe2d_00000,0.11665767431259155,10.415992736816406
explore_cycle_3_factor_1,105,False,1.0250436067581177,0.003,105,0.0,-0.060896724462509155,854.0,792.3571428571429,728.0,3472987.0,3.6276919841766357,381.41190123558044,4.432277202606201,cfe2d_00000,0.046045005321502686,8.992497444152832
explore_cycle_3_factor_1,106,False,0.9998888373374939,0.003,106,0.0,-0.011223996989428997,878.0,782.6428571428572,678.0,3506052.0,3.7004332542419434,385.1123344898224,4.779246807098389,cfe2d_00000,0.08152621984481812,9.58694076538086
explore_cycle_3_factor_1,107,False,0.9632372260093689,0.003,107,0.0,-0.02629300393164158,832.0,757.529761904762,668.0,3539136.0,3.6085803508758545,388.72091484069824,4.953234672546387,cfe2d_00000,0.08889830112457275,9.964835166931152
explore_cycle_3_factor_1,108,False,0.9653325080871582,0.003,108,0.0,0.05345912277698517,851.0,774.6785714285714,676.0,3572228.0,3.566987991333008,392.28790283203125,4.928010940551758,cfe2d_00000,0.07252764701843262,9.754895210266113
explore_cycle_3_factor_1,109,False,0.9566188454627991,0.003,109,0.0,0.13841888308525085,854.0,788.9761904761906,672.0,3605317.0,3.5536139011383057,395.84151673316956,4.8193206787109375,cfe2d_00000,0.10849571228027344,9.36754322052002
explore_cycle_3_factor_1,110,False,0.9242820739746094,0.003,110,0.0,-0.05443151295185089,861.0,792.0190476190477,707.0,3638385.0,3.8254144191741943,399.66693115234375,4.705799579620361,cfe2d_00000,0.10637515783309937,9.526007652282715
explore_cycle_3_factor_1,111,False,0.894940972328186,0.003,111,0.0,-0.05965972691774368,858.0,802.0357142857143,744.0,3671476.0,3.546563148498535,403.2134943008423,5.094738006591797,cfe2d_00000,0.06618309020996094,10.314166069030762
explore_cycle_3_factor_1,112,False,0.8759327530860901,0.003,112,0.0,0.04513747990131378,851.0,789.8809523809524,713.0,3704570.0,3.5336477756500244,406.7471420764923,4.715651512145996,cfe2d_00000,0.15131139755249023,9.346282958984375
explore_cycle_3_factor_1,113,False,0.8413934707641602,0.003,113,0.0,0.05872929468750954,801.0,769.75,738.0,3737666.0,3.597776412963867,410.3449184894562,4.761105060577393,cfe2d_00000,0.05213803052902222,9.40980052947998
explore_cycle_3_factor_1,114,False,0.8361745476722717,0.003,114,0.0,-0.09921639412641525,814.0,779.0,751.0,3770766.0,3.7129600048065186,414.0578784942627,3.545456647872925,cfe2d_00000,0.053603947162628174,7.294363021850586
explore_cycle_3_factor_1,115,False,0.8303999900817871,0.003,115,0.0,-0.020061861723661423,831.0,775.2976190476192,729.0,3803857.0,3.553386926651001,417.6112654209137,4.5569071769714355,cfe2d_00000,0.10618466138839722,9.158920288085938
explore_cycle_3_factor_1,116,False,0.8502428531646729,0.003,116,0.0,0.0011299756588414311,883.0,794.6309523809524,727.0,3836924.0,3.7105906009674072,421.3218560218811,4.07101583480835,cfe2d_00000,0.13957124948501587,8.144874572753906
explore_cycle_3_factor_1,117,False,0.871714174747467,0.003,117,0.0,0.13475295901298523,846.0,784.952380952381,729.0,3870011.0,3.5251903533935547,424.84704637527466,4.728160381317139,cfe2d_00000,0.16053813695907593,9.192045211791992
explore_cycle_3_factor_1,118,False,0.8752899765968323,0.003,118,0.0,0.06407462805509567,846.0,800.7916666666666,741.0,3902916.0,3.7321698665618896,428.57921624183655,5.10520076751709,cfe2d_00000,0.107815682888031,10.087503433227539
explore_cycle_3_factor_1,119,False,0.8533079624176025,0.003,119,0.0,-0.09847227483987808,836.0,779.3939393939395,732.0,3935929.0,3.568570613861084,432.14778685569763,4.291513919830322,cfe2d_00000,0.09129118919372559,8.785091400146484
explore_cycle_3_factor_1,120,False,0.8303073048591614,0.003,120,0.0,-0.08814413845539093,842.0,785.5714285714286,714.0,3969014.0,3.5138585567474365,435.66164541244507,4.880899429321289,cfe2d_00000,0.01038283109664917,9.94306755065918
explore_cycle_3_factor_1,121,False,0.8337779641151428,0.003,121,0.0,-0.008753380738198757,832.0,779.8809523809523,721.0,4002093.0,3.6337428092956543,439.2953882217407,5.3716888427734375,cfe2d_00000,0.06685417890548706,10.765887260437012
explore_cycle_3_factor_1,122,False,0.8607878088951111,0.003,122,0.0,-0.0036336311604827642,834.0,777.1369047619047,683.0,4035177.0,3.5440285205841064,442.83941674232483,4.7940897941589355,cfe2d_00000,0.08775794506072998,9.600610733032227
explore_cycle_3_factor_1,123,False,0.8382068276405334,0.003,123,0.0,0.18770770728588104,852.0,798.4285714285714,751.0,4068272.0,3.7568178176879883,446.5962345600128,6.175392150878906,cfe2d_00000,0.12286829948425293,11.980400085449219
explore_cycle_3_factor_1,124,False,0.8595465421676636,0.003,124,0.0,0.03968994691967964,887.0,802.952380952381,697.0,4101372.0,3.596798896789551,450.19303345680237,4.572835922241211,cfe2d_00000,0.09188127517700195,9.071449279785156
explore_cycle_3_factor_1,125,False,0.8509364128112793,0.003,125,0.0,-0.07573173195123672,850.0,796.6428571428571,711.0,4134458.0,3.6279826164245605,453.82101607322693,5.481595993041992,cfe2d_00000,0.02609395980834961,11.119762420654297
explore_cycle_3_factor_1,126,False,0.8578962683677673,0.003,126,0.0,0.034078679978847504,817.0,777.4404761904761,601.0,4167555.0,3.573976993560791,457.3949930667877,6.067573547363281,cfe2d_00000,0.07595562934875488,12.072135925292969
explore_cycle_3_factor_1,127,False,0.8773586750030518,0.003,127,0.0,-0.02674751915037632,846.0,775.5059523809525,674.0,4200629.0,3.7465505599975586,461.1415436267853,4.835789680480957,cfe2d_00000,0.15896254777908325,9.730337142944336
explore_cycle_3_factor_1,128,False,0.8455067873001099,0.003,128,0.0,0.008810380473732948,842.0,796.5476190476192,728.0,4233720.0,3.5308170318603516,464.67236065864563,5.187105178833008,cfe2d_00000,0.09721875190734863,10.361662864685059
explore_cycle_3_factor_1,129,False,0.826245129108429,0.003,129,0.0,0.018437018617987633,865.0,786.9107142857143,700.0,4266796.0,3.5436360836029053,468.21599674224854,5.253911018371582,cfe2d_00000,0.16469454765319824,10.47590446472168
explore_cycle_3_factor_1,130,False,0.7976928353309631,0.003,130,0.0,0.02046947367489338,866.0,822.5,754.0,4299901.0,3.544121265411377,471.7601180076599,4.431523323059082,cfe2d_00000,0.12705081701278687,8.826894760131836
explore_cycle_3_factor_1,131,False,0.7794374823570251,0.003,131,0.0,-0.003953215200453997,846.0,780.782142857143,665.0,4332963.0,3.731407403945923,475.49152541160583,4.676052570343018,cfe2d_00000,0.19941049814224243,9.3646879196167
explore_cycle_3_factor_1,132,False,0.7939985990524292,0.003,132,0.0,-0.06244638189673424,861.0,795.0476190476192,714.0,4366052.0,3.581054210662842,479.0725796222687,4.842957019805908,cfe2d_00000,0.07014566659927368,9.815570831298828
explore_cycle_3_factor_1,133,False,0.8082549571990967,0.003,133,0.0,0.0896448865532875,862.0,791.0476190476192,726.0,4399148.0,3.5609376430511475,482.6335172653198,5.935046195983887,cfe2d_00000,0.10519832372665405,11.69565200805664
explore_cycle_3_factor_1,134,False,0.8045575022697449,0.003,134,0.0,-0.12432301044464111,834.0,785.5238095238095,728.0,4432242.0,3.5490610599517822,486.1825783252716,4.232545375823975,cfe2d_00000,0.10852926969528198,8.718563079833984
explore_cycle_3_factor_1,135,False,0.8205861449241638,0.003,135,0.0,0.19545303285121918,869.0,809.25,754.0,4465342.0,3.7960917949676514,489.97867012023926,6.196013450622559,cfe2d_00000,0.07475483417510986,12.006043434143066
explore_cycle_3_factor_1,136,False,0.8184946775436401,0.003,136,0.0,0.013176011852920055,885.0,807.1785714285714,762.0,4498441.0,3.5799388885498047,493.55860900878906,6.1542277336120605,cfe2d_00000,0.046679556369781494,12.287014961242676
explore_cycle_3_factor_1,137,False,0.7843078374862671,0.003,137,0.0,-0.02706151083111763,884.0,806.1285714285714,725.0,4531500.0,3.582270860671997,497.14087986946106,4.7207560539245605,cfe2d_00000,0.09877544641494751,9.500340461730957
explore_cycle_3_factor_1,138,False,0.749879002571106,0.003,138,0.0,0.09400588274002075,858.0,796.4285714285714,728.0,4564592.0,3.55802321434021,500.69890308380127,5.837559700012207,cfe2d_00000,0.080477774143219,11.491606712341309
explore_cycle_3_factor_1,139,False,0.7314279675483704,0.003,139,0.0,-0.07062049210071564,851.0,771.422619047619,692.0,4597677.0,3.612212896347046,504.3111159801483,4.480540752410889,cfe2d_00000,0.08795022964477539,9.106709480285645
explore_cycle_3_factor_1,140,False,0.7011635899543762,0.003,140,0.0,-0.005713496822863817,875.0,795.2727272727273,742.0,4630696.0,3.7413294315338135,508.05244541168213,4.3590874671936035,cfe2d_00000,0.13649219274520874,8.733808517456055
explore_cycle_3_factor_1,141,False,0.7073397636413574,0.003,141,0.0,-0.0016347054624930024,874.0,792.2559523809524,713.0,4663780.0,3.558579921722412,511.61102533340454,5.307459831237793,cfe2d_00000,0.03533172607421875,10.62243366241455
explore_cycle_3_factor_1,142,False,0.6626192331314087,0.003,142,0.0,0.03988458961248398,868.0,807.375,730.0,4696858.0,3.555372714996338,515.1663980484009,4.925896167755127,cfe2d_00000,0.10246306657791138,9.77599811553955
explore_cycle_3_factor_1,143,False,0.6421318054199219,0.003,143,0.0,-0.011555623263120651,867.0,806.4642857142857,751.0,4729953.0,3.5710127353668213,518.7374107837677,4.1354289054870605,cfe2d_00000,0.04998767375946045,8.297821998596191
explore_cycle_3_factor_1,144,False,0.6293795108795166,0.003,144,0.0,0.1499404013156891,849.0,799.6428571428571,724.0,4763048.0,3.73736310005188,522.4747738838196,6.3531904220581055,cfe2d_00000,0.07001221179962158,12.41027545928955
explore_cycle_3_factor_1,145,False,0.6086052656173706,0.003,145,0.0,-0.061230070888996124,852.0,816.9285714285714,723.0,4796143.0,3.6053788661956787,526.0801527500153,4.677464485168457,cfe2d_00000,0.014967203140258789,9.481040954589844
explore_cycle_3_factor_1,146,False,0.6234593391418457,0.003,146,0.0,0.08461894094944,900.0,828.3690476190477,749.0,4829233.0,3.6188244819641113,529.6989772319794,4.772176742553711,cfe2d_00000,0.12478727102279663,9.378856658935547
explore_cycle_3_factor_1,147,False,0.6187397837638855,0.003,147,0.0,-0.03622008487582207,879.0,796.3154761904761,711.0,4862320.0,3.5409207344055176,533.2398979663849,5.307036876678467,cfe2d_00000,0.09329730272293091,10.690226554870605
explore_cycle_3_factor_1,148,False,0.6248319745063782,0.003,148,0.0,0.0378149077296257,880.0,811.0075757575756,724.0,4895395.0,3.726618766784668,536.9665167331696,5.847257137298584,cfe2d_00000,0.138044536113739,11.622634887695312
explore_cycle_3_factor_1,149,False,0.6518439650535583,0.003,149,0.0,0.03843566030263901,865.0,774.1944444444445,715.0,4928304.0,3.5710933208465576,540.5376100540161,6.572468280792236,cfe2d_00000,0.049301743507385254,13.071976661682129
explore_cycle_3_factor_1,150,False,0.6523075699806213,0.003,150,0.0,-0.12509766221046448,900.0,794.577380952381,695.0,4961380.0,3.5823538303375244,544.1199638843536,5.409636497497559,cfe2d_00000,0.03569740056991577,11.073382377624512
explore_cycle_3_factor_1,151,False,0.6378472447395325,0.003,151,0.0,-0.034497372806072235,861.0,794.797619047619,718.0,4994470.0,3.5535569190979004,547.6735208034515,4.71722412109375,cfe2d_00000,0.1913609504699707,9.507269859313965
explore_cycle_3_factor_1,152,False,0.667020320892334,0.003,152,0.0,0.019089998677372932,869.0,799.3988095238094,729.0,5027547.0,3.7188663482666016,551.3923871517181,5.268751621246338,cfe2d_00000,0.08974021673202515,10.503324508666992
explore_cycle_3_factor_1,153,False,0.635095477104187,0.003,153,0.0,0.21401014924049377,892.0,815.3571428571429,736.0,5060626.0,3.6671500205993652,555.0595371723175,7.109198093414307,cfe2d_00000,0.09680330753326416,13.794187545776367
explore_cycle_3_factor_1,154,False,0.6049420833587646,0.003,154,0.0,0.1293681412935257,911.0,826.8452380952382,692.0,5093720.0,3.5974690914154053,558.6570062637329,6.5260186195373535,cfe2d_00000,0.13334745168685913,12.796930313110352
explore_cycle_3_factor_1,155,False,0.6069968938827515,0.003,155,0.0,-0.017153412103652954,867.0,831.5,797.0,5126826.0,3.5267763137817383,562.1837825775146,4.113585472106934,cfe2d_00000,0.06258648633956909,8.265120506286621
explore_cycle_3_factor_1,156,False,0.5746116638183594,0.003,156,0.0,-0.07676850259304047,907.0,850.8333333333334,776.0,5159912.0,3.595665693283081,565.7794482707977,5.355776786804199,cfe2d_00000,0.06008404493331909,10.868537902832031
explore_cycle_3_factor_1,157,False,0.5143651962280273,0.003,157,0.0,0.015875205397605896,891.0,845.9285714285714,760.0,5193017.0,3.6981112957000732,569.4775595664978,4.9390788078308105,cfe2d_00000,0.02715003490447998,9.849492073059082
explore_cycle_3_factor_1,158,False,0.520033597946167,0.003,158,0.0,-0.03078264370560646,907.0,799.3154761904763,677.0,5226084.0,3.6472511291503906,573.1248106956482,5.110009670257568,cfe2d_00000,0.15382933616638184,10.28470516204834
explore_cycle_3_factor_1,159,False,0.5195541977882385,0.003,159,0.0,0.04471401870250702,887.0,767.8928571428571,637.0,5259173.0,3.6201817989349365,576.7449924945831,4.9393110275268555,cfe2d_00000,0.18395036458969116,9.792311668395996
explore_cycle_3_factor_1,160,False,0.49658119678497314,0.003,160,0.0,-0.022220240905880928,893.0,776.5714285714284,640.0,5292244.0,3.810930013656616,580.5559225082397,5.198267459869385,cfe2d_00000,0.10638242959976196,10.44395637512207
explore_cycle_3_factor_1,161,False,0.5057377219200134,0.003,161,0.0,0.03444651886820793,830.0,806.8636363636364,694.0,5325280.0,3.7875592708587646,584.3434817790985,4.7736921310424805,cfe2d_00000,0.149441659450531,9.481525421142578
explore_cycle_3_factor_1,162,False,0.46338972449302673,0.003,162,0.0,-0.038433607667684555,857.0,800.422619047619,735.0,5358362.0,3.6290698051452637,587.9725515842438,4.749112606048584,cfe2d_00000,0.1458151936531067,9.577872276306152
explore_cycle_3_factor_1,163,False,0.42700937390327454,0.003,163,0.0,-0.011075654998421669,884.0,797.4583333333333,670.0,5391434.0,3.729851722717285,591.7024033069611,4.443536281585693,cfe2d_00000,0.11429274082183838,8.911787986755371
explore_cycle_3_factor_1,164,False,0.4336700737476349,0.003,164,0.0,0.0051366789266467094,863.0,810.9285714285714,708.0,5424534.0,3.700255870819092,595.4026591777802,5.176279544830322,cfe2d_00000,0.0872107744216919,10.344888687133789
explore_cycle_3_factor_1,165,False,0.4172152280807495,0.003,165,0.0,-0.1064627468585968,865.0,809.5595238095239,746.0,5457621.0,3.787924289703369,599.1905834674835,5.037931442260742,cfe2d_00000,0.1590556502342224,10.291292190551758
explore_cycle_3_factor_1,166,False,0.39867010712623596,0.003,166,0.0,-0.08980350941419601,848.0,763.7738095238095,676.0,5490718.0,3.6842753887176514,602.8748588562012,4.469568729400635,cfe2d_00000,0.12789928913116455,9.121136665344238
explore_cycle_3_factor_1,167,False,0.3801162540912628,0.003,167,0.0,-0.04758428782224655,851.0,798.2857142857143,755.0,5523817.0,3.619961738586426,606.4948205947876,4.246045112609863,cfe2d_00000,0.12168794870376587,8.589539527893066
explore_cycle_3_factor_1,168,False,0.3425952196121216,0.003,168,0.0,-0.08995387703180313,854.0,781.8714285714286,714.0,5556878.0,3.633394241333008,610.1282148361206,3.6047585010528564,cfe2d_00000,0.12404310703277588,7.391479969024658
explore_cycle_3_factor_1,169,False,0.35771527886390686,0.003,169,0.0,-0.022104991599917412,820.0,776.5454545454545,749.0,5589907.0,3.7971556186676025,613.9253704547882,4.660816192626953,cfe2d_00000,0.10393446683883667,9.367989540100098
explore_cycle_3_factor_1,170,False,0.36500439047813416,0.003,170,0.0,-0.029639853164553642,859.0,790.7916666666667,727.0,5622993.0,3.67649507522583,617.601865530014,4.801717758178711,cfe2d_00000,0.15438354015350342,9.66490650177002
explore_cycle_3_factor_1,171,False,0.3452235162258148,0.003,171,0.0,0.017526956275105476,851.0,785.8571428571428,696.0,5656075.0,3.670988082885742,621.2728536128998,4.738555908203125,cfe2d_00000,0.2218184471130371,9.44412899017334
explore_cycle_3_factor_1,172,False,0.3486059904098511,0.003,172,0.0,-0.002487417310476303,858.0,796.0595238095239,729.0,5689161.0,3.6970129013061523,624.9698665142059,4.289936065673828,cfe2d_00000,0.050830185413360596,8.586938858032227
explore_cycle_3_factor_1,173,False,0.35918954014778137,0.003,173,0.0,-0.1364443302154541,850.0,808.6964285714286,724.0,5722248.0,3.793736219406128,628.7636027336121,3.9705734252929688,cfe2d_00000,0.024555504322052002,8.216190338134766
explore_cycle_3_factor_1,174,False,0.376326322555542,0.003,174,0.0,0.017363931983709335,864.0,799.8452380952382,704.0,5755329.0,3.6743712425231934,632.4379739761353,4.170795440673828,cfe2d_00000,0.176538348197937,8.309120178222656
explore_cycle_3_factor_1,175,False,0.37148961424827576,0.003,175,0.0,-0.04471733793616295,855.0,793.0357142857143,730.0,5788424.0,3.5990488529205322,636.0370228290558,4.014015197753906,cfe2d_00000,0.04668909311294556,8.119693756103516
explore_cycle_3_factor_1,176,False,0.3444758653640747,0.003,176,0.0,0.10166579484939575,862.0,832.6428571428571,809.0,5821530.0,3.617269992828369,639.6542928218842,4.4727678298950195,cfe2d_00000,0.04883486032485962,8.744270324707031
explore_cycle_3_factor_1,177,False,0.3347896337509155,0.003,177,0.0,-0.015082216821610928,872.0,805.0357142857141,732.0,5854615.0,3.5815773010253906,643.2358701229095,4.104710102081299,cfe2d_00000,0.05001741647720337,8.241593360900879
explore_cycle_3_factor_1,178,False,0.31943926215171814,0.003,178,0.0,-0.02793828584253788,873.0,831.3928571428571,780.0,5887710.0,3.8812272548675537,647.1170973777771,3.5468270778656006,cfe2d_00000,0.03523355722427368,7.151447772979736
explore_cycle_3_factor_1,179,False,0.3511902689933777,0.003,179,0.0,0.024942878633737564,856.0,800.9583333333334,739.0,5920773.0,3.5883073806762695,650.7054047584534,4.567439556121826,cfe2d_00000,0.06141477823257446,9.0871000289917
explore_cycle_3_factor_1,180,False,0.3563995361328125,0.003,180,0.0,0.09616865962743759,876.0,815.0138888888888,782.0,5953683.0,3.5726606845855713,654.2780654430389,4.78464937210083,cfe2d_00000,0.06478303670883179,9.37909984588623
explore_cycle_3_factor_1,181,False,0.3558473289012909,0.003,181,0.0,0.05827334523200989,872.0,808.279761904762,755.0,5986756.0,3.685499906539917,657.9635653495789,3.8914387226104736,cfe2d_00000,0.12688785791397095,7.668465614318848
explore_cycle_3_factor_1,182,False,0.3340592384338379,0.003,182,0.0,-0.05668600648641586,839.0,797.1363636363636,741.0,6019780.0,3.7763476371765137,661.7399129867554,4.020887851715088,cfe2d_00000,0.10239267349243164,8.157151222229004
explore_cycle_3_factor_1,183,False,0.33493900299072266,0.003,183,0.0,0.06444985419511795,866.0,810.5833333333334,723.0,6052866.0,3.6377007961273193,665.3776137828827,4.61261510848999,cfe2d_00000,0.061220765113830566,9.098340034484863
explore_cycle_3_factor_1,184,False,0.3706502318382263,0.003,184,0.0,0.025167051702737808,858.0,804.0535714285714,729.0,6085946.0,3.6010262966156006,668.9786400794983,4.7735466957092285,cfe2d_00000,0.15553325414657593,9.498983383178711
explore_cycle_3_factor_1,185,False,0.386586993932724,0.003,185,0.0,0.049153707921504974,840.0,805.8214285714286,761.0,6119034.0,3.7507669925689697,672.7294070720673,3.6289584636688232,cfe2d_00000,0.2082623839378357,7.161929130554199
explore_cycle_3_factor_1,186,False,0.36832424998283386,0.003,186,0.0,-0.011167088523507118,827.0,788.3809523809524,733.0,6152130.0,3.793416738510132,676.5228238105774,3.934339761734009,cfe2d_00000,0.01474827527999878,7.893223285675049
explore_cycle_3_factor_1,187,False,0.39616358280181885,0.003,187,0.0,0.006203997880220413,875.0,804.8690476190477,747.0,6185218.0,3.5952470302581787,680.1180708408356,4.899100303649902,cfe2d_00000,0.07832682132720947,9.788168907165527
explore_cycle_3_factor_1,188,False,0.3911961615085602,0.003,188,0.0,-0.06174836307764053,863.0,818.6071428571429,764.0,6218321.0,3.65553617477417,683.7736070156097,3.3363709449768066,cfe2d_00000,0.08594727516174316,6.798585891723633
explore_cycle_3_factor_1,189,False,0.3847185969352722,0.003,189,0.0,0.14147238433361053,896.0,830.1904761904763,772.0,6251388.0,3.7183470726013184,687.4919540882111,4.923320293426514,cfe2d_00000,0.089588463306427,9.566003799438477
explore_cycle_3_factor_1,190,False,0.3584141433238983,0.003,190,0.0,-0.020853664726018906,903.0,829.0,759.0,6284464.0,3.7517783641815186,691.2437324523926,3.797098398208618,cfe2d_00000,0.12718921899795532,7.638054370880127
explore_cycle_3_factor_1,191,False,0.3606297969818115,0.003,191,0.0,0.028128698468208313,897.0,811.4107142857143,742.0,6317539.0,3.656604290008545,694.9003367424011,4.548472881317139,cfe2d_00000,0.07581156492233276,9.042852401733398
explore_cycle_3_factor_1,192,False,0.319094181060791,0.003,192,0.0,-0.04574674740433693,864.0,826.3333333333333,767.0,6350635.0,3.8106064796447754,698.7109432220459,3.41479229927063,cfe2d_00000,0.09447789192199707,6.922993183135986
explore_cycle_3_factor_1,193,False,0.33061859011650085,0.003,193,0.0,-0.0620020255446434,865.0,802.3214285714286,727.0,6383718.0,3.603600263595581,702.3145434856415,3.7146260738372803,cfe2d_00000,0.05304139852523804,7.555240631103516
explore_cycle_3_factor_1,194,False,0.3335554003715515,0.003,194,0.0,-0.04359689727425575,844.0,800.8392857142857,730.0,6416792.0,3.5945494174957275,705.9090929031372,3.302584171295166,cfe2d_00000,0.16765761375427246,6.694363117218018
explore_cycle_3_factor_1,195,False,0.3171985149383545,0.003,195,0.0,-0.06314557045698166,861.0,803.1428571428572,744.0,6449886.0,3.8420698642730713,709.7511627674103,3.304143190383911,cfe2d_00000,-0.023630857467651367,6.736480236053467
explore_cycle_3_factor_1,196,False,0.3183334469795227,0.003,196,0.0,0.008104328997433186,868.0,808.8095238095239,756.0,6482976.0,3.668182611465454,713.4193453788757,3.7250943183898926,cfe2d_00000,0.06619507074356079,7.435889720916748
explore_cycle_3_factor_1,197,False,0.29257506132125854,0.003,197,0.0,0.01855684444308281,832.0,800.2857142857143,730.0,6516082.0,3.5873188972473145,717.006664276123,3.795828104019165,cfe2d_00000,0.09272843599319458,7.55629825592041
explore_cycle_3_factor_1,198,False,0.2648201882839203,0.003,198,0.0,0.023934677243232727,890.0,834.3214285714284,759.0,6549170.0,3.596027135848999,720.602691411972,3.822079658508301,cfe2d_00000,0.13635486364364624,7.5978779792785645
explore_cycle_3_factor_1,199,False,0.2838311493396759,0.003,199,0.0,-0.02608998864889145,867.0,786.3928571428571,730.0,6582245.0,3.852386474609375,724.4550778865814,4.083890914916992,cfe2d_00000,0.13902640342712402,8.221664428710938
explore_cycle_3_factor_1,200,False,0.2812192142009735,0.003,200,0.0,0.058108851313591,900.0,839.1904761904763,763.0,6615333.0,3.6333720684051514,728.0884499549866,4.7112250328063965,cfe2d_00000,0.09930384159088135,9.3079195022583
explore_cycle_3_factor_1,201,False,0.29400405287742615,0.003,201,0.0,-0.04291396588087082,852.0,795.2948717948718,753.0,6648401.0,3.618882656097412,731.707332611084,4.893402576446533,cfe2d_00000,0.09855282306671143,9.874396324157715
explore_cycle_3_factor_1,202,False,0.3051263391971588,0.003,202,0.0,0.049821317195892334,905.0,824.102380952381,760.0,6681475.0,3.5971343517303467,735.3044669628143,4.4694600105285645,cfe2d_00000,0.2143080234527588,8.841108322143555
explore_cycle_3_factor_1,203,False,0.2672329843044281,0.003,203,0.0,0.0058774640783667564,816.0,792.6515151515152,736.0,6714500.0,3.8508694171905518,739.1553363800049,4.903871059417725,cfe2d_00000,0.14011889696121216,9.797590255737305
explore_cycle_3_factor_1,204,False,0.2856585383415222,0.003,204,0.0,0.13841815292835236,870.0,818.4987179487181,759.0,6747562.0,3.763887643814087,742.919224023819,5.2388200759887695,cfe2d_00000,0.07678735256195068,10.20251750946045
explore_cycle_3_factor_1,205,False,0.2739202082157135,0.003,205,0.0,-0.08611156046390533,892.0,811.077380952381,704.0,6780642.0,3.625762462615967,746.5449864864349,3.543955087661743,cfe2d_00000,0.034800589084625244,7.261776924133301
explore_cycle_3_factor_1,206,False,0.2948206663131714,0.003,206,0.0,-0.023757874965667725,813.0,772.5,697.0,6813738.0,3.608912706375122,750.1538991928101,4.85540771484375,cfe2d_00000,0.04786217212677002,9.760100364685059
explore_cycle_3_factor_1,207,False,0.2879016697406769,0.003,207,0.0,0.04479808732867241,879.0,817.7738095238094,715.0,6846834.0,3.9064338207244873,754.0603330135345,3.7156667709350586,cfe2d_00000,0.10390543937683105,7.343465328216553
explore_cycle_3_factor_1,208,False,0.2916991412639618,0.003,208,0.0,0.04696448892354965,874.0,791.8928571428571,681.0,6879919.0,3.6837034225463867,757.7440364360809,4.430241584777832,cfe2d_00000,0.028633952140808105,8.768302917480469
explore_cycle_3_factor_1,209,False,0.2869274616241455,0.003,209,0.0,0.02531418949365616,857.0,803.2142857142857,700.0,6913017.0,3.59624981880188,761.3402862548828,4.852292537689209,cfe2d_00000,0.08581531047821045,9.655677795410156
explore_cycle_3_factor_1,210,False,0.3282231390476227,0.003,210,0.0,0.03238348662853241,872.0,788.1511904761907,705.0,6946079.0,3.63728666305542,764.9775729179382,5.630301475524902,cfe2d_00000,0.09436690807342529,11.19780445098877
explore_cycle_3_factor_1,211,False,0.2627350091934204,0.003,211,0.0,0.06466779112815857,852.0,812.1666666666666,771.0,6979045.0,3.7291860580444336,768.7067589759827,4.530245780944824,cfe2d_00000,0.048962533473968506,8.932731628417969
explore_cycle_3_factor_1,212,False,0.23406720161437988,0.003,212,0.0,-0.06847232580184937,890.0,802.6130952380953,717.0,7012116.0,3.8149609565734863,772.5217199325562,3.8808155059814453,cfe2d_00000,0.03647792339324951,7.899980545043945
explore_cycle_3_factor_1,213,False,0.25394558906555176,0.003,213,0.0,0.052159570157527924,845.0,776.8571428571429,710.0,7045207.0,3.6487643718719482,776.1704843044281,4.534387588500977,cfe2d_00000,0.1075696349143982,8.96597957611084
explore_cycle_3_factor_1,214,False,0.24894452095031738,0.003,214,0.0,0.11265955120325089,881.0,800.404761904762,741.0,7078297.0,3.614985704421997,779.7854700088501,4.835747241973877,cfe2d_00000,0.1052020788192749,9.447668075561523
explore_cycle_3_factor_1,215,False,0.2780660390853882,0.003,215,0.0,0.07388626784086227,888.0,824.8809523809524,775.0,7111376.0,3.646474599838257,783.4319446086884,4.94757080078125,cfe2d_00000,0.11288279294967651,9.749035835266113
explore_cycle_3_factor_1,216,False,0.2675033509731293,0.003,216,0.0,0.11249294131994247,896.0,811.2142857142857,739.0,7144463.0,3.7887203693389893,787.2206649780273,5.144491195678711,cfe2d_00000,0.06583642959594727,10.065601348876953
explore_cycle_3_factor_1,217,False,0.24885477125644684,0.003,217,0.0,0.03475075587630272,896.0,812.4285714285714,746.0,7177560.0,3.6591103076934814,790.8797752857208,4.02092981338501,cfe2d_00000,-0.022925257682800293,7.973851203918457
explore_cycle_3_factor_1,218,False,0.26594898104667664,0.003,218,0.0,0.044813256710767746,824.0,770.3928571428571,734.0,7210663.0,3.7009034156799316,794.5806787014008,3.935004949569702,cfe2d_00000,0.20050746202468872,7.781978607177734
explore_cycle_3_factor_1,219,False,0.2136804759502411,0.003,219,0.0,-0.01958605833351612,879.0,814.7261904761906,741.0,7243745.0,3.664851665496826,798.2455303668976,3.1901614665985107,cfe2d_00000,0.13401645421981812,6.420776844024658
explore_cycle_3_factor_1,220,False,0.20941714942455292,0.003,220,0.0,0.03234091028571129,847.0,791.1190476190476,740.0,7276829.0,3.737375497817993,801.9829058647156,4.269434928894043,cfe2d_00000,0.15503382682800293,8.475443840026855
explore_cycle_3_factor_1,221,False,0.2107028216123581,0.003,221,0.0,-0.0405932255089283,893.0,825.3333333333333,739.0,7309917.0,3.5991995334625244,805.5821053981781,4.369282245635986,cfe2d_00000,0.11079674959182739,8.821015357971191
explore_cycle_3_factor_1,222,False,0.20593559741973877,0.003,222,0.0,0.09962674975395203,885.0,814.8869047619047,747.0,7342995.0,3.689606189727783,809.2717115879059,4.3296895027160645,cfe2d_00000,0.08446085453033447,8.461360931396484
explore_cycle_3_factor_1,223,False,0.1949806660413742,0.003,223,0.0,0.06864456832408905,903.0,828.0357142857143,778.0,7376083.0,3.6080288887023926,812.8797404766083,3.5867760181427,cfe2d_00000,0.04862421751022339,7.037432670593262
explore_cycle_3_factor_1,224,False,0.19597013294696808,0.003,224,0.0,0.16603875160217285,888.0,801.9015151515151,734.0,7409104.0,3.814640522003174,816.6943809986115,4.882094383239746,cfe2d_00000,0.0570797324180603,9.433286666870117
explore_cycle_3_factor_1,225,False,0.1935316026210785,0.003,225,0.0,0.0028619735967367887,887.0,819.8142857142857,762.0,7442169.0,3.7779691219329834,820.4723501205444,3.5763773918151855,cfe2d_00000,0.07588547468185425,7.148191928863525
explore_cycle_3_factor_1,226,False,0.19033780694007874,0.003,226,0.0,-0.034770384430885315,818.0,795.4848484848484,749.0,7475199.0,3.604062795639038,824.0764129161835,3.3064353466033936,cfe2d_00000,0.09760153293609619,6.683553218841553
explore_cycle_3_factor_1,227,False,0.16825178265571594,0.003,227,0.0,-0.049657952040433884,849.0,799.8928571428571,743.0,7508295.0,3.6249454021453857,827.7013583183289,4.388427734375,cfe2d_00000,0.11260086297988892,8.877182006835938
explore_cycle_3_factor_1,228,False,0.2141190767288208,0.003,228,0.0,0.01664320006966591,824.0,794.5833333333334,715.0,7541386.0,3.6011030673980713,831.3024613857269,3.9077227115631104,cfe2d_00000,0.12306195497512817,7.783443450927734
explore_cycle_3_factor_1,229,False,0.2035650610923767,0.003,229,0.0,-0.04186088964343071,886.0,828.0,764.0,7574479.0,3.875227689743042,835.17768907547,4.3699235916137695,cfe2d_00000,0.10923212766647339,8.824790954589844
explore_cycle_3_factor_1,230,False,0.19681619107723236,0.003,230,0.0,-0.015403040684759617,862.0,786.9714285714286,711.0,7607555.0,3.6545817852020264,838.832270860672,3.7571163177490234,cfe2d_00000,0.1322420835494995,7.546219348907471
explore_cycle_3_factor_1,231,False,0.21623548865318298,0.003,231,0.0,-0.010058172978460789,878.0,805.3273809523808,734.0,7640637.0,3.6050260066986084,842.4372968673706,4.785511493682861,cfe2d_00000,0.0438728928565979,9.592436790466309
explore_cycle_3_factor_1,232,False,0.18032962083816528,0.003,232,0.0,0.011478369124233723,897.0,820.9615384615385,776.0,7673718.0,3.5859596729278564,846.0232565402985,4.052647113800049,cfe2d_00000,0.060471951961517334,8.083418846130371
explore_cycle_3_factor_1,233,False,0.16569466888904572,0.003,233,0.0,0.08286264538764954,854.0,805.3380952380952,726.0,7706784.0,3.835045099258423,849.8583016395569,3.7932353019714355,cfe2d_00000,0.09562379121780396,7.421739101409912
explore_cycle_3_factor_1,234,False,0.17532385885715485,0.003,234,0.0,-0.03992930427193642,833.0,784.4761904761906,737.0,7739876.0,3.6881022453308105,853.5464038848877,3.7154722213745117,cfe2d_00000,0.1376606822013855,7.511855125427246
explore_cycle_3_factor_1,235,False,0.17017926275730133,0.003,235,0.0,0.09690873324871063,838.0,789.4487179487179,749.0,7772950.0,3.5922529697418213,857.1386568546295,4.023445129394531,cfe2d_00000,0.1374812126159668,7.8540940284729
explore_cycle_3_factor_1,236,False,0.16247272491455078,0.003,236,0.0,0.0186042208224535,829.0,777.7678571428571,710.0,7806024.0,3.6652932167053223,860.8039500713348,4.3653411865234375,cfe2d_00000,0.10186201333999634,8.694449424743652
explore_cycle_3_factor_1,237,False,0.16291716694831848,0.003,237,0.0,0.02452721633017063,864.0,793.6071428571429,742.0,7839114.0,3.836900472640991,864.6408505439758,3.6591038703918457,cfe2d_00000,0.147924542427063,7.270130634307861
explore_cycle_3_factor_1,238,False,0.15901803970336914,0.003,238,0.0,-0.03870951384305954,869.0,820.3214285714286,741.0,7872216.0,3.6323869228363037,868.2732374668121,2.8103201389312744,cfe2d_00000,0.10175567865371704,5.699013710021973
explore_cycle_3_factor_1,239,False,0.16541162133216858,0.003,239,0.0,-0.010144781321287155,882.0,795.1309523809523,731.0,7905305.0,3.679053544998169,871.9522910118103,4.446023464202881,cfe2d_00000,0.13192898035049438,8.913328170776367
explore_cycle_3_factor_1,240,False,0.16710959374904633,0.003,240,0.0,0.004166672006249428,866.0,804.9642857142857,733.0,7938393.0,3.802713632583618,875.7550046443939,4.634702205657959,cfe2d_00000,0.15609502792358398,9.262072563171387
explore_cycle_3_factor_1,241,False,0.1684931218624115,0.003,241,0.0,0.003681366564705968,897.0,832.0416666666667,772.0,7971478.0,3.8057258129119873,879.5607304573059,3.9200520515441895,cfe2d_00000,0.027088165283203125,7.8337531089782715
explore_cycle_3_factor_1,242,False,0.19399437308311462,0.003,242,0.0,-0.0022725421003997326,892.0,820.6309523809523,726.0,8004573.0,3.617698907852173,883.1784293651581,3.6226141452789307,cfe2d_00000,-0.007444262504577637,7.250936985015869
explore_cycle_3_factor_1,243,False,0.1672571897506714,0.003,243,0.0,-0.06037331372499466,892.0,804.5952380952382,704.0,8037641.0,3.6363706588745117,886.8148000240326,3.545708417892456,cfe2d_00000,0.19504261016845703,7.213167190551758
explore_cycle_3_factor_1,244,False,0.17601868510246277,0.003,244,0.0,0.01796732097864151,857.0,811.2857142857143,748.0,8070731.0,3.697624683380127,890.5124247074127,4.115153789520264,cfe2d_00000,0.15227657556533813,8.195428848266602
explore_cycle_3_factor_1,245,False,0.15710824728012085,0.003,245,0.0,-0.033470768481492996,846.0,804.5576923076923,757.0,8103801.0,3.7893290519714355,894.3017537593842,3.6266558170318604,cfe2d_00000,0.06771707534790039,7.32119607925415
explore_cycle_3_factor_1,246,False,0.17252878844738007,0.003,246,0.0,-0.09892386198043823,865.0,794.3488095238096,735.0,8136872.0,3.640674591064453,897.9424283504486,3.353452444076538,cfe2d_00000,0.12627148628234863,6.905787467956543
explore_cycle_3_factor_1,247,False,0.1799289882183075,0.003,247,0.0,-0.04714285209774971,854.0,805.4285714285714,730.0,8169968.0,3.665210723876953,901.6076390743256,3.95951247215271,cfe2d_00000,0.08871853351593018,8.014389991760254
explore_cycle_3_factor_1,248,False,0.1746714562177658,0.003,248,0.0,-0.0010200119577348232,853.0,805.5119047619047,753.0,8203060.0,3.778330087661743,905.3859691619873,3.7561283111572266,cfe2d_00000,0.08487159013748169,7.515344619750977
explore_cycle_3_factor_1,249,False,0.14039717614650726,0.003,249,0.0,-0.05107374116778374,819.0,776.1190476190476,739.0,8236162.0,3.635481357574463,909.0214505195618,3.1184942722320557,cfe2d_00000,0.2003912329673767,6.339978218078613
explore_cycle_3_factor_1,250,False,0.172156423330307,0.003,250,0.0,0.0290790107101202,830.0,779.5357142857143,735.0,8269255.0,3.7883388996124268,912.8097894191742,3.9640438556671143,cfe2d_00000,0.07467329502105713,7.870963096618652
explore_cycle_3_factor_1,251,False,0.18078993260860443,0.003,251,0.0,-0.12159299105405807,867.0,817.0178571428571,746.0,8302331.0,3.6495418548583984,916.4593312740326,3.254943609237671,cfe2d_00000,0.16598236560821533,6.754157543182373
explore_cycle_3_factor_1,252,False,0.1772046685218811,0.003,252,0.0,-0.07941944152116776,882.0,804.5119047619048,694.0,8335413.0,3.6049914360046387,920.0643227100372,3.248382806777954,cfe2d_00000,0.057588398456573486,6.656667232513428
explore_cycle_3_factor_1,253,False,0.1670023798942566,0.003,253,0.0,0.11722597479820251,853.0,803.3214285714286,757.0,8368508.0,3.5966856479644775,923.6610083580017,5.4372334480285645,cfe2d_00000,0.0717930793762207,10.641016960144043
explore_cycle_3_factor_1,254,False,0.1721934974193573,0.003,254,0.0,-0.029179055243730545,844.0,806.9107142857141,734.0,8401583.0,3.7499704360961914,927.4109787940979,4.642157077789307,cfe2d_00000,0.06727290153503418,9.343705177307129
explore_cycle_3_factor_1,255,False,0.20409676432609558,0.003,255,0.0,-0.0357232429087162,840.0,800.4722222222222,749.0,8434673.0,3.6937530040740967,931.104731798172,4.830271244049072,cfe2d_00000,0.11485511064529419,9.733213424682617
explore_cycle_3_factor_1,256,False,0.20804347097873688,0.003,256,0.0,-0.0386350154876709,851.0,801.7380952380953,749.0,8467762.0,3.61808443069458,934.7228162288666,4.431467056274414,cfe2d_00000,0.03039252758026123,8.941452026367188
explore_cycle_3_factor_1,257,False,0.19431917369365692,0.003,257,0.0,-0.03316396102309227,857.0,788.9642857142857,715.0,8500845.0,3.5509400367736816,938.2737562656403,4.037785053253174,cfe2d_00000,0.1017194390296936,8.143064498901367
explore_cycle_3_factor_1,258,False,0.19611522555351257,0.003,258,0.0,0.19680112600326538,843.0,799.6785714285714,732.0,8533938.0,3.798250436782837,942.0720067024231,4.7744550704956055,cfe2d_00000,0.08714115619659424,9.15648365020752
explore_cycle_3_factor_1,259,False,0.2075306475162506,0.003,259,0.0,0.054942432790994644,861.0,790.4285714285714,747.0,8567040.0,3.6756739616394043,945.7476806640625,4.146553039550781,cfe2d_00000,0.16965508460998535,8.184467315673828
explore_cycle_3_factor_1,260,False,0.20569366216659546,0.003,260,0.0,0.07623549550771713,837.0,771.2142857142857,646.0,8600122.0,3.6279051303863525,949.3755857944489,4.363129615783691,cfe2d_00000,0.128706157207489,8.575021743774414
explore_cycle_3_factor_1,261,False,0.19097451865673065,0.003,261,0.0,0.05554938316345215,863.0,791.654761904762,717.0,8633203.0,3.5563039779663086,952.9318897724152,3.268791675567627,cfe2d_00000,0.09028863906860352,6.427630424499512
explore_cycle_3_factor_1,262,False,0.16296789050102234,0.003,262,0.0,0.052673108875751495,839.0,773.0238095238095,690.0,8666294.0,3.8790411949157715,956.8109309673309,3.787219285964966,cfe2d_00000,0.07364708185195923,7.470070838928223
explore_cycle_3_factor_1,263,False,0.14623235166072845,0.003,263,0.0,-0.03130931779742241,827.0,759.888888888889,719.0,8699205.0,3.5981650352478027,960.4090960025787,3.2809722423553467,cfe2d_00000,0.11996316909790039,6.62544059753418
explore_cycle_3_factor_1,264,False,0.1751081496477127,0.003,264,0.0,-0.043947480618953705,874.0,797.2976190476189,674.0,8732273.0,3.6483232975006104,964.0574193000793,3.135584831237793,cfe2d_00000,0.07068520784378052,6.360114574432373
explore_cycle_3_factor_1,265,False,0.18312019109725952,0.003,265,0.0,0.023629287257790565,846.0,785.9166666666667,710.0,8765359.0,3.637662649154663,967.695081949234,3.8421504497528076,cfe2d_00000,0.1270582675933838,7.63814115524292
explore_cycle_3_factor_1,266,False,0.1463753879070282,0.003,266,0.0,0.07892028242349625,846.0,810.3690476190477,751.0,8798456.0,3.657930850982666,971.3530128002167,3.5166263580322266,cfe2d_00000,0.04346013069152832,6.876290321350098
explore_cycle_3_factor_1,267,False,0.1883518248796463,0.003,267,0.0,0.04563264176249504,873.0,795.4404761904761,727.0,8831523.0,3.708902597427368,975.061915397644,3.93361759185791,cfe2d_00000,0.06063038110733032,7.777100086212158
explore_cycle_3_factor_1,268,False,0.15558700263500214,0.003,268,0.0,0.07408614456653595,836.0,779.7380952380953,700.0,8864613.0,3.5526750087738037,978.6145904064178,4.026230335235596,cfe2d_00000,0.06340974569320679,7.905221462249756
explore_cycle_3_factor_1,269,False,0.18598312139511108,0.003,269,0.0,0.04929235205054283,844.0,795.404761904762,764.0,8897713.0,3.5802226066589355,982.1948130130768,4.279888153076172,cfe2d_00000,0.06715410947799683,8.462307929992676
explore_cycle_3_factor_1,270,False,0.17250420153141022,0.003,270,0.0,0.07799050211906433,849.0,808.4404761904761,742.0,8930804.0,3.5684282779693604,985.7632412910461,4.184413909912109,cfe2d_00000,0.07251650094985962,8.213882446289062
explore_cycle_3_factor_1,271,False,0.16199086606502533,0.003,271,0.0,-0.06039498373866081,842.0,787.0833333333333,739.0,8963895.0,3.7306268215179443,989.4938681125641,3.3038694858551025,cfe2d_00000,0.17416739463806152,6.729500770568848
explore_cycle_3_factor_1,272,False,0.1514890342950821,0.003,272,0.0,0.08928270637989044,850.0,797.5119047619048,752.0,8996980.0,3.6053733825683594,993.0992414951324,3.8714725971221924,cfe2d_00000,0.08521348237991333,7.56528902053833
explore_cycle_3_factor_1,273,False,0.1649494767189026,0.003,273,0.0,0.040519170463085175,877.0,808.1845238095237,744.0,9030069.0,3.65142822265625,996.7506697177887,4.300221920013428,cfe2d_00000,0.09087896347045898,8.520395278930664
explore_cycle_3_factor_1,274,False,0.14104802906513214,0.003,274,0.0,0.09831812977790833,877.0,795.9285714285714,719.0,9063145.0,3.640069007873535,1000.3907387256622,4.3364667892456055,cfe2d_00000,0.09822672605514526,8.477143287658691
explore_cycle_3_factor_1,275,False,0.14742903411388397,0.003,275,0.0,-0.03134429082274437,844.0,785.6428571428571,720.0,9096236.0,3.803102731704712,1004.193841457367,4.113574981689453,cfe2d_00000,0.0333673357963562,8.29072380065918
explore_cycle_3_factor_1,276,False,0.14870966970920563,0.003,276,0.0,-0.0495411716401577,870.0,811.8651515151515,757.0,9129251.0,3.624462127685547,1007.8183035850525,4.825835704803467,cfe2d_00000,0.0871121883392334,9.751646041870117
explore_cycle_3_factor_1,277,False,0.16629205644130707,0.003,277,0.0,0.11377492547035217,859.0,799.3571428571429,744.0,9162338.0,3.6099369525909424,1011.4282405376434,5.868933200836182,cfe2d_00000,0.10991573333740234,11.511314392089844
explore_cycle_3_factor_1,278,False,0.1362352818250656,0.003,278,0.0,0.036899466067552567,848.0,761.1785714285714,722.0,9195426.0,3.652724266052246,1015.0809648036957,4.1138200759887695,cfe2d_00000,0.19043052196502686,8.154658317565918
explore_cycle_3_factor_1,279,False,0.14691783487796783,0.003,279,0.0,0.025006527081131935,866.0,806.2380952380952,740.0,9228514.0,3.8025364875793457,1018.883501291275,4.939438819885254,cfe2d_00000,0.09465426206588745,9.82974624633789
explore_cycle_3_factor_1,280,False,0.14615364372730255,0.003,280,0.0,0.0777587741613388,840.0,810.1309523809524,742.0,9261613.0,3.5887465476989746,1022.472247838974,4.8070268630981445,cfe2d_00000,0.1522374153137207,9.459413528442383
explore_cycle_3_factor_1,281,False,0.1492248922586441,0.003,281,0.0,0.006746714934706688,821.0,780.6666666666666,687.0,9294706.0,3.62457537651062,1026.0968232154846,3.704721689224243,cfe2d_00000,0.08399045467376709,7.396845817565918
explore_cycle_3_factor_1,282,False,0.13924290239810944,0.003,282,0.0,-0.03591635450720787,859.0,797.6678571428572,741.0,9327779.0,3.6908838748931885,1029.7877070903778,4.635424613952637,cfe2d_00000,0.016602933406829834,9.34351921081543
explore_cycle_3_factor_1,283,False,0.14988620579242706,0.003,283,0.0,-0.029254082590341568,857.0,796.1785714285714,710.0,9360869.0,3.582559585571289,1033.370266675949,4.125725269317627,cfe2d_00000,0.028414011001586914,8.310857772827148
explore_cycle_3_factor_1,284,False,0.14567886292934418,0.003,284,0.0,-0.0578988641500473,845.0,799.6666666666667,757.0,9393894.0,3.7497236728668213,1037.119990348816,4.103838920593262,cfe2d_00000,0.08920395374298096,8.324349403381348
explore_cycle_3_factor_1,285,False,0.15182635188102722,0.003,285,0.0,-0.1004389077425003,863.0,784.9642857142857,705.0,9426968.0,3.6190359592437744,1040.7390263080597,4.441497325897217,cfe2d_00000,0.12043565511703491,9.084783554077148
explore_cycle_3_factor_1,286,False,0.1555703580379486,0.003,286,0.0,0.009521025232970715,865.0,791.6547619047618,720.0,9460053.0,3.66959810256958,1044.4086244106293,4.1646623611450195,cfe2d_00000,0.052907705307006836,8.3112154006958
explore_cycle_3_factor_1,287,False,0.15926890075206757,0.003,287,0.0,0.08548387885093689,852.0,793.952380952381,738.0,9493146.0,3.6108286380767822,1048.019453048706,5.0491838455200195,cfe2d_00000,0.07619404792785645,9.928356170654297
explore_cycle_3_factor_1,288,False,0.1416296660900116,0.003,288,0.0,-0.017768867313861847,854.0,779.1607142857143,723.0,9526227.0,3.7154922485351562,1051.7349452972412,4.273138046264648,cfe2d_00000,0.07680737972259521,8.582663536071777
explore_cycle_3_factor_1,289,False,0.15262748301029205,0.003,289,0.0,-0.06385153532028198,876.0,821.2142857142857,718.0,9559317.0,3.69850754737854,1055.4334528446198,4.774208068847656,cfe2d_00000,0.021819889545440674,9.677034378051758
explore_cycle_3_factor_1,290,False,0.13981682062149048,0.003,290,0.0,-0.08715467900037766,850.0,811.3333333333334,742.0,9592416.0,3.5670347213745117,1059.0004875659943,4.274183750152588,cfe2d_00000,0.10974860191345215,8.723516464233398
explore_cycle_3_factor_1,291,False,0.14526331424713135,0.003,291,0.0,-0.004579751752316952,830.0,760.5714285714286,695.0,9625507.0,3.6451241970062256,1062.6456117630005,4.115358352661133,cfe2d_00000,0.10981523990631104,8.240747451782227
explore_cycle_3_factor_1,292,False,0.1425212025642395,0.003,292,0.0,0.004744019825011492,881.0,808.0238095238095,730.0,9658589.0,4.006655693054199,1066.6522674560547,4.820620536804199,cfe2d_00000,0.04659831523895264,9.632609367370605
explore_cycle_3_factor_1,293,False,0.14675241708755493,0.003,293,0.0,0.019457386806607246,854.0,793.4404761904761,658.0,9691676.0,3.6799116134643555,1070.332179069519,4.103519916534424,cfe2d_00000,0.08713829517364502,8.169005393981934
explore_cycle_3_factor_1,294,False,0.1322569102048874,0.003,294,0.0,-0.05673002824187279,816.0,769.4305555555555,706.0,9724581.0,3.604952812194824,1073.9371318817139,4.0564961433410645,cfe2d_00000,0.05601602792739868,8.227246284484863
explore_cycle_3_factor_1,295,False,0.1571846902370453,0.003,295,0.0,-0.10342136770486832,918.0,810.5595238095237,737.0,9757655.0,3.6016857624053955,1077.5388176441193,3.9186336994171143,cfe2d_00000,0.19025379419326782,8.045053482055664
explore_cycle_3_factor_1,296,False,0.14200420677661896,0.003,296,0.0,0.04583561420440674,878.0,804.8511904761905,729.0,9790735.0,3.740180492401123,1081.2789981365204,4.105156421661377,cfe2d_00000,0.11693751811981201,8.11949348449707
explore_cycle_3_factor_1,297,False,0.1518855094909668,0.003,297,0.0,0.01888543926179409,835.0,781.5909090909091,723.0,9823763.0,3.7339961528778076,1085.0129942893982,5.1028313636779785,cfe2d_00000,0.12151229381561279,10.168803215026855
explore_cycle_3_factor_1,298,False,0.1514928936958313,0.003,298,0.0,0.021615315228700638,908.0,827.5833333333333,704.0,9856845.0,3.6180291175842285,1088.6310234069824,4.865799427032471,cfe2d_00000,0.1309363842010498,9.689277648925781
explore_cycle_3_factor_1,299,False,0.14529721438884735,0.003,299,0.0,-0.049902141094207764,879.0,810.8214285714286,756.0,9889926.0,3.6131343841552734,1092.2441577911377,4.556480407714844,cfe2d_00000,0.11425089836120605,9.213637351989746
explore_cycle_3_factor_1,300,False,0.12207219749689102,0.003,300,0.0,-0.10483327507972717,847.0,776.4285714285714,694.0,9923026.0,3.5810039043426514,1095.8251616954803,3.492119789123535,cfe2d_00000,0.11782598495483398,7.194638729095459
explore_cycle_3_factor_1,301,False,0.1530032455921173,0.003,301,0.0,0.050441641360521317,850.0,782.6309523809524,654.0,9956111.0,3.7769076824188232,1099.6020693778992,4.411827087402344,cfe2d_00000,0.07385426759719849,8.723689079284668
explore_cycle_3_factor_1,302,False,0.14273123443126678,0.003,302,0.0,0.012103862129151821,857.0,789.0714285714286,735.0,9989204.0,3.701704978942871,1103.303774356842,4.392394065856934,cfe2d_00000,0.10278970003128052,8.761436462402344
explore_cycle_3_factor_1,303,False,0.13716243207454681,0.003,303,0.0,0.08415970951318741,833.0,789.8988095238094,731.0,10022291.0,3.644772529602051,1106.948546886444,4.2534499168396,cfe2d_00000,0.11800909042358398,8.33940315246582
explore_cycle_3_factor_1,304,False,0.12667757272720337,0.003,304,0.0,-0.1487593948841095,848.0,793.0178571428571,741.0,10055378.0,3.843388557434082,1110.7919354438782,2.817182779312134,cfe2d_00000,0.10491210222244263,5.932644844055176
explore_cycle_3_factor_1,305,False,0.12755747139453888,0.003,305,0.0,0.04411345720291138,850.0,785.6060606060607,690.0,10088388.0,3.7041709423065186,1114.4961063861847,4.451789379119873,cfe2d_00000,0.11353307962417603,8.816117286682129
explore_cycle_3_factor_1,306,False,0.14084027707576752,0.003,306,0.0,0.052501268684864044,847.0,771.4642857142859,727.0,10121480.0,3.57513689994812,1118.0712432861328,5.041519641876221,cfe2d_00000,0.16219735145568848,9.978882789611816
explore_cycle_3_factor_1,307,False,0.15510524809360504,0.003,307,0.0,-0.04059730842709541,867.0,782.6666666666667,718.0,10154563.0,3.6068167686462402,1121.678060054779,4.346273422241211,cfe2d_00000,0.131736159324646,8.77467155456543
explore_cycle_3_factor_1,308,False,0.12403863668441772,0.003,308,0.0,0.02982451394200325,872.0,790.9047619047618,724.0,10187648.0,3.6133182048797607,1125.2913782596588,4.208578586578369,cfe2d_00000,0.1944042444229126,8.35825252532959
explore_cycle_3_factor_1,309,False,0.1342780888080597,0.003,309,0.0,0.03794221580028534,847.0,774.25,702.0,10220736.0,3.761753559112549,1129.0531318187714,4.774971008300781,cfe2d_00000,0.06993985176086426,9.47486400604248
explore_cycle_3_factor_1,310,False,0.127391517162323,0.003,310,0.0,-0.12342622876167297,888.0,819.25,761.0,10253818.0,3.6189398765563965,1132.6720716953278,3.611060857772827,cfe2d_00000,0.09446519613265991,7.469738006591797
explore_cycle_3_factor_1,311,False,0.1253882646560669,0.003,311,0.0,-0.010179901495575905,844.0,793.7142857142857,733.0,10286920.0,3.702155590057373,1136.3742272853851,4.885398864746094,cfe2d_00000,0.12339454889297485,9.791911125183105
explore_cycle_3_factor_1,312,False,0.12695318460464478,0.003,312,0.0,0.014735816977918148,829.0,778.5,756.0,10320019.0,3.60715389251709,1139.9813811779022,4.250988960266113,cfe2d_00000,0.16604673862457275,8.473268508911133
explore_cycle_3_factor_1,313,False,0.12572161853313446,0.003,313,0.0,-0.09583226591348648,895.0,829.1880952380952,768.0,10353086.0,3.8337910175323486,1143.8151721954346,4.059664249420166,cfe2d_00000,0.06716138124465942,8.311748504638672
explore_cycle_3_factor_1,314,False,0.12608522176742554,0.003,314,0.0,-0.018653519451618195,903.0,813.1428571428571,718.0,10386185.0,3.5846471786499023,1147.3998193740845,5.0821309089660645,cfe2d_00000,0.14572906494140625,10.202325820922852
explore_cycle_3_factor_1,315,False,0.13465915620326996,0.003,315,0.0,0.09990386664867401,864.0,798.2023809523808,732.0,10419270.0,3.605407953262329,1151.0052273273468,4.613679885864258,cfe2d_00000,0.16958022117614746,9.028361320495605
explore_cycle_3_factor_1,316,False,0.1326308250427246,0.003,316,0.0,0.0340597927570343,888.0,814.1964285714286,722.0,10452347.0,3.6029820442199707,1154.6082093715668,5.017208099365234,cfe2d_00000,0.09344881772994995,9.967092514038086
explore_cycle_3_factor_1,317,False,0.14113405346870422,0.003,317,0.0,-0.06197873502969742,859.0,799.3571428571429,734.0,10485429.0,3.613459587097168,1158.221668958664,4.8554158210754395,cfe2d_00000,0.04205644130706787,9.835636138916016
explore_cycle_3_factor_1,318,False,0.13046815991401672,0.003,318,0.0,-0.026942331343889236,819.0,791.3181818181819,736.0,10518464.0,3.8138270378112793,1162.0354959964752,4.374636173248291,cfe2d_00000,0.06801676750183105,8.803939819335938
explore_cycle_3_factor_1,319,False,0.1511610746383667,0.003,319,0.0,0.018129467964172363,857.0,807.4166666666666,714.0,10551546.0,3.607187509536743,1165.642683506012,4.655026912689209,cfe2d_00000,0.019957900047302246,9.274702072143555
explore_cycle_3_factor_1,320,False,0.1562776118516922,0.003,320,0.0,-0.007952249608933926,876.0,826.0892857142857,755.0,10584627.0,3.5642147064208984,1169.2068982124329,3.8562135696411133,cfe2d_00000,0.05167722702026367,7.729269504547119
explore_cycle_3_factor_1,321,False,0.15681572258472443,0.003,321,0.0,0.023678908124566078,880.0,799.6071428571429,721.0,10617730.0,3.6096432209014893,1172.8165414333344,4.526872634887695,cfe2d_00000,0.13104331493377686,9.007328987121582
explore_cycle_3_factor_1,322,False,0.14582082629203796,0.003,322,0.0,0.033342961221933365,868.0,807.4285714285714,752.0,10650811.0,3.8306081295013428,1176.6471495628357,4.21900749206543,cfe2d_00000,0.07585859298706055,8.372203826904297
explore_cycle_3_factor_1,323,False,0.15103837847709656,0.003,323,0.0,-0.05745541304349899,879.0,805.0357142857143,753.0,10683903.0,3.623284339904785,1180.2704339027405,4.314605236053467,cfe2d_00000,0.12479370832443237,8.745027542114258
explore_cycle_3_factor_1,324,False,0.1306711882352829,0.003,324,0.0,-0.11821392923593521,851.0,789.4357142857143,702.0,10716980.0,3.6398935317993164,1183.9103274345398,3.985456705093384,cfe2d_00000,0.16119742393493652,8.208126068115234
explore_cycle_3_factor_1,325,False,0.10845321416854858,0.003,325,0.0,-0.14674554765224457,836.0,789.888888888889,759.0,10749885.0,3.579444408416748,1187.4897718429565,4.452864170074463,cfe2d_00000,0.10228437185287476,9.199870109558105
explore_cycle_3_factor_1,326,False,0.15014421939849854,0.003,326,0.0,0.024192500859498978,861.0,794.2307692307693,699.0,10782945.0,3.996910333633423,1191.48668217659,5.051127910614014,cfe2d_00000,0.06333768367767334,10.054771423339844
explore_cycle_3_factor_1,327,False,0.14006106555461884,0.003,327,0.0,-0.003059332724660635,876.0,793.625,706.0,10816025.0,3.6281445026397705,1195.1148266792297,3.510303258895874,cfe2d_00000,-0.01004171371459961,7.0275654792785645
explore_cycle_3_factor_1,328,False,0.13875681161880493,0.003,328,0.0,0.046346358954906464,822.0,781.9047619047618,708.0,10849118.0,3.6452300548553467,1198.760056734085,4.230269432067871,cfe2d_00000,-0.03479611873626709,8.36867904663086
explore_cycle_3_factor_1,329,False,0.1307765245437622,0.003,329,0.0,-0.05746416002511978,872.0,784.1785714285714,702.0,10882206.0,3.612395763397217,1202.3724524974823,3.9087157249450684,cfe2d_00000,0.0634617805480957,7.933145046234131
explore_cycle_3_factor_1,330,False,0.13284222781658173,0.003,330,0.0,0.0323924794793129,873.0,805.202380952381,749.0,10915284.0,3.8608405590057373,1206.233293056488,3.865912437438965,cfe2d_00000,0.06742995977401733,7.667836666107178
explore_cycle_3_factor_1,331,False,0.1395493596792221,0.003,331,0.0,0.14773790538311005,861.0,791.7857142857143,689.0,10948378.0,3.621070384979248,1209.8543634414673,6.1322126388549805,cfe2d_00000,0.07782143354415894,11.969786643981934
explore_cycle_3_factor_1,332,False,0.13939087092876434,0.003,332,0.0,-0.07045768946409225,881.0,791.6309523809523,735.0,10981468.0,3.6341748237609863,1213.4885382652283,4.521594047546387,cfe2d_00000,0.08799225091934204,9.18493938446045
explore_cycle_3_factor_1,333,False,0.1388704627752304,0.003,333,0.0,0.05139624699950218,851.0,808.0714285714286,751.0,11014571.0,3.7437267303466797,1217.232264995575,4.3083624839782715,cfe2d_00000,0.05469965934753418,8.514765739440918
explore_cycle_3_factor_1,334,False,0.1561281681060791,0.003,334,0.0,-0.07954868674278259,889.0,796.6309523809523,706.0,11047646.0,3.658360719680786,1220.8906257152557,3.4580037593841553,cfe2d_00000,0.18638277053833008,7.0760416984558105
explore_cycle_3_factor_1,335,False,0.15459205210208893,0.003,335,0.0,-0.02337740734219551,887.0,792.9642857142857,709.0,11080743.0,3.837576150894165,1224.72820186615,4.379199028015137,cfe2d_00000,0.16778826713562012,8.80608081817627
explore_cycle_3_factor_1,336,False,0.12631945312023163,0.003,336,0.0,-0.03652456775307655,901.0,804.2142857142857,740.0,11113819.0,3.7763350009918213,1228.5045368671417,4.012465476989746,cfe2d_00000,0.06336814165115356,8.098737716674805
explore_cycle_3_factor_1,337,False,0.1211942657828331,0.003,337,0.0,0.027109457179903984,858.0,767.3452380952382,678.0,11146905.0,3.7124319076538086,1232.2169687747955,4.804060935974121,cfe2d_00000,0.03426915407180786,9.5546293258667
explore_cycle_3_factor_1,338,False,0.12937037646770477,0.003,338,0.0,0.10980359464883804,858.0,800.5595238095237,723.0,11179987.0,3.6423966884613037,1235.8593654632568,6.057393550872803,cfe2d_00000,0.0484466552734375,11.895955085754395
explore_cycle_3_factor_1,339,False,0.15088146924972534,0.003,339,0.0,-0.10440073907375336,833.0,797.6969696969699,742.0,11213008.0,3.7494380474090576,1239.608803510666,5.723921298980713,cfe2d_00000,0.11671566963195801,11.657548904418945
explore_cycle_3_factor_1,340,False,0.13175269961357117,0.003,340,0.0,-0.04843493178486824,856.0,789.1666666666667,671.0,11246097.0,3.6184945106506348,1243.2272980213165,5.373241424560547,cfe2d_00000,0.12232482433319092,10.84414291381836
explore_cycle_3_factor_1,341,False,0.11030253022909164,0.003,341,0.0,0.04160197451710701,874.0,792.5059523809524,702.0,11279179.0,3.614532232284546,1246.841830253601,4.104957580566406,cfe2d_00000,0.05569690465927124,8.127373695373535
explore_cycle_3_factor_1,342,False,0.14704467356204987,0.003,342,0.0,0.061182279139757156,858.0,806.6071428571429,749.0,11312282.0,3.5807228088378906,1250.422553062439,6.137416362762451,cfe2d_00000,0.11426681280136108,12.153350830078125
explore_cycle_3_factor_1,343,False,0.12884867191314697,0.003,343,0.0,-0.037997204810380936,878.0,801.7261904761905,742.0,11345371.0,3.7683780193328857,1254.1909310817719,4.90890645980835,cfe2d_00000,0.051184117794036865,9.89457893371582
explore_cycle_3_factor_1,344,False,0.11171544343233109,0.003,344,0.0,-0.12447499483823776,846.0,795.4250000000001,741.0,11378441.0,3.677248954772949,1257.8681800365448,4.616245746612549,cfe2d_00000,0.041632890701293945,9.482111930847168
explore_cycle_3_factor_1,345,False,0.11278983950614929,0.003,345,0.0,-0.0646771788597107,837.0,784.6785714285714,735.0,11411540.0,3.638765811920166,1261.506945848465,4.454845905303955,cfe2d_00000,0.12836605310440063,9.039721488952637
explore_cycle_3_factor_1,346,False,0.128138467669487,0.003,346,0.0,0.009762273170053959,854.0,793.9743589743591,725.0,11444606.0,3.5967049598693848,1265.1036508083344,5.510743618011475,cfe2d_00000,0.02146965265274048,11.002732276916504
explore_cycle_3_factor_1,347,False,0.1294986605644226,0.003,347,0.0,-0.04599256068468094,863.0,787.0346153846154,707.0,11477662.0,3.7712619304656982,1268.8749127388,5.119110584259033,cfe2d_00000,0.19453459978103638,10.33098316192627
explore_cycle_3_factor_1,348,False,0.11205650120973587,0.003,348,0.0,0.06011148542165756,834.0,768.4345238095239,660.0,11510743.0,3.7246642112731934,1272.5995769500732,5.425582408905029,cfe2d_00000,0.08932054042816162,10.731614112854004
explore_cycle_3_factor_1,349,False,0.10432948172092438,0.003,349,0.0,-0.09484128654003143,841.0,790.8076923076923,754.0,11543822.0,3.6034717559814453,1276.2030487060547,4.21163272857666,cfe2d_00000,0.12552732229232788,8.613574028015137
explore_cycle_3_factor_1,350,False,0.14657998085021973,0.003,350,0.0,0.15172208845615387,854.0,801.029761904762,745.0,11576905.0,3.6358938217163086,1279.838942527771,5.1064348220825195,cfe2d_00000,0.09463739395141602,9.910304069519043
explore_cycle_3_factor_1,351,False,0.12097395211458206,0.003,351,0.0,-0.006584501825273037,868.0,785.1190476190476,671.0,11609988.0,3.5837748050689697,1283.42271733284,4.17850399017334,cfe2d_00000,0.21397286653518677,8.370903015136719
explore_cycle_3_factor_1,352,False,0.10007340461015701,0.003,352,0.0,-0.06258596479892731,875.0,792.1666666666667,688.0,11643082.0,3.8321242332458496,1287.2548415660858,4.32359504699707,cfe2d_00000,0.15805751085281372,8.77296257019043
explore_cycle_3_factor_1,353,False,0.13427087664604187,0.003,353,0.0,-0.055021122097969055,856.0,807.0833333333334,760.0,11676169.0,3.6186344623565674,1290.8734760284424,4.034467697143555,cfe2d_00000,0.029230237007141113,8.179783821105957
explore_cycle_3_factor_1,354,False,0.11310535669326782,0.003,354,0.0,-0.07334867864847183,845.0,796.4642857142857,719.0,11709267.0,3.600167751312256,1294.4736437797546,4.214929580688477,cfe2d_00000,0.051036059856414795,8.577235221862793
explore_cycle_3_factor_1,355,False,0.11398458480834961,0.003,355,0.0,0.0761069506406784,903.0,812.4238095238096,695.0,11742335.0,3.759416341781616,1298.2330601215363,4.60273551940918,cfe2d_00000,0.055534541606903076,9.053939819335938
explore_cycle_3_factor_1,356,False,0.11281108856201172,0.003,356,0.0,-0.06311540305614471,828.0,805.6666666666666,757.0,11775302.0,3.732199192047119,1301.9652593135834,3.2568061351776123,cfe2d_00000,0.09245938062667847,6.640519618988037
explore_cycle_3_factor_1,357,False,0.13826601207256317,0.003,357,0.0,-0.018075507134199142,875.0,790.2023809523808,703.0,11808374.0,3.6417346000671387,1305.6069939136505,4.345865726470947,cfe2d_00000,0.1741046905517578,8.72871208190918
explore_cycle_3_factor_1,358,False,0.12781167030334473,0.003,358,0.0,0.019055048003792763,895.0,808.2321428571429,744.0,11841452.0,3.628659963607788,1309.2356538772583,4.941288471221924,cfe2d_00000,0.04666703939437866,9.845233917236328
explore_cycle_3_factor_1,359,False,0.12972746789455414,0.003,359,0.0,-0.12218192219734192,898.0,830.0119047619048,726.0,11874542.0,3.78071928024292,1313.0163731575012,3.4836771488189697,cfe2d_00000,0.22904884815216064,7.212496280670166
explore_cycle_3_factor_1,360,False,0.1416655331850052,0.003,360,0.0,0.038379915058612823,838.0,777.1969696969699,701.0,11907568.0,3.843961477279663,1316.8603346347809,4.89352560043335,cfe2d_00000,0.11458885669708252,9.711140632629395
explore_cycle_3_factor_1,361,False,0.1345275640487671,0.003,361,0.0,-0.08528033643960953,875.0,788.5214285714285,714.0,11940646.0,3.6552388668060303,1320.515573501587,3.5706090927124023,cfe2d_00000,0.1254768967628479,7.312585830688477
explore_cycle_3_factor_1,362,False,0.12396346032619476,0.003,362,0.0,0.005337544251233339,891.0,822.047619047619,729.0,11973737.0,3.7401630878448486,1324.2557365894318,4.018630504608154,cfe2d_00000,0.08068758249282837,8.02733039855957
explore_cycle_3_factor_1,363,False,0.1357344686985016,0.003,363,0.0,0.071123406291008,865.0,794.6785714285714,732.0,12006836.0,3.647289991378784,1327.9030265808105,4.849616527557373,cfe2d_00000,0.05137836933135986,9.55780029296875
explore_cycle_3_factor_1,364,False,0.1298746019601822,0.003,364,0.0,-0.08909662812948227,830.0,773.7142857142857,706.0,12039923.0,3.859987497329712,1331.7630140781403,3.5739829540252686,cfe2d_00000,0.11480623483657837,7.326938152313232
explore_cycle_3_factor_1,365,False,0.11953854560852051,0.003,365,0.0,-0.038574617356061935,847.0,801.0892857142857,739.0,12073001.0,3.6593127250671387,1335.4223268032074,3.823906898498535,cfe2d_00000,0.11244481801986694,7.725679874420166
explore_cycle_3_factor_1,366,False,0.11713860929012299,0.003,366,0.0,0.04839036613702774,847.0,794.75,773.0,12106100.0,3.793895959854126,1339.2162227630615,3.687892198562622,cfe2d_00000,-0.009233951568603516,7.2797064781188965
explore_cycle_3_factor_1,367,False,0.12030617892742157,0.003,367,0.0,-0.02676110714673996,885.0,790.0178571428571,710.0,12139176.0,3.6077992916107178,1342.8240220546722,4.078009605407715,cfe2d_00000,0.024897277355194092,8.2102632522583
explore_cycle_3_factor_1,368,False,0.12570151686668396,0.003,368,0.0,-0.05735263600945473,837.0,801.2261904761905,749.0,12172269.0,3.715005397796631,1346.5390274524689,4.323885917663574,cfe2d_00000,0.11661791801452637,8.763230323791504
explore_cycle_3_factor_1,369,False,0.12001681327819824,0.003,369,0.0,-0.06213931366801262,853.0,798.3869047619047,724.0,12205343.0,3.784376621246338,1350.3234040737152,3.6228652000427246,cfe2d_00000,0.11179393529891968,7.370728969573975
explore_cycle_3_factor_1,370,False,0.13268643617630005,0.003,370,0.0,0.02109449915587902,907.0,805.1071428571429,722.0,12238432.0,3.758683443069458,1354.0820875167847,4.315208435058594,cfe2d_00000,0.07999861240386963,8.58902359008789
explore_cycle_3_factor_1,371,False,0.13384179770946503,0.003,371,0.0,-0.0018857819959521294,865.0,805.6363636363636,747.0,12271462.0,3.652311086654663,1357.7343986034393,4.232476711273193,cfe2d_00000,0.16037678718566895,8.469527244567871
explore_cycle_3_factor_1,372,False,0.12668158113956451,0.003,372,0.0,-0.08897817134857178,869.0,789.0535714285714,739.0,12304545.0,3.6274940967559814,1361.3618927001953,4.5301618576049805,cfe2d_00000,0.08383792638778687,9.23904037475586
explore_cycle_3_factor_1,373,False,0.11693140119314194,0.003,373,0.0,-0.1328478306531906,882.0,804.1666666666666,703.0,12337634.0,3.772763967514038,1365.1346566677094,3.967489004135132,cfe2d_00000,0.10578548908233643,8.201375961303711
explore_cycle_3_factor_1,374,False,0.11725717782974243,0.003,374,0.0,-0.0699177086353302,885.0,823.7142857142857,718.0,12370729.0,3.7159624099731445,1368.8506190776825,4.551074981689453,cfe2d_00000,0.13400447368621826,9.242690086364746
explore_cycle_3_factor_1,375,False,0.159885972738266,0.003,375,0.0,0.0043944441713392735,891.0,814.0357142857143,728.0,12403802.0,3.6306533813476562,1372.4812724590302,4.868973255157471,cfe2d_00000,0.15391361713409424,9.730116844177246
explore_cycle_3_factor_1,376,False,0.14611588418483734,0.003,376,0.0,0.022690730169415474,889.0,791.2261904761906,702.0,12436892.0,3.6446592807769775,1376.1259317398071,5.003100395202637,cfe2d_00000,0.14713513851165771,9.96169662475586
explore_cycle_3_factor_1,377,False,0.12658880650997162,0.003,377,0.0,-0.036545492708683014,823.0,786.0,737.0,12469975.0,3.820279598236084,1379.9462113380432,4.234391689300537,cfe2d_00000,0.16253125667572021,8.542634010314941
explore_cycle_3_factor_1,378,False,0.13413862884044647,0.003,378,0.0,-0.007271147333085537,858.0,791.2261904761905,705.0,12503046.0,3.6633927822113037,1383.6096041202545,4.4657206535339355,cfe2d_00000,0.21068859100341797,8.946789741516113
explore_cycle_3_factor_1,379,False,0.11759169399738312,0.003,379,0.0,-0.033834733068943024,870.0,797.6488095238095,753.0,12536124.0,3.641207218170166,1387.2508113384247,4.121114730834961,cfe2d_00000,0.05107152462005615,8.3106050491333
explore_cycle_3_factor_1,380,False,0.12886804342269897,0.003,380,0.0,-0.03503013029694557,879.0,772.2692307692307,673.0,12569198.0,3.7836406230926514,1391.0344519615173,4.076031684875488,cfe2d_00000,0.0988154411315918,8.222896575927734
explore_cycle_3_factor_1,381,False,0.12316987663507462,0.003,381,0.0,0.002543375827372074,866.0,813.0833333333334,742.0,12602219.0,3.7490251064300537,1394.7834770679474,5.447103977203369,cfe2d_00000,-0.008316397666931152,10.889860153198242
explore_cycle_3_factor_1,382,False,0.11959757655858994,0.003,382,0.0,-0.05803833156824112,864.0,796.4773809523809,693.0,12635293.0,3.782054901123047,1398.5655319690704,3.9473111629486084,cfe2d_00000,0.17414367198944092,8.0114164352417
explore_cycle_3_factor_1,383,False,0.1297702044248581,0.003,383,0.0,-0.025815324857831,845.0,787.0714285714286,753.0,12668392.0,3.6813228130340576,1402.2468547821045,3.8431339263916016,cfe2d_00000,0.07290041446685791,7.738677024841309
explore_cycle_3_factor_1,384,False,0.1351948231458664,0.003,384,0.0,0.07792888581752777,864.0,794.845238095238,745.0,12701480.0,3.658140182495117,1405.9049949645996,4.135971546173096,cfe2d_00000,0.13667988777160645,8.11689567565918
explore_cycle_3_factor_1,385,False,0.12261340767145157,0.003,385,0.0,0.018811851739883423,871.0,839.9880952380953,715.0,12734571.0,3.6217122077941895,1409.5267071723938,4.75877046585083,cfe2d_00000,0.1057429313659668,9.480652809143066
explore_cycle_3_factor_1,386,False,0.13277959823608398,0.003,386,0.0,0.04772552475333214,873.0,796.7321428571429,722.0,12767650.0,3.867605209350586,1413.3943123817444,4.4131317138671875,cfe2d_00000,0.06803816556930542,8.731610298156738
explore_cycle_3_factor_1,387,False,0.1473165601491928,0.003,387,0.0,-0.023429518565535545,864.0,802.1428571428571,735.0,12800756.0,3.663048028945923,1417.0573604106903,4.605214595794678,cfe2d_00000,0.08430236577987671,9.258172035217285
explore_cycle_3_factor_1,388,False,0.11678311973810196,0.003,388,0.0,-0.10416427254676819,830.0,774.2678571428571,701.0,12833822.0,3.600661039352417,1420.6580214500427,3.383699893951416,cfe2d_00000,0.13665282726287842,6.976428985595703
explore_cycle_3_factor_1,389,False,0.11950651556253433,0.003,389,0.0,0.09524976462125778,876.0,833.5,768.0,12866915.0,3.7097585201263428,1424.367779970169,5.097149848937988,cfe2d_00000,0.21046137809753418,10.0045166015625
explore_cycle_3_factor_1,390,False,0.10947180539369583,0.003,390,0.0,-0.044084206223487854,873.0,806.2619047619047,748.0,12899994.0,3.773824691772461,1428.1416046619415,3.782335042953491,cfe2d_00000,0.21368837356567383,7.653495788574219
explore_cycle_3_factor_1,391,False,0.11421683430671692,0.003,391,0.0,0.06637921184301376,863.0,801.154761904762,732.0,12933088.0,3.5910160541534424,1431.732620716095,4.640707015991211,cfe2d_00000,0.057059288024902344,9.149340629577637
explore_cycle_3_factor_1,392,False,0.10152321308851242,0.003,392,0.0,-0.026359686627984047,850.0,790.8571428571429,745.0,12966183.0,3.6651108264923096,1435.3977315425873,4.173126697540283,cfe2d_00000,0.11928778886795044,8.399581909179688
explore_cycle_3_factor_1,393,False,0.11446486413478851,0.003,393,0.0,-0.09668092429637909,879.0,798.8392857142857,743.0,12999263.0,3.6320877075195312,1439.0298192501068,3.3949007987976074,cfe2d_00000,0.03640562295913696,6.983850002288818
explore_cycle_3_factor_1,394,False,0.1279294490814209,0.003,394,0.0,0.08818015456199646,863.0,793.6785714285714,710.0,13032362.0,3.7868456840515137,1442.8166649341583,4.512883186340332,cfe2d_00000,0.09468823671340942,8.850173950195312
explore_cycle_3_factor_1,395,False,0.12131853401660919,0.003,395,0.0,-0.035912927240133286,857.0,783.1428571428571,730.0,13065457.0,3.6074960231781006,1446.4241609573364,3.872110605239868,cfe2d_00000,0.17968589067459106,7.816774845123291
explore_cycle_3_factor_1,396,False,0.11058303713798523,0.003,396,0.0,-0.0697687566280365,872.0,797.8071428571428,730.0,13098525.0,3.7155210971832275,1450.1396820545197,3.2695775032043457,cfe2d_00000,0.032057106494903564,6.679355621337891
explore_cycle_3_factor_1,397,False,0.14994437992572784,0.003,397,0.0,0.04273473471403122,875.0,807.5595238095239,744.0,13131620.0,3.6093742847442627,1453.749056339264,4.755469799041748,cfe2d_00000,0.022378206253051758,9.426368713378906
explore_cycle_3_factor_1,398,False,0.12290865927934647,0.003,398,0.0,0.061440359801054,823.0,773.0357142857143,692.0,13164716.0,3.7624504566192627,1457.5115067958832,4.302630424499512,cfe2d_00000,-0.0023698806762695312,8.483118057250977
explore_cycle_3_factor_1,399,False,0.1292687952518463,0.003,399,0.0,-0.08974403887987137,884.0,796.922619047619,732.0,13197797.0,3.571666955947876,1461.083173751831,3.8173418045043945,cfe2d_00000,0.08006948232650757,7.814947605133057
explore_cycle_3_factor_1,400,False,0.10683978348970413,0.003,400,0.0,-0.007910567335784435,866.0,797.3214285714286,736.0,13230873.0,3.680002212524414,1464.7631759643555,4.02679967880249,cfe2d_00000,0.12582886219024658,8.070061683654785
explore_cycle_3_factor_1,401,False,0.1290757805109024,0.003,401,0.0,0.04606698825955391,856.0,810.3928571428571,761.0,13263963.0,3.618501663208008,1468.3816776275635,4.319151878356934,cfe2d_00000,0.11078804731369019,8.546944618225098
explore_cycle_3_factor_1,402,False,0.11419136077165604,0.003,402,0.0,-0.00862119160592556,821.0,791.9285714285714,740.0,13297064.0,3.7489328384399414,1472.1306104660034,4.116438388824463,cfe2d_00000,0.10502010583877563,8.25080394744873
explore_cycle_3_factor_1,403,False,0.11581452935934067,0.003,403,0.0,0.03128228336572647,861.0,811.4142857142857,722.0,13330140.0,3.621858596801758,1475.7524690628052,3.983879566192627,cfe2d_00000,0.1473061442375183,7.905889511108398
explore_cycle_3_factor_1,404,False,0.11542212218046188,0.003,404,0.0,0.10551387071609497,854.0,805.7976190476192,756.0,13363237.0,3.5672247409820557,1479.3196938037872,4.601999282836914,cfe2d_00000,0.13743525743484497,8.99366283416748
explore_cycle_3_factor_1,405,False,0.1083645150065422,0.003,405,0.0,0.029501283541321754,865.0,812.75,708.0,13396324.0,3.5700244903564453,1482.8897182941437,4.434725761413574,cfe2d_00000,0.10731732845306396,8.8110990524292
explore_cycle_3_factor_1,406,False,0.11139676719903946,0.003,406,0.0,-0.0314890518784523,874.0,796.3333333333333,699.0,13429405.0,3.5701844692230225,1486.4599027633667,5.056286811828613,cfe2d_00000,0.10837811231613159,10.17621898651123
explore_cycle_3_factor_1,407,False,0.10508604347705841,0.003,407,0.0,-0.08169761300086975,850.0,801.9642857142857,725.0,13462490.0,3.8721764087677,1490.3320791721344,4.78702449798584,cfe2d_00000,0.11910569667816162,9.738075256347656
explore_cycle_3_factor_1,408,False,0.09960384666919708,0.003,408,0.0,0.1099676787853241,858.0,822.0,769.0,13495412.0,3.557155132293701,1493.889234304428,5.509067058563232,cfe2d_00000,0.08559304475784302,10.798795700073242
explore_cycle_3_factor_1,409,False,0.10585057735443115,0.003,409,0.0,0.13150468468666077,870.0,805.7142857142857,722.0,13528478.0,3.5927271842956543,1497.4819614887238,5.881633281707764,cfe2d_00000,0.17053943872451782,11.500893592834473
explore_cycle_3_factor_1,410,False,0.11175968497991562,0.003,410,0.0,0.059761520475149155,856.0,793.095238095238,678.0,13561564.0,3.59584641456604,1501.0778079032898,5.2587666511535645,cfe2d_00000,0.16082632541656494,10.398681640625
explore_cycle_3_factor_1,411,False,0.09236764907836914,0.003,411,0.0,-0.05429527536034584,870.0,813.2678571428572,747.0,13594648.0,3.8218350410461426,1504.899642944336,5.45591402053833,cfe2d_00000,0.10432225465774536,11.020974159240723
explore_cycle_3_factor_1,412,False,0.09808973222970963,0.003,412,0.0,0.04790474846959114,829.0,782.2847222222222,729.0,13627691.0,3.5345053672790527,1508.434148311615,5.627243518829346,cfe2d_00000,0.09983718395233154,11.159266471862793
explore_cycle_3_factor_1,413,False,0.10860556364059448,0.003,413,0.0,-0.0478021539747715,850.0,806.6547619047618,755.0,13660782.0,3.536306858062744,1511.9704551696777,5.294708251953125,cfe2d_00000,0.16119199991226196,10.685672760009766
explore_cycle_3_factor_1,414,False,0.08287015557289124,0.003,414,0.0,-0.10624661296606064,863.0,813.0,755.0,13693870.0,3.584660768508911,1515.5551159381866,4.026310920715332,cfe2d_00000,0.10509461164474487,8.265612602233887
explore_cycle_3_factor_1,415,False,0.11458442360162735,0.003,415,0.0,0.021603360772132874,891.0,832.9404761904763,736.0,13726956.0,3.8865573406219482,1519.4416732788086,5.873580455780029,cfe2d_00000,0.10562276840209961,11.704641342163086
explore_cycle_3_factor_1,416,False,0.11521094292402267,0.003,416,0.0,0.13449624180793762,851.0,772.2857142857143,708.0,13760046.0,3.585414409637451,1523.027087688446,4.766867160797119,cfe2d_00000,0.14243000745773315,9.265434265136719
explore_cycle_3_factor_1,417,False,0.09095766395330429,0.003,417,0.0,-0.03806747496128082,861.0,814.0535714285714,718.0,13793125.0,3.5896716117858887,1526.616759300232,3.83681583404541,cfe2d_00000,0.19400471448898315,7.750312328338623
explore_cycle_3_factor_1,418,False,0.11712968349456787,0.003,418,0.0,-0.013149249367415905,866.0,774.2857142857143,715.0,13826228.0,3.686389923095703,1530.3031492233276,4.808732032775879,cfe2d_00000,0.07826310396194458,9.644465446472168
explore_cycle_3_factor_1,419,False,0.12735863029956818,0.003,419,0.0,0.09698739647865295,889.0,808.702380952381,720.0,13859302.0,3.7860567569732666,1534.089205980301,4.671739101409912,cfe2d_00000,0.051042020320892334,9.1502685546875
explore_cycle_3_factor_1,420,False,0.09346704185009003,0.003,420,0.0,0.12942297756671906,880.0,791.4696969696969,710.0,13892333.0,3.5855588912963867,1537.6747648715973,4.919650554656982,cfe2d_00000,0.179066002368927,9.581015586853027
explore_cycle_3_factor_1,421,False,0.09615059196949005,0.003,421,0.0,-0.11789059638977051,863.0,793.2869047619048,727.0,13925403.0,3.5171234607696533,1541.191888332367,3.6175875663757324,cfe2d_00000,0.13910871744155884,7.471533298492432
explore_cycle_3_factor_1,422,False,0.11065475642681122,0.003,422,0.0,0.06418871879577637,862.0,803.4404761904761,714.0,13958491.0,3.6771671772003174,1544.8690555095673,5.798725128173828,cfe2d_00000,0.005020737648010254,11.46973705291748
explore_cycle_3_factor_1,423,False,0.10880190879106522,0.003,423,0.0,0.023801201954483986,865.0,793.5,729.0,13991592.0,3.578874111175537,1548.4479296207428,4.251301288604736,cfe2d_00000,0.2396383285522461,8.45565414428711
explore_cycle_3_factor_1,424,False,0.10711462050676346,0.003,424,0.0,-0.024509288370609283,884.0,797.9154761904762,726.0,14024668.0,3.916790008544922,1552.3647196292877,3.9390439987182617,cfe2d_00000,0.18144512176513672,7.927749156951904
explore_cycle_3_factor_1,425,False,0.09479735046625137,0.003,425,0.0,-0.010859612375497818,834.0,799.202380952381,723.0,14057765.0,3.575249671936035,1555.9399693012238,3.6497416496276855,cfe2d_00000,0.23072165250778198,7.321771621704102
explore_cycle_3_factor_1,426,False,0.11915818601846695,0.003,426,0.0,-0.028242604807019234,857.0,775.0,689.0,14090857.0,3.660599946975708,1559.6005692481995,4.757393836975098,cfe2d_00000,0.058156728744506836,9.57198715209961
explore_cycle_3_factor_1,427,False,0.10446944087743759,0.003,427,0.0,0.15680895745754242,890.0,782.5571428571428,702.0,14123933.0,3.5962846279144287,1563.196853876114,4.976688385009766,cfe2d_00000,0.12404435873031616,9.640386581420898
explore_cycle_3_factor_1,428,False,0.09277058392763138,0.003,428,0.0,-0.04905203357338905,877.0,807.8571428571429,745.0,14157026.0,3.6977531909942627,1566.8946070671082,3.860438346862793,cfe2d_00000,0.18234050273895264,7.819537162780762
explore_cycle_3_factor_1,429,False,0.1075393334031105,0.003,429,0.0,-0.051750924438238144,867.0,812.5,758.0,14190122.0,3.623887538909912,1570.518494606018,3.2879016399383545,cfe2d_00000,0.0849299430847168,6.67995023727417
explore_cycle_3_factor_1,430,False,0.10414093732833862,0.003,430,0.0,-0.04517092928290367,857.0,786.5119047619048,689.0,14223197.0,3.5864193439483643,1574.1049139499664,4.328395843505859,cfe2d_00000,0.13227254152297974,8.747758865356445
explore_cycle_3_factor_1,431,False,0.09984350949525833,0.003,431,0.0,0.15079830586910248,868.0,810.4464285714287,768.0,14256282.0,3.641491651535034,1577.7464056015015,5.068820953369141,cfe2d_00000,0.10262471437454224,9.836644172668457
explore_cycle_3_factor_1,432,False,0.09658586233854294,0.003,432,0.0,-0.07026948034763336,852.0,802.7380952380953,730.0,14289363.0,3.7269418239593506,1581.4733474254608,3.8871994018554688,cfe2d_00000,0.11523813009262085,7.915517330169678
explore_cycle_3_factor_1,433,False,0.10266149044036865,0.003,433,0.0,0.008755912072956562,832.0,785.7272727272727,741.0,14322395.0,3.640005588531494,1585.1133530139923,4.344794273376465,cfe2d_00000,0.19808930158615112,8.672693252563477
explore_cycle_3_factor_1,434,False,0.12075293809175491,0.003,434,0.0,0.0433955080807209,876.0,815.6428571428571,739.0,14355486.0,3.595777750015259,1588.7091307640076,4.944019317626953,cfe2d_00000,0.1620141863822937,9.801973342895508
explore_cycle_3_factor_1,435,False,0.10173758864402771,0.003,435,0.0,-0.01693713665008545,833.0,793.2321428571429,733.0,14388574.0,3.605160713195801,1592.3142914772034,4.76287317276001,cfe2d_00000,0.07699227333068848,9.56023120880127
explore_cycle_3_factor_1,436,False,0.12186037749052048,0.003,436,0.0,-0.07786769419908524,865.0,809.2619047619047,741.0,14421659.0,3.7843525409698486,1596.0986440181732,3.9190967082977295,cfe2d_00000,0.1440700888633728,7.994659423828125
explore_cycle_3_factor_1,437,False,0.1065564900636673,0.003,437,0.0,0.11271896213293076,848.0,811.6904761904761,764.0,14454740.0,3.596508026123047,1599.6951520442963,4.719961166381836,cfe2d_00000,0.1830207109451294,9.215123176574707
explore_cycle_3_factor_1,438,False,0.11392776668071747,0.003,438,0.0,-0.11465391516685486,880.0,817.2738095238094,768.0,14487819.0,3.6053035259246826,1603.300455570221,4.55928373336792,cfe2d_00000,0.16675102710723877,9.348559379577637
explore_cycle_3_factor_1,439,False,0.12210334837436676,0.003,439,0.0,-0.032384660094976425,823.0,810.5833333333334,771.0,14520740.0,3.5496864318847656,1606.8501420021057,4.330677509307861,cfe2d_00000,0.2108280062675476,8.72685718536377
explore_cycle_3_factor_1,440,False,0.12449324131011963,0.003,440,0.0,-0.03964829072356224,860.0,795.047619047619,741.0,14553812.0,3.607106924057007,1610.4572489261627,4.81278657913208,cfe2d_00000,0.0642693042755127,9.70561695098877
explore_cycle_3_factor_1,441,False,0.10089226067066193,0.003,441,0.0,-0.08515168726444244,850.0,793.6666666666667,732.0,14586831.0,3.741370916366577,1614.1986198425293,3.680391550064087,cfe2d_00000,-0.055309176445007324,7.531692028045654
explore_cycle_3_factor_1,442,False,0.10897727310657501,0.003,442,0.0,-0.05519931763410568,859.0,813.0238095238095,767.0,14619915.0,3.592392921447754,1617.791012763977,3.678740978240967,cfe2d_00000,0.12391877174377441,7.46853494644165
explore_cycle_3_factor_1,443,False,0.11270922422409058,0.003,443,0.0,-0.008501325733959675,820.0,764.6428571428571,665.0,14652998.0,3.5663135051727295,1621.3573262691498,3.8151979446411133,cfe2d_00000,0.17804300785064697,7.648075103759766
explore_cycle_3_factor_1,444,False,0.07333031296730042,0.003,444,0.0,-0.07450259476900101,845.0,771.0,707.0,14686094.0,3.7249908447265625,1625.0823171138763,4.4021315574646,cfe2d_00000,0.06247854232788086,8.953707695007324
explore_cycle_3_factor_1,445,False,0.09492892026901245,0.003,445,0.0,0.008946334011852741,854.0,788.8821428571429,744.0,14719180.0,3.8001387119293213,1628.8824558258057,5.528879165649414,cfe2d_00000,0.11445814371109009,11.040433883666992
explore_cycle_3_factor_1,446,False,0.10351181775331497,0.003,446,0.0,-0.03630822151899338,879.0,779.8809523809522,717.0,14752261.0,3.548588514328003,1632.4310443401337,4.359415054321289,cfe2d_00000,0.12697410583496094,8.792067527770996
explore_cycle_3_factor_1,447,False,0.09854164719581604,0.003,447,0.0,0.019794385880231857,873.0,787.2261904761905,703.0,14785358.0,3.579056978225708,1636.0101013183594,5.173550128936768,cfe2d_00000,0.20437276363372803,10.30810260772705
explore_cycle_3_factor_1,448,False,0.10718758404254913,0.003,448,0.0,-0.044881634414196014,866.0,781.0,676.0,14818442.0,3.641810894012451,1639.6519122123718,5.170324325561523,cfe2d_00000,0.1708052158355713,10.43105411529541
explore_cycle_3_factor_1,449,False,0.09965451061725616,0.003,449,0.0,-0.028319837525486946,859.0,799.6071428571429,702.0,14851535.0,3.7921018600463867,1643.4440140724182,4.368588924407959,cfe2d_00000,0.1152382493019104,8.794415473937988
explore_cycle_3_factor_1,450,False,0.09735008329153061,0.003,450,0.0,0.019203051924705505,873.0,778.202380952381,701.0,14884618.0,3.6060359477996826,1647.050050020218,5.385219097137451,cfe2d_00000,0.052738189697265625,10.732614517211914
explore_cycle_3_factor_1,451,False,0.1011027917265892,0.003,451,0.0,0.08721514791250229,852.0,807.2797619047618,735.0,14917709.0,3.6951229572296143,1650.7451729774475,5.000503063201904,cfe2d_00000,0.14626061916351318,9.827181816101074
explore_cycle_3_factor_1,452,False,0.07610616832971573,0.003,452,0.0,0.054600074887275696,901.0,805.6369047619047,699.0,14950787.0,3.549320697784424,1654.294493675232,4.783968925476074,cfe2d_00000,0.08311450481414795,9.459195137023926
explore_cycle_3_factor_1,453,False,0.10723839700222015,0.003,453,0.0,-0.029871391132473946,870.0,791.1190476190476,711.0,14983867.0,3.7234091758728027,1658.0179028511047,4.928060531616211,cfe2d_00000,0.18716007471084595,9.91650676727295
explore_cycle_3_factor_1,454,False,0.08577978610992432,0.003,454,0.0,-0.08849829435348511,833.0,740.1818181818181,673.0,15016904.0,3.5596418380737305,1661.5775446891785,3.4650089740753174,cfe2d_00000,0.04099553823471069,7.107529163360596
explore_cycle_3_factor_1,455,False,0.08502838015556335,0.003,455,0.0,-0.023861080408096313,865.0,808.1011904761906,737.0,15049987.0,3.58168363571167,1665.1592283248901,3.7602412700653076,cfe2d_00000,0.02756977081298828,7.568714618682861
explore_cycle_3_factor_1,456,False,0.1077590361237526,0.003,456,0.0,-0.01735231839120388,856.0,825.8809523809524,756.0,15083075.0,3.5457677841186523,1668.7049961090088,5.07798433303833,cfe2d_00000,0.0065042972564697266,10.19131851196289
explore_cycle_3_factor_1,457,False,0.10197091847658157,0.003,457,0.0,0.0792509987950325,901.0,793.25,738.0,15116171.0,3.546312093734741,1672.2513082027435,5.759541988372803,cfe2d_00000,0.19725817441940308,11.361193656921387
explore_cycle_3_factor_1,458,False,0.09784932434558868,0.003,458,0.0,0.03881670907139778,882.0,787.4107142857144,658.0,15149238.0,3.703904867172241,1675.9552130699158,3.8243513107299805,cfe2d_00000,0.12151288986206055,7.571656703948975
explore_cycle_3_factor_1,459,False,0.10082738846540451,0.003,459,0.0,0.13462486863136292,883.0,808.4404761904761,707.0,15182330.0,3.5602610111236572,1679.5154740810394,5.377959728240967,cfe2d_00000,0.10083609819412231,10.487275123596191
explore_cycle_3_factor_1,460,False,0.08747497946023941,0.003,460,0.0,0.05990474671125412,855.0,818.1785714285714,786.0,15215429.0,3.5834014415740967,1683.0988755226135,4.876522064208984,cfe2d_00000,0.07807207107543945,9.633759498596191
explore_cycle_3_factor_1,461,False,0.0865035280585289,0.003,461,0.0,-0.053939320147037506,896.0,818.9107142857143,743.0,15248503.0,3.549074172973633,1686.6479496955872,5.2326884269714355,cfe2d_00000,0.2379118800163269,10.573774337768555
explore_cycle_3_factor_1,462,False,0.09259537607431412,0.003,462,0.0,-0.05374593287706375,859.0,802.6964285714286,764.0,15281594.0,3.7705979347229004,1690.41854763031,4.673947334289551,cfe2d_00000,0.12492269277572632,9.455941200256348
explore_cycle_3_factor_1,463,False,0.10188431292772293,0.003,463,0.0,0.05490583926439285,861.0,796.2857142857143,748.0,15314685.0,3.556217908859253,1693.9747655391693,4.823058128356934,cfe2d_00000,0.011957883834838867,9.536916732788086
explore_cycle_3_factor_1,464,False,0.09183758497238159,0.003,464,0.0,0.018520107492804527,870.0,808.3095238095239,715.0,15347774.0,3.5400149822235107,1697.5147805213928,4.31165885925293,cfe2d_00000,0.08599406480789185,8.586827278137207
explore_cycle_3_factor_1,465,False,0.08913732320070267,0.003,465,0.0,0.003366281744092703,886.0,840.9642857142857,774.0,15380867.0,3.5453474521636963,1701.0601279735565,4.0298027992248535,cfe2d_00000,0.10124850273132324,8.0534086227417
explore_cycle_3_factor_1,466,False,0.10960067808628082,0.003,466,0.0,0.0016765494365245104,856.0,783.2619047619048,723.0,15413956.0,3.7191832065582275,1704.7793111801147,4.9189839363098145,cfe2d_00000,0.2198958396911621,9.835271835327148
explore_cycle_3_factor_1,467,False,0.1004781499505043,0.003,467,0.0,0.058866921812295914,855.0,778.1904761904763,670.0,15447035.0,3.54175066947937,1708.3210618495941,4.232060432434082,cfe2d_00000,0.13065725564956665,8.346989631652832
explore_cycle_3_factor_1,468,False,0.11830180883407593,0.003,468,0.0,0.007048656232655048,831.0,779.5714285714286,721.0,15480129.0,3.6872940063476562,1712.0083558559418,3.6095614433288574,cfe2d_00000,0.0675811767578125,7.205735206604004
explore_cycle_3_factor_1,469,False,0.09369803965091705,0.003,469,0.0,-0.054205529391765594,859.0,777.0857142857143,714.0,15513206.0,3.583209276199341,1715.591565132141,3.541317939758301,cfe2d_00000,0.1566062569618225,7.191609859466553
explore_cycle_3_factor_1,470,False,0.09782523661851883,0.003,470,0.0,-0.024173306301236153,888.0,822.2777777777778,729.0,15546119.0,3.6939878463745117,1719.2855529785156,4.108896732330322,cfe2d_00000,0.10547524690628052,8.26672649383545
explore_cycle_3_factor_1,471,False,0.08836604654788971,0.003,471,0.0,0.026819247752428055,886.0,780.0595238095239,708.0,15579200.0,3.5909295082092285,1722.8764824867249,4.504694938659668,cfe2d_00000,0.17569679021835327,8.956282615661621
explore_cycle_3_factor_1,472,False,0.098005011677742,0.003,472,0.0,0.026089273393154144,846.0,798.0119047619047,746.0,15612281.0,3.570316791534424,1726.4467992782593,4.89877986907959,cfe2d_00000,0.09913712739944458,9.74596881866455
explore_cycle_3_factor_1,473,False,0.08865618705749512,0.003,473,0.0,-0.03998395800590515,846.0,791.1666666666667,728.0,15645366.0,3.620187997817993,1730.0669872760773,3.7011404037475586,cfe2d_00000,0.09622359275817871,7.4827799797058105
explore_cycle_3_factor_1,474,False,0.09572146832942963,0.003,474,0.0,-0.030896272510290146,870.0,814.3750000000001,732.0,15678451.0,3.5708792209625244,1733.6378664970398,4.412447452545166,cfe2d_00000,0.09743601083755493,8.887261390686035
explore_cycle_3_factor_1,475,False,0.10024341195821762,0.003,475,0.0,-0.002977208001539111,861.0,801.7272727272727,740.0,15711476.0,3.7617039680480957,1737.399570465088,4.355478286743164,cfe2d_00000,0.09682178497314453,8.717512130737305
explore_cycle_3_factor_1,476,False,0.08986515551805496,0.003,476,0.0,-0.04986809566617012,872.0,791.3904761904762,737.0,15744565.0,3.583216905593872,1740.9827873706818,4.319731712341309,cfe2d_00000,0.022382140159606934,8.739738464355469
explore_cycle_3_factor_1,477,False,0.09205605834722519,0.003,477,0.0,-0.037255823612213135,892.0,798.2261904761905,748.0,15777647.0,3.582906484603882,1744.5656938552856,4.37337589263916,cfe2d_00000,0.11692595481872559,8.82181453704834
explore_cycle_3_factor_1,478,False,0.09173145145177841,0.003,478,0.0,-0.010515815578401089,855.0,817.3928571428571,761.0,15810747.0,3.572913408279419,1748.138607263565,4.1345014572143555,cfe2d_00000,0.27236008644104004,8.2905855178833
explore_cycle_3_factor_1,479,False,0.09260815382003784,0.003,479,0.0,-0.08501722663640976,892.0,801.3928571428571,713.0,15843821.0,3.733934164047241,1751.8725414276123,3.7393012046813965,cfe2d_00000,0.3516157865524292,7.649192810058594
explore_cycle_3_factor_1,480,False,0.09504836797714233,0.003,480,0.0,0.0028379783034324646,870.0,791.4285714285714,713.0,15876914.0,3.621593713760376,1755.4941351413727,4.906064987182617,cfe2d_00000,0.13907814025878906,9.807023048400879
explore_cycle_3_factor_1,481,False,0.09550721198320389,0.003,481,0.0,0.12434303760528564,848.0,787.172619047619,746.0,15910002.0,3.593919277191162,1759.0880544185638,4.8884196281433105,cfe2d_00000,0.08188587427139282,9.528726577758789
explore_cycle_3_factor_1,482,False,0.09701848030090332,0.003,482,0.0,-0.0873270109295845,874.0,787.4523809523808,723.0,15943085.0,3.5883629322052,1762.676417350769,4.135434150695801,cfe2d_00000,0.1291031837463379,8.446105003356934
explore_cycle_3_factor_1,483,False,0.09749138355255127,0.003,483,0.0,-0.012752640061080456,873.0,783.5961538461538,713.0,15976152.0,3.757819652557373,1766.4342370033264,4.298461437225342,cfe2d_00000,0.14156293869018555,8.62301254272461
explore_cycle_3_factor_1,484,False,0.09730540215969086,0.003,484,0.0,0.013948537409305573,856.0,801.7559523809524,733.0,16009229.0,3.6257078647613525,1770.0599448680878,4.269141674041748,cfe2d_00000,0.1725139021873474,8.510970115661621
explore_cycle_3_factor_1,485,False,0.1123250275850296,0.003,485,0.0,-0.029654737561941147,883.0,804.7857142857143,723.0,16042331.0,3.5695641040802,1773.629508972168,4.175448417663574,cfe2d_00000,0.06925219297409058,8.410881996154785
explore_cycle_3_factor_1,486,False,0.11643917113542557,0.003,486,0.0,-0.017625322565436363,911.0,776.4285714285714,730.0,16075418.0,3.615042209625244,1777.2445511817932,4.137184143066406,cfe2d_00000,0.06577998399734497,8.31031608581543
explore_cycle_3_factor_1,487,False,0.10103260725736618,0.003,487,0.0,-0.013940099626779556,907.0,798.9107142857143,714.0,16108508.0,3.695603847503662,1780.9401550292969,4.42140007019043,cfe2d_00000,0.18319916725158691,8.871286392211914
explore_cycle_3_factor_1,488,False,0.09760438650846481,0.003,488,0.0,-0.013486986979842186,840.0,784.4285714285714,699.0,16141595.0,3.583852529525757,1784.5240075588226,4.316213607788086,cfe2d_00000,0.07772958278656006,8.65998649597168
explore_cycle_3_factor_1,489,False,0.07799717783927917,0.003,489,0.0,-0.029299013316631317,835.0,783.5749999999999,716.0,16174667.0,3.5790181159973145,1788.10302567482,4.006240367889404,cfe2d_00000,0.08376067876815796,8.07154655456543
explore_cycle_3_factor_1,490,False,0.09652364999055862,0.003,490,0.0,0.08259505033493042,840.0,799.5,729.0,16207766.0,3.5735325813293457,1791.6765582561493,4.5572614669799805,cfe2d_00000,0.0969952940940857,8.949912071228027
explore_cycle_3_factor_1,491,False,0.09946797788143158,0.003,491,0.0,-0.03156834468245506,856.0,803.9487179487179,743.0,16240838.0,3.6676080226898193,1795.344166278839,4.616792678833008,cfe2d_00000,0.12810510396957397,9.297318458557129
explore_cycle_3_factor_1,492,False,0.10318174958229065,0.003,492,0.0,0.003083461429923773,842.0,771.4178571428572,694.0,16273918.0,3.7285327911376953,1799.0726990699768,4.670464515686035,cfe2d_00000,0.12858951091766357,9.335382461547852
explore_cycle_3_factor_1,493,False,0.0888507291674614,0.003,493,0.0,-0.05401276424527168,844.0,787.6309523809524,734.0,16307001.0,3.6530356407165527,1802.7257347106934,5.130921363830566,cfe2d_00000,0.053303062915802,10.370401382446289
explore_cycle_3_factor_1,494,False,0.12177695333957672,0.003,494,0.0,0.06035992503166199,835.0,761.5897435897435,713.0,16340066.0,3.5967512130737305,1806.322485923767,5.226786136627197,cfe2d_00000,0.14977723360061646,10.33358383178711
explore_cycle_3_factor_1,495,False,0.0968983918428421,0.003,495,0.0,-0.014721869491040707,881.0,810.6547619047618,751.0,16373150.0,3.6727497577667236,1809.9952356815338,5.0607991218566895,cfe2d_00000,0.17300814390182495,10.151623725891113
explore_cycle_3_factor_1,496,False,0.0987619012594223,0.003,496,0.0,0.04553363472223282,823.0,788.1818181818181,739.0,16406180.0,3.731579065322876,1813.7268147468567,5.401103496551514,cfe2d_00000,0.1681949496269226,10.711731910705566
explore_cycle_3_factor_1,497,False,0.10496306419372559,0.003,497,0.0,0.012553897686302662,854.0,774.8142857142857,704.0,16439267.0,3.5796804428100586,1817.3064951896667,4.551679611206055,cfe2d_00000,0.20100516080856323,9.07888126373291
explore_cycle_3_factor_1,498,False,0.08133068680763245,0.003,498,0.0,-0.10390817373991013,856.0,790.2321428571429,705.0,16472346.0,3.590672492980957,1820.8971676826477,3.654412031173706,cfe2d_00000,0.14482581615447998,7.5171284675598145
explore_cycle_3_factor_1,499,False,0.10940796136856079,0.003,499,0.0,0.0036989212967455387,872.0,787.8571428571429,703.0,16505440.0,3.575350046157837,1824.4725177288055,4.201047420501709,cfe2d_00000,0.09666836261749268,8.395353317260742
explore_cycle_3_factor_1,500,False,0.09152547270059586,0.003,500,0.0,-0.021480867639183998,880.0,814.7142857142857,746.0,16538512.0,3.7373600006103516,1828.209877729416,4.1773681640625,cfe2d_00000,0.1111871600151062,8.398246765136719
explore_cycle_3_factor_1,501,False,0.07848098874092102,0.003,501,0.0,-0.03351200371980667,831.0,793.4166666666666,757.0,16571474.0,3.537431240081787,1831.7473089694977,4.291586875915527,cfe2d_00000,0.1561572551727295,8.65066909790039
explore_cycle_3_factor_1,502,False,0.08098161965608597,0.003,502,0.0,0.053649261593818665,854.0,785.1011904761905,719.0,16604557.0,3.6474974155426025,1835.3948063850403,4.192955493927002,cfe2d_00000,0.08339089155197144,8.279098510742188
explore_cycle_3_factor_1,503,False,0.08445985615253448,0.003,503,0.0,0.03744726628065109,908.0,821.8988095238094,733.0,16637633.0,3.6343135833740234,1839.0291199684143,4.160236835479736,cfe2d_00000,0.19081681966781616,8.246085166931152
explore_cycle_3_factor_1,504,False,0.07836850732564926,0.003,504,0.0,0.027882281690835953,897.0,810.8214285714286,732.0,16670705.0,3.7448060512542725,1842.7739260196686,5.3185577392578125,cfe2d_00000,0.06652873754501343,10.58182144165039
explore_cycle_3_factor_1,505,False,0.10366176068782806,0.003,505,0.0,0.053666990250349045,873.0,804.9107142857143,733.0,16703784.0,3.550827741622925,1846.3247537612915,4.46358585357666,cfe2d_00000,0.13398122787475586,8.820460319519043
explore_cycle_3_factor_1,506,False,0.09397277981042862,0.003,506,0.0,0.020623229444026947,844.0,790.7142857142857,744.0,16736881.0,3.6610939502716064,1849.985847711563,4.17787504196167,cfe2d_00000,0.044922053813934326,8.315068244934082
explore_cycle_3_factor_1,507,False,0.09536413848400116,0.003,507,0.0,0.11618964374065399,856.0,809.1666666666666,754.0,16769975.0,3.6116535663604736,1853.5975012779236,4.807132720947266,cfe2d_00000,0.027276337146759033,9.382457733154297
explore_cycle_3_factor_1,508,False,0.09606114029884338,0.003,508,0.0,0.08540317416191101,916.0,830.2440476190476,766.0,16803062.0,3.5686326026916504,1857.1661338806152,4.752103805541992,cfe2d_00000,0.022726893424987793,9.333977699279785
explore_cycle_3_factor_1,509,False,0.12030687928199768,0.003,509,0.0,0.08209444582462311,850.0,799.8214285714286,732.0,16836147.0,3.8527793884277344,1861.018913269043,4.828859806060791,cfe2d_00000,0.05116325616836548,9.49425220489502
explore_cycle_3_factor_1,510,False,0.11642640829086304,0.003,510,0.0,0.029475921764969826,875.0,811.2083333333333,749.0,16869227.0,3.6226558685302734,1864.6415691375732,4.788571834564209,cfe2d_00000,0.1547391414642334,9.518889427185059
explore_cycle_3_factor_1,511,False,0.1144365593791008,0.003,511,0.0,0.0338158905506134,806.0,764.6071428571429,716.0,16902323.0,3.6141672134399414,1868.2557363510132,4.414124488830566,cfe2d_00000,0.12144750356674194,8.76130485534668
explore_cycle_3_factor_1,512,False,0.08847998827695847,0.003,512,0.0,-0.021189384162425995,896.0,799.0119047619048,736.0,16935407.0,3.7206666469573975,1871.9764029979706,4.1401166915893555,cfe2d_00000,0.15611857175827026,8.323142051696777
explore_cycle_3_factor_1,513,False,0.0817069336771965,0.003,513,0.0,-0.03850090876221657,837.0,807.2619047619047,761.0,16968502.0,3.800809860229492,1875.7772128582,3.7524526119232178,cfe2d_00000,0.2326332926750183,7.582396984100342
explore_cycle_3_factor_1,514,False,0.10862365365028381,0.003,514,0.0,0.10463321954011917,857.0,801.0178571428572,702.0,17001581.0,3.622166633605957,1879.399379491806,4.236706733703613,cfe2d_00000,0.13971447944641113,8.264799118041992
explore_cycle_3_factor_1,515,False,0.10597522556781769,0.003,515,0.0,-0.08001509308815002,872.0,803.7619047619047,729.0,17034656.0,3.645193099975586,1883.0445725917816,4.545600891113281,cfe2d_00000,0.07453906536102295,9.25186824798584
explore_cycle_3_factor_1,516,False,0.12486132979393005,0.003,516,0.0,0.0230527613312006,868.0,800.4848484848485,737.0,17067686.0,3.598433017730713,1886.6430056095123,4.909388542175293,cfe2d_00000,0.18671298027038574,9.773421287536621
explore_cycle_3_factor_1,517,False,0.10064813494682312,0.003,517,0.0,0.020841598510742188,826.0,784.4545454545455,752.0,17100716.0,3.844251871109009,1890.4872574806213,5.1323676109313965,cfe2d_00000,0.07831645011901855,10.223655700683594
explore_cycle_3_factor_1,518,False,0.10322155058383942,0.003,518,0.0,-0.030973831191658974,857.0,797.9166666666667,724.0,17133790.0,3.6536097526550293,1894.1408672332764,3.665825843811035,cfe2d_00000,0.15685886144638062,7.394218921661377
explore_cycle_3_factor_1,519,False,0.11082658916711807,0.003,519,0.0,-0.12741240859031677,804.0,769.5833333333333,697.0,17166881.0,3.6307761669158936,1897.7716434001923,3.4096407890319824,cfe2d_00000,0.19091427326202393,7.074771404266357
explore_cycle_3_factor_1,520,False,0.1070154458284378,0.003,520,0.0,0.06109398603439331,858.0,790.0333333333332,714.0,17199953.0,3.603342056274414,1901.3749854564667,4.213066101074219,cfe2d_00000,0.17647165060043335,8.304588317871094
explore_cycle_3_factor_1,521,False,0.1120663732290268,0.003,521,0.0,0.13801109790802002,864.0,812.3452380952382,746.0,17233046.0,3.8423922061920166,1905.2173776626587,4.73703145980835,cfe2d_00000,0.10858774185180664,9.198712348937988
explore_cycle_3_factor_1,522,False,0.09932301193475723,0.003,522,0.0,-0.033143557608127594,842.0,800.7307692307693,737.0,17266123.0,3.579345464706421,1908.796723127365,4.127322196960449,cfe2d_00000,0.02205216884613037,8.321527481079102
explore_cycle_3_factor_1,523,False,0.12074609845876694,0.003,523,0.0,0.047326017171144485,846.0,798.5,743.0,17299205.0,3.5948081016540527,1912.3915312290192,3.8394851684570312,cfe2d_00000,0.08482253551483154,7.585042953491211
explore_cycle_3_factor_1,524,False,0.0846315249800682,0.003,524,0.0,-0.021023644134402275,866.0,796.279761904762,733.0,17332281.0,3.549668550491333,1915.9411997795105,3.991668462753296,cfe2d_00000,0.15528196096420288,8.02589225769043
explore_cycle_3_factor_1,525,False,0.11576464027166367,0.003,525,0.0,-0.10129367560148239,821.0,779.5384615384615,745.0,17365358.0,3.5685243606567383,1919.5097241401672,3.990908145904541,cfe2d_00000,0.030840516090393066,8.185098648071289
explore_cycle_3_factor_1,526,False,0.10610029101371765,0.003,526,0.0,-0.04043179750442505,895.0,802.375,663.0,17398434.0,3.7780802249908447,1923.287804365158,4.154353141784668,cfe2d_00000,0.07232022285461426,8.390207290649414
explore_cycle_3_factor_1,527,False,0.1224842220544815,0.003,527,0.0,-0.02400648221373558,863.0,815.75,753.0,17431532.0,3.6035280227661133,1926.8913323879242,4.3338942527771,cfe2d_00000,0.056230366230010986,8.716536521911621
explore_cycle_3_factor_1,528,False,0.1105104461312294,0.003,528,0.0,0.10451578348875046,870.0,801.75,720.0,17464631.0,3.6638078689575195,1930.5551402568817,3.9120938777923584,cfe2d_00000,0.11734187602996826,7.615819454193115
explore_cycle_3_factor_1,529,False,0.0967881828546524,0.003,529,0.0,0.032235413789749146,839.0,788.3511904761906,720.0,17497707.0,3.589937925338745,1934.1450781822205,4.040125846862793,cfe2d_00000,0.2190157175064087,8.016362190246582
explore_cycle_3_factor_1,530,False,0.09281662851572037,0.003,530,0.0,-0.055964138358831406,896.0,802.0119047619048,759.0,17530795.0,3.760874032974243,1937.9059522151947,3.9132869243621826,cfe2d_00000,0.06489115953445435,7.939059257507324
explore_cycle_3_factor_1,531,False,0.10087676346302032,0.003,531,0.0,-0.0037244779523462057,857.0,770.9702380952382,691.0,17563876.0,3.588456630706787,1941.4944088459015,5.526810169219971,cfe2d_00000,0.05283081531524658,11.061674118041992
explore_cycle_3_factor_1,532,False,0.09867386519908905,0.003,532,0.0,-0.021051980555057526,860.0,787.4761904761906,756.0,17596976.0,3.6655828952789307,1945.1599917411804,5.066001892089844,cfe2d_00000,0.12328207492828369,10.174699783325195
explore_cycle_3_factor_1,533,False,0.09759107232093811,0.003,533,0.0,0.03361305594444275,859.0,810.4464285714286,766.0,17630053.0,3.618821620941162,1948.7788133621216,4.334005832672119,cfe2d_00000,0.06355196237564087,8.601371765136719
explore_cycle_3_factor_1,534,False,0.10745374113321304,0.003,534,0.0,0.031343456357717514,848.0,776.297619047619,702.0,17663147.0,3.7691266536712646,1952.5479400157928,6.050943374633789,cfe2d_00000,0.1381872296333313,12.039844512939453
explore_cycle_3_factor_1,535,False,0.1285126656293869,0.003,535,0.0,0.08386627584695816,855.0,793.0059523809524,720.0,17696232.0,3.662444591522217,1956.210384607315,5.37219762802124,cfe2d_00000,0.15285223722457886,10.577433586120605
explore_cycle_3_factor_1,536,False,0.09029865264892578,0.003,536,0.0,-0.00288737122900784,871.0,786.1964285714286,717.0,17729312.0,3.5802242755889893,1959.790608882904,4.373100757598877,cfe2d_00000,0.10084384679794312,8.752517700195312
explore_cycle_3_factor_1,537,False,0.08113917708396912,0.003,537,0.0,-0.09525265544652939,861.0,791.7380952380953,741.0,17762407.0,3.5838849544525146,1963.3744938373566,4.509238243103027,cfe2d_00000,0.022810637950897217,9.209468841552734
explore_cycle_3_factor_1,538,False,0.07991078495979309,0.003,538,0.0,-0.058673158288002014,886.0,801.1153846153846,718.0,17795482.0,3.6969878673553467,1967.071481704712,5.040602207183838,cfe2d_00000,0.019757568836212158,10.199029922485352
explore_cycle_3_factor_1,539,False,0.06459147483110428,0.003,539,0.0,-0.12052125483751297,866.0,824.2476190476191,726.0,17828564.0,3.662278175354004,1970.733759880066,4.009316921234131,cfe2d_00000,0.11251378059387207,8.260064125061035
explore_cycle_3_factor_1,540,False,0.09020164608955383,0.003,540,0.0,0.009103289805352688,854.0,800.5833333333333,745.0,17861654.0,3.5524754524230957,1974.286235332489,5.714412212371826,cfe2d_00000,0.11399352550506592,11.411158561706543
explore_cycle_3_factor_1,541,False,0.09977734833955765,0.003,541,0.0,-0.08827145397663116,886.0,796.7690476190476,723.0,17894727.0,3.653632640838623,1977.9398679733276,3.95432186126709,cfe2d_00000,0.21057921648025513,8.085785865783691
explore_cycle_3_factor_1,542,False,0.11479557305574417,0.003,542,0.0,0.05054822564125061,880.0,822.4166666666667,728.0,17927822.0,3.6010172367095947,1981.5408852100372,5.841218948364258,cfe2d_00000,0.042638957500457764,11.582029342651367
explore_cycle_3_factor_1,543,False,0.1095527708530426,0.003,543,0.0,0.05025763064622879,828.0,783.3928571428571,738.0,17960915.0,3.791226863861084,1985.3321120738983,5.2997283935546875,cfe2d_00000,0.17128890752792358,10.499598503112793
explore_cycle_3_factor_1,544,False,0.11323952674865723,0.003,544,0.0,-0.004651030525565147,850.0,811.5595238095239,730.0,17994004.0,3.6148571968078613,1988.9469692707062,4.7589497566223145,cfe2d_00000,0.09930533170700073,9.527880668640137
explore_cycle_3_factor_1,545,False,0.10842204093933105,0.003,545,0.0,-0.012385902926325798,874.0,786.8511904761906,694.0,18027078.0,3.635204315185547,1992.5821735858917,4.622541904449463,cfe2d_00000,0.06563276052474976,9.270505905151367
explore_cycle_3_factor_1,546,False,0.0804048627614975,0.003,546,0.0,0.02935098670423031,890.0,822.7380952380953,755.0,18060168.0,3.5274245738983154,1996.10959815979,4.65615177154541,cfe2d_00000,0.15012753009796143,9.254083633422852
explore_cycle_3_factor_1,547,False,0.09940928965806961,0.003,547,0.0,-0.06914091110229492,877.0,824.1428571428571,721.0,18093256.0,3.8617427349090576,1999.971340894699,5.0287885665893555,cfe2d_00000,0.04190713167190552,10.196455955505371
explore_cycle_3_factor_1,548,False,0.11132820695638657,0.003,548,0.0,0.07234853506088257,854.0,802.7083333333334,752.0,18126308.0,3.579216241836548,2003.5505571365356,5.553908348083496,cfe2d_00000,0.06487113237380981,10.963788032531738
explore_cycle_3_factor_1,549,False,0.08074062317609787,0.003,549,0.0,-0.025080189108848572,895.0,805.095238095238,756.0,18159407.0,3.6097071170806885,2007.1602642536163,4.622154712677002,cfe2d_00000,0.18595033884048462,9.294953346252441
explore_cycle_3_factor_1,550,False,0.10856658965349197,0.003,550,0.0,0.12036886066198349,884.0,796.2142857142857,732.0,18192480.0,3.602062463760376,2010.7623267173767,5.861843585968018,cfe2d_00000,0.14254230260849,11.483601570129395
explore_cycle_3_factor_1,551,False,0.08280614763498306,0.003,551,0.0,-0.06966212391853333,878.0,786.7488095238095,707.0,18225557.0,3.739628791809082,2014.5019555091858,4.019094467163086,cfe2d_00000,0.17204564809799194,8.178010940551758
explore_cycle_3_factor_1,552,False,0.09253130108118057,0.003,552,0.0,-0.08650600910186768,917.0,823.5119047619047,764.0,18258641.0,3.579439878463745,2018.0813953876495,4.39296293258667,cfe2d_00000,0.017552971839904785,8.959492683410645
explore_cycle_3_factor_1,553,False,0.08288377523422241,0.003,553,0.0,0.04496641084551811,866.0,833.3333333333334,787.0,18291558.0,3.529181957244873,2021.6105773448944,5.260396957397461,cfe2d_00000,0.11549884080886841,10.431358337402344
explore_cycle_3_factor_1,554,False,0.07556290179491043,0.003,554,0.0,0.06400056928396225,860.0,787.8392857142857,706.0,18324637.0,3.675726890563965,2025.2863042354584,5.409907341003418,cfe2d_00000,0.10450917482376099,10.692266464233398
explore_cycle_3_factor_1,555,False,0.08436667919158936,0.003,555,0.0,0.21189537644386292,889.0,795.2916666666667,722.0,18357721.0,3.819173812866211,2029.1054780483246,6.106517314910889,cfe2d_00000,0.15138745307922363,11.789750099182129
explore_cycle_3_factor_1,556,False,0.0931791290640831,0.003,556,0.0,-0.07454980164766312,852.0,789.5454545454545,690.0,18390744.0,3.751248359680176,2032.8567264080048,4.451837062835693,cfe2d_00000,0.004399418830871582,9.053332328796387
explore_cycle_3_factor_1,557,False,0.08583040535449982,0.003,557,0.0,0.10129068791866302,892.0,793.3869047619047,703.0,18423819.0,3.5495522022247314,2036.4062786102295,7.234131336212158,cfe2d_00000,0.05754619836807251,14.26619815826416
explore_cycle_3_factor_1,558,False,0.09868386387825012,0.003,558,0.0,0.13450945913791656,855.0,812.2261904761905,719.0,18456911.0,3.6848387718200684,2040.0911173820496,7.205749034881592,cfe2d_00000,0.18184608221054077,14.143071174621582
explore_cycle_3_factor_1,559,False,0.10732340067625046,0.003,559,0.0,0.13962914049625397,836.0,782.8571428571429,705.0,18490014.0,3.615299701690674,2043.7064170837402,6.855447769165039,cfe2d_00000,0.17995375394821167,13.432281494140625
explore_cycle_3_factor_1,560,False,0.09834684431552887,0.003,560,0.0,-0.0017725150100886822,845.0,764.1952380952381,622.0,18523086.0,3.755120277404785,2047.461537361145,4.87753438949585,cfe2d_00000,0.17165035009384155,9.759203910827637
explore_cycle_3_factor_1,561,False,0.09739498049020767,0.003,561,0.0,0.17740878462791443,883.0,790.4285714285713,691.0,18556174.0,3.7438621520996094,2051.2053995132446,7.248119831085205,cfe2d_00000,0.20584642887115479,14.142005920410156
explore_cycle_3_factor_1,562,False,0.08377768099308014,0.003,562,0.0,0.017234597355127335,883.0,816.6369047619047,730.0,18589253.0,3.617885112762451,2054.823284626007,5.336132526397705,cfe2d_00000,0.10926377773284912,10.638298988342285
explore_cycle_3_factor_1,563,False,0.08507214486598969,0.003,563,0.0,0.11074677109718323,895.0,839.8928571428571,750.0,18622358.0,3.6220147609710693,2058.445299386978,6.145464897155762,cfe2d_00000,0.057119905948638916,12.0699462890625
explore_cycle_3_factor_1,564,False,0.0718463659286499,0.003,564,0.0,-0.12290634959936142,897.0,802.452380952381,720.0,18655435.0,3.7438790798187256,2062.189178466797,5.316156387329102,cfe2d_00000,0.1644713282585144,10.878556251525879
explore_cycle_3_factor_1,565,False,0.06865593045949936,0.003,565,0.0,0.10419779270887375,818.0,746.6785714285714,663.0,18688537.0,3.5750370025634766,2065.7642154693604,6.525849342346191,cfe2d_00000,0.15403872728347778,12.843713760375977
explore_cycle_3_factor_1,566,False,0.0961303859949112,0.003,566,0.0,0.13341589272022247,836.0,757.8738095238095,655.0,18721608.0,3.5705716609954834,2069.334787130356,5.9605231285095215,cfe2d_00000,0.17255598306655884,11.654790878295898
explore_cycle_3_factor_1,567,False,0.10776457190513611,0.003,567,0.0,-0.03142785280942917,915.0,780.5416666666667,695.0,18754696.0,3.592723846435547,2072.9275109767914,4.402890205383301,cfe2d_00000,0.1410832405090332,8.869283676147461
explore_cycle_3_factor_1,568,False,0.10092578083276749,0.003,568,0.0,0.018809495493769646,862.0,804.0714285714286,720.0,18787785.0,3.757709264755249,2076.6852202415466,5.342422008514404,cfe2d_00000,0.1257786750793457,10.64783000946045
explore_cycle_3_factor_1,569,False,0.09276142716407776,0.003,569,0.0,0.028954925015568733,847.0,791.9696969696971,754.0,18820812.0,3.6309258937835693,2080.31614613533,5.757806777954102,cfe2d_00000,0.1766291856765747,11.458259582519531
explore_cycle_3_factor_1,570,False,0.09249916672706604,0.003,570,0.0,0.03873434662818909,872.0,782.8928571428571,665.0,18853910.0,3.593332529067993,2083.909478664398,4.995763778686523,cfe2d_00000,0.1550614833831787,9.914613723754883
explore_cycle_3_factor_1,571,False,0.08020155131816864,0.003,571,0.0,0.013774319551885128,855.0,789.6785714285714,703.0,18886991.0,3.571657657623291,2087.4811363220215,4.503068447113037,cfe2d_00000,0.1162405014038086,8.979069709777832
explore_cycle_3_factor_1,572,False,0.10063415765762329,0.003,572,0.0,0.04870404675602913,879.0,795.6392857142857,690.0,18920061.0,3.7571792602539062,2091.2383155822754,5.182158946990967,cfe2d_00000,0.1694285273551941,10.267513275146484
explore_cycle_3_factor_1,573,False,0.11999686062335968,0.003,573,0.0,0.0894426703453064,909.0,800.4404761904761,686.0,18953153.0,3.574240207672119,2094.8125557899475,5.416660785675049,cfe2d_00000,0.13321733474731445,10.655155181884766
explore_cycle_3_factor_1,574,False,0.11174067854881287,0.003,574,0.0,0.06371460109949112,849.0,815.0714285714286,741.0,18986244.0,3.582926034927368,2098.395481824875,5.420334815979004,cfe2d_00000,0.19115006923675537,10.713911056518555
explore_cycle_3_factor_1,575,False,0.1035536602139473,0.003,575,0.0,0.027561312541365623,863.0,812.1130952380952,759.0,19019332.0,3.5745134353637695,2101.9699952602386,5.071299076080322,cfe2d_00000,0.06838488578796387,10.088096618652344
explore_cycle_3_factor_1,576,False,0.09713955968618393,0.003,576,0.0,-0.0002999292337335646,852.0,793.5119047619048,700.0,19052415.0,3.6320433616638184,2105.6020386219025,4.245275020599365,cfe2d_00000,0.04279237985610962,8.491732597351074
explore_cycle_3_factor_1,577,False,0.08322314918041229,0.003,577,0.0,0.015492328442633152,900.0,814.7916666666666,733.0,19085435.0,3.759915351867676,2109.36195397377,4.039808750152588,cfe2d_00000,0.1366979479789734,8.049132347106934
explore_cycle_3_factor_1,578,False,0.07834426313638687,0.003,578,0.0,-0.0608861967921257,886.0,804.5,731.0,19118523.0,3.5661990642547607,2112.928153038025,4.509906768798828,cfe2d_00000,0.02015763521194458,9.14205551147461
explore_cycle_3_factor_1,579,False,0.10260087251663208,0.003,579,0.0,-0.013420470058918,889.0,798.047619047619,700.0,19151615.0,3.55800461769104,2116.486157655716,5.483489513397217,cfe2d_00000,0.06845730543136597,10.99443531036377
explore_cycle_3_factor_1,580,False,0.1030711829662323,0.003,580,0.0,0.034796617925167084,842.0,783.7857142857143,714.0,19184718.0,3.701967716217041,2120.188125371933,5.454911231994629,cfe2d_00000,0.18802577257156372,10.840848922729492
explore_cycle_3_factor_1,581,False,0.12570098042488098,0.003,581,0.0,0.015121831558644772,880.0,799.6166666666668,719.0,19217789.0,3.728837490081787,2123.9169628620148,6.194187641143799,cfe2d_00000,0.075447678565979,12.358885765075684
explore_cycle_3_factor_1,582,False,0.10094393789768219,0.003,582,0.0,-0.057574111968278885,929.0,808.8452380952382,721.0,19250868.0,3.571772813796997,2127.4887356758118,3.8809075355529785,cfe2d_00000,0.14551377296447754,7.877568244934082
explore_cycle_3_factor_1,583,False,0.073203444480896,0.003,583,0.0,-0.1128430962562561,887.0,825.6904761904763,701.0,19283948.0,3.572913646697998,2131.0616493225098,3.177797794342041,cfe2d_00000,0.08363431692123413,6.58172082901001
explore_cycle_3_factor_1,584,False,0.0847296342253685,0.003,584,0.0,0.08958539366722107,810.0,784.0,770.0,19316870.0,3.532320737838745,2134.5939700603485,6.046025276184082,cfe2d_00000,0.24773138761520386,11.9133882522583
explore_cycle_3_factor_1,585,False,0.10634063184261322,0.003,585,0.0,0.04622600972652435,877.0,803.875,705.0,19349944.0,3.729330539703369,2138.323300600052,6.834248065948486,cfe2d_00000,0.1255391240119934,13.576682090759277
explore_cycle_3_factor_1,586,False,0.11330819875001907,0.003,586,0.0,-0.019895978271961212,827.0,760.6071428571429,703.0,19383037.0,3.527850389480591,2141.8511509895325,6.350020885467529,cfe2d_00000,0.12930679321289062,12.74051284790039
explore_cycle_3_factor_1,587,False,0.10835200548171997,0.003,587,0.0,-0.11477462202310562,879.0,805.7559523809523,735.0,19416120.0,3.6394195556640625,2145.4905705451965,4.47834587097168,cfe2d_00000,0.08066952228546143,9.186890602111816
explore_cycle_3_factor_1,588,False,0.09834940731525421,0.003,588,0.0,0.015473024919629097,900.0,784.2678571428571,707.0,19449199.0,3.6007871627807617,2149.0913577079773,5.199881076812744,cfe2d_00000,-0.03593409061431885,10.369405746459961
explore_cycle_3_factor_1,589,False,0.10334696620702744,0.003,589,0.0,0.10244612395763397,862.0,784.6845238095237,724.0,19482287.0,3.7389445304870605,2152.8303022384644,5.055004596710205,cfe2d_00000,0.10731428861618042,9.905738830566406
explore_cycle_3_factor_1,590,False,0.08466733992099762,0.003,590,0.0,-0.10808534920215607,821.0,792.9090909090909,762.0,19515324.0,3.5013349056243896,2156.3316371440887,4.207879543304443,cfe2d_00000,0.14097356796264648,8.632438659667969
explore_cycle_3_factor_1,591,False,0.10629396140575409,0.003,591,0.0,0.09069600701332092,860.0,803.172619047619,719.0,19548402.0,3.596177101135254,2159.927814245224,4.840667247772217,cfe2d_00000,0.09411388635635376,9.500580787658691
explore_cycle_3_factor_1,592,False,0.07934035360813141,0.003,592,0.0,-0.10998038202524185,864.0,804.5833333333333,727.0,19581489.0,3.543675422668457,2163.4714896678925,4.2261857986450195,cfe2d_00000,0.10405462980270386,8.672808647155762
explore_cycle_3_factor_1,593,False,0.0939764752984047,0.003,593,0.0,0.005767141468822956,865.0,797.9880952380953,697.0,19614570.0,3.5431525707244873,2167.014642238617,4.932634353637695,cfe2d_00000,0.10593283176422119,9.85429859161377
explore_cycle_3_factor_1,594,False,0.10179102420806885,0.003,594,0.0,0.009592373855412006,863.0,806.5595238095239,731.0,19647665.0,3.8398568630218506,2170.854499101639,5.896734714508057,cfe2d_00000,0.04365485906600952,11.774894714355469
explore_cycle_3_factor_1,595,False,0.11294109374284744,0.003,595,0.0,0.08991739153862,886.0,780.3154761904763,677.0,19680739.0,3.5727779865264893,2174.4272770881653,5.6128387451171875,cfe2d_00000,0.1054837703704834,11.046520233154297
explore_cycle_3_factor_1,596,False,0.10555461794137955,0.003,596,0.0,0.04120859503746033,844.0,786.1428571428571,736.0,19713844.0,3.5451972484588623,2177.972474336624,5.345347881317139,cfe2d_00000,0.16107970476150513,10.608911514282227
explore_cycle_3_factor_1,597,False,0.09423726052045822,0.003,597,0.0,-0.01904587633907795,861.0,806.7261904761906,706.0,19746921.0,3.510554075241089,2181.4830284118652,6.133537769317627,cfe2d_00000,0.020982801914215088,12.305733680725098
explore_cycle_3_factor_1,598,False,0.08760422468185425,0.003,598,0.0,0.10110145807266235,864.0,778.2857142857143,678.0,19780008.0,3.7908201217651367,2185.2738485336304,5.102598190307617,cfe2d_00000,-0.006844997406005859,10.003520011901855
explore_cycle_3_factor_1,599,False,0.11517633497714996,0.003,599,0.0,-0.04453393071889877,866.0,807.5297619047618,719.0,19813101.0,3.5226519107818604,2188.7965004444122,3.8724570274353027,cfe2d_00000,0.13210523128509521,7.8346734046936035
explore_cycle_3_factor_1,600,False,0.09692563861608505,0.003,600,0.0,-0.016649045050144196,889.0,826.7023809523808,771.0,19846191.0,3.707655668258667,2192.504156112671,3.8594961166381836,cfe2d_00000,0.18447113037109375,7.752871990203857
explore_cycle_3_factor_1,601,False,0.0998753160238266,0.003,601,0.0,-0.007830624468624592,872.0,811.9285714285714,756.0,19879292.0,3.624340534210205,2196.128496646881,4.6451239585876465,cfe2d_00000,0.13248533010482788,9.306509017944336
explore_cycle_3_factor_1,602,False,0.11036539077758789,0.003,602,0.0,0.05824638530611992,857.0,795.4452380952381,736.0,19912373.0,3.7056009769439697,2199.834097623825,4.701786994934082,cfe2d_00000,0.15129458904266357,9.28774356842041
explore_cycle_3_factor_1,603,False,0.0995686873793602,0.003,603,0.0,-0.09235427528619766,868.0,803.4726190476191,726.0,19945438.0,3.5931360721588135,2203.427233695984,3.9004104137420654,cfe2d_00000,0.07104861736297607,7.986125946044922
explore_cycle_3_factor_1,604,False,0.10653149336576462,0.003,604,0.0,-0.0615188367664814,850.0,799.0,739.0,19978532.0,3.5228352546691895,2206.950068950653,3.896798610687256,cfe2d_00000,0.033400118350982666,7.917273998260498
explore_cycle_3_factor_1,605,False,0.13411056995391846,0.003,605,0.0,-0.006410678382962942,865.0,834.6785714285714,778.0,20011631.0,3.6118381023406982,2210.561907052994,4.596161365509033,cfe2d_00000,0.11531966924667358,9.205948829650879
explore_cycle_3_factor_1,606,False,0.11605911701917648,0.003,606,0.0,-0.016702676191926003,889.0,822.9880952380953,721.0,20044711.0,3.725955009460449,2214.287862062454,4.459290981292725,cfe2d_00000,0.12630099058151245,8.952682495117188
explore_cycle_3_factor_1,607,False,0.11599267274141312,0.003,607,0.0,0.05172149837017059,910.0,839.8690476190476,763.0,20077803.0,3.537360191345215,2217.8252222537994,4.894951820373535,cfe2d_00000,0.13066470623016357,9.687155723571777
explore_cycle_3_factor_1,608,False,0.10625363886356354,0.003,608,0.0,0.04948027431964874,906.0,814.9642857142859,751.0,20110890.0,3.555405855178833,2221.3806281089783,4.3990912437438965,cfe2d_00000,0.13146108388900757,8.699859619140625
explore_cycle_3_factor_1,609,False,0.1441238671541214,0.003,609,0.0,-0.06849370151758194,890.0,796.3273809523808,718.0,20143974.0,3.552534818649292,2224.9331629276276,4.006763458251953,cfe2d_00000,0.13789349794387817,8.151378631591797
explore_cycle_3_factor_1,610,False,0.13747993111610413,0.003,610,0.0,0.020671404898166656,830.0,777.0,723.0,20177063.0,3.5055010318756104,2228.438663959503,4.863058567047119,cfe2d_00000,0.10119712352752686,9.685599327087402
explore_cycle_3_factor_1,611,False,0.1340939998626709,0.003,611,0.0,-0.07940442115068436,810.0,768.8181818181819,728.0,20210100.0,3.693739414215088,2232.1324033737183,4.071342945098877,cfe2d_00000,0.06884986162185669,8.302298545837402
explore_cycle_3_factor_1,612,False,0.1239435225725174,0.003,612,0.0,0.09957864135503769,876.0,796.6333333333333,698.0,20243174.0,3.6363141536712646,2235.7687175273895,5.29377555847168,cfe2d_00000,0.06849998235702515,10.389137268066406
explore_cycle_3_factor_1,613,False,0.1037779226899147,0.003,613,0.0,0.04943829029798508,882.0,805.4940476190476,737.0,20276260.0,3.5372462272644043,2239.305963754654,4.799544811248779,cfe2d_00000,0.13022667169570923,9.500837326049805
explore_cycle_3_factor_1,614,False,0.09427227079868317,0.003,614,0.0,0.0312926284968853,891.0,804.1666666666667,720.0,20309334.0,3.5294182300567627,2242.8353819847107,4.553173542022705,cfe2d_00000,0.020552396774291992,9.044327735900879
explore_cycle_3_factor_1,615,False,0.09390715509653091,0.003,615,0.0,0.04293445497751236,833.0,794.7777777777777,768.0,20342247.0,3.6694107055664062,2246.504792690277,5.807237148284912,cfe2d_00000,0.1263701319694519,11.529169082641602
explore_cycle_3_factor_1,616,False,0.07887342572212219,0.003,616,0.0,-0.025413470342755318,867.0,799.2857142857143,745.0,20375323.0,3.663114309310913,2250.167906999588,5.084825038909912,cfe2d_00000,-0.06155812740325928,10.22095012664795
explore_cycle_3_factor_1,617,False,0.10527379810810089,0.003,617,0.0,0.06957386434078217,844.0,774.202380952381,724.0,20408416.0,3.5747249126434326,2253.7426319122314,6.057409763336182,cfe2d_00000,0.05016118288040161,11.976303100585938
explore_cycle_3_factor_1,618,False,0.10560891777276993,0.003,618,0.0,0.026833508163690567,868.0,792.1488095238095,698.0,20441498.0,3.5364203453063965,2257.279052257538,5.374038219451904,cfe2d_00000,0.022418856620788574,10.695043563842773
explore_cycle_3_factor_1,619,False,0.10075677186250687,0.003,619,0.0,0.1592814326286316,877.0,804.3589743589744,746.0,20474589.0,3.8963115215301514,2261.175363779068,4.952630519866943,cfe2d_00000,0.03564053773880005,9.58730411529541
explore_cycle_3_factor_1,620,False,0.1096210777759552,0.003,620,0.0,0.017334453761577606,879.0,827.2440476190476,745.0,20507673.0,3.6398582458496094,2264.8152220249176,3.9958600997924805,cfe2d_00000,0.04651588201522827,7.957709312438965
explore_cycle_3_factor_1,621,False,0.10516148060560226,0.003,621,0.0,0.008542032912373543,883.0,796.6071428571429,748.0,20540775.0,3.5544066429138184,2268.3696286678314,4.7746453285217285,cfe2d_00000,0.16182738542556763,9.532837867736816
explore_cycle_3_factor_1,622,False,0.08063404262065887,0.003,622,0.0,0.013492409139871597,874.0,799.4285714285714,714.0,20573859.0,3.540038824081421,2271.909667491913,4.524684906005859,cfe2d_00000,0.11104702949523926,9.022870063781738
explore_cycle_3_factor_1,623,False,0.10944567620754242,0.003,623,0.0,0.04304177314043045,858.0,810.1428571428571,751.0,20606946.0,3.7776684761047363,2275.6873359680176,5.920618057250977,cfe2d_00000,0.12678217887878418,11.75580883026123
explore_cycle_3_factor_1,624,False,0.09962183982133865,0.003,624,0.0,-0.13796178996562958,873.0,803.6488095238095,730.0,20640021.0,3.5594406127929688,2279.2467765808105,4.162690162658691,cfe2d_00000,0.0579107403755188,8.601901054382324
explore_cycle_3_factor_1,625,False,0.11179817467927933,0.003,625,0.0,0.021384546533226967,851.0,811.9285714285714,735.0,20673116.0,3.616201877593994,2282.8629784584045,4.608223915100098,cfe2d_00000,0.04502838850021362,9.174348831176758
explore_cycle_3_factor_1,626,False,0.08978669345378876,0.003,626,0.0,0.021695563569664955,880.0,831.0238095238095,765.0,20706201.0,3.549370288848877,2286.4123487472534,4.87074089050293,cfe2d_00000,0.023429572582244873,9.698629379272461
explore_cycle_3_factor_1,627,False,0.10220358520746231,0.003,627,0.0,0.05199073627591133,905.0,860.4285714285714,765.0,20739295.0,3.7848734855651855,2290.1972222328186,5.102804183959961,cfe2d_00000,0.16687995195388794,10.102239608764648
explore_cycle_3_factor_1,628,False,0.09971337765455246,0.003,628,0.0,-0.034867651760578156,879.0,809.4166666666666,725.0,20772383.0,3.591972589492798,2293.7891948223114,4.828659534454346,cfe2d_00000,0.08930325508117676,9.727652549743652
explore_cycle_3_factor_1,629,False,0.11821182817220688,0.003,629,0.0,0.01670755259692669,854.0,790.4821428571429,736.0,20805461.0,3.581904649734497,2297.371099472046,4.736199855804443,cfe2d_00000,0.12651479244232178,9.43969440460205
explore_cycle_3_factor_1,630,False,0.11461085081100464,0.003,630,0.0,-0.029564103111624718,913.0,833.9464285714286,764.0,20838553.0,3.555363416671753,2300.9264628887177,4.281711578369141,cfe2d_00000,0.07105714082717896,8.62324047088623
explore_cycle_3_factor_1,631,False,0.11110095679759979,0.003,631,0.0,-0.011519932188093662,880.0,816.345238095238,783.0,20871639.0,3.581463098526001,2304.5079259872437,4.189537048339844,cfe2d_00000,0.16178923845291138,8.40278148651123
explore_cycle_3_factor_1,632,False,0.08326417952775955,0.003,632,0.0,0.06255998462438583,833.0,798.4545454545455,770.0,20904676.0,3.7516865730285645,2308.259612560272,5.234908103942871,cfe2d_00000,0.17672938108444214,10.345196723937988
explore_cycle_3_factor_1,633,False,0.09368792176246643,0.003,633,0.0,0.00887620635330677,906.0,804.904761904762,726.0,20937758.0,3.561884880065918,2311.821497440338,5.704742908477783,cfe2d_00000,0.07164794206619263,11.392294883728027
explore_cycle_3_factor_1,634,False,0.11068515479564667,0.003,634,0.0,0.00032519124215468764,896.0,809.0678571428572,728.0,20970822.0,3.6564135551452637,2315.4779109954834,4.313230037689209,cfe2d_00000,0.13943368196487427,8.626473426818848
explore_cycle_3_factor_1,635,False,0.09946417063474655,0.003,635,0.0,0.01899534836411476,859.0,792.0,738.0,21003915.0,3.5510973930358887,2319.0290083885193,4.347454071044922,cfe2d_00000,0.1667129397392273,8.657515525817871
explore_cycle_3_factor_1,636,False,0.08878441900014877,0.003,636,0.0,0.0814497321844101,915.0,831.5,756.0,21036991.0,3.668914556503296,2322.6979229450226,5.71428918838501,cfe2d_00000,0.10137701034545898,11.266212463378906
explore_cycle_3_factor_1,637,False,0.09064754098653793,0.003,637,0.0,-0.007055658847093582,897.0,828.029761904762,723.0,21070066.0,3.5494296550750732,2326.2473526000977,4.95320987701416,cfe2d_00000,0.0751606822013855,9.921074867248535
explore_cycle_3_factor_1,638,False,0.09072845429182053,0.003,638,0.0,-0.020511694252490997,847.0,795.1309523809523,670.0,21103160.0,3.6291663646698,2329.8765189647675,5.782003402709961,cfe2d_00000,0.1785075068473816,11.605574607849121
explore_cycle_3_factor_1,639,False,0.11305634677410126,0.003,639,0.0,-0.033405862748622894,870.0,784.4487179487179,720.0,21136223.0,3.5390422344207764,2333.4155611991882,5.618249893188477,cfe2d_00000,0.16633659601211548,11.303990364074707
explore_cycle_3_factor_1,640,False,0.10310440510511398,0.003,640,0.0,-0.010867674835026264,872.0,810.0897435897435,706.0,21169289.0,3.7443783283233643,2337.1599395275116,4.444134712219238,cfe2d_00000,0.1758156418800354,8.910624504089355
explore_cycle_3_factor_1,641,False,0.0807524174451828,0.003,641,0.0,-0.045706648379564285,846.0,798.4595238095238,748.0,21202372.0,3.659273862838745,2340.8192133903503,3.6059672832489014,cfe2d_00000,0.26470088958740234,7.303832530975342
explore_cycle_3_factor_1,642,False,0.0944037064909935,0.003,642,0.0,-0.10950203239917755,861.0,783.0,732.0,21235476.0,3.575418472290039,2344.3946318626404,4.211856365203857,cfe2d_00000,-0.020038366317749023,8.643282890319824
explore_cycle_3_factor_1,643,False,0.11479224264621735,0.003,643,0.0,0.031202442944049835,872.0,804.8214285714286,701.0,21268560.0,3.5502212047576904,2347.944853067398,4.670226097106934,cfe2d_00000,0.22815966606140137,9.278736114501953
explore_cycle_3_factor_1,644,False,0.12034586817026138,0.003,644,0.0,0.07435469329357147,885.0,834.8809523809524,765.0,21301642.0,3.950578212738037,2351.895431280136,5.387274742126465,cfe2d_00000,0.1458708643913269,10.62656021118164
explore_cycle_3_factor_1,645,False,0.1321207582950592,0.003,645,0.0,0.0874534472823143,905.0,803.9130952380954,714.0,21334712.0,3.6273293495178223,2355.522760629654,5.823757171630859,cfe2d_00000,0.0430217981338501,11.473400115966797
explore_cycle_3_factor_1,646,False,0.11847727745771408,0.003,646,0.0,0.12112922966480255,837.0,733.4166666666666,676.0,21367676.0,3.5386393070220947,2359.061399936676,5.890612602233887,cfe2d_00000,0.14784860610961914,11.539677619934082
explore_cycle_3_factor_1,647,False,0.10719114542007446,0.003,647,0.0,0.0860813707113266,895.0,806.9464285714286,761.0,21400756.0,3.5448858737945557,2362.6062858104706,5.167761325836182,cfe2d_00000,0.18260514736175537,10.164002418518066
explore_cycle_3_factor_1,648,False,0.1511499136686325,0.003,648,0.0,0.013689340092241764,847.0,796.1666666666666,729.0,21433841.0,3.684027910232544,2366.290313720703,5.379698276519775,cfe2d_00000,0.2073686122894287,10.732925415039062
explore_cycle_3_factor_1,649,False,0.09782548993825912,0.003,649,0.0,0.02384111098945141,823.0,783.1428571428571,649.0,21466937.0,3.776644468307495,2370.0669581890106,5.469264507293701,cfe2d_00000,0.20190733671188354,10.891433715820312
explore_cycle_3_factor_1,650,False,0.1119627133011818,0.003,650,0.0,0.014658228494226933,867.0,797.6666666666669,746.0,21500021.0,3.592468500137329,2373.659426689148,4.601952075958252,cfe2d_00000,0.20669269561767578,9.175261497497559
explore_cycle_3_factor_1,651,False,0.11348579823970795,0.003,651,0.0,-0.1355195790529251,888.0,816.4583333333334,755.0,21533105.0,3.538769245147705,2377.1981959342957,3.8948464393615723,cfe2d_00000,0.14498305320739746,8.061412811279297
explore_cycle_3_factor_1,652,False,0.1196644976735115,0.003,652,0.0,0.004260573070496321,902.0,813.6666666666667,711.0,21566199.0,3.6521637439727783,2380.8503596782684,5.4487528800964355,cfe2d_00000,0.20816397666931152,10.889702796936035
explore_cycle_3_factor_1,653,False,0.1204102635383606,0.003,653,0.0,0.06644637137651443,845.0,805.4545454545455,747.0,21599233.0,3.692970037460327,2384.5433297157288,5.17548942565918,cfe2d_00000,0.19316411018371582,10.2188081741333
explore_cycle_3_factor_1,654,False,0.09320126473903656,0.003,654,0.0,-0.09987181425094604,893.0,814.9904761904762,715.0,21632306.0,3.552367687225342,2388.095697402954,3.5908360481262207,cfe2d_00000,0.291098415851593,7.3819756507873535
explore_cycle_3_factor_1,655,False,0.1029258444905281,0.003,655,0.0,0.021905280649662018,853.0,790.75,739.0,21665380.0,3.5457324981689453,2391.641429901123,3.834703207015991,cfe2d_00000,0.2846564054489136,7.626213073730469
explore_cycle_3_factor_1,656,False,0.10876552015542984,0.003,656,0.0,0.032717373222112656,860.0,793.6666666666667,681.0,21698474.0,3.6189658641815186,2395.2603957653046,4.987523078918457,cfe2d_00000,0.2659188508987427,9.91026496887207
explore_cycle_3_factor_1,657,False,0.12058248370885849,0.003,657,0.0,0.13985760509967804,862.0,787.6547619047618,728.0,21731561.0,3.749147653579712,2399.0095434188843,4.490700721740723,cfe2d_00000,0.08542323112487793,8.702409744262695
explore_cycle_3_factor_1,658,False,0.12147791683673859,0.003,658,0.0,-0.06734100729227066,897.0,839.8452380952382,734.0,21764650.0,3.5796959400177,2402.589239358902,4.4036478996276855,cfe2d_00000,0.2062399983406067,8.942706108093262
explore_cycle_3_factor_1,659,False,0.11514908820390701,0.003,659,0.0,0.004044028930366039,860.0,811.0833333333334,747.0,21797740.0,3.615748405456543,2406.2049877643585,4.154603004455566,cfe2d_00000,0.20851653814315796,8.301809310913086
explore_cycle_3_factor_1,660,False,0.10376984626054764,0.003,660,0.0,-0.006194275338202715,857.0,788.8630952380952,715.0,21830813.0,3.6627047061920166,2409.8676924705505,4.587470531463623,cfe2d_00000,0.11617398262023926,9.187952041625977
explore_cycle_3_factor_1,661,False,0.12283312529325485,0.003,661,0.0,-0.09901708364486694,879.0,831.3636363636364,760.0,21863846.0,3.752934455871582,2413.620626926422,4.119797706604004,cfe2d_00000,0.11812323331832886,8.438366889953613
explore_cycle_3_factor_1,662,False,0.126089408993721,0.003,662,0.0,-0.056245263665914536,834.0,785.4642857142857,750.0,21896931.0,3.6973929405212402,2417.3180198669434,4.239310264587402,cfe2d_00000,0.006802499294281006,8.59186840057373
explore_cycle_3_factor_1,663,False,0.09959493577480316,0.003,663,0.0,0.002375886542722583,831.0,794.1428571428571,742.0,21930028.0,3.6499533653259277,2420.9679732322693,3.7263693809509277,cfe2d_00000,0.06389611959457397,7.44858455657959
explore_cycle_3_factor_1,664,False,0.11408306658267975,0.003,664,0.0,-0.058645229786634445,886.0,802.0,729.0,21963120.0,3.576748847961426,2424.5447220802307,3.322303533554077,cfe2d_00000,0.1360388994216919,6.762581825256348
explore_cycle_3_factor_1,665,False,0.13329915702342987,0.003,665,0.0,0.05297645181417465,857.0,781.7833333333332,688.0,21996180.0,3.5424726009368896,2428.0871946811676,4.012375831604004,cfe2d_00000,0.20899349451065063,7.9195990562438965
explore_cycle_3_factor_1,666,False,0.11208701878786087,0.003,666,0.0,0.0394563153386116,875.0,807.2380952380953,760.0,22029270.0,3.694039821624756,2431.7812345027924,4.392617225646973,cfe2d_00000,0.0943840742111206,8.706995010375977
explore_cycle_3_factor_1,667,False,0.1161770150065422,0.003,667,0.0,0.062318217009305954,836.0,793.9615384615385,758.0,22062349.0,3.7050068378448486,2435.486241340637,4.904338359832764,cfe2d_00000,0.03293776512145996,9.684738159179688
explore_cycle_3_factor_1,668,False,0.08932990580797195,0.003,668,0.0,-0.021177267655730247,854.0,806.8333333333333,736.0,22095425.0,3.6871824264526367,2439.17342376709,4.678269386291504,cfe2d_00000,0.1096186637878418,9.399428367614746
explore_cycle_3_factor_1,669,False,0.12104583531618118,0.003,669,0.0,-0.021676067262887955,855.0,807.3452380952382,744.0,22128512.0,3.6143057346343994,2442.7877295017242,5.67016077041626,cfe2d_00000,0.11781466007232666,11.3843994140625
explore_cycle_3_factor_1,670,False,0.10568664222955704,0.003,670,0.0,0.004399361554533243,831.0,786.5,752.0,22161590.0,3.829137086868286,2446.6168665885925,4.790506362915039,cfe2d_00000,0.08693361282348633,9.572847366333008
explore_cycle_3_factor_1,671,False,0.09826742857694626,0.003,671,0.0,0.04774896055459976,894.0,799.6845238095239,717.0,22194672.0,3.63411283493042,2450.250979423523,5.306713104248047,cfe2d_00000,0.1237744688987732,10.518519401550293
explore_cycle_3_factor_1,672,False,0.0959385558962822,0.003,672,0.0,-0.013435964472591877,845.0,785.8214285714286,719.0,22227756.0,3.655337333679199,2453.906316757202,5.069189548492432,cfe2d_00000,0.1205446720123291,10.165826797485352
explore_cycle_3_factor_1,673,False,0.09093397855758667,0.003,673,0.0,-0.1085214763879776,881.0,830.7738095238095,722.0,22260855.0,3.5318174362182617,2457.4381341934204,4.682094573974609,cfe2d_00000,0.3274194002151489,9.581777572631836
explore_cycle_3_factor_1,674,False,0.1183994859457016,0.003,674,0.0,0.07733877748250961,883.0,786.7051282051282,688.0,22293924.0,3.806966543197632,2461.245100736618,5.762538433074951,cfe2d_00000,0.15258538722991943,11.371109008789062
explore_cycle_3_factor_1,675,False,0.09732022881507874,0.003,675,0.0,-0.12970098853111267,904.0,808.8821428571429,723.0,22326998.0,3.6468958854675293,2464.8919966220856,5.40740442276001,cfe2d_00000,0.1928119659423828,11.07479476928711
explore_cycle_3_factor_1,676,False,0.07844135165214539,0.003,676,0.0,0.03434416651725769,885.0,816.8988095238094,732.0,22360073.0,3.6707770824432373,2468.562773704529,5.906752109527588,cfe2d_00000,0.15666532516479492,11.745285034179688
explore_cycle_3_factor_1,677,False,0.10700118541717529,0.003,677,0.0,0.06561894714832306,890.0,810.8214285714286,761.0,22393176.0,3.626805305480957,2472.1895790100098,5.6940484046936035,cfe2d_00000,0.11341005563735962,11.257499694824219
explore_cycle_3_factor_1,678,False,0.09000449627637863,0.003,678,0.0,-0.005977362859994173,876.0,798.8035714285714,717.0,22426255.0,3.9244918823242188,2476.114070892334,5.429318428039551,cfe2d_00000,0.20944905281066895,10.871132850646973
explore_cycle_3_factor_1,679,False,0.07414310425519943,0.003,679,0.0,-0.011316767893731594,812.0,747.1666666666667,684.0,22459346.0,3.6545655727386475,2479.7686364650726,4.526588439941406,cfe2d_00000,0.12594473361968994,9.076254844665527
explore_cycle_3_factor_1,680,False,0.09854675084352493,0.003,680,0.0,-0.010032754391431808,872.0,813.2797619047618,726.0,22492439.0,3.6045784950256348,2483.3732149600983,5.26409387588501,cfe2d_00000,0.17313110828399658,10.548843383789062
explore_cycle_3_factor_1,681,False,0.10194174200296402,0.003,681,0.0,0.031128833070397377,885.0,792.9880952380952,674.0,22525517.0,3.5892550945281982,2486.9624700546265,5.263835430145264,cfe2d_00000,0.18316972255706787,10.466024398803711
explore_cycle_3_factor_1,682,False,0.0989016592502594,0.003,682,0.0,-0.01700008474290371,912.0,806.2142857142857,702.0,22558612.0,3.635746479034424,2490.598216533661,4.594086647033691,cfe2d_00000,0.16746485233306885,9.222765922546387
explore_cycle_3_factor_1,683,False,0.09916425496339798,0.003,683,0.0,-0.08206276595592499,894.0,813.107142857143,723.0,22591698.0,3.74088716506958,2494.3391036987305,4.563821315765381,cfe2d_00000,0.11125671863555908,9.29236125946045
explore_cycle_3_factor_1,684,False,0.11475489288568497,0.003,684,0.0,-0.005024915561079979,803.0,775.7142857142857,732.0,22624804.0,3.545135021209717,2497.88423871994,4.432860851287842,cfe2d_00000,0.08733010292053223,8.876460075378418
explore_cycle_3_factor_1,685,False,0.10125819593667984,0.003,685,0.0,-0.05168173462152481,899.0,802.3690476190476,742.0,22657893.0,3.603930950164795,2501.488169670105,4.513547420501709,cfe2d_00000,0.03897732496261597,9.131065368652344
explore_cycle_3_factor_1,686,False,0.10597638785839081,0.003,686,0.0,0.06553732603788376,878.0,780.65,699.0,22690954.0,3.5984046459198,2505.086574316025,5.819601535797119,cfe2d_00000,0.21025973558425903,11.50876522064209
explore_cycle_3_factor_1,687,False,0.09415249526500702,0.003,687,0.0,-0.04597198963165283,846.0,801.4404761904761,741.0,22724046.0,3.717263698577881,2508.8038380146027,4.626955509185791,cfe2d_00000,0.10436785221099854,9.346419334411621
explore_cycle_3_factor_1,688,False,0.10007557272911072,0.003,688,0.0,-0.08614440262317657,849.0,789.2857142857143,733.0,22757138.0,3.7003238201141357,2512.504161834717,4.481257438659668,cfe2d_00000,0.1357594132423401,9.135404586791992
explore_cycle_3_factor_1,689,False,0.11432330310344696,0.003,689,0.0,-0.026753850281238556,883.0,785.7559523809524,698.0,22790222.0,3.6570394039154053,2516.161201238632,4.745974540710449,cfe2d_00000,0.12631183862686157,9.546143531799316
explore_cycle_3_factor_1,690,False,0.09831108152866364,0.003,690,0.0,0.02290414460003376,868.0,785.9166666666667,660.0,22823309.0,3.6641297340393066,2519.8253309726715,3.947355270385742,cfe2d_00000,0.21556824445724487,7.849492073059082
explore_cycle_3_factor_1,691,False,0.09221663326025009,0.003,691,0.0,-0.1003507524728775,882.0,811.0297619047618,737.0,22856397.0,3.77394437789917,2523.5992753505707,3.9906184673309326,cfe2d_00000,0.10900843143463135,8.182491302490234
explore_cycle_3_factor_1,692,False,0.11037026345729828,0.003,692,0.0,-0.09324687719345093,843.0,799.2272727272727,759.0,22889424.0,3.536755084991455,2527.136030435562,4.063117504119873,cfe2d_00000,0.13528913259506226,8.313390731811523
explore_cycle_3_factor_1,693,False,0.0911344587802887,0.003,693,0.0,-0.09350229054689407,853.0,784.9166666666667,694.0,22922508.0,3.6833953857421875,2530.8194258213043,4.197441577911377,cfe2d_00000,0.21587753295898438,8.58243465423584
explore_cycle_3_factor_1,694,False,0.09988562762737274,0.003,694,0.0,0.014176602475345135,845.0,807.4880952380953,754.0,22955604.0,3.5756969451904297,2534.3951227664948,4.571922779083252,cfe2d_00000,0.20144933462142944,9.11609172821045
explore_cycle_3_factor_1,695,False,0.10030925273895264,0.003,695,0.0,-0.013522842898964882,868.0,809.6666666666666,734.0,22988672.0,3.73298978805542,2538.12811255455,4.8873610496521,cfe2d_00000,0.2921355962753296,9.802370071411133
explore_cycle_3_factor_1,696,False,0.10886950045824051,0.003,696,0.0,-0.053124502301216125,878.0,800.072619047619,728.0,23021732.0,3.7171645164489746,2541.845277070999,4.646510601043701,cfe2d_00000,0.29276496171951294,9.399922370910645
explore_cycle_3_factor_1,697,False,0.09315355122089386,0.003,697,0.0,0.06279327720403671,864.0,803.6666666666667,757.0,23054817.0,3.606351137161255,2545.4516282081604,5.624063014984131,cfe2d_00000,0.1283494234085083,11.123098373413086
explore_cycle_3_factor_1,698,False,0.11801161617040634,0.003,698,0.0,0.029440656304359436,865.0,811.0,754.0,23087734.0,3.5400376319885254,2548.991665840149,5.790139198303223,cfe2d_00000,0.045024216175079346,11.522104263305664
explore_cycle_3_factor_1,699,False,0.11388152837753296,0.003,699,0.0,0.005750888492912054,893.0,804.625,743.0,23120815.0,3.5837886333465576,2552.5754544734955,5.695465087890625,cfe2d_00000,0.10085737705230713,11.380111694335938
explore_cycle_3_factor_1,700,False,0.09441261738538742,0.003,700,0.0,-0.02247871644794941,850.0,804.7261904761905,755.0,23153902.0,3.798403024673462,2556.373857498169,3.944406032562256,cfe2d_00000,0.17432093620300293,7.934335231781006
explore_cycle_3_factor_1,701,False,0.1022496223449707,0.003,701,0.0,0.04354329779744148,861.0,794.7261904761906,721.0,23186996.0,3.574840784072876,2559.948698282242,4.483840465545654,cfe2d_00000,0.1769179105758667,8.881207466125488
explore_cycle_3_factor_1,702,False,0.0906127467751503,0.003,702,0.0,0.006377161480486393,871.0,798.6309523809523,742.0,23220072.0,3.5503463745117188,2563.4990446567535,4.557069301605225,cfe2d_00000,0.23850679397583008,9.101927757263184
explore_cycle_3_factor_1,703,False,0.1071520745754242,0.003,703,0.0,0.07047804445028305,873.0,799.4285714285714,704.0,23253162.0,3.5809431076049805,2567.0799877643585,4.8368635177612305,cfe2d_00000,0.20680731534957886,9.533413887023926
explore_cycle_3_factor_1,704,False,0.10704217851161957,0.003,704,0.0,-0.010192233137786388,872.0,776.6845238095237,724.0,23286256.0,3.833634614944458,2570.913622379303,4.4915313720703125,cfe2d_00000,0.2421199083328247,9.004090309143066
explore_cycle_3_factor_1,705,False,0.11643079668283463,0.003,705,0.0,-0.054120831191539764,833.0,797.1388888888888,722.0,23319302.0,3.5778064727783203,2574.4914288520813,4.592850208282471,cfe2d_00000,0.14467281103134155,9.29464054107666
explore_cycle_3_factor_1,706,False,0.11400717496871948,0.003,706,0.0,-0.009958278387784958,898.0,802.1190476190476,714.0,23352391.0,3.5619306564331055,2578.0533595085144,4.3840789794921875,cfe2d_00000,0.1585448980331421,8.78875732421875
explore_cycle_3_factor_1,707,False,0.12362043559551239,0.003,707,0.0,0.03320852294564247,873.0,794.8511904761905,710.0,23385458.0,3.6220481395721436,2581.6754076480865,5.56018590927124,cfe2d_00000,0.28809547424316406,11.054696083068848
explore_cycle_3_factor_1,708,False,0.12113591283559799,0.003,708,0.0,0.02934722788631916,814.0,779.6785714285714,741.0,23418558.0,3.7752230167388916,2585.4506306648254,5.484246253967285,cfe2d_00000,0.11018013954162598,10.91052532196045
explore_cycle_3_factor_1,709,False,0.1218586191534996,0.003,709,0.0,-0.08566092699766159,850.0,782.8035714285714,700.0,23451634.0,3.5773520469665527,2589.027982711792,3.468949794769287,cfe2d_00000,0.3193400502204895,7.109952449798584
explore_cycle_3_factor_1,710,False,0.10378596931695938,0.003,710,0.0,-0.07399975508451462,878.0,809.2857142857143,744.0,23484733.0,3.539141893386841,2592.567124605179,3.739405632019043,cfe2d_00000,0.1891692876815796,7.6274333000183105
explore_cycle_3_factor_1,711,False,0.11320265382528305,0.003,711,0.0,-0.029680969193577766,892.0,799.9321428571428,735.0,23517815.0,3.6627485752105713,2596.2298731803894,3.992490530014038,cfe2d_00000,0.3205209970474243,8.045022964477539
explore_cycle_3_factor_1,712,False,0.09097468852996826,0.003,712,0.0,0.03702773153781891,862.0,796.4404761904761,720.0,23550901.0,3.8020517826080322,2600.0319249629974,4.313564300537109,cfe2d_00000,0.27770209312438965,8.553619384765625
explore_cycle_3_factor_1,713,False,0.09277075529098511,0.003,713,0.0,-0.05728240683674812,851.0,785.4166666666667,745.0,23584000.0,3.622574806213379,2603.654499769211,5.652735233306885,cfe2d_00000,0.1291763186454773,11.420592308044434
explore_cycle_3_factor_1,714,False,0.09596967697143555,0.003,714,0.0,-0.02845521830022335,854.0,772.6428571428571,690.0,23617084.0,3.6024491786956787,2607.2569489479065,4.574766159057617,cfe2d_00000,0.2583628296852112,9.20701789855957
explore_cycle_3_factor_1,715,False,0.09068513661623001,0.003,715,0.0,-0.061294518411159515,862.0,810.5357142857143,738.0,23650183.0,3.682316303253174,2610.9392652511597,4.823923587799072,cfe2d_00000,0.0868062973022461,9.770980834960938
explore_cycle_3_factor_1,716,False,0.09021703898906708,0.003,716,0.0,-0.11658833920955658,883.0,797.5357142857143,693.0,23683279.0,3.778381586074829,2614.7176468372345,4.664546966552734,cfe2d_00000,0.15383487939834595,9.562811851501465
explore_cycle_3_factor_1,717,False,0.09478873014450073,0.003,717,0.0,0.04783662036061287,881.0,820.2214285714286,752.0,23716335.0,3.662529945373535,2618.380176782608,5.222291946411133,cfe2d_00000,0.1532328724861145,10.349478721618652
explore_cycle_3_factor_1,718,False,0.07709389179944992,0.003,718,0.0,-0.016907520592212677,879.0,801.1547619047618,748.0,23749425.0,3.5814249515533447,2621.9616017341614,4.601609230041504,cfe2d_00000,0.13171732425689697,9.237496376037598
explore_cycle_3_factor_1,719,False,0.09007498621940613,0.003,719,0.0,-0.012992097064852715,845.0,786.0714285714286,730.0,23782518.0,3.6575210094451904,2625.6191227436066,4.53109884262085,cfe2d_00000,0.29147642850875854,9.088722229003906
explore_cycle_3_factor_1,720,False,0.09112435579299927,0.003,720,0.0,-0.008009357377886772,853.0,804.0119047619048,763.0,23815606.0,3.630983829498291,2629.250106573105,4.597054958343506,cfe2d_00000,0.2511788010597229,9.210674285888672
explore_cycle_3_factor_1,721,False,0.08745767921209335,0.003,721,0.0,0.08443073183298111,821.0,758.5357142857141,683.0,23848689.0,3.7589874267578125,2633.0090939998627,5.530684947967529,cfe2d_00000,0.08967077732086182,10.893033027648926
explore_cycle_3_factor_1,722,False,0.07909587770700455,0.003,722,0.0,0.05322455242276192,905.0,784.25,689.0,23881785.0,3.628249406814575,2636.6373434066772,5.726348876953125,cfe2d_00000,0.15055209398269653,11.346723556518555
explore_cycle_3_factor_1,723,False,0.07959675043821335,0.003,723,0.0,0.04407452419400215,889.0,797.5773809523808,751.0,23914872.0,3.5891854763031006,2640.2265288829803,5.655879020690918,cfe2d_00000,0.19997137784957886,11.224087715148926
explore_cycle_3_factor_1,724,False,0.08104666322469711,0.003,724,0.0,-0.01918896846473217,900.0,835.9880952380953,762.0,23947960.0,3.6159539222717285,2643.842482805252,5.1548285484313965,cfe2d_00000,0.20415741205215454,10.348520278930664
explore_cycle_3_factor_1,725,False,0.07585089653730392,0.003,725,0.0,-0.00640649301931262,876.0,804.9583333333334,745.0,23981055.0,3.823399305343628,2647.6658821105957,5.165328502655029,cfe2d_00000,0.07005822658538818,10.343925476074219
explore_cycle_3_factor_1,726,False,0.07713541388511658,0.003,726,0.0,-0.039785679429769516,850.0,796.1060606060605,732.0,24014077.0,3.6988534927368164,2651.3647356033325,4.738404750823975,cfe2d_00000,0.19116681814193726,9.556843757629395
explore_cycle_3_factor_1,727,False,0.07400763779878616,0.003,727,0.0,0.03759627789258957,911.0,812.2083333333333,716.0,24047151.0,3.6435976028442383,2655.0083332061768,5.006602764129639,cfe2d_00000,0.15709328651428223,9.938457489013672
explore_cycle_3_factor_1,728,False,0.07689708471298218,0.003,728,0.0,0.029006080701947212,865.0,782.7083333333333,697.0,24080223.0,3.635746479034424,2658.644079685211,5.770627498626709,cfe2d_00000,0.3369205594062805,11.483704566955566
explore_cycle_3_factor_1,729,False,0.07721637934446335,0.003,729,0.0,-0.010098351165652275,918.0,833.4166666666666,695.0,24113142.0,3.7833423614501953,2662.4274220466614,5.361423492431641,cfe2d_00000,0.12458932399749756,10.743507385253906
explore_cycle_3_factor_1,730,False,0.07877026498317719,0.003,730,0.0,-0.03578556329011917,909.0,797.7083333333334,725.0,24146218.0,3.6356489658355713,2666.063071012497,4.6003241539001465,cfe2d_00000,0.19457179307937622,9.27269172668457
explore_cycle_3_factor_1,731,False,0.07467000186443329,0.003,731,0.0,-0.001872872351668775,900.0,800.904761904762,712.0,24179303.0,3.5434088706970215,2669.606479883194,4.678775310516357,cfe2d_00000,0.13447165489196777,9.361743927001953
explore_cycle_3_factor_1,732,False,0.09198175370693207,0.003,732,0.0,-0.011816302314400673,873.0,808.4880952380953,744.0,24212399.0,3.71128249168396,2673.317762374878,4.8228864669799805,cfe2d_00000,0.18995529413223267,9.669958114624023
explore_cycle_3_factor_1,733,False,0.07799813151359558,0.003,733,0.0,-0.08223851025104523,927.0,786.7380952380953,657.0,24245478.0,3.826946973800659,2677.1447093486786,4.799236297607422,cfe2d_00000,0.13786661624908447,9.76341724395752
explore_cycle_3_factor_1,734,False,0.08394214510917664,0.003,734,0.0,0.015866044908761978,911.0,782.1309523809524,714.0,24278572.0,3.6553690433502197,2680.800078392029,4.682380199432373,cfe2d_00000,0.16999399662017822,9.333531379699707
explore_cycle_3_factor_1,735,False,0.09873438626527786,0.003,735,0.0,-0.05691609904170036,905.0,808.7559523809525,705.0,24311665.0,3.602097988128662,2684.4021763801575,4.844036102294922,cfe2d_00000,0.12141579389572144,9.802496910095215
explore_cycle_3_factor_1,736,False,0.10283546149730682,0.003,736,0.0,0.0424959734082222,847.0,798.9404761904763,741.0,24344753.0,3.5586977005004883,2687.960874080658,5.966538429260254,cfe2d_00000,0.1989598274230957,11.848702430725098
explore_cycle_3_factor_1,737,False,0.0804290771484375,0.003,737,0.0,-0.006951310206204653,805.0,767.7142857142857,723.0,24377850.0,3.6442487239837646,2691.6051228046417,5.226590633392334,cfe2d_00000,0.2009935975074768,10.46756649017334
explore_cycle_3_factor_1,738,False,0.08559513092041016,0.003,738,0.0,-0.02105756662786007,860.0,786.4714285714286,668.0,24410916.0,3.7735893726348877,2695.3787121772766,6.486448764801025,cfe2d_00000,0.15225225687026978,13.015524864196777
explore_cycle_3_factor_1,739,False,0.10200979560613632,0.003,739,0.0,0.13306096196174622,817.0,773.3928571428571,724.0,24444007.0,3.5526866912841797,2698.931398868561,6.63153600692749,cfe2d_00000,0.03578794002532959,12.99756145477295
explore_cycle_3_factor_1,740,False,0.07735678553581238,0.003,740,0.0,0.06871594488620758,860.0,772.8095238095239,665.0,24477085.0,3.550776720046997,2702.482175588608,4.647079944610596,cfe2d_00000,0.07497316598892212,9.157191276550293
explore_cycle_3_factor_1,741,False,0.0991305336356163,0.003,741,0.0,-0.13879600167274475,773.0,733.8571428571429,705.0,24510190.0,3.588254451751709,2706.0704300403595,3.557468891143799,cfe2d_00000,0.21471893787384033,7.393124580383301
explore_cycle_3_factor_1,742,False,0.10081526637077332,0.003,742,0.0,-0.10721108317375183,856.0,784.6249999999999,721.0,24543269.0,3.7373979091644287,2709.807827949524,4.3367414474487305,cfe2d_00000,0.1985967755317688,8.888509750366211
explore_cycle_3_factor_1,743,False,0.09310685843229294,0.003,743,0.0,-0.006657371763139963,878.0,810.1785714285714,747.0,24576361.0,3.614924907684326,2713.4227528572083,4.230049133300781,cfe2d_00000,0.2673071026802063,8.473971366882324
explore_cycle_3_factor_1,744,False,0.10750745981931686,0.003,744,0.0,0.04762142151594162,839.0,762.297619047619,696.0,24609453.0,3.641575813293457,2717.0643286705017,4.523976802825928,cfe2d_00000,0.17385172843933105,8.95335578918457
explore_cycle_3_factor_1,745,False,0.08833052217960358,0.003,745,0.0,0.08576783537864685,890.0,797.7619047619048,685.0,24642536.0,3.5574731826782227,2720.62180185318,4.585491180419922,cfe2d_00000,0.18675589561462402,8.999977111816406
explore_cycle_3_factor_1,746,False,0.10030898451805115,0.003,746,0.0,-0.011131241917610168,827.0,761.0119047619047,722.0,24675631.0,3.7316195964813232,2724.3534214496613,5.211799144744873,cfe2d_00000,0.1001771092414856,10.446462631225586
explore_cycle_3_factor_1,747,False,0.09055215120315552,0.003,747,0.0,-0.07025597244501114,846.0,790.5,739.0,24708661.0,3.5631625652313232,2727.9165840148926,3.2005279064178467,cfe2d_00000,0.1976618766784668,6.542110919952393
explore_cycle_3_factor_1,748,False,0.09647279232740402,0.003,748,0.0,-0.08222085982561111,871.0,808.7571428571428,714.0,24741720.0,3.6420631408691406,2731.5586471557617,3.736719846725464,cfe2d_00000,0.1622282862663269,7.638460636138916
explore_cycle_3_factor_1,749,False,0.09647780656814575,0.003,749,0.0,-0.0552118718624115,864.0,802.7678571428571,723.0,24774807.0,3.6049089431762695,2735.163556098938,3.820434331893921,cfe2d_00000,0.18865609169006348,7.751871109008789
explore_cycle_3_factor_1,750,False,0.1064012423157692,0.003,750,0.0,-0.0312438253313303,888.0,829.2142857142857,756.0,24807903.0,3.8211066722869873,2738.984662771225,4.295054912567139,cfe2d_00000,0.1716986894607544,8.65323543548584
explore_cycle_3_factor_1,751,False,0.09776151180267334,0.003,751,0.0,-0.13022440671920776,888.0,787.6309523809524,722.0,24840983.0,3.53328275680542,2742.5179455280304,4.270345687866211,cfe2d_00000,0.2643898129463196,8.801725387573242
explore_cycle_3_factor_1,752,False,0.09506670385599136,0.003,752,0.0,-0.0421467162668705,877.0,821.3333333333333,747.0,24874068.0,3.6443915367126465,2746.162337064743,3.8212342262268066,cfe2d_00000,0.0873100757598877,7.72733211517334
explore_cycle_3_factor_1,753,False,0.08377837389707565,0.003,753,0.0,-0.10077900439500809,875.0,798.6071428571429,710.0,24907169.0,3.5845940113067627,2749.74693107605,4.101919174194336,cfe2d_00000,0.05399900674819946,8.405900001525879
explore_cycle_3_factor_1,754,False,0.10976670682430267,0.003,754,0.0,-0.007660519331693649,871.0,814.0892857142857,738.0,24940250.0,3.5885167121887207,2753.3354477882385,4.490607261657715,cfe2d_00000,0.1577240228652954,8.9971923828125
explore_cycle_3_factor_1,755,False,0.10412139445543289,0.003,755,0.0,0.013639084063470364,854.0,813.6428571428571,754.0,24973348.0,3.789541244506836,2757.1249890327454,5.144649982452393,cfe2d_00000,0.1484358310699463,10.262645721435547
explore_cycle_3_factor_1,756,False,0.11211993545293808,0.003,756,0.0,0.0022836963180452585,863.0,804.7142857142856,756.0,25006441.0,3.657867193222046,2760.7828562259674,4.630396366119385,cfe2d_00000,0.1750706434249878,9.256898880004883
explore_cycle_3_factor_1,757,False,0.10547470301389694,0.003,757,0.0,0.020017139613628387,859.0,787.25,689.0,25039528.0,3.532970428466797,2764.315826654434,4.505988121032715,cfe2d_00000,0.1516156792640686,8.972575187683105
explore_cycle_3_factor_1,758,False,0.1177787110209465,0.003,758,0.0,-0.025452131405472755,875.0,800.047619047619,712.0,25072615.0,3.544696807861328,2767.8605234622955,5.186569690704346,cfe2d_00000,0.15048623085021973,10.424750328063965
explore_cycle_3_factor_1,759,False,0.11966168135404587,0.003,759,0.0,-0.017311880365014076,856.0,786.532142857143,730.0,25105677.0,3.902320623397827,2771.7628440856934,4.2368083000183105,cfe2d_00000,0.09888213872909546,8.508957862854004
explore_cycle_3_factor_1,760,False,0.11522858589887619,0.003,760,0.0,-0.1428460329771042,862.0,792.2222222222223,705.0,25138590.0,3.6167685985565186,2775.37961268425,3.8101396560668945,cfe2d_00000,0.14379370212554932,7.906662464141846
explore_cycle_3_factor_1,761,False,0.12426704168319702,0.003,761,0.0,0.06638500839471817,883.0,813.5238095238095,677.0,25171669.0,3.5619630813598633,2778.9415757656097,5.8757195472717285,cfe2d_00000,0.0992535948753357,11.619415283203125
explore_cycle_3_factor_1,762,False,0.13456211984157562,0.003,762,0.0,0.1089223250746727,877.0,828.6785714285714,793.0,25204759.0,3.5314438343048096,2782.4730195999146,6.24531888961792,cfe2d_00000,0.11203712224960327,12.273600578308105
explore_cycle_3_factor_1,763,False,0.13115501403808594,0.003,763,0.0,-0.05903078243136406,849.0,801.8690476190477,729.0,25237850.0,3.769364356994629,2786.242383956909,4.525204658508301,cfe2d_00000,0.17190784215927124,9.169258117675781
explore_cycle_3_factor_1,764,False,0.12559548020362854,0.003,764,0.0,0.06525207310914993,875.0,760.6785714285714,675.0,25270940.0,3.562464475631714,2789.804848432541,5.337722301483154,cfe2d_00000,0.10086637735366821,10.545694351196289
explore_cycle_3_factor_1,765,False,0.13094517588615417,0.003,765,0.0,-0.048309847712516785,860.0,794.3214285714284,714.0,25304025.0,3.5585062503814697,2793.3633546829224,4.507375240325928,cfe2d_00000,0.11220294237136841,9.11215591430664
explore_cycle_3_factor_1,766,False,0.1263069063425064,0.003,766,0.0,-0.08900851011276245,844.0,777.5595238095239,719.0,25337117.0,3.6094202995300293,2796.9727749824524,3.8544082641601562,cfe2d_00000,0.11790198087692261,7.887591361999512
explore_cycle_3_factor_1,767,False,0.1308368593454361,0.003,767,0.0,0.13723082840442657,882.0,812.2619047619046,691.0,25370203.0,3.821798801422119,2800.7945737838745,5.238663196563721,cfe2d_00000,0.14663058519363403,10.203649520874023
explore_cycle_3_factor_1,768,False,0.13247273862361908,0.003,768,0.0,0.11459743231534958,862.0,800.6363636363636,702.0,25403237.0,3.5258569717407227,2804.3204307556152,6.249611854553223,cfe2d_00000,0.10843265056610107,12.270822525024414
explore_cycle_3_factor_1,769,False,0.1231953352689743,0.003,769,0.0,-0.004797202069312334,906.0,801.2321428571429,670.0,25436304.0,3.5415101051330566,2807.8619408607483,4.756048202514648,cfe2d_00000,0.061402976512908936,9.522429466247559
explore_cycle_3_factor_1,770,False,0.12082155793905258,0.003,770,0.0,0.04720650613307953,858.0,791.0892857142857,708.0,25469391.0,3.6146633625030518,2811.4766042232513,3.866337537765503,cfe2d_00000,0.11341053247451782,7.6389875411987305
explore_cycle_3_factor_1,771,False,0.11672515422105789,0.003,771,0.0,-0.10942812263965607,853.0,794.3035714285714,732.0,25502473.0,3.5259220600128174,2815.002526283264,3.743151903152466,cfe2d_00000,0.17716503143310547,7.705860137939453
explore_cycle_3_factor_1,772,False,0.11665025353431702,0.003,772,0.0,-0.022365126758813858,869.0,811.1904761904763,690.0,25535566.0,3.6951656341552734,2818.6976919174194,4.488001346588135,cfe2d_00000,0.14185643196105957,9.021432876586914
explore_cycle_3_factor_1,773,False,0.11305370926856995,0.003,773,0.0,0.03966124728322029,869.0,808.3511904761905,721.0,25568650.0,3.5516741275787354,2822.249366044998,4.531414031982422,cfe2d_00000,0.1502847671508789,8.984185218811035
explore_cycle_3_factor_1,774,False,0.12570993602275848,0.003,774,0.0,-0.09355985373258591,834.0,780.5714285714286,723.0,25601740.0,3.638542413711548,2825.8879084587097,3.8966150283813477,cfe2d_00000,0.18584305047988892,7.981103897094727
explore_cycle_3_factor_1,775,False,0.12135151028633118,0.003,775,0.0,-0.05106819048523903,888.0,809.3571428571429,737.0,25634829.0,3.563117742538452,2829.451026201248,5.406192302703857,cfe2d_00000,0.1268962025642395,10.915249824523926
explore_cycle_3_factor_1,776,False,0.1249774768948555,0.003,776,0.0,0.014518536627292633,897.0,829.8076923076923,787.0,25667898.0,3.90847110748291,2833.359497308731,4.226691246032715,cfe2d_00000,0.10291928052902222,8.42509651184082
explore_cycle_3_factor_1,777,False,0.11856359243392944,0.003,777,0.0,-0.09911082684993744,872.0,790.077380952381,695.0,25700990.0,3.5947906970977783,2836.954288005829,2.9690709114074707,cfe2d_00000,0.16981863975524902,6.1370744705200195
explore_cycle_3_factor_1,778,False,0.13709288835525513,0.003,778,0.0,-0.041233159601688385,895.0,834.1785714285714,745.0,25734085.0,3.538914680480957,2840.49320268631,4.364655017852783,cfe2d_00000,0.13451039791107178,8.812599182128906
explore_cycle_3_factor_1,779,False,0.12425730377435684,0.003,779,0.0,0.13868942856788635,883.0,810.8619047619047,725.0,25767154.0,3.556705951690674,2844.0499086380005,4.581131458282471,cfe2d_00000,0.11789107322692871,8.885628700256348
explore_cycle_3_factor_1,780,False,0.1285914033651352,0.003,780,0.0,0.04877328872680664,856.0,785.9821428571429,734.0,25800237.0,3.6870977878570557,2847.7370064258575,5.0439133644104,cfe2d_00000,0.17209148406982422,9.99105167388916
explore_cycle_3_factor_1,781,False,0.10662940889596939,0.003,781,0.0,0.012342379428446293,866.0,781.2692307692307,713.0,25833308.0,3.66223406791687,2851.3992404937744,4.743528366088867,cfe2d_00000,0.09852403402328491,9.463011741638184
explore_cycle_3_factor_1,782,False,0.1146586686372757,0.003,782,0.0,-0.13581427931785583,877.0,803.5309523809525,677.0,25866388.0,3.613935708999634,2855.013176202774,3.6275315284729004,cfe2d_00000,0.20400398969650269,7.527379989624023
explore_cycle_3_factor_1,783,False,0.11628030985593796,0.003,783,0.0,0.00472279405221343,879.0,796.0833333333333,740.0,25899479.0,3.543084144592285,2858.5562603473663,4.836905002593994,cfe2d_00000,0.18235021829605103,9.66506290435791
explore_cycle_3_factor_1,784,False,0.13144788146018982,0.003,784,0.0,0.11757147312164307,866.0,810.2435897435898,749.0,25932551.0,3.7103476524353027,2862.2666079998016,4.575828552246094,cfe2d_00000,0.11973428726196289,8.917302131652832
explore_cycle_3_factor_1,785,False,0.1199774444103241,0.003,785,0.0,-0.017591573297977448,874.0,789.327380952381,721.0,25965641.0,3.626274824142456,2865.892882823944,4.353707790374756,cfe2d_00000,0.19302630424499512,8.743317604064941
explore_cycle_3_factor_1,786,False,0.11554618924856186,0.003,786,0.0,-0.04484311863780022,895.0,828.1309523809524,759.0,25998729.0,3.541421413421631,2869.4343042373657,4.0877366065979,cfe2d_00000,0.12373971939086914,8.265852928161621
explore_cycle_3_factor_1,787,False,0.12533269822597504,0.003,787,0.0,-0.10561418533325195,911.0,832.3214285714286,732.0,26031821.0,3.5514862537384033,2872.985790491104,3.4449915885925293,cfe2d_00000,0.22745853662490845,7.101963043212891
explore_cycle_3_factor_1,788,False,0.1085435152053833,0.003,788,0.0,-0.05648420378565788,856.0,798.6785714285713,736.0,26064904.0,3.6206116676330566,2876.606402158737,3.4394500255584717,cfe2d_00000,0.011385679244995117,6.992520809173584
explore_cycle_3_factor_1,789,False,0.11600717157125473,0.003,789,0.0,0.014704353176057339,855.0,824.9090909090909,774.0,26097933.0,3.7701969146728516,2880.37659907341,4.127224445343018,cfe2d_00000,0.11297184228897095,8.225736618041992
explore_cycle_3_factor_1,790,False,0.1270023137331009,0.003,790,0.0,0.09717276692390442,889.0,792.5845238095237,676.0,26130991.0,3.5872890949249268,2883.963888168335,4.7201032638549805,cfe2d_00000,0.14411646127700806,9.246623039245605
explore_cycle_3_factor_1,791,False,0.11260528117418289,0.003,791,0.0,0.013797910884022713,874.0,816.888888888889,763.0,26163949.0,3.5087199211120605,2887.472608089447,3.843385934829712,cfe2d_00000,0.16961848735809326,7.659852027893066
explore_cycle_3_factor_1,792,False,0.12779107689857483,0.003,792,0.0,0.011642766185104847,909.0,802.4523809523808,735.0,26197027.0,3.687185764312744,2891.1597938537598,4.320838451385498,cfe2d_00000,0.11295700073242188,8.619156837463379
explore_cycle_3_factor_1,793,False,0.10443542897701263,0.003,793,0.0,-0.05209757760167122,843.0,793.4047619047618,757.0,26230114.0,3.6925134658813477,2894.852307319641,3.9126038551330566,cfe2d_00000,0.218481183052063,7.930029392242432
explore_cycle_3_factor_1,794,False,0.11646605283021927,0.003,794,0.0,0.05589738115668297,862.0,821.1666666666666,749.0,26263205.0,3.6196529865264893,2898.4719603061676,3.6569981575012207,cfe2d_00000,0.178361713886261,7.202900409698486
explore_cycle_3_factor_1,795,False,0.10685590654611588,0.003,795,0.0,0.04505380615592003,873.0,803.2857142857143,719.0,26296300.0,3.568240165710449,2902.040200471878,4.397449970245361,cfe2d_00000,0.08491247892379761,8.70543384552002
explore_cycle_3_factor_1,796,False,0.0983155220746994,0.003,796,0.0,-0.06011505424976349,874.0,808.2916666666666,729.0,26329382.0,3.614379405975342,2905.6545798778534,4.719330310821533,cfe2d_00000,0.11428731679916382,9.559480667114258
explore_cycle_3_factor_1,797,False,0.12267390638589859,0.003,797,0.0,0.013468041084706783,841.0,802.9615384615385,736.0,26362453.0,3.7714450359344482,2909.426024913788,4.499507427215576,cfe2d_00000,0.13279187679290771,8.972814559936523
explore_cycle_3_factor_1,798,False,0.10208333283662796,0.003,798,0.0,-0.025954371318221092,831.0,785.9761904761906,696.0,26395545.0,3.581475257873535,2913.0075001716614,4.377357006072998,cfe2d_00000,0.19850730895996094,8.807234764099121
explore_cycle_3_factor_1,799,False,0.09109149128198624,0.003,799,0.0,-0.060284849256277084,863.0,797.8571428571429,715.0,26428637.0,3.686039447784424,2916.693539619446,3.7112550735473633,cfe2d_00000,0.1982460618019104,7.543626308441162
explore_cycle_3_factor_1,800,False,0.126572847366333,0.003,800,0.0,-0.01326598972082138,883.0,799.9107142857143,730.0,26461714.0,3.555091619491577,2920.2486312389374,4.220473289489746,cfe2d_00000,0.18726855516433716,8.46823787689209
explore_cycle_3_factor_1,801,False,0.12104397267103195,0.003,801,0.0,0.021944304928183556,842.0,796.5714285714286,734.0,26494797.0,3.8115291595458984,2924.0601603984833,3.72920823097229,cfe2d_00000,0.15418660640716553,7.41525411605835
explore_cycle_3_factor_1,802,False,0.1325022131204605,0.003,802,0.0,0.011357621289789677,912.0,799.6904761904761,638.0,26527881.0,3.540295124053955,2927.6004555225372,4.3463311195373535,cfe2d_00000,0.237190842628479,8.67074203491211
explore_cycle_3_factor_1,803,False,0.12423623353242874,0.003,803,0.0,-0.04478006809949875,877.0,802.0714285714286,738.0,26560972.0,3.6639833450317383,2931.264438867569,4.218120098114014,cfe2d_00000,0.12946373224258423,8.526546478271484
explore_cycle_3_factor_1,804,False,0.11122387647628784,0.003,804,0.0,-0.07999350130558014,876.0,811.7738095238094,748.0,26594056.0,3.575702667236328,2934.8401415348053,4.961386203765869,cfe2d_00000,0.074668288230896,10.083426475524902
explore_cycle_3_factor_1,805,False,0.12468753755092621,0.003,805,0.0,0.06691574305295944,881.0,820.1666666666667,783.0,26627140.0,3.58992862701416,2938.4300701618195,4.524223327636719,cfe2d_00000,0.14660227298736572,8.915364265441895
explore_cycle_3_factor_1,806,False,0.1175491213798523,0.003,806,0.0,0.016455188393592834,893.0,834.5,751.0,26660174.0,3.750962495803833,2942.1810326576233,4.671027183532715,cfe2d_00000,0.10221409797668457,9.30984878540039
explore_cycle_3_factor_1,807,False,0.09191413968801498,0.003,807,0.0,-0.17485839128494263,889.0,821.4166666666666,770.0,26693262.0,3.5998148918151855,2945.7808475494385,2.713590145111084,cfe2d_00000,0.018963217735290527,5.777448654174805
explore_cycle_3_factor_1,808,False,0.09445264935493469,0.003,808,0.0,0.06699507683515549,871.0,790.4940476190476,716.0,26726348.0,3.7285046577453613,2949.509352207184,4.7517523765563965,cfe2d_00000,0.18510377407073975,9.37007999420166
explore_cycle_3_factor_1,809,False,0.09545600414276123,0.003,809,0.0,-0.07210281491279602,865.0,815.1190476190476,764.0,26759440.0,3.6667256355285645,2953.1760778427124,3.796276807785034,cfe2d_00000,0.17106831073760986,7.737331867218018
explore_cycle_3_factor_1,810,False,0.09834963828325272,0.003,810,0.0,0.025257974863052368,862.0,816.5727272727272,750.0,26792444.0,3.732083797454834,2956.9081616401672,4.736392498016357,cfe2d_00000,0.19227099418640137,9.422859191894531
explore_cycle_3_factor_1,811,False,0.09336104243993759,0.003,811,0.0,0.023383768275380135,869.0,809.525,659.0,26825522.0,3.6225576400756836,2960.530719280243,3.8834447860717773,cfe2d_00000,0.1320984959602356,7.720682621002197
explore_cycle_3_factor_1,812,False,0.10805798321962357,0.003,812,0.0,-0.12115411460399628,858.0,802.4038461538462,760.0,26858595.0,3.7125132083892822,2964.243232488632,4.241624355316162,cfe2d_00000,0.16375184059143066,8.726204872131348
explore_cycle_3_factor_1,813,False,0.10117998719215393,0.003,813,0.0,-0.1363898068666458,825.0,796.5178571428571,747.0,26891675.0,3.7441394329071045,2967.9873719215393,4.119350910186768,cfe2d_00000,0.13313531875610352,8.51208782196045
explore_cycle_3_factor_1,814,False,0.10544480383396149,0.003,814,0.0,-0.02272036299109459,916.0,825.4285714285714,721.0,26924762.0,3.8628194332122803,2971.8501913547516,4.576104640960693,cfe2d_00000,0.15254634618759155,9.198283195495605
explore_cycle_3_factor_1,815,False,0.10480764508247375,0.003,815,0.0,-0.0153385940939188,858.0,798.9615384615385,743.0,26957837.0,3.6485209465026855,2975.4987123012543,4.526244163513184,cfe2d_00000,0.14532899856567383,9.083794593811035
explore_cycle_3_factor_1,816,False,0.10903578996658325,0.003,816,0.0,-0.0713392049074173,859.0,823.4285714285714,730.0,26990927.0,3.68522572517395,2979.183938026428,4.574239730834961,cfe2d_00000,0.12878578901290894,9.2918119430542
explore_cycle_3_factor_1,817,False,0.1267223358154297,0.003,817,0.0,-0.016786592081189156,845.0,800.7440476190477,727.0,27024009.0,3.61498761177063,2982.798925638199,4.535037040710449,cfe2d_00000,0.16787797212600708,9.10440731048584
explore_cycle_3_factor_1,818,False,0.11996076256036758,0.003,818,0.0,0.043596502393484116,854.0,824.5833333333333,785.0,27057108.0,3.760317802429199,2986.559243440628,4.738540172576904,cfe2d_00000,0.05707383155822754,9.390607833862305
explore_cycle_3_factor_1,819,False,0.10112111270427704,0.003,819,0.0,-0.05956441909074783,869.0,813.452380952381,730.0,27090188.0,3.5751841068267822,2990.134427547455,4.043261528015137,cfe2d_00000,0.21962040662765503,8.206258773803711
explore_cycle_3_factor_1,820,False,0.11327584832906723,0.003,820,0.0,-0.005945893935859203,887.0,829.75,786.0,27123285.0,3.763590097427368,2993.898017644882,4.349350929260254,cfe2d_00000,0.08803373575210571,8.711273193359375
explore_cycle_3_factor_1,821,False,0.12176376581192017,0.003,821,0.0,-0.11197937279939651,893.0,806.3047619047619,746.0,27156363.0,3.6270627975463867,2997.5250804424286,4.136292934417725,cfe2d_00000,0.12756246328353882,8.497274398803711
explore_cycle_3_factor_1,822,False,0.12118693441152573,0.003,822,0.0,0.035131920129060745,856.0,807.2954545454545,741.0,27189451.0,3.6358940601348877,3001.1609745025635,4.854329586029053,cfe2d_00000,0.12000221014022827,9.63912296295166
explore_cycle_3_factor_1,823,False,0.13062691688537598,0.003,823,0.0,0.18406446278095245,885.0,820.7023809523808,714.0,27222527.0,3.795198917388916,3004.9561734199524,7.5744805335998535,cfe2d_00000,0.14637595415115356,14.78161334991455
explore_cycle_3_factor_1,824,False,0.13810528814792633,0.003,824,0.0,-0.059408094733953476,873.0,832.8214285714286,779.0,27255617.0,3.6370811462402344,3008.5932545661926,3.169524669647217,cfe2d_00000,0.2151924967765808,6.458693981170654
explore_cycle_3_factor_1,825,False,0.14093828201293945,0.003,825,0.0,0.007052633911371231,869.0,816.2202380952382,726.0,27288705.0,3.6301791667938232,3012.2234337329865,4.18077278137207,cfe2d_00000,0.1813873052597046,8.348286628723145
explore_cycle_3_factor_1,826,False,0.1182493194937706,0.003,826,0.0,0.03902651369571686,870.0,829.4285714285714,766.0,27321796.0,3.5479936599731445,3015.7714273929596,5.2528791427612305,cfe2d_00000,0.10302585363388062,10.428415298461914
explore_cycle_3_factor_1,827,False,0.12354899197816849,0.003,827,0.0,-0.07597234845161438,896.0,808.3571428571429,729.0,27354889.0,3.8755927085876465,3019.6470201015472,5.049996852874756,cfe2d_00000,-0.06911802291870117,10.252680778503418
explore_cycle_3_factor_1,828,False,0.11502360552549362,0.003,828,0.0,-0.013123368844389915,865.0,830.439393939394,730.0,27387913.0,3.6366126537323,3023.2836327552795,4.2991108894348145,cfe2d_00000,0.10505783557891846,8.625160217285156
explore_cycle_3_factor_1,829,False,0.12140655517578125,0.003,829,0.0,0.12116663157939911,906.0,854.2738095238094,703.0,27421004.0,3.587094306945801,3026.8707270622253,5.267287254333496,cfe2d_00000,0.13126224279403687,10.292969703674316
explore_cycle_3_factor_1,830,False,0.13957786560058594,0.003,830,0.0,-0.05341086909174919,856.0,825.9404761904761,780.0,27454093.0,3.663571357727051,3030.5342984199524,4.5040693283081055,cfe2d_00000,0.048041701316833496,9.11579704284668
explore_cycle_3_factor_1,831,False,0.1327906847000122,0.003,831,0.0,-0.0007438245811499655,885.0,810.7948717948718,729.0,27487146.0,3.9930968284606934,3034.527395248413,4.459917068481445,cfe2d_00000,0.080264151096344,8.922118186950684
explore_cycle_3_factor_1,832,False,0.12883195281028748,0.003,832,0.0,-0.008911593817174435,886.0,793.4869047619047,721.0,27520224.0,3.5677833557128906,3038.095178604126,4.403379440307617,cfe2d_00000,0.12777000665664673,8.82535457611084
explore_cycle_3_factor_1,833,False,0.11895941942930222,0.003,833,0.0,0.014808421954512596,841.0,780.4642857142857,711.0,27553314.0,3.580692768096924,3041.675871372223,4.030610084533691,cfe2d_00000,0.22088700532913208,8.032317161560059
explore_cycle_3_factor_1,834,False,0.10868608951568604,0.003,834,0.0,0.028036795556545258,881.0,806.0119047619047,731.0,27586400.0,3.5930447578430176,3045.268916130066,4.063878059387207,cfe2d_00000,0.1955476999282837,8.072334289550781
explore_cycle_3_factor_1,835,False,0.11389134079217911,0.003,835,0.0,-0.04431341961026192,869.0,820.154761904762,750.0,27619487.0,3.8588736057281494,3049.127789735794,4.738313674926758,cfe2d_00000,0.15321439504623413,9.565937995910645
explore_cycle_3_factor_1,836,False,0.09860934317111969,0.003,836,0.0,-0.10711074620485306,878.0,820.202380952381,711.0,27652575.0,3.6263158321380615,3052.754105567932,4.06314754486084,cfe2d_00000,0.09893560409545898,8.341109275817871
explore_cycle_3_factor_1,837,False,0.11512196809053421,0.003,837,0.0,-0.03094298765063286,893.0,801.25,697.0,27685676.0,3.5592238903045654,3056.3133294582367,4.5613837242126465,cfe2d_00000,0.13803482055664062,9.185344696044922
explore_cycle_3_factor_1,838,False,0.10847959667444229,0.003,838,0.0,0.09981939196586609,884.0,813.3333333333334,768.0,27718761.0,3.6608433723449707,3059.9741728305817,5.525694847106934,cfe2d_00000,0.15075653791427612,10.852400779724121
explore_cycle_3_factor_1,839,False,0.09863529354333878,0.003,839,0.0,0.016119802370667458,846.0,819.6190476190477,794.0,27751855.0,3.6140425205230713,3063.5882153511047,5.323616981506348,cfe2d_00000,0.13740605115890503,10.61558723449707
explore_cycle_3_factor_1,840,False,0.09242519736289978,0.003,840,0.0,-0.09285537898540497,869.0,797.2916666666667,728.0,27784937.0,3.768367052078247,3067.356582403183,4.70152473449707,cfe2d_00000,0.13442867994308472,9.589314460754395
explore_cycle_3_factor_1,841,False,0.09618280082941055,0.003,841,0.0,-0.011957976035773754,862.0,795.0486111111112,709.0,27817972.0,3.5757062435150146,3070.932288646698,4.975038051605225,cfe2d_00000,0.10316789150238037,9.974570274353027
explore_cycle_3_factor_1,842,False,0.09667593240737915,0.003,842,0.0,-0.06649652868509293,898.0,820.7857142857143,737.0,27851059.0,3.60317325592041,3074.5354619026184,3.7152233123779297,cfe2d_00000,0.08753257989883423,7.564020156860352
explore_cycle_3_factor_1,843,False,0.09719513356685638,0.003,843,0.0,0.029820580035448074,860.0,808.037037037037,772.0,27884032.0,3.5614144802093506,3078.0968763828278,5.45436429977417,cfe2d_00000,0.11116921901702881,10.84967041015625
explore_cycle_3_factor_1,844,False,0.09270276874303818,0.003,844,0.0,-0.1260409951210022,851.0,796.6071428571429,720.0,27917108.0,3.778107166290283,3081.874983549118,4.710977554321289,cfe2d_00000,0.10405302047729492,9.674593925476074
explore_cycle_3_factor_1,845,False,0.08771999925374985,0.003,845,0.0,-0.05132642388343811,863.0,780.4285714285714,689.0,27950194.0,3.618469476699829,3085.493453025818,3.635218858718872,cfe2d_00000,0.0914645791053772,7.373617649078369
explore_cycle_3_factor_1,846,False,0.10517120361328125,0.003,846,0.0,0.03399597480893135,886.0,796.4285714285714,688.0,27983289.0,3.653350591659546,3089.1468036174774,4.619748115539551,cfe2d_00000,0.15192490816116333,9.172135353088379
explore_cycle_3_factor_1,847,False,0.11994276195764542,0.003,847,0.0,0.0748797282576561,879.0,801.7678571428571,721.0,28016375.0,3.6421091556549072,3092.7889127731323,5.497852802276611,cfe2d_00000,0.11743408441543579,10.84666633605957
explore_cycle_3_factor_1,848,False,0.12138022482395172,0.003,848,0.0,0.08353577554225922,866.0,811.0892857142857,684.0,28049465.0,3.8479933738708496,3096.636906147003,4.847708702087402,cfe2d_00000,0.14791560173034668,9.529073715209961
explore_cycle_3_factor_1,849,False,0.10213321447372437,0.003,849,0.0,0.02104024961590767,870.0,818.2023809523808,698.0,28082566.0,3.5629165172576904,3100.199822664261,3.6762845516204834,cfe2d_00000,0.10677933692932129,7.31110143661499
explore_cycle_3_factor_1,850,False,0.10999684035778046,0.003,850,0.0,0.0023595071397721767,868.0,809.4404761904763,713.0,28115643.0,3.6035192012786865,3103.8033418655396,3.968193769454956,cfe2d_00000,0.11770051717758179,7.932328701019287
explore_cycle_3_factor_1,851,False,0.1227901354432106,0.003,851,0.0,0.005072527099400759,905.0,827.6547619047618,748.0,28148736.0,3.584036111831665,3107.387377977371,4.148846626281738,cfe2d_00000,0.12689781188964844,8.288285255432129
explore_cycle_3_factor_1,852,False,0.0981232225894928,0.003,852,0.0,-0.004517510998994112,879.0,811.1071428571429,736.0,28181818.0,3.7252094745635986,3111.112587451935,4.674084186553955,cfe2d_00000,0.22180873155593872,9.357791900634766
explore_cycle_3_factor_1,853,False,0.10520023107528687,0.003,853,0.0,-0.03405321016907692,891.0,803.6642857142857,744.0,28214904.0,3.593167781829834,3114.7057552337646,5.929145336151123,cfe2d_00000,0.5456869602203369,11.92702865600586
explore_cycle_3_factor_1,854,False,0.07145299017429352,0.003,854,0.0,0.024351781234145164,846.0,796.6607142857144,697.0,28247978.0,3.5857880115509033,3118.2915432453156,3.968097448348999,cfe2d_00000,0.8721679449081421,7.887919902801514
explore_cycle_3_factor_1,855,False,0.06057094410061836,0.003,855,0.0,-0.0009139860048890114,872.0,807.8571428571429,647.0,28281074.0,3.5795323848724365,3121.871075630188,4.77123498916626,cfe2d_00000,0.9054494500160217,9.544662475585938
explore_cycle_3_factor_1,856,False,0.026727359741926193,0.003,856,0.0,0.07535849511623383,881.0,751.6285714285714,583.0,28314161.0,3.5724308490753174,3125.4435064792633,3.7068278789520264,cfe2d_00000,0.9372299909591675,7.263099193572998
explore_cycle_3_factor_1,857,False,0.018416892737150192,0.003,857,0.0,0.0017238195287063718,866.0,775.4285714285713,591.0,28347247.0,3.7169172763824463,3129.1604237556458,4.766369342803955,cfe2d_00000,0.9437636733055115,9.529401779174805
explore_cycle_3_factor_1,858,False,0.016565853729844093,0.003,858,0.0,-0.10080967098474503,883.0,754.4642857142857,531.0,28380351.0,3.5411839485168457,3132.7016077041626,2.5263853073120117,cfe2d_00000,0.9677350521087646,5.254488945007324
explore_cycle_3_factor_1,859,False,0.01218453049659729,0.003,859,0.0,-0.008860337547957897,865.0,732.3928571428571,551.0,28413433.0,3.627861738204956,3136.3294694423676,2.193491220474243,cfe2d_00000,0.9122040271759033,4.404776096343994
explore_cycle_3_factor_1,860,False,0.004129206296056509,0.003,860,0.0,-0.07358210533857346,876.0,725.8035714285714,512.0,28446530.0,3.606261968612671,3139.93573141098,0.7379489541053772,cfe2d_00000,0.9154984951019287,1.623086929321289
explore_cycle_3_factor_1,861,False,5.565791798289865e-05,0.003,861,0.0,-0.09310539811849594,869.0,703.3095238095239,481.0,28479617.0,3.7481513023376465,3143.683882713318,0.077395498752594,cfe2d_00000,0.009594857692718506,0.34100213646888733
explore_cycle_3_factor_1,862,False,7.39653260097839e-05,0.003,862,0.0,-0.03246172517538071,702.0,503.67272727272723,338.0,28512647.0,3.5701205730438232,3147.2540032863617,0.06824001669883728,cfe2d_00000,0.029225528240203857,0.20140396058559418
explore_cycle_3_factor_1,863,False,7.806985377101228e-05,0.003,863,0.0,0.012565831653773785,606.0,377.9261904761906,337.0,28545729.0,3.6019468307495117,3150.855950117111,0.12079707533121109,cfe2d_00000,0.08490145206451416,0.21646293997764587
explore_cycle_3_factor_1,864,False,8.704699575901031e-05,0.003,864,0.0,0.01855321228504181,466.0,344.5,340.0,28578816.0,3.7754011154174805,3154.6313512325287,0.10402321070432663,cfe2d_00000,0.1172865629196167,0.17094050347805023
explore_cycle_3_factor_1,865,False,9.354504436487332e-05,0.003,865,0.0,0.036280155181884766,345.0,339.8988095238095,337.0,28611902.0,3.7685396671295166,3158.399890899658,0.10280188918113708,cfe2d_00000,0.1707470417022705,0.13304403424263
explore_cycle_3_factor_1,866,False,0.00010229756298940629,0.003,866,0.0,-0.0005452900659292936,341.0,340.33333333333337,338.0,28644987.0,3.5934224128723145,3161.9933133125305,0.0719602033495903,cfe2d_00000,0.05347698926925659,0.14501160383224487
explore_cycle_3_factor_1,867,False,0.00010104935063282028,0.003,867,0.0,-0.014337175525724888,342.0,340.2261904761905,337.0,28678075.0,3.5480077266693115,3165.5413210392,0.03752101585268974,cfe2d_00000,0.22015458345413208,0.10371699184179306
explore_cycle_3_factor_1,868,False,9.986032819142565e-05,0.003,868,0.0,0.001908382517285645,342.0,338.35714285714283,336.0,28711175.0,3.5768418312072754,3169.118162870407,0.054089102894067764,cfe2d_00000,0.11359405517578125,0.10436204075813293
explore_cycle_3_factor_1,869,False,0.00010071370343212038,0.003,869,0.0,-0.034363627433776855,344.0,342.4107142857143,340.0,28744263.0,3.7871315479278564,3172.905294418335,0.01687762327492237,cfe2d_00000,0.22587037086486816,0.1024831011891365
explore_cycle_3_factor_1,870,False,0.00010063012450700626,0.003,870,0.0,-0.027545414865016937,344.0,340.5833333333333,340.0,28777364.0,3.586332321166992,3176.491626739502,0.026860976591706276,cfe2d_00000,0.2503175139427185,0.10881338268518448
explore_cycle_3_factor_1,871,False,8.641401655040681e-05,0.003,871,0.0,-0.04097679257392883,344.0,342.0595238095238,340.0,28810442.0,3.6130878925323486,3180.1047146320343,0.003410572651773691,cfe2d_00000,0.371825635433197,0.08877523243427277
explore_cycle_3_factor_1,872,False,8.101034472929314e-05,0.003,872,0.0,-0.011626575142145157,341.0,339.5357142857143,338.0,28843526.0,3.5995523929595947,3183.704267024994,0.0259245652705431,cfe2d_00000,0.33034467697143555,0.07510276138782501
explore_cycle_3_factor_1,873,False,8.208246435970068e-05,0.003,873,0.0,0.010958095081150532,344.0,340.9880952380953,338.0,28876610.0,3.5803728103637695,3187.2846398353577,0.04359704628586769,cfe2d_00000,0.32334357500076294,0.06527838110923767
explore_cycle_3_factor_1,874,False,8.348927804036066e-05,0.003,874,0.0,0.008962378837168217,345.0,341.9083333333333,339.0,28909512.0,3.8519442081451416,3191.136584043503,0.04111400619149208,cfe2d_00000,0.4967604875564575,0.06430374830961227
explore_cycle_3_factor_1,875,False,8.89330476638861e-05,0.003,875,0.0,0.006220620591193438,345.0,341.6488095238095,337.0,28942584.0,3.6664180755615234,3194.8030021190643,0.0454552136361599,cfe2d_00000,0.450115442276001,0.07846971601247787
explore_cycle_3_factor_1,876,False,9.068530198419467e-05,0.003,876,0.0,-0.034389741718769073,344.0,339.84523809523813,338.0,28975672.0,3.578263521194458,3198.381265640259,0.001420448417775333,cfe2d_00000,0.39595717191696167,0.07162091881036758
explore_cycle_3_factor_1,877,False,9.493033576291054e-05,0.003,877,0.0,-0.0928122028708458,345.0,339.9642857142857,337.0,29008769.0,3.6214194297790527,3202.002685070038,-0.060101546347141266,cfe2d_00000,0.33837413787841797,0.06542187929153442
explore_cycle_3_factor_1,878,False,9.276274067815393e-05,0.003,878,0.0,-0.06657344847917557,343.0,341.73214285714283,340.0,29041850.0,3.8251428604125977,3205.8278279304504,-0.030434677377343178,cfe2d_00000,0.33067387342453003,0.07227811217308044
explore_cycle_3_factor_1,879,False,0.00010067946277558804,0.003,879,0.0,-0.05418551340699196,344.0,341.57142857142856,340.0,29074949.0,3.6159613132476807,3209.443789243698,-0.019992005079984665,cfe2d_00000,0.42838311195373535,0.06838762015104294
explore_cycle_3_factor_1,880,False,0.00010627869778545573,0.003,880,0.0,0.004736239556223154,345.0,341.8690476190476,341.0,29108041.0,3.5594282150268555,3213.003217458725,0.03348562493920326,cfe2d_00000,0.5195797681808472,0.05749940872192383
explore_cycle_3_factor_1,881,False,0.00010981834202539176,0.003,881,0.0,-0.07452921569347382,342.0,339.2023809523809,338.0,29141122.0,3.613035202026367,3216.6162526607513,-0.04239724576473236,cfe2d_00000,0.4442744851112366,0.06426458805799484
explore_cycle_3_factor_1,882,False,0.00010490181011846289,0.003,882,0.0,0.028581570833921432,345.0,341.36309523809524,338.0,29174213.0,3.7465453147888184,3220.36279797554,0.05391007289290428,cfe2d_00000,0.4733494520187378,0.05065762624144554
explore_cycle_3_factor_1,883,False,7.180977991083637e-05,0.003,883,0.0,-0.08710967749357224,345.0,340.6818181818182,338.0,29207228.0,3.539862871170044,3223.90266084671,-0.05710441246628761,cfe2d_00000,0.5307591557502747,0.06001093611121178
explore_cycle_3_factor_1,884,False,7.604087295476347e-05,0.003,884,0.0,-0.07116959244012833,344.0,341.22142857142853,337.0,29240313.0,3.556933641433716,3227.459594488144,-0.03954474627971649,cfe2d_00000,0.4544755816459656,0.06325017660856247
explore_cycle_3_factor_1,885,False,7.61137343943119e-05,0.003,885,0.0,-0.06188550218939781,344.0,342.0357142857143,338.0,29273384.0,3.5595409870147705,3231.0191354751587,-0.03765087574720383,cfe2d_00000,0.476506769657135,0.04846971482038498
explore_cycle_3_factor_1,886,False,7.962970994412899e-05,0.003,886,0.0,-0.05744418874382973,344.0,343.14285714285717,341.0,29306483.0,3.831264019012451,3234.850399494171,-0.030573422089219093,cfe2d_00000,0.5387954711914062,0.05374201014637947
explore_cycle_3_factor_1,887,False,8.201540185837075e-05,0.003,887,0.0,-0.047892361879348755,345.0,341.58333333333337,337.0,29339565.0,3.563538074493408,3238.4139375686646,-0.015906469896435738,cfe2d_00000,0.5835628509521484,0.06397227197885513
explore_cycle_3_factor_1,888,False,8.018260268727317e-05,0.003,888,0.0,-0.010129895992577076,345.0,343.15476190476187,341.0,29372651.0,3.599764823913574,3242.013702392578,0.012769347056746483,cfe2d_00000,0.5529069900512695,0.04579896479845047
explore_cycle_3_factor_1,889,False,8.313005673699081e-05,0.003,889,0.0,-0.016593117266893387,347.0,343.0,341.0,29405756.0,3.5633718967437744,3245.577074289322,0.011678681708872318,cfe2d_00000,0.5589202642440796,0.05654408410191536
explore_cycle_3_factor_1,890,False,8.003703987924382e-05,0.003,890,0.0,0.021134696900844574,342.0,340.16666666666663,339.0,29438836.0,3.5931241512298584,3249.1701984405518,0.04611271247267723,cfe2d_00000,0.5717359781265259,0.049956515431404114
explore_cycle_3_factor_1,891,False,8.425795385846868e-05,0.003,891,0.0,0.0027173846028745174,342.0,341.7380952380953,339.0,29471940.0,3.7349517345428467,3252.9051501750946,0.030469469726085663,cfe2d_00000,0.581547737121582,0.05550467595458031
explore_cycle_3_factor_1,892,False,7.732036465313286e-05,0.003,892,0.0,0.015199379995465279,345.0,342.2214285714286,338.0,29505026.0,3.569950819015503,3256.47510099411,0.04175998643040657,cfe2d_00000,0.5428605079650879,0.05312168970704079
explore_cycle_3_factor_1,893,False,8.401707600569353e-05,0.003,893,0.0,0.004418966826051474,342.0,339.8142857142857,338.0,29538095.0,3.5370285511016846,3260.012129545212,0.03821979835629463,cfe2d_00000,0.5723966360092163,0.06760217249393463
explore_cycle_3_factor_1,894,False,7.867854583309963e-05,0.003,894,0.0,-0.05967966467142105,344.0,340.10714285714283,338.0,29571189.0,3.5516865253448486,3263.5638160705566,-0.02956279367208481,cfe2d_00000,0.483662486076355,0.06023421138525009
explore_cycle_3_factor_1,895,False,9.900709119392559e-05,0.003,895,0.0,-0.0001252683432539925,345.0,340.2595238095238,336.0,29604270.0,3.7266249656677246,3267.2904410362244,0.032064422965049744,cfe2d_00000,0.46283960342407227,0.0643799751996994
explore_cycle_3_factor_1,896,False,0.00010004193609347567,0.003,896,0.0,0.003389316378161311,344.0,341.0892857142857,337.0,29637351.0,3.5736825466156006,3270.86412358284,0.031515639275312424,cfe2d_00000,0.6160553097724915,0.05625323951244354
explore_cycle_3_factor_1,897,False,0.00010205659782513976,0.003,897,0.0,-0.08058516681194305,345.0,342.64285714285717,340.0,29670438.0,3.5820114612579346,3274.446135044098,-0.041879210621118546,cfe2d_00000,0.446145236492157,0.07741251587867737
explore_cycle_3_factor_1,898,False,9.892274101730436e-05,0.003,898,0.0,-0.001422060071490705,344.0,342.4642857142857,339.0,29703536.0,3.6177306175231934,3278.063865661621,0.023583445698022842,cfe2d_00000,0.5251989960670471,0.05001160502433777
explore_cycle_3_factor_1,899,False,0.00010258482507197186,0.003,899,0.0,0.019722895696759224,342.0,339.84523809523813,338.0,29736626.0,3.72624135017395,3281.790107011795,0.04321108013391495,cfe2d_00000,0.5205998420715332,0.0469769686460495
explore_cycle_3_factor_1,900,False,0.0001049548591254279,0.003,900,0.0,-0.023533988744020462,344.0,341.4642857142857,338.0,29769723.0,3.5171351432800293,3285.307242155075,0.0049218786880373955,cfe2d_00000,0.5654858946800232,0.056912362575531006
explore_cycle_3_factor_1,901,False,0.00010604719136608765,0.003,901,0.0,-0.015101012773811817,343.0,340.4702380952381,339.0,29802817.0,3.5755059719085693,3288.8827481269836,0.011087187565863132,cfe2d_00000,0.605568528175354,0.05237703397870064
explore_cycle_3_factor_1,902,False,0.00010646773444022983,0.003,902,0.0,-0.05622296407818794,343.0,340.36309523809524,339.0,29835896.0,3.569913625717163,3292.452661752701,-0.027022523805499077,cfe2d_00000,0.5249960422515869,0.05840151011943817
explore_cycle_3_factor_1,903,False,0.00010945276153506711,0.003,903,0.0,-0.10730042308568954,343.0,340.4523809523809,338.0,29868981.0,3.721989631652832,3296.1746513843536,-0.08026530593633652,cfe2d_00000,0.6299636363983154,0.05407089367508888
explore_cycle_3_factor_1,904,False,0.00012084763147868216,0.003,904,0.0,0.04715409502387047,343.0,341.02424242424246,339.0,29901992.0,3.6109893321990967,3299.7856407165527,0.0788164958357811,cfe2d_00000,0.4980837106704712,0.06332552433013916
explore_cycle_3_factor_1,905,False,9.648389095673338e-05,0.003,905,0.0,-0.048940446227788925,343.0,339.89444444444445,336.0,29934897.0,3.5530354976654053,3303.338676214218,-0.01628931425511837,cfe2d_00000,0.523470401763916,0.06530282646417618
explore_cycle_3_factor_1,906,False,0.00012671196600422263,0.003,906,0.0,0.032579563558101654,343.0,340.85714285714283,338.0,29967968.0,3.5606980323791504,3306.8993742465973,0.061285704374313354,cfe2d_00000,0.5696229934692383,0.05741304159164429
explore_cycle_3_factor_1,907,True,0.00012552933185361326,0.003,907,0.0,-0.041060350835323334,343.0,340.5952380952381,336.0,30001054.0,3.59167742729187,3310.491051673889,-0.011799286119639874,cfe2d_00000,0.4920501112937927,0.058522868901491165
